Fiscal Year,State_Abbr,FIPS,State/Territory,Payment,PaymentType,Source_Document
2003-01-01T05:00Z,AL,01,Alabama,6.87,OverPayment,
2003-01-01T05:00Z,AL,01,Alabama,-1.14,UnderPayment,
2004-01-01T05:00Z,AL,01,Alabama,7.02,OverPayment,
2004-01-01T05:00Z,AL,01,Alabama,-0.98,UnderPayment,
2005-01-01T05:00Z,AL,01,Alabama,3.25,OverPayment,
2005-01-01T05:00Z,AL,01,Alabama,-0.43,UnderPayment,
2006-01-01T05:00Z,AL,01,Alabama,3.05,OverPayment,
2006-01-01T05:00Z,AL,01,Alabama,-0.75,UnderPayment,
2007-01-01T05:00Z,AL,01,Alabama,3.75,OverPayment,
2007-01-01T05:00Z,AL,01,Alabama,-1.03,UnderPayment,
2008-01-01T05:00Z,AL,01,Alabama,3.27,OverPayment,
2008-01-01T05:00Z,AL,01,Alabama,-0.96,UnderPayment,
2009-01-01T05:00Z,AL,01,Alabama,3.03,OverPayment,
2009-01-01T05:00Z,AL,01,Alabama,-0.54,UnderPayment,
2010-01-01T05:00Z,AL,01,Alabama,3.31,OverPayment,
2010-01-01T05:00Z,AL,01,Alabama,-0.44,UnderPayment,
2011-01-01T05:00Z,AL,01,Alabama,4.18,OverPayment,
2011-01-01T05:00Z,AL,01,Alabama,-0.91,UnderPayment,
2012-01-01T05:00Z,AL,01,Alabama,1.62,OverPayment,
2012-01-01T05:00Z,AL,01,Alabama,-0.23,UnderPayment,
2013-01-01T05:00Z,AL,01,Alabama,1.43,OverPayment,
2013-01-01T05:00Z,AL,01,Alabama,-0.27,UnderPayment,
2014-01-01T05:00Z,AL,01,Alabama,1.26,OverPayment,
2014-01-01T05:00Z,AL,01,Alabama,-0.77,UnderPayment,
2016-01-01T05:00Z,,,Alabama,NaN,OverPayment,
2016-01-01T05:00Z,,,Alabama,NaN,UnderPayment,
2017-01-01T05:00Z,AL,01,Alabama,3.15,OverPayment,
2017-01-01T05:00Z,AL,01,Alabama,-1.04,UnderPayment,
2018-01-01T05:00Z,AL,01,Alabama,3.93,OverPayment,
2018-01-01T05:00Z,AL,01,Alabama,-0.66,UnderPayment,
2019-01-01T05:00Z,AL,01,Alabama,6.87,OverPayment,https://fns-prod.azureedge.us/sites/default/files/resource-files/FY2019SNAPQCPaymentErrorRateChartGeneric.pdf
2019-01-01T05:00Z,AL,01,Alabama,-0.42,UnderPayment,https://fns-prod.azureedge.us/sites/default/files/resource-files/FY2019SNAPQCPaymentErrorRateChartGeneric.pdf
2020-01-01T05:00Z,,,Alabama,NaN,OverPayment,
2020-01-01T05:00Z,,,Alabama,NaN,UnderPayment,
2021-01-01T05:00Z,,,Alabama,NaN,OverPayment,
2021-01-01T05:00Z,,,Alabama,NaN,UnderPayment,
2022-01-01T05:00Z,AL,01,Alabama,3.96,OverPayment,https://fns-prod.azureedge.us/sites/default/files/resource-files/snap-fy22-qc-payment-error-rate.pdf
2022-01-01T05:00Z,AL,01,Alabama,-0.72,UnderPayment,https://fns-prod.azureedge.us/sites/default/files/resource-files/snap-fy22-qc-payment-error-rate.pdf
2023-01-01T05:00Z,AL,01,Alabama,5.44,OverPayment,https://fns-prod.azureedge.us/sites/default/files/resource-files/snap-fy23-qc-payment-error-rate.pdf
2023-01-01T05:00Z,AL,01,Alabama,-1.64,UnderPayment,https://fns-prod.azureedge.us/sites/default/files/resource-files/snap-fy23-qc-payment-error-rate.pdf
2003-01-01T05:00Z,AK,02,Alaska,10.84,OverPayment,
2003-01-01T05:00Z,AK,02,Alaska,-3.04,UnderPayment,
2004-01-01T05:00Z,AK,02,Alaska,4.98,OverPayment,
2004-01-01T05:00Z,AK,02,Alaska,-1.98,UnderPayment,
2005-01-01T05:00Z,AK,02,Alaska,5.64,OverPayment,
2005-01-01T05:00Z,AK,02,Alaska,-0.87,UnderPayment,
2006-01-01T05:00Z,AK,02,Alaska,5.25,OverPayment,
2006-01-01T05:00Z,AK,02,Alaska,-0.56,UnderPayment,
2007-01-01T05:00Z,AK,02,Alaska,2.86,OverPayment,
2007-01-01T05:00Z,AK,02,Alaska,-1.19,UnderPayment,
2008-01-01T05:00Z,AK,02,Alaska,4.97,OverPayment,
2008-01-01T05:00Z,AK,02,Alaska,-2.51,UnderPayment,
2009-01-01T05:00Z,AK,02,Alaska,2.29,OverPayment,
2009-01-01T05:00Z,AK,02,Alaska,-1.52,UnderPayment,
2010-01-01T05:00Z,AK,02,Alaska,2,OverPayment,
2010-01-01T05:00Z,AK,02,Alaska,-0.14,UnderPayment,
2011-01-01T05:00Z,AK,02,Alaska,0.53,OverPayment,
2011-01-01T05:00Z,AK,02,Alaska,-0.24,UnderPayment,
2012-01-01T05:00Z,AK,02,Alaska,0.85,OverPayment,
2012-01-01T05:00Z,AK,02,Alaska,-0.21,UnderPayment,
2013-01-01T05:00Z,AK,02,Alaska,1.21,OverPayment,
2013-01-01T05:00Z,AK,02,Alaska,-0.06,UnderPayment,
2014-01-01T05:00Z,AK,02,Alaska,0.77,OverPayment,
2014-01-01T05:00Z,AK,02,Alaska,-0.13,UnderPayment,
2016-01-01T05:00Z,,,Alaska,NaN,OverPayment,
2016-01-01T05:00Z,,,Alaska,NaN,UnderPayment,
2017-01-01T05:00Z,AK,02,Alaska,5.8,OverPayment,
2017-01-01T05:00Z,AK,02,Alaska,-1.47,UnderPayment,
2018-01-01T05:00Z,AK,02,Alaska,4.66,OverPayment,
2018-01-01T05:00Z,AK,02,Alaska,-1.71,UnderPayment,
2019-01-01T05:00Z,AK,02,Alaska,9.07,OverPayment,https://fns-prod.azureedge.us/sites/default/files/resource-files/FY2019SNAPQCPaymentErrorRateChartGeneric.pdf
2019-01-01T05:00Z,AK,02,Alaska,-2.12,UnderPayment,https://fns-prod.azureedge.us/sites/default/files/resource-files/FY2019SNAPQCPaymentErrorRateChartGeneric.pdf
2020-01-01T05:00Z,,,Alaska,NaN,OverPayment,
2020-01-01T05:00Z,,,Alaska,NaN,UnderPayment,
2021-01-01T05:00Z,,,Alaska,NaN,OverPayment,
2021-01-01T05:00Z,,,Alaska,NaN,UnderPayment,
2022-01-01T05:00Z,AK,02,Alaska,56.69,OverPayment,https://fns-prod.azureedge.us/sites/default/files/resource-files/snap-fy22-qc-payment-error-rate.pdf
2022-01-01T05:00Z,AK,02,Alaska,-0.29,UnderPayment,https://fns-prod.azureedge.us/sites/default/files/resource-files/snap-fy22-qc-payment-error-rate.pdf
2023-01-01T05:00Z,AK,02,Alaska,59.59,OverPayment,https://fns-prod.azureedge.us/sites/default/files/resource-files/snap-fy23-qc-payment-error-rate.pdf
2023-01-01T05:00Z,AK,02,Alaska,-0.78,UnderPayment,https://fns-prod.azureedge.us/sites/default/files/resource-files/snap-fy23-qc-payment-error-rate.pdf
2003-01-01T05:00Z,AZ,04,Arizona,4.71,OverPayment,
2003-01-01T05:00Z,AZ,04,Arizona,-1.13,UnderPayment,
2004-01-01T05:00Z,AZ,04,Arizona,5.12,OverPayment,
2004-01-01T05:00Z,AZ,04,Arizona,-1.42,UnderPayment,
2005-01-01T05:00Z,AZ,04,Arizona,6.02,OverPayment,
2005-01-01T05:00Z,AZ,04,Arizona,-1.59,UnderPayment,
2006-01-01T05:00Z,AZ,04,Arizona,6.84,OverPayment,
2006-01-01T05:00Z,AZ,04,Arizona,-1.42,UnderPayment,
2007-01-01T05:00Z,AZ,04,Arizona,3.73,OverPayment,
2007-01-01T05:00Z,AZ,04,Arizona,-1.14,UnderPayment,
2008-01-01T05:00Z,AZ,04,Arizona,3.24,OverPayment,
2008-01-01T05:00Z,AZ,04,Arizona,-1.44,UnderPayment,
2009-01-01T05:00Z,AZ,04,Arizona,3.57,OverPayment,
2009-01-01T05:00Z,AZ,04,Arizona,-2.42,UnderPayment,
2010-01-01T05:00Z,AZ,04,Arizona,4.93,OverPayment,
2010-01-01T05:00Z,AZ,04,Arizona,-1.76,UnderPayment,
2011-01-01T05:00Z,AZ,04,Arizona,4.65,OverPayment,
2011-01-01T05:00Z,AZ,04,Arizona,-1.69,UnderPayment,
2012-01-01T05:00Z,AZ,04,Arizona,4.27,OverPayment,
2012-01-01T05:00Z,AZ,04,Arizona,-1.33,UnderPayment,
2013-01-01T05:00Z,AZ,04,Arizona,3.99,OverPayment,
2013-01-01T05:00Z,AZ,04,Arizona,-1.49,UnderPayment,
2014-01-01T05:00Z,AZ,04,Arizona,4.07,OverPayment,
2014-01-01T05:00Z,AZ,04,Arizona,-1.11,UnderPayment,
2015-01-01T05:00Z,AZ,04,Arizona,3.7,OverPayment,
2015-01-01T05:00Z,AZ,04,Arizona,-1.01,UnderPayment,
2016-01-01T05:00Z,,,Arizona,NaN,OverPayment,
2016-01-01T05:00Z,,,Arizona,NaN,UnderPayment,
2017-01-01T05:00Z,AZ,04,Arizona,7.55,OverPayment,
2017-01-01T05:00Z,AZ,04,Arizona,-1.54,UnderPayment,
2018-01-01T05:00Z,AZ,04,Arizona,4.95,OverPayment,
2018-01-01T05:00Z,AZ,04,Arizona,-1.04,UnderPayment,
2019-01-01T05:00Z,AZ,04,Arizona,4.41,OverPayment,https://fns-prod.azureedge.us/sites/default/files/resource-files/FY2019SNAPQCPaymentErrorRateChartGeneric.pdf
2019-01-01T05:00Z,AZ,04,Arizona,-0.84,UnderPayment,https://fns-prod.azureedge.us/sites/default/files/resource-files/FY2019SNAPQCPaymentErrorRateChartGeneric.pdf
2020-01-01T05:00Z,,,Arizona,NaN,OverPayment,
2020-01-01T05:00Z,,,Arizona,NaN,UnderPayment,
2021-01-01T05:00Z,,,Arizona,NaN,OverPayment,
2021-01-01T05:00Z,,,Arizona,NaN,UnderPayment,
2022-01-01T05:00Z,AZ,04,Arizona,9.62,OverPayment,https://fns-prod.azureedge.us/sites/default/files/resource-files/snap-fy22-qc-payment-error-rate.pdf
2022-01-01T05:00Z,AZ,04,Arizona,-1.77,UnderPayment,https://fns-prod.azureedge.us/sites/default/files/resource-files/snap-fy22-qc-payment-error-rate.pdf
2023-01-01T05:00Z,AZ,04,Arizona,9.72,OverPayment,https://fns-prod.azureedge.us/sites/default/files/resource-files/snap-fy23-qc-payment-error-rate.pdf
2023-01-01T05:00Z,AZ,04,Arizona,-1.67,UnderPayment,https://fns-prod.azureedge.us/sites/default/files/resource-files/snap-fy23-qc-payment-error-rate.pdf
2003-01-01T05:00Z,AR,05,Arkansas,3.52,OverPayment,
2003-01-01T05:00Z,AR,05,Arkansas,-0.5,UnderPayment,
2004-01-01T05:00Z,AR,05,Arkansas,4.07,OverPayment,
2004-01-01T05:00Z,AR,05,Arkansas,-1.26,UnderPayment,
2005-01-01T05:00Z,AR,05,Arkansas,4.72,OverPayment,
2005-01-01T05:00Z,AR,05,Arkansas,-0.71,UnderPayment,
2006-01-01T05:00Z,AR,05,Arkansas,6.33,OverPayment,
2006-01-01T05:00Z,AR,05,Arkansas,-0.82,UnderPayment,
2007-01-01T05:00Z,AR,05,Arkansas,6.09,OverPayment,
2007-01-01T05:00Z,AR,05,Arkansas,-0.92,UnderPayment,
2008-01-01T05:00Z,AR,05,Arkansas,5.2,OverPayment,
2008-01-01T05:00Z,AR,05,Arkansas,-0.9,UnderPayment,
2009-01-01T05:00Z,AR,05,Arkansas,3.99,OverPayment,
2009-01-01T05:00Z,AR,05,Arkansas,-0.74,UnderPayment,
2010-01-01T05:00Z,AR,05,Arkansas,4.79,OverPayment,
2010-01-01T05:00Z,AR,05,Arkansas,-0.85,UnderPayment,
2011-01-01T05:00Z,AR,05,Arkansas,4.71,OverPayment,
2011-01-01T05:00Z,AR,05,Arkansas,-1.08,UnderPayment,
2012-01-01T05:00Z,AR,05,Arkansas,4.06,OverPayment,
2012-01-01T05:00Z,AR,05,Arkansas,-0.7,UnderPayment,
2013-01-01T05:00Z,AR,05,Arkansas,3.51,OverPayment,
2013-01-01T05:00Z,AR,05,Arkansas,-0.84,UnderPayment,
2014-01-01T05:00Z,AR,05,Arkansas,4.81,OverPayment,
2014-01-01T05:00Z,AR,05,Arkansas,-0.77,UnderPayment,
2016-01-01T05:00Z,,,Arkansas,NaN,OverPayment,
2016-01-01T05:00Z,,,Arkansas,NaN,UnderPayment,
2017-01-01T05:00Z,AR,05,Arkansas,5.17,OverPayment,
2017-01-01T05:00Z,AR,05,Arkansas,-1.68,UnderPayment,
2018-01-01T05:00Z,AR,05,Arkansas,4.77,OverPayment,
2018-01-01T05:00Z,AR,05,Arkansas,-0.83,UnderPayment,
2019-01-01T05:00Z,AR,05,Arkansas,5.48,OverPayment,https://fns-prod.azureedge.us/sites/default/files/resource-files/FY2019SNAPQCPaymentErrorRateChartGeneric.pdf
2019-01-01T05:00Z,AR,05,Arkansas,-0.43,UnderPayment,https://fns-prod.azureedge.us/sites/default/files/resource-files/FY2019SNAPQCPaymentErrorRateChartGeneric.pdf
2020-01-01T05:00Z,,,Arkansas,NaN,OverPayment,
2020-01-01T05:00Z,,,Arkansas,NaN,UnderPayment,
2021-01-01T05:00Z,,,Arkansas,NaN,OverPayment,
2021-01-01T05:00Z,,,Arkansas,NaN,UnderPayment,
2022-01-01T05:00Z,AR,05,Arkansas,10.21,OverPayment,https://fns-prod.azureedge.us/sites/default/files/resource-files/snap-fy22-qc-payment-error-rate.pdf
2022-01-01T05:00Z,AR,05,Arkansas,-1.1,UnderPayment,https://fns-prod.azureedge.us/sites/default/files/resource-files/snap-fy22-qc-payment-error-rate.pdf
2023-01-01T05:00Z,AR,05,Arkansas,8.76,OverPayment,https://fns-prod.azureedge.us/sites/default/files/resource-files/snap-fy23-qc-payment-error-rate.pdf
2023-01-01T05:00Z,AR,05,Arkansas,-0.81,UnderPayment,https://fns-prod.azureedge.us/sites/default/files/resource-files/snap-fy23-qc-payment-error-rate.pdf
2003-01-01T05:00Z,CA,06,California,5.71,OverPayment,
2003-01-01T05:00Z,CA,06,California,-2.25,UnderPayment,
2004-01-01T05:00Z,CA,06,California,4.73,OverPayment,
2004-01-01T05:00Z,CA,06,California,-1.6,UnderPayment,
2005-01-01T05:00Z,CA,06,California,4.27,OverPayment,
2005-01-01T05:00Z,CA,06,California,-2.12,UnderPayment,
2006-01-01T05:00Z,CA,06,California,5.28,OverPayment,
2006-01-01T05:00Z,CA,06,California,-1.7,UnderPayment,
2007-01-01T05:00Z,CA,06,California,4.08,OverPayment,
2007-01-01T05:00Z,CA,06,California,-1.23,UnderPayment,
2008-01-01T05:00Z,CA,06,California,4.07,OverPayment,
2008-01-01T05:00Z,CA,06,California,-1.7,UnderPayment,
2009-01-01T05:00Z,CA,06,California,3.07,OverPayment,
2009-01-01T05:00Z,CA,06,California,-1.29,UnderPayment,
2010-01-01T05:00Z,CA,06,California,3.56,OverPayment,
2010-01-01T05:00Z,CA,06,California,-1.26,UnderPayment,
2011-01-01T05:00Z,CA,06,California,2.65,OverPayment,
2011-01-01T05:00Z,CA,06,California,-1.92,UnderPayment,
2012-01-01T05:00Z,CA,06,California,3.06,OverPayment,
2012-01-01T05:00Z,CA,06,California,-0.93,UnderPayment,
2013-01-01T05:00Z,CA,06,California,2.82,OverPayment,
2013-01-01T05:00Z,CA,06,California,-0.81,UnderPayment,
2014-01-01T05:00Z,CA,06,California,4.14,OverPayment,
2014-01-01T05:00Z,CA,06,California,-0.99,UnderPayment,
2016-01-01T05:00Z,,,California,NaN,OverPayment,
2016-01-01T05:00Z,,,California,NaN,UnderPayment,
2017-01-01T05:00Z,CA,06,California,6.61,OverPayment,
2017-01-01T05:00Z,CA,06,California,-1.33,UnderPayment,
2018-01-01T05:00Z,CA,06,California,5.96,OverPayment,
2018-01-01T05:00Z,CA,06,California,-1.3,UnderPayment,
2019-01-01T05:00Z,CA,06,California,6.42,OverPayment,https://fns-prod.azureedge.us/sites/default/files/resource-files/FY2019SNAPQCPaymentErrorRateChartGeneric.pdf
2019-01-01T05:00Z,CA,06,California,-0.89,UnderPayment,https://fns-prod.azureedge.us/sites/default/files/resource-files/FY2019SNAPQCPaymentErrorRateChartGeneric.pdf
2020-01-01T05:00Z,,,California,NaN,OverPayment,
2020-01-01T05:00Z,,,California,NaN,UnderPayment,
2021-01-01T05:00Z,,,California,NaN,OverPayment,
2021-01-01T05:00Z,,,California,NaN,UnderPayment,
2022-01-01T05:00Z,CA,06,California,9.59,OverPayment,https://fns-prod.azureedge.us/sites/default/files/resource-files/snap-fy22-qc-payment-error-rate.pdf
2022-01-01T05:00Z,CA,06,California,-1.51,UnderPayment,https://fns-prod.azureedge.us/sites/default/files/resource-files/snap-fy22-qc-payment-error-rate.pdf
2023-01-01T05:00Z,CA,06,California,11.61,OverPayment,https://fns-prod.azureedge.us/sites/default/files/resource-files/snap-fy23-qc-payment-error-rate.pdf
2023-01-01T05:00Z,CA,06,California,-1.78,UnderPayment,https://fns-prod.azureedge.us/sites/default/files/resource-files/snap-fy23-qc-payment-error-rate.pdf
2003-01-01T05:00Z,CO,08,Colorado,6.08,OverPayment,
2003-01-01T05:00Z,CO,08,Colorado,-1.32,UnderPayment,
2004-01-01T05:00Z,CO,08,Colorado,2.33,OverPayment,
2004-01-01T05:00Z,CO,08,Colorado,-0.6,UnderPayment,
2005-01-01T05:00Z,CO,08,Colorado,5.02,OverPayment,
2005-01-01T05:00Z,CO,08,Colorado,-2.4,UnderPayment,
2006-01-01T05:00Z,CO,08,Colorado,5.27,OverPayment,
2006-01-01T05:00Z,CO,08,Colorado,-1.41,UnderPayment,
2007-01-01T05:00Z,CO,08,Colorado,5.15,OverPayment,
2007-01-01T05:00Z,CO,08,Colorado,-1.89,UnderPayment,
2008-01-01T05:00Z,CO,08,Colorado,2.6,OverPayment,
2008-01-01T05:00Z,CO,08,Colorado,-0.72,UnderPayment,
2009-01-01T05:00Z,CO,08,Colorado,2.05,OverPayment,
2009-01-01T05:00Z,CO,08,Colorado,-0.67,UnderPayment,
2010-01-01T05:00Z,CO,08,Colorado,1.72,OverPayment,
2010-01-01T05:00Z,CO,08,Colorado,-1.46,UnderPayment,
2011-01-01T05:00Z,CO,08,Colorado,3.25,OverPayment,
2011-01-01T05:00Z,CO,08,Colorado,-1.19,UnderPayment,
2012-01-01T05:00Z,CO,08,Colorado,3.23,OverPayment,
2012-01-01T05:00Z,CO,08,Colorado,-1.32,UnderPayment,
2013-01-01T05:00Z,CO,08,Colorado,4.12,OverPayment,
2013-01-01T05:00Z,CO,08,Colorado,-1.47,UnderPayment,
2014-01-01T05:00Z,CO,08,Colorado,3.27,OverPayment,
2014-01-01T05:00Z,CO,08,Colorado,-0.99,UnderPayment,
2016-01-01T05:00Z,,,Colorado,NaN,OverPayment,
2016-01-01T05:00Z,,,Colorado,NaN,UnderPayment,
2017-01-01T05:00Z,CO,08,Colorado,4.75,OverPayment,
2017-01-01T05:00Z,CO,08,Colorado,-1.48,UnderPayment,
2018-01-01T05:00Z,CO,08,Colorado,4.04,OverPayment,
2018-01-01T05:00Z,CO,08,Colorado,-1.39,UnderPayment,
2019-01-01T05:00Z,CO,08,Colorado,6.91,OverPayment,https://fns-prod.azureedge.us/sites/default/files/resource-files/FY2019SNAPQCPaymentErrorRateChartGeneric.pdf
2019-01-01T05:00Z,CO,08,Colorado,-1.76,UnderPayment,https://fns-prod.azureedge.us/sites/default/files/resource-files/FY2019SNAPQCPaymentErrorRateChartGeneric.pdf
2020-01-01T05:00Z,,,Colorado,NaN,OverPayment,
2020-01-01T05:00Z,,,Colorado,NaN,UnderPayment,
2021-01-01T05:00Z,,,Colorado,NaN,OverPayment,
2021-01-01T05:00Z,,,Colorado,NaN,UnderPayment,
2022-01-01T05:00Z,CO,08,Colorado,5.29,OverPayment,https://fns-prod.azureedge.us/sites/default/files/resource-files/snap-fy22-qc-payment-error-rate.pdf
2022-01-01T05:00Z,CO,08,Colorado,-2.02,UnderPayment,https://fns-prod.azureedge.us/sites/default/files/resource-files/snap-fy22-qc-payment-error-rate.pdf
2023-01-01T05:00Z,CO,08,Colorado,6.45,OverPayment,https://fns-prod.azureedge.us/sites/default/files/resource-files/snap-fy23-qc-payment-error-rate.pdf
2023-01-01T05:00Z,CO,08,Colorado,-2.16,UnderPayment,https://fns-prod.azureedge.us/sites/default/files/resource-files/snap-fy23-qc-payment-error-rate.pdf
2003-01-01T05:00Z,CT,09,Connecticut,7.02,OverPayment,
2003-01-01T05:00Z,CT,09,Connecticut,-1.75,UnderPayment,
2004-01-01T05:00Z,CT,09,Connecticut,3.62,OverPayment,
2004-01-01T05:00Z,CT,09,Connecticut,-1.32,UnderPayment,
2005-01-01T05:00Z,CT,09,Connecticut,5.01,OverPayment,
2005-01-01T05:00Z,CT,09,Connecticut,-1.61,UnderPayment,
2006-01-01T05:00Z,CT,09,Connecticut,3.89,OverPayment,
2006-01-01T05:00Z,CT,09,Connecticut,-1.57,UnderPayment,
2007-01-01T05:00Z,CT,09,Connecticut,4.41,OverPayment,
2007-01-01T05:00Z,CT,09,Connecticut,-2.1,UnderPayment,
2008-01-01T05:00Z,CT,09,Connecticut,6.18,OverPayment,
2008-01-01T05:00Z,CT,09,Connecticut,-1.97,UnderPayment,
2009-01-01T05:00Z,CT,09,Connecticut,4.3,OverPayment,
2009-01-01T05:00Z,CT,09,Connecticut,-0.85,UnderPayment,
2010-01-01T05:00Z,CT,09,Connecticut,6.23,OverPayment,
2010-01-01T05:00Z,CT,09,Connecticut,-1.43,UnderPayment,
2011-01-01T05:00Z,CT,09,Connecticut,4.42,OverPayment,
2011-01-01T05:00Z,CT,09,Connecticut,-2.04,UnderPayment,
2012-01-01T05:00Z,CT,09,Connecticut,4.75,OverPayment,
2012-01-01T05:00Z,CT,09,Connecticut,-1.24,UnderPayment,
2013-01-01T05:00Z,CT,09,Connecticut,5.58,OverPayment,
2013-01-01T05:00Z,CT,09,Connecticut,-1.55,UnderPayment,
2014-01-01T05:00Z,CT,09,Connecticut,4.89,OverPayment,
2014-01-01T05:00Z,CT,09,Connecticut,-0.95,UnderPayment,
2016-01-01T05:00Z,,,Connecticut,NaN,OverPayment,
2016-01-01T05:00Z,,,Connecticut,NaN,UnderPayment,
2017-01-01T05:00Z,CT,09,Connecticut,4.71,OverPayment,
2017-01-01T05:00Z,CT,09,Connecticut,-0.87,UnderPayment,
2018-01-01T05:00Z,CT,09,Connecticut,6.72,OverPayment,
2018-01-01T05:00Z,CT,09,Connecticut,-2.05,UnderPayment,
2019-01-01T05:00Z,CT,09,Connecticut,9.08,OverPayment,https://fns-prod.azureedge.us/sites/default/files/resource-files/FY2019SNAPQCPaymentErrorRateChartGeneric.pdf
2019-01-01T05:00Z,CT,09,Connecticut,-1.42,UnderPayment,https://fns-prod.azureedge.us/sites/default/files/resource-files/FY2019SNAPQCPaymentErrorRateChartGeneric.pdf
2020-01-01T05:00Z,,,Connecticut,NaN,OverPayment,
2020-01-01T05:00Z,,,Connecticut,NaN,UnderPayment,
2021-01-01T05:00Z,,,Connecticut,NaN,OverPayment,
2021-01-01T05:00Z,,,Connecticut,NaN,UnderPayment,
2022-01-01T05:00Z,CT,09,Connecticut,7.21,OverPayment,https://fns-prod.azureedge.us/sites/default/files/resource-files/snap-fy22-qc-payment-error-rate.pdf
2022-01-01T05:00Z,CT,09,Connecticut,-1.73,UnderPayment,https://fns-prod.azureedge.us/sites/default/files/resource-files/snap-fy22-qc-payment-error-rate.pdf
2023-01-01T05:00Z,CT,09,Connecticut,7.33,OverPayment,https://fns-prod.azureedge.us/sites/default/files/resource-files/snap-fy23-qc-payment-error-rate.pdf
2023-01-01T05:00Z,CT,09,Connecticut,-1.58,UnderPayment,https://fns-prod.azureedge.us/sites/default/files/resource-files/snap-fy23-qc-payment-error-rate.pdf
2003-01-01T05:00Z,DE,10,Delaware,4.07,OverPayment,
2003-01-01T05:00Z,DE,10,Delaware,-1.31,UnderPayment,
2004-01-01T05:00Z,DE,10,Delaware,4.29,OverPayment,
2004-01-01T05:00Z,DE,10,Delaware,-1.95,UnderPayment,
2005-01-01T05:00Z,DE,10,Delaware,4.3,OverPayment,
2005-01-01T05:00Z,DE,10,Delaware,-2.16,UnderPayment,
2006-01-01T05:00Z,DE,10,Delaware,6.56,OverPayment,
2006-01-01T05:00Z,DE,10,Delaware,-1.35,UnderPayment,
2007-01-01T05:00Z,DE,10,Delaware,7.46,OverPayment,
2007-01-01T05:00Z,DE,10,Delaware,-1.9,UnderPayment,
2008-01-01T05:00Z,DE,10,Delaware,4.36,OverPayment,
2008-01-01T05:00Z,DE,10,Delaware,-1.16,UnderPayment,
2009-01-01T05:00Z,DE,10,Delaware,0.77,OverPayment,
2009-01-01T05:00Z,DE,10,Delaware,-0.37,UnderPayment,
2010-01-01T05:00Z,DE,10,Delaware,1.11,OverPayment,
2010-01-01T05:00Z,DE,10,Delaware,-0.41,UnderPayment,
2011-01-01T05:00Z,DE,10,Delaware,2.01,OverPayment,
2011-01-01T05:00Z,DE,10,Delaware,-0.52,UnderPayment,
2012-01-01T05:00Z,DE,10,Delaware,2.99,OverPayment,
2012-01-01T05:00Z,DE,10,Delaware,-0.41,UnderPayment,
2013-01-01T05:00Z,DE,10,Delaware,2.7,OverPayment,
2013-01-01T05:00Z,DE,10,Delaware,-0.83,UnderPayment,
2014-01-01T05:00Z,DE,10,Delaware,2.25,OverPayment,
2014-01-01T05:00Z,DE,10,Delaware,-0.53,UnderPayment,
2016-01-01T05:00Z,,,Delaware,NaN,OverPayment,
2016-01-01T05:00Z,,,Delaware,NaN,UnderPayment,
2017-01-01T05:00Z,DE,10,Delaware,12.27,OverPayment,
2017-01-01T05:00Z,DE,10,Delaware,-1.67,UnderPayment,
2018-01-01T05:00Z,DE,10,Delaware,11.95,OverPayment,
2018-01-01T05:00Z,DE,10,Delaware,-1.29,UnderPayment,
2019-01-01T05:00Z,DE,10,Delaware,11.04,OverPayment,https://fns-prod.azureedge.us/sites/default/files/resource-files/FY2019SNAPQCPaymentErrorRateChartGeneric.pdf
2019-01-01T05:00Z,DE,10,Delaware,-2.12,UnderPayment,https://fns-prod.azureedge.us/sites/default/files/resource-files/FY2019SNAPQCPaymentErrorRateChartGeneric.pdf
2020-01-01T05:00Z,,,Delaware,NaN,OverPayment,
2020-01-01T05:00Z,,,Delaware,NaN,UnderPayment,
2021-01-01T05:00Z,,,Delaware,NaN,OverPayment,
2021-01-01T05:00Z,,,Delaware,NaN,UnderPayment,
2022-01-01T05:00Z,DE,10,Delaware,18.61,OverPayment,https://fns-prod.azureedge.us/sites/default/files/resource-files/snap-fy22-qc-payment-error-rate.pdf
2022-01-01T05:00Z,DE,10,Delaware,-3.83,UnderPayment,https://fns-prod.azureedge.us/sites/default/files/resource-files/snap-fy22-qc-payment-error-rate.pdf
2023-01-01T05:00Z,DE,10,Delaware,19.23,OverPayment,https://fns-prod.azureedge.us/sites/default/files/resource-files/snap-fy23-qc-payment-error-rate.pdf
2023-01-01T05:00Z,DE,10,Delaware,-3.57,UnderPayment,https://fns-prod.azureedge.us/sites/default/files/resource-files/snap-fy23-qc-payment-error-rate.pdf
2003-01-01T05:00Z,DC,11,District of Columbia,7.08,OverPayment,
2003-01-01T05:00Z,DC,11,District of Columbia,-1.89,UnderPayment,
2005-01-01T05:00Z,DC,11,District of Columbia,8.21,OverPayment,
2005-01-01T05:00Z,DC,11,District of Columbia,-1.69,UnderPayment,
2006-01-01T05:00Z,DC,11,District of Columbia,7.74,OverPayment,
2006-01-01T05:00Z,DC,11,District of Columbia,-1.88,UnderPayment,
2007-01-01T05:00Z,DC,11,District of Columbia,6.53,OverPayment,
2007-01-01T05:00Z,DC,11,District of Columbia,-1.8,UnderPayment,
2008-01-01T05:00Z,DC,11,District of Columbia,4.61,OverPayment,
2008-01-01T05:00Z,DC,11,District of Columbia,-1.65,UnderPayment,
2009-01-01T05:00Z,DC,11,District of Columbia,3.35,OverPayment,
2009-01-01T05:00Z,DC,11,District of Columbia,-0.57,UnderPayment,
2010-01-01T05:00Z,DC,11,District of Columbia,3.76,OverPayment,
2010-01-01T05:00Z,DC,11,District of Columbia,-0.71,UnderPayment,
2011-01-01T05:00Z,DC,11,District of Columbia,1.83,OverPayment,
2011-01-01T05:00Z,DC,11,District of Columbia,-1.2,UnderPayment,
2012-01-01T05:00Z,DC,11,District of Columbia,3.24,OverPayment,
2012-01-01T05:00Z,DC,11,District of Columbia,-0.67,UnderPayment,
2013-01-01T05:00Z,DC,11,District of Columbia,5.98,OverPayment,
2013-01-01T05:00Z,DC,11,District of Columbia,-0.89,UnderPayment,
2014-01-01T05:00Z,DC,11,District of Columbia,6.14,OverPayment,
2014-01-01T05:00Z,DC,11,District of Columbia,-1.24,UnderPayment,
2016-01-01T05:00Z,,,District of Columbia,NaN,OverPayment,
2016-01-01T05:00Z,,,District of Columbia,NaN,UnderPayment,
2018-01-01T05:00Z,DC,11,District of Columbia,13.69,OverPayment,
2018-01-01T05:00Z,DC,11,District of Columbia,-2.65,UnderPayment,
2019-01-01T05:00Z,DC,11,District of Columbia,13.3,OverPayment,https://fns-prod.azureedge.us/sites/default/files/resource-files/FY2019SNAPQCPaymentErrorRateChartGeneric.pdf
2019-01-01T05:00Z,DC,11,District of Columbia,-2.44,UnderPayment,https://fns-prod.azureedge.us/sites/default/files/resource-files/FY2019SNAPQCPaymentErrorRateChartGeneric.pdf
2020-01-01T05:00Z,,,District of Columbia,NaN,OverPayment,
2020-01-01T05:00Z,,,District of Columbia,NaN,UnderPayment,
2021-01-01T05:00Z,,,District of Columbia,NaN,OverPayment,
2021-01-01T05:00Z,,,District of Columbia,NaN,UnderPayment,
2004-01-01T05:00Z,DC,11,District Of Columbia,4.75,OverPayment,
2004-01-01T05:00Z,DC,11,District Of Columbia,-0.9,UnderPayment,
2016-01-01T05:00Z,,,District Of Columbia,NaN,OverPayment,
2016-01-01T05:00Z,,,District Of Columbia,NaN,UnderPayment,
2017-01-01T05:00Z,DC,11,District Of Columbia,8.72,OverPayment,
2017-01-01T05:00Z,DC,11,District Of Columbia,-1.99,UnderPayment,
2020-01-01T05:00Z,,,District Of Columbia,NaN,OverPayment,
2020-01-01T05:00Z,,,District Of Columbia,NaN,UnderPayment,
2021-01-01T05:00Z,,,District Of Columbia,NaN,OverPayment,
2021-01-01T05:00Z,,,District Of Columbia,NaN,UnderPayment,
2022-01-01T05:00Z,DC,11,District Of Columbia,14.55,OverPayment,https://fns-prod.azureedge.us/sites/default/files/resource-files/snap-fy22-qc-payment-error-rate.pdf
2022-01-01T05:00Z,DC,11,District Of Columbia,-4.4,UnderPayment,https://fns-prod.azureedge.us/sites/default/files/resource-files/snap-fy22-qc-payment-error-rate.pdf
2023-01-01T05:00Z,DC,11,District Of Columbia,15.68,OverPayment,https://fns-prod.azureedge.us/sites/default/files/resource-files/snap-fy23-qc-payment-error-rate.pdf
2023-01-01T05:00Z,DC,11,District Of Columbia,-4.58,UnderPayment,https://fns-prod.azureedge.us/sites/default/files/resource-files/snap-fy23-qc-payment-error-rate.pdf
2003-01-01T05:00Z,FL,12,Florida,5.5,OverPayment,
2003-01-01T05:00Z,FL,12,Florida,-2.5,UnderPayment,
2004-01-01T05:00Z,FL,12,Florida,5.24,OverPayment,
2004-01-01T05:00Z,FL,12,Florida,-0.92,UnderPayment,
2005-01-01T05:00Z,FL,12,Florida,5.88,OverPayment,
2005-01-01T05:00Z,FL,12,Florida,-1.32,UnderPayment,
2006-01-01T05:00Z,FL,12,Florida,6.95,OverPayment,
2006-01-01T05:00Z,FL,12,Florida,-1.65,UnderPayment,
2007-01-01T05:00Z,FL,12,Florida,3.94,OverPayment,
2007-01-01T05:00Z,FL,12,Florida,-0.21,UnderPayment,
2008-01-01T05:00Z,FL,12,Florida,0.81,OverPayment,
2008-01-01T05:00Z,FL,12,Florida,-0.04,UnderPayment,
2009-01-01T05:00Z,FL,12,Florida,0.53,OverPayment,
2009-01-01T05:00Z,FL,12,Florida,-0.16,UnderPayment,
2010-01-01T05:00Z,FL,12,Florida,0.74,OverPayment,
2010-01-01T05:00Z,FL,12,Florida,-0.04,UnderPayment,
2011-01-01T05:00Z,FL,12,Florida,0.68,OverPayment,
2011-01-01T05:00Z,FL,12,Florida,-0.19,UnderPayment,
2012-01-01T05:00Z,FL,12,Florida,0.59,OverPayment,
2012-01-01T05:00Z,FL,12,Florida,-0.17,UnderPayment,
2013-01-01T05:00Z,FL,12,Florida,0.52,OverPayment,
2013-01-01T05:00Z,FL,12,Florida,-0.28,UnderPayment,
2014-01-01T05:00Z,FL,12,Florida,0.38,OverPayment,
2014-01-01T05:00Z,FL,12,Florida,-0.05,UnderPayment,
2016-01-01T05:00Z,,,Florida,NaN,OverPayment,
2016-01-01T05:00Z,,,Florida,NaN,UnderPayment,
2017-01-01T05:00Z,FL,12,Florida,5.28,OverPayment,
2017-01-01T05:00Z,FL,12,Florida,-1.14,UnderPayment,
2018-01-01T05:00Z,FL,12,Florida,3.9,OverPayment,
2018-01-01T05:00Z,FL,12,Florida,-0.49,UnderPayment,
2019-01-01T05:00Z,FL,12,Florida,4.56,OverPayment,https://fns-prod.azureedge.us/sites/default/files/resource-files/FY2019SNAPQCPaymentErrorRateChartGeneric.pdf
2019-01-01T05:00Z,FL,12,Florida,-0.77,UnderPayment,https://fns-prod.azureedge.us/sites/default/files/resource-files/FY2019SNAPQCPaymentErrorRateChartGeneric.pdf
2020-01-01T05:00Z,,,Florida,NaN,OverPayment,
2020-01-01T05:00Z,,,Florida,NaN,UnderPayment,
2021-01-01T05:00Z,,,Florida,NaN,OverPayment,
2021-01-01T05:00Z,,,Florida,NaN,UnderPayment,
2022-01-01T05:00Z,FL,12,Florida,7.45,OverPayment,https://fns-prod.azureedge.us/sites/default/files/resource-files/snap-fy22-qc-payment-error-rate.pdf
2022-01-01T05:00Z,FL,12,Florida,-1.15,UnderPayment,https://fns-prod.azureedge.us/sites/default/files/resource-files/snap-fy22-qc-payment-error-rate.pdf
2023-01-01T05:00Z,FL,12,Florida,11.25,OverPayment,https://fns-prod.azureedge.us/sites/default/files/resource-files/snap-fy23-qc-payment-error-rate.pdf
2023-01-01T05:00Z,FL,12,Florida,-1.35,UnderPayment,https://fns-prod.azureedge.us/sites/default/files/resource-files/snap-fy23-qc-payment-error-rate.pdf
2003-01-01T05:00Z,GA,13,Georgia,4,OverPayment,
2003-01-01T05:00Z,GA,13,Georgia,-1.16,UnderPayment,
2004-01-01T05:00Z,GA,13,Georgia,5.26,OverPayment,
2004-01-01T05:00Z,GA,13,Georgia,-0.95,UnderPayment,
2005-01-01T05:00Z,GA,13,Georgia,4.31,OverPayment,
2005-01-01T05:00Z,GA,13,Georgia,-0.58,UnderPayment,
2006-01-01T05:00Z,GA,13,Georgia,6.38,OverPayment,
2006-01-01T05:00Z,GA,13,Georgia,-0.78,UnderPayment,
2007-01-01T05:00Z,GA,13,Georgia,7.22,OverPayment,
2007-01-01T05:00Z,GA,13,Georgia,-0.91,UnderPayment,
2008-01-01T05:00Z,GA,13,Georgia,2.02,OverPayment,
2008-01-01T05:00Z,GA,13,Georgia,-0.48,UnderPayment,
2009-01-01T05:00Z,GA,13,Georgia,1.91,OverPayment,
2009-01-01T05:00Z,GA,13,Georgia,-0.19,UnderPayment,
2010-01-01T05:00Z,GA,13,Georgia,1.64,OverPayment,
2010-01-01T05:00Z,GA,13,Georgia,-0.35,UnderPayment,
2011-01-01T05:00Z,GA,13,Georgia,1.97,OverPayment,
2011-01-01T05:00Z,GA,13,Georgia,-0.74,UnderPayment,
2012-01-01T05:00Z,GA,13,Georgia,2.41,OverPayment,
2012-01-01T05:00Z,GA,13,Georgia,-0.78,UnderPayment,
2013-01-01T05:00Z,GA,13,Georgia,4.48,OverPayment,
2013-01-01T05:00Z,GA,13,Georgia,-0.63,UnderPayment,
2014-01-01T05:00Z,GA,13,Georgia,4.93,OverPayment,
2014-01-01T05:00Z,GA,13,Georgia,-1.55,UnderPayment,
2016-01-01T05:00Z,,,Georgia,NaN,OverPayment,
2016-01-01T05:00Z,,,Georgia,NaN,UnderPayment,
2017-01-01T05:00Z,GA,13,Georgia,5.5,OverPayment,
2017-01-01T05:00Z,GA,13,Georgia,-1.03,UnderPayment,
2018-01-01T05:00Z,GA,13,Georgia,7.39,OverPayment,
2018-01-01T05:00Z,GA,13,Georgia,-1.72,UnderPayment,
2019-01-01T05:00Z,GA,13,Georgia,7.45,OverPayment,https://fns-prod.azureedge.us/sites/default/files/resource-files/FY2019SNAPQCPaymentErrorRateChartGeneric.pdf
2019-01-01T05:00Z,GA,13,Georgia,-1.85,UnderPayment,https://fns-prod.azureedge.us/sites/default/files/resource-files/FY2019SNAPQCPaymentErrorRateChartGeneric.pdf
2020-01-01T05:00Z,,,Georgia,NaN,OverPayment,
2020-01-01T05:00Z,,,Georgia,NaN,UnderPayment,
2021-01-01T05:00Z,,,Georgia,NaN,OverPayment,
2021-01-01T05:00Z,,,Georgia,NaN,UnderPayment,
2022-01-01T05:00Z,GA,13,Georgia,11.75,OverPayment,https://fns-prod.azureedge.us/sites/default/files/resource-files/snap-fy22-qc-payment-error-rate.pdf
2022-01-01T05:00Z,GA,13,Georgia,-3.23,UnderPayment,https://fns-prod.azureedge.us/sites/default/files/resource-files/snap-fy22-qc-payment-error-rate.pdf
2023-01-01T05:00Z,GA,13,Georgia,9.12,OverPayment,https://fns-prod.azureedge.us/sites/default/files/resource-files/snap-fy23-qc-payment-error-rate.pdf
2023-01-01T05:00Z,GA,13,Georgia,-2.95,UnderPayment,https://fns-prod.azureedge.us/sites/default/files/resource-files/snap-fy23-qc-payment-error-rate.pdf
2003-01-01T05:00Z,GU,66,Guam,4.64,OverPayment,
2003-01-01T05:00Z,GU,66,Guam,-2.4,UnderPayment,
2004-01-01T05:00Z,GU,66,Guam,3.81,OverPayment,
2004-01-01T05:00Z,GU,66,Guam,-2.8,UnderPayment,
2005-01-01T05:00Z,GU,66,Guam,4.08,OverPayment,
2005-01-01T05:00Z,GU,66,Guam,-2.12,UnderPayment,
2006-01-01T05:00Z,GU,66,Guam,4.71,OverPayment,
2006-01-01T05:00Z,GU,66,Guam,-1.75,UnderPayment,
2007-01-01T05:00Z,GU,66,Guam,4.45,OverPayment,
2007-01-01T05:00Z,GU,66,Guam,-2.1,UnderPayment,
2008-01-01T05:00Z,GU,66,Guam,6.93,OverPayment,
2008-01-01T05:00Z,GU,66,Guam,-2.43,UnderPayment,
2009-01-01T05:00Z,GU,66,Guam,3.23,OverPayment,
2009-01-01T05:00Z,GU,66,Guam,-1,UnderPayment,
2010-01-01T05:00Z,GU,66,Guam,4.17,OverPayment,
2010-01-01T05:00Z,GU,66,Guam,-1.25,UnderPayment,
2011-01-01T05:00Z,GU,66,Guam,4.6,OverPayment,
2011-01-01T05:00Z,GU,66,Guam,-1.65,UnderPayment,
2012-01-01T05:00Z,GU,66,Guam,5.83,OverPayment,
2012-01-01T05:00Z,GU,66,Guam,-1.51,UnderPayment,
2013-01-01T05:00Z,GU,66,Guam,5.47,OverPayment,
2013-01-01T05:00Z,GU,66,Guam,-1.18,UnderPayment,
2014-01-01T05:00Z,GU,66,Guam,5.13,OverPayment,
2014-01-01T05:00Z,GU,66,Guam,-1.96,UnderPayment,
2015-01-01T05:00Z,GU,66,Guam,6.41,OverPayment,
2015-01-01T05:00Z,GU,66,Guam,-2.12,UnderPayment,
2016-01-01T05:00Z,,,Guam,NaN,OverPayment,
2016-01-01T05:00Z,,,Guam,NaN,UnderPayment,
2017-01-01T05:00Z,GU,66,Guam,5,OverPayment,
2017-01-01T05:00Z,GU,66,Guam,-2.56,UnderPayment,
2018-01-01T05:00Z,GU,66,Guam,6.82,OverPayment,
2018-01-01T05:00Z,GU,66,Guam,-2.28,UnderPayment,
2019-01-01T05:00Z,GU,66,Guam,9.74,OverPayment,https://fns-prod.azureedge.us/sites/default/files/resource-files/FY2019SNAPQCPaymentErrorRateChartGeneric.pdf
2019-01-01T05:00Z,GU,66,Guam,-2.15,UnderPayment,https://fns-prod.azureedge.us/sites/default/files/resource-files/FY2019SNAPQCPaymentErrorRateChartGeneric.pdf
2020-01-01T05:00Z,,,Guam,NaN,OverPayment,
2020-01-01T05:00Z,,,Guam,NaN,UnderPayment,
2021-01-01T05:00Z,,,Guam,NaN,OverPayment,
2021-01-01T05:00Z,,,Guam,NaN,UnderPayment,
2022-01-01T05:00Z,GU,66,Guam,12.68,OverPayment,https://fns-prod.azureedge.us/sites/default/files/resource-files/snap-fy22-qc-payment-error-rate.pdf
2022-01-01T05:00Z,GU,66,Guam,-3.63,UnderPayment,https://fns-prod.azureedge.us/sites/default/files/resource-files/snap-fy22-qc-payment-error-rate.pdf
2023-01-01T05:00Z,GU,66,Guam,15.22,OverPayment,https://fns-prod.azureedge.us/sites/default/files/resource-files/snap-fy23-qc-payment-error-rate.pdf
2023-01-01T05:00Z,GU,66,Guam,-2.79,UnderPayment,https://fns-prod.azureedge.us/sites/default/files/resource-files/snap-fy23-qc-payment-error-rate.pdf
2003-01-01T05:00Z,HI,15,Hawaii,3.45,OverPayment,
2003-01-01T05:00Z,HI,15,Hawaii,-1.33,UnderPayment,
2004-01-01T05:00Z,HI,15,Hawaii,3.45,OverPayment,
2004-01-01T05:00Z,HI,15,Hawaii,-0.9,UnderPayment,
2005-01-01T05:00Z,HI,15,Hawaii,3.95,OverPayment,
2005-01-01T05:00Z,HI,15,Hawaii,-1.68,UnderPayment,
2006-01-01T05:00Z,HI,15,Hawaii,2.33,OverPayment,
2006-01-01T05:00Z,HI,15,Hawaii,-1.06,UnderPayment,
2007-01-01T05:00Z,HI,15,Hawaii,2.61,OverPayment,
2007-01-01T05:00Z,HI,15,Hawaii,-0.59,UnderPayment,
2008-01-01T05:00Z,HI,15,Hawaii,2.15,OverPayment,
2008-01-01T05:00Z,HI,15,Hawaii,-1.3,UnderPayment,
2009-01-01T05:00Z,HI,15,Hawaii,2.92,OverPayment,
2009-01-01T05:00Z,HI,15,Hawaii,-0.56,UnderPayment,
2010-01-01T05:00Z,HI,15,Hawaii,2.28,OverPayment,
2010-01-01T05:00Z,HI,15,Hawaii,-0.76,UnderPayment,
2011-01-01T05:00Z,HI,15,Hawaii,2.76,OverPayment,
2011-01-01T05:00Z,HI,15,Hawaii,-0.61,UnderPayment,
2012-01-01T05:00Z,HI,15,Hawaii,3.88,OverPayment,
2012-01-01T05:00Z,HI,15,Hawaii,-0.96,UnderPayment,
2013-01-01T05:00Z,HI,15,Hawaii,3.85,OverPayment,
2013-01-01T05:00Z,HI,15,Hawaii,-0.54,UnderPayment,
2014-01-01T05:00Z,HI,15,Hawaii,3.44,OverPayment,
2014-01-01T05:00Z,HI,15,Hawaii,-0.69,UnderPayment,
2016-01-01T05:00Z,,,Hawaii,NaN,OverPayment,
2016-01-01T05:00Z,,,Hawaii,NaN,UnderPayment,
2017-01-01T05:00Z,HI,15,Hawaii,4.74,OverPayment,
2017-01-01T05:00Z,HI,15,Hawaii,-1.1,UnderPayment,
2018-01-01T05:00Z,HI,15,Hawaii,3.67,OverPayment,
2018-01-01T05:00Z,HI,15,Hawaii,-0.81,UnderPayment,
2019-01-01T05:00Z,HI,15,Hawaii,4.45,OverPayment,https://fns-prod.azureedge.us/sites/default/files/resource-files/FY2019SNAPQCPaymentErrorRateChartGeneric.pdf
2019-01-01T05:00Z,HI,15,Hawaii,-1.76,UnderPayment,https://fns-prod.azureedge.us/sites/default/files/resource-files/FY2019SNAPQCPaymentErrorRateChartGeneric.pdf
2020-01-01T05:00Z,,,Hawaii,NaN,OverPayment,
2020-01-01T05:00Z,,,Hawaii,NaN,UnderPayment,
2021-01-01T05:00Z,,,Hawaii,NaN,OverPayment,
2021-01-01T05:00Z,,,Hawaii,NaN,UnderPayment,
2022-01-01T05:00Z,HI,15,Hawaii,19.65,OverPayment,https://fns-prod.azureedge.us/sites/default/files/resource-files/snap-fy22-qc-payment-error-rate.pdf
2022-01-01T05:00Z,HI,15,Hawaii,-2.13,UnderPayment,https://fns-prod.azureedge.us/sites/default/files/resource-files/snap-fy22-qc-payment-error-rate.pdf
2023-01-01T05:00Z,HI,15,Hawaii,19.97,OverPayment,https://fns-prod.azureedge.us/sites/default/files/resource-files/snap-fy23-qc-payment-error-rate.pdf
2023-01-01T05:00Z,HI,15,Hawaii,-0.97,UnderPayment,https://fns-prod.azureedge.us/sites/default/files/resource-files/snap-fy23-qc-payment-error-rate.pdf
2003-01-01T05:00Z,ID,16,Idaho,7.9,OverPayment,
2003-01-01T05:00Z,ID,16,Idaho,-3.41,UnderPayment,
2004-01-01T05:00Z,ID,16,Idaho,6.13,OverPayment,
2004-01-01T05:00Z,ID,16,Idaho,-2.92,UnderPayment,
2005-01-01T05:00Z,ID,16,Idaho,6.03,OverPayment,
2005-01-01T05:00Z,ID,16,Idaho,-2.31,UnderPayment,
2006-01-01T05:00Z,ID,16,Idaho,3.78,OverPayment,
2006-01-01T05:00Z,ID,16,Idaho,-0.87,UnderPayment,
2007-01-01T05:00Z,ID,16,Idaho,3.54,OverPayment,
2007-01-01T05:00Z,ID,16,Idaho,-0.9,UnderPayment,
2008-01-01T05:00Z,ID,16,Idaho,2.78,OverPayment,
2008-01-01T05:00Z,ID,16,Idaho,-0.8,UnderPayment,
2009-01-01T05:00Z,ID,16,Idaho,2.05,OverPayment,
2009-01-01T05:00Z,ID,16,Idaho,-0.65,UnderPayment,
2010-01-01T05:00Z,ID,16,Idaho,2.53,OverPayment,
2010-01-01T05:00Z,ID,16,Idaho,-0.79,UnderPayment,
2011-01-01T05:00Z,ID,16,Idaho,1.94,OverPayment,
2011-01-01T05:00Z,ID,16,Idaho,-0.58,UnderPayment,
2012-01-01T05:00Z,ID,16,Idaho,2.16,OverPayment,
2012-01-01T05:00Z,ID,16,Idaho,-0.33,UnderPayment,
2013-01-01T05:00Z,ID,16,Idaho,1.56,OverPayment,
2013-01-01T05:00Z,ID,16,Idaho,-0.3,UnderPayment,
2014-01-01T05:00Z,ID,16,Idaho,2.4,OverPayment,
2014-01-01T05:00Z,ID,16,Idaho,-0.33,UnderPayment,
2016-01-01T05:00Z,,,Idaho,NaN,OverPayment,
2016-01-01T05:00Z,,,Idaho,NaN,UnderPayment,
2017-01-01T05:00Z,ID,16,Idaho,2.05,OverPayment,
2017-01-01T05:00Z,ID,16,Idaho,-0.33,UnderPayment,
2018-01-01T05:00Z,ID,16,Idaho,1.83,OverPayment,
2018-01-01T05:00Z,ID,16,Idaho,-0.3,UnderPayment,
2019-01-01T05:00Z,ID,16,Idaho,1.02,OverPayment,https://fns-prod.azureedge.us/sites/default/files/resource-files/FY2019SNAPQCPaymentErrorRateChartGeneric.pdf
2019-01-01T05:00Z,ID,16,Idaho,-0.23,UnderPayment,https://fns-prod.azureedge.us/sites/default/files/resource-files/FY2019SNAPQCPaymentErrorRateChartGeneric.pdf
2020-01-01T05:00Z,,,Idaho,NaN,OverPayment,
2020-01-01T05:00Z,,,Idaho,NaN,UnderPayment,
2021-01-01T05:00Z,,,Idaho,NaN,OverPayment,
2021-01-01T05:00Z,,,Idaho,NaN,UnderPayment,
2022-01-01T05:00Z,ID,16,Idaho,3.26,OverPayment,https://fns-prod.azureedge.us/sites/default/files/resource-files/snap-fy22-qc-payment-error-rate.pdf
2022-01-01T05:00Z,ID,16,Idaho,-0.18,UnderPayment,https://fns-prod.azureedge.us/sites/default/files/resource-files/snap-fy22-qc-payment-error-rate.pdf
2023-01-01T05:00Z,ID,16,Idaho,2.96,OverPayment,https://fns-prod.azureedge.us/sites/default/files/resource-files/snap-fy23-qc-payment-error-rate.pdf
2023-01-01T05:00Z,ID,16,Idaho,-0.46,UnderPayment,https://fns-prod.azureedge.us/sites/default/files/resource-files/snap-fy23-qc-payment-error-rate.pdf
2003-01-01T05:00Z,IL,17,Illinois,4.1,OverPayment,
2003-01-01T05:00Z,IL,17,Illinois,-0.77,UnderPayment,
2004-01-01T05:00Z,IL,17,Illinois,4.66,OverPayment,
2004-01-01T05:00Z,IL,17,Illinois,-0.95,UnderPayment,
2005-01-01T05:00Z,IL,17,Illinois,4.76,OverPayment,
2005-01-01T05:00Z,IL,17,Illinois,-1,UnderPayment,
2006-01-01T05:00Z,IL,17,Illinois,4.61,OverPayment,
2006-01-01T05:00Z,IL,17,Illinois,-1.48,UnderPayment,
2007-01-01T05:00Z,IL,17,Illinois,4.44,OverPayment,
2007-01-01T05:00Z,IL,17,Illinois,-0.71,UnderPayment,
2008-01-01T05:00Z,IL,17,Illinois,3.39,OverPayment,
2008-01-01T05:00Z,IL,17,Illinois,-0.91,UnderPayment,
2009-01-01T05:00Z,IL,17,Illinois,5.6,OverPayment,
2009-01-01T05:00Z,IL,17,Illinois,-0.57,UnderPayment,
2010-01-01T05:00Z,IL,17,Illinois,1.29,OverPayment,
2010-01-01T05:00Z,IL,17,Illinois,-0.41,UnderPayment,
2011-01-01T05:00Z,IL,17,Illinois,2.47,OverPayment,
2011-01-01T05:00Z,IL,17,Illinois,-0.68,UnderPayment,
2012-01-01T05:00Z,IL,17,Illinois,1.24,OverPayment,
2012-01-01T05:00Z,IL,17,Illinois,-0.5,UnderPayment,
2013-01-01T05:00Z,IL,17,Illinois,3.46,OverPayment,
2013-01-01T05:00Z,IL,17,Illinois,-0.81,UnderPayment,
2014-01-01T05:00Z,IL,17,Illinois,4.34,OverPayment,
2014-01-01T05:00Z,IL,17,Illinois,-0.93,UnderPayment,
2016-01-01T05:00Z,,,Illinois,NaN,OverPayment,
2016-01-01T05:00Z,,,Illinois,NaN,UnderPayment,
2017-01-01T05:00Z,IL,17,Illinois,5.01,OverPayment,
2017-01-01T05:00Z,IL,17,Illinois,-0.71,UnderPayment,
2018-01-01T05:00Z,IL,17,Illinois,7.89,OverPayment,
2018-01-01T05:00Z,IL,17,Illinois,-1.72,UnderPayment,
2019-01-01T05:00Z,IL,17,Illinois,7.42,OverPayment,https://fns-prod.azureedge.us/sites/default/files/resource-files/FY2019SNAPQCPaymentErrorRateChartGeneric.pdf
2019-01-01T05:00Z,IL,17,Illinois,-1.41,UnderPayment,https://fns-prod.azureedge.us/sites/default/files/resource-files/FY2019SNAPQCPaymentErrorRateChartGeneric.pdf
2020-01-01T05:00Z,,,Illinois,NaN,OverPayment,
2020-01-01T05:00Z,,,Illinois,NaN,UnderPayment,
2021-01-01T05:00Z,,,Illinois,NaN,OverPayment,
2021-01-01T05:00Z,,,Illinois,NaN,UnderPayment,
2022-01-01T05:00Z,IL,17,Illinois,9.67,OverPayment,https://fns-prod.azureedge.us/sites/default/files/resource-files/snap-fy22-qc-payment-error-rate.pdf
2022-01-01T05:00Z,IL,17,Illinois,-1.24,UnderPayment,https://fns-prod.azureedge.us/sites/default/files/resource-files/snap-fy22-qc-payment-error-rate.pdf
2023-01-01T05:00Z,IL,17,Illinois,8,OverPayment,https://fns-prod.azureedge.us/sites/default/files/resource-files/snap-fy23-qc-payment-error-rate.pdf
2023-01-01T05:00Z,IL,17,Illinois,-1.91,UnderPayment,https://fns-prod.azureedge.us/sites/default/files/resource-files/snap-fy23-qc-payment-error-rate.pdf
2003-01-01T05:00Z,IN,18,Indiana,7.94,OverPayment,
2003-01-01T05:00Z,IN,18,Indiana,-2.06,UnderPayment,
2004-01-01T05:00Z,IN,18,Indiana,4.35,OverPayment,
2004-01-01T05:00Z,IN,18,Indiana,-1.48,UnderPayment,
2005-01-01T05:00Z,IN,18,Indiana,5.47,OverPayment,
2005-01-01T05:00Z,IN,18,Indiana,-1.11,UnderPayment,
2006-01-01T05:00Z,IN,18,Indiana,4.98,OverPayment,
2006-01-01T05:00Z,IN,18,Indiana,-1.66,UnderPayment,
2007-01-01T05:00Z,IN,18,Indiana,5.52,OverPayment,
2007-01-01T05:00Z,IN,18,Indiana,-1.42,UnderPayment,
2008-01-01T05:00Z,IN,18,Indiana,5.91,OverPayment,
2008-01-01T05:00Z,IN,18,Indiana,-1.6,UnderPayment,
2009-01-01T05:00Z,IN,18,Indiana,5.45,OverPayment,
2009-01-01T05:00Z,IN,18,Indiana,-1.68,UnderPayment,
2010-01-01T05:00Z,IN,18,Indiana,2.05,OverPayment,
2010-01-01T05:00Z,IN,18,Indiana,-0.55,UnderPayment,
2011-01-01T05:00Z,IN,18,Indiana,2.7,OverPayment,
2011-01-01T05:00Z,IN,18,Indiana,-0.59,UnderPayment,
2012-01-01T05:00Z,IN,18,Indiana,2.66,OverPayment,
2012-01-01T05:00Z,IN,18,Indiana,-0.36,UnderPayment,
2013-01-01T05:00Z,IN,18,Indiana,3.22,OverPayment,
2013-01-01T05:00Z,IN,18,Indiana,-0.49,UnderPayment,
2014-01-01T05:00Z,IN,18,Indiana,3.84,OverPayment,
2014-01-01T05:00Z,IN,18,Indiana,-0.92,UnderPayment,
2016-01-01T05:00Z,,,Indiana,NaN,OverPayment,
2016-01-01T05:00Z,,,Indiana,NaN,UnderPayment,
2017-01-01T05:00Z,IN,18,Indiana,8.84,OverPayment,
2017-01-01T05:00Z,IN,18,Indiana,-1.05,UnderPayment,
2018-01-01T05:00Z,IN,18,Indiana,6.24,OverPayment,
2018-01-01T05:00Z,IN,18,Indiana,-0.94,UnderPayment,
2019-01-01T05:00Z,IN,18,Indiana,7.69,OverPayment,https://fns-prod.azureedge.us/sites/default/files/resource-files/FY2019SNAPQCPaymentErrorRateChartGeneric.pdf
2019-01-01T05:00Z,IN,18,Indiana,-1.51,UnderPayment,https://fns-prod.azureedge.us/sites/default/files/resource-files/FY2019SNAPQCPaymentErrorRateChartGeneric.pdf
2020-01-01T05:00Z,,,Indiana,NaN,OverPayment,
2020-01-01T05:00Z,,,Indiana,NaN,UnderPayment,
2021-01-01T05:00Z,,,Indiana,NaN,OverPayment,
2021-01-01T05:00Z,,,Indiana,NaN,UnderPayment,
2022-01-01T05:00Z,IN,18,Indiana,6.59,OverPayment,https://fns-prod.azureedge.us/sites/default/files/resource-files/snap-fy22-qc-payment-error-rate.pdf
2022-01-01T05:00Z,IN,18,Indiana,-2.1,UnderPayment,https://fns-prod.azureedge.us/sites/default/files/resource-files/snap-fy22-qc-payment-error-rate.pdf
2023-01-01T05:00Z,IN,18,Indiana,8.96,OverPayment,https://fns-prod.azureedge.us/sites/default/files/resource-files/snap-fy23-qc-payment-error-rate.pdf
2023-01-01T05:00Z,IN,18,Indiana,-1.5,UnderPayment,https://fns-prod.azureedge.us/sites/default/files/resource-files/snap-fy23-qc-payment-error-rate.pdf
2003-01-01T05:00Z,IA,19,Iowa,4.13,OverPayment,
2003-01-01T05:00Z,IA,19,Iowa,-1.1,UnderPayment,
2004-01-01T05:00Z,IA,19,Iowa,4.98,OverPayment,
2004-01-01T05:00Z,IA,19,Iowa,-1.2,UnderPayment,
2005-01-01T05:00Z,IA,19,Iowa,5.22,OverPayment,
2005-01-01T05:00Z,IA,19,Iowa,-0.8,UnderPayment,
2006-01-01T05:00Z,IA,19,Iowa,4.71,OverPayment,
2006-01-01T05:00Z,IA,19,Iowa,-1.69,UnderPayment,
2007-01-01T05:00Z,IA,19,Iowa,5.32,OverPayment,
2007-01-01T05:00Z,IA,19,Iowa,-1.53,UnderPayment,
2008-01-01T05:00Z,IA,19,Iowa,6.43,OverPayment,
2008-01-01T05:00Z,IA,19,Iowa,-1.57,UnderPayment,
2009-01-01T05:00Z,IA,19,Iowa,5.62,OverPayment,
2009-01-01T05:00Z,IA,19,Iowa,-0.86,UnderPayment,
2010-01-01T05:00Z,IA,19,Iowa,2.72,OverPayment,
2010-01-01T05:00Z,IA,19,Iowa,-0.64,UnderPayment,
2011-01-01T05:00Z,IA,19,Iowa,3.53,OverPayment,
2011-01-01T05:00Z,IA,19,Iowa,-0.44,UnderPayment,
2012-01-01T05:00Z,IA,19,Iowa,3.13,OverPayment,
2012-01-01T05:00Z,IA,19,Iowa,-0.3,UnderPayment,
2013-01-01T05:00Z,IA,19,Iowa,3.75,OverPayment,
2013-01-01T05:00Z,IA,19,Iowa,-0.37,UnderPayment,
2014-01-01T05:00Z,IA,19,Iowa,3.59,OverPayment,
2014-01-01T05:00Z,IA,19,Iowa,-1.01,UnderPayment,
2016-01-01T05:00Z,,,Iowa,NaN,OverPayment,
2016-01-01T05:00Z,,,Iowa,NaN,UnderPayment,
2017-01-01T05:00Z,IA,19,Iowa,8.36,OverPayment,
2017-01-01T05:00Z,IA,19,Iowa,-1.25,UnderPayment,
2018-01-01T05:00Z,IA,19,Iowa,8.91,OverPayment,
2018-01-01T05:00Z,IA,19,Iowa,-1.11,UnderPayment,
2019-01-01T05:00Z,IA,19,Iowa,10.78,OverPayment,https://fns-prod.azureedge.us/sites/default/files/resource-files/FY2019SNAPQCPaymentErrorRateChartGeneric.pdf
2019-01-01T05:00Z,IA,19,Iowa,-1.68,UnderPayment,https://fns-prod.azureedge.us/sites/default/files/resource-files/FY2019SNAPQCPaymentErrorRateChartGeneric.pdf
2020-01-01T05:00Z,,,Iowa,NaN,OverPayment,
2020-01-01T05:00Z,,,Iowa,NaN,UnderPayment,
2021-01-01T05:00Z,,,Iowa,NaN,OverPayment,
2021-01-01T05:00Z,,,Iowa,NaN,UnderPayment,
2022-01-01T05:00Z,IA,19,Iowa,6.78,OverPayment,https://fns-prod.azureedge.us/sites/default/files/resource-files/snap-fy22-qc-payment-error-rate.pdf
2022-01-01T05:00Z,IA,19,Iowa,-1.82,UnderPayment,https://fns-prod.azureedge.us/sites/default/files/resource-files/snap-fy22-qc-payment-error-rate.pdf
2023-01-01T05:00Z,IA,19,Iowa,4.43,OverPayment,https://fns-prod.azureedge.us/sites/default/files/resource-files/snap-fy23-qc-payment-error-rate.pdf
2023-01-01T05:00Z,IA,19,Iowa,-0.76,UnderPayment,https://fns-prod.azureedge.us/sites/default/files/resource-files/snap-fy23-qc-payment-error-rate.pdf
2003-01-01T05:00Z,KS,20,Kansas,8.04,OverPayment,
2003-01-01T05:00Z,KS,20,Kansas,-2.41,UnderPayment,
2004-01-01T05:00Z,KS,20,Kansas,4.16,OverPayment,
2004-01-01T05:00Z,KS,20,Kansas,-0.95,UnderPayment,
2005-01-01T05:00Z,KS,20,Kansas,3.47,OverPayment,
2005-01-01T05:00Z,KS,20,Kansas,-0.91,UnderPayment,
2006-01-01T05:00Z,KS,20,Kansas,5.09,OverPayment,
2006-01-01T05:00Z,KS,20,Kansas,-1.3,UnderPayment,
2007-01-01T05:00Z,KS,20,Kansas,3.03,OverPayment,
2007-01-01T05:00Z,KS,20,Kansas,-0.67,UnderPayment,
2008-01-01T05:00Z,KS,20,Kansas,3.6,OverPayment,
2008-01-01T05:00Z,KS,20,Kansas,-0.41,UnderPayment,
2009-01-01T05:00Z,KS,20,Kansas,3.55,OverPayment,
2009-01-01T05:00Z,KS,20,Kansas,-0.82,UnderPayment,
2010-01-01T05:00Z,KS,20,Kansas,3.93,OverPayment,
2010-01-01T05:00Z,KS,20,Kansas,-0.86,UnderPayment,
2011-01-01T05:00Z,KS,20,Kansas,3.83,OverPayment,
2011-01-01T05:00Z,KS,20,Kansas,-1.17,UnderPayment,
2012-01-01T05:00Z,KS,20,Kansas,4.59,OverPayment,
2012-01-01T05:00Z,KS,20,Kansas,-0.85,UnderPayment,
2013-01-01T05:00Z,KS,20,Kansas,3.24,OverPayment,
2013-01-01T05:00Z,KS,20,Kansas,-0.75,UnderPayment,
2014-01-01T05:00Z,KS,20,Kansas,0.6,OverPayment,
2014-01-01T05:00Z,KS,20,Kansas,-0.14,UnderPayment,
2015-01-01T05:00Z,KS,20,Kansas,0.69,OverPayment,
2015-01-01T05:00Z,KS,20,Kansas,-0.34,UnderPayment,
2016-01-01T05:00Z,,,Kansas,NaN,OverPayment,
2016-01-01T05:00Z,,,Kansas,NaN,UnderPayment,
2017-01-01T05:00Z,KS,20,Kansas,2.9,OverPayment,
2017-01-01T05:00Z,KS,20,Kansas,-0.95,UnderPayment,
2018-01-01T05:00Z,KS,20,Kansas,4.83,OverPayment,
2018-01-01T05:00Z,KS,20,Kansas,-1.03,UnderPayment,
2019-01-01T05:00Z,KS,20,Kansas,6.59,OverPayment,https://fns-prod.azureedge.us/sites/default/files/resource-files/FY2019SNAPQCPaymentErrorRateChartGeneric.pdf
2019-01-01T05:00Z,KS,20,Kansas,-0.51,UnderPayment,https://fns-prod.azureedge.us/sites/default/files/resource-files/FY2019SNAPQCPaymentErrorRateChartGeneric.pdf
2020-01-01T05:00Z,,,Kansas,NaN,OverPayment,
2020-01-01T05:00Z,,,Kansas,NaN,UnderPayment,
2021-01-01T05:00Z,,,Kansas,NaN,OverPayment,
2021-01-01T05:00Z,,,Kansas,NaN,UnderPayment,
2022-01-01T05:00Z,KS,20,Kansas,8.74,OverPayment,https://fns-prod.azureedge.us/sites/default/files/resource-files/snap-fy22-qc-payment-error-rate.pdf
2022-01-01T05:00Z,KS,20,Kansas,-0.33,UnderPayment,https://fns-prod.azureedge.us/sites/default/files/resource-files/snap-fy22-qc-payment-error-rate.pdf
2023-01-01T05:00Z,KS,20,Kansas,11.33,OverPayment,https://fns-prod.azureedge.us/sites/default/files/resource-files/snap-fy23-qc-payment-error-rate.pdf
2023-01-01T05:00Z,KS,20,Kansas,-0.74,UnderPayment,https://fns-prod.azureedge.us/sites/default/files/resource-files/snap-fy23-qc-payment-error-rate.pdf
2003-01-01T05:00Z,KY,21,Kentucky,5.1,OverPayment,
2003-01-01T05:00Z,KY,21,Kentucky,-1.22,UnderPayment,
2004-01-01T05:00Z,KY,21,Kentucky,4.67,OverPayment,
2004-01-01T05:00Z,KY,21,Kentucky,-0.96,UnderPayment,
2005-01-01T05:00Z,KY,21,Kentucky,3.57,OverPayment,
2005-01-01T05:00Z,KY,21,Kentucky,-0.99,UnderPayment,
2006-01-01T05:00Z,KY,21,Kentucky,5.1,OverPayment,
2006-01-01T05:00Z,KY,21,Kentucky,-0.85,UnderPayment,
2007-01-01T05:00Z,KY,21,Kentucky,4.25,OverPayment,
2007-01-01T05:00Z,KY,21,Kentucky,-0.68,UnderPayment,
2008-01-01T05:00Z,KY,21,Kentucky,5.12,OverPayment,
2008-01-01T05:00Z,KY,21,Kentucky,-1.24,UnderPayment,
2009-01-01T05:00Z,KY,21,Kentucky,3.72,OverPayment,
2009-01-01T05:00Z,KY,21,Kentucky,-0.98,UnderPayment,
2010-01-01T05:00Z,KY,21,Kentucky,3.08,OverPayment,
2010-01-01T05:00Z,KY,21,Kentucky,-1.01,UnderPayment,
2011-01-01T05:00Z,KY,21,Kentucky,3.92,OverPayment,
2011-01-01T05:00Z,KY,21,Kentucky,-0.58,UnderPayment,
2012-01-01T05:00Z,KY,21,Kentucky,4.13,OverPayment,
2012-01-01T05:00Z,KY,21,Kentucky,-0.79,UnderPayment,
2013-01-01T05:00Z,KY,21,Kentucky,5.32,OverPayment,
2013-01-01T05:00Z,KY,21,Kentucky,-0.45,UnderPayment,
2014-01-01T05:00Z,KY,21,Kentucky,5,OverPayment,
2014-01-01T05:00Z,KY,21,Kentucky,-1,UnderPayment,
2016-01-01T05:00Z,,,Kentucky,NaN,OverPayment,
2016-01-01T05:00Z,,,Kentucky,NaN,UnderPayment,
2017-01-01T05:00Z,KY,21,Kentucky,5.63,OverPayment,
2017-01-01T05:00Z,KY,21,Kentucky,-0.69,UnderPayment,
2018-01-01T05:00Z,KY,21,Kentucky,6.42,OverPayment,
2018-01-01T05:00Z,KY,21,Kentucky,-0.76,UnderPayment,
2019-01-01T05:00Z,KY,21,Kentucky,5.91,OverPayment,https://fns-prod.azureedge.us/sites/default/files/resource-files/FY2019SNAPQCPaymentErrorRateChartGeneric.pdf
2019-01-01T05:00Z,KY,21,Kentucky,-1.2,UnderPayment,https://fns-prod.azureedge.us/sites/default/files/resource-files/FY2019SNAPQCPaymentErrorRateChartGeneric.pdf
2020-01-01T05:00Z,,,Kentucky,NaN,OverPayment,
2020-01-01T05:00Z,,,Kentucky,NaN,UnderPayment,
2021-01-01T05:00Z,,,Kentucky,NaN,OverPayment,
2021-01-01T05:00Z,,,Kentucky,NaN,UnderPayment,
2022-01-01T05:00Z,KY,21,Kentucky,5.05,OverPayment,https://fns-prod.azureedge.us/sites/default/files/resource-files/snap-fy22-qc-payment-error-rate.pdf
2022-01-01T05:00Z,KY,21,Kentucky,-0.78,UnderPayment,https://fns-prod.azureedge.us/sites/default/files/resource-files/snap-fy22-qc-payment-error-rate.pdf
2023-01-01T05:00Z,KY,21,Kentucky,6.32,OverPayment,https://fns-prod.azureedge.us/sites/default/files/resource-files/snap-fy23-qc-payment-error-rate.pdf
2023-01-01T05:00Z,KY,21,Kentucky,-0.95,UnderPayment,https://fns-prod.azureedge.us/sites/default/files/resource-files/snap-fy23-qc-payment-error-rate.pdf
2003-01-01T05:00Z,LA,22,Louisiana,4.41,OverPayment,
2003-01-01T05:00Z,LA,22,Louisiana,-1.38,UnderPayment,
2004-01-01T05:00Z,LA,22,Louisiana,3.69,OverPayment,
2004-01-01T05:00Z,LA,22,Louisiana,-1.13,UnderPayment,
2005-01-01T05:00Z,LA,22,Louisiana,4.95,OverPayment,
2005-01-01T05:00Z,LA,22,Louisiana,-0.88,UnderPayment,
2006-01-01T05:00Z,LA,22,Louisiana,7.11,OverPayment,
2006-01-01T05:00Z,LA,22,Louisiana,-0.89,UnderPayment,
2007-01-01T05:00Z,LA,22,Louisiana,5.95,OverPayment,
2007-01-01T05:00Z,LA,22,Louisiana,-0.99,UnderPayment,
2008-01-01T05:00Z,LA,22,Louisiana,5.49,OverPayment,
2008-01-01T05:00Z,LA,22,Louisiana,-1.22,UnderPayment,
2009-01-01T05:00Z,LA,22,Louisiana,4.03,OverPayment,
2009-01-01T05:00Z,LA,22,Louisiana,-0.78,UnderPayment,
2010-01-01T05:00Z,LA,22,Louisiana,4.41,OverPayment,
2010-01-01T05:00Z,LA,22,Louisiana,-0.61,UnderPayment,
2011-01-01T05:00Z,LA,22,Louisiana,3.56,OverPayment,
2011-01-01T05:00Z,LA,22,Louisiana,-0.41,UnderPayment,
2012-01-01T05:00Z,LA,22,Louisiana,1.45,OverPayment,
2012-01-01T05:00Z,LA,22,Louisiana,0,UnderPayment,
2013-01-01T05:00Z,LA,22,Louisiana,1.15,OverPayment,
2013-01-01T05:00Z,LA,22,Louisiana,-0.29,UnderPayment,
2014-01-01T05:00Z,LA,22,Louisiana,1.06,OverPayment,
2014-01-01T05:00Z,LA,22,Louisiana,-0.49,UnderPayment,
2016-01-01T05:00Z,,,Louisiana,NaN,OverPayment,
2016-01-01T05:00Z,,,Louisiana,NaN,UnderPayment,
2017-01-01T05:00Z,LA,22,Louisiana,5.51,OverPayment,
2017-01-01T05:00Z,LA,22,Louisiana,-1.04,UnderPayment,
2018-01-01T05:00Z,LA,22,Louisiana,2.17,OverPayment,
2018-01-01T05:00Z,LA,22,Louisiana,-0.53,UnderPayment,
2019-01-01T05:00Z,LA,22,Louisiana,3.26,OverPayment,https://fns-prod.azureedge.us/sites/default/files/resource-files/FY2019SNAPQCPaymentErrorRateChartGeneric.pdf
2019-01-01T05:00Z,LA,22,Louisiana,-0.53,UnderPayment,https://fns-prod.azureedge.us/sites/default/files/resource-files/FY2019SNAPQCPaymentErrorRateChartGeneric.pdf
2020-01-01T05:00Z,,,Louisiana,NaN,OverPayment,
2020-01-01T05:00Z,,,Louisiana,NaN,UnderPayment,
2021-01-01T05:00Z,,,Louisiana,NaN,OverPayment,
2021-01-01T05:00Z,,,Louisiana,NaN,UnderPayment,
2022-01-01T05:00Z,LA,22,Louisiana,6,OverPayment,https://fns-prod.azureedge.us/sites/default/files/resource-files/snap-fy22-qc-payment-error-rate.pdf
2022-01-01T05:00Z,LA,22,Louisiana,-1.2,UnderPayment,https://fns-prod.azureedge.us/sites/default/files/resource-files/snap-fy22-qc-payment-error-rate.pdf
2023-01-01T05:00Z,LA,22,Louisiana,5.2,OverPayment,https://fns-prod.azureedge.us/sites/default/files/resource-files/snap-fy23-qc-payment-error-rate.pdf
2023-01-01T05:00Z,LA,22,Louisiana,-1.44,UnderPayment,https://fns-prod.azureedge.us/sites/default/files/resource-files/snap-fy23-qc-payment-error-rate.pdf
2003-01-01T05:00Z,ME,23,Maine,10.16,OverPayment,
2003-01-01T05:00Z,ME,23,Maine,-3.13,UnderPayment,
2004-01-01T05:00Z,ME,23,Maine,8.93,OverPayment,
2004-01-01T05:00Z,ME,23,Maine,-2.04,UnderPayment,
2005-01-01T05:00Z,ME,23,Maine,6.17,OverPayment,
2005-01-01T05:00Z,ME,23,Maine,-1.43,UnderPayment,
2006-01-01T05:00Z,ME,23,Maine,7.94,OverPayment,
2006-01-01T05:00Z,ME,23,Maine,-1.61,UnderPayment,
2007-01-01T05:00Z,ME,23,Maine,9.11,OverPayment,
2007-01-01T05:00Z,ME,23,Maine,-1.42,UnderPayment,
2008-01-01T05:00Z,ME,23,Maine,7.56,OverPayment,
2008-01-01T05:00Z,ME,23,Maine,-0.81,UnderPayment,
2009-01-01T05:00Z,ME,23,Maine,2.15,OverPayment,
2009-01-01T05:00Z,ME,23,Maine,-0.37,UnderPayment,
2010-01-01T05:00Z,ME,23,Maine,3.14,OverPayment,
2010-01-01T05:00Z,ME,23,Maine,-0.35,UnderPayment,
2011-01-01T05:00Z,ME,23,Maine,2.81,OverPayment,
2011-01-01T05:00Z,ME,23,Maine,-0.47,UnderPayment,
2012-01-01T05:00Z,ME,23,Maine,1.83,OverPayment,
2012-01-01T05:00Z,ME,23,Maine,-0.34,UnderPayment,
2013-01-01T05:00Z,ME,23,Maine,2.37,OverPayment,
2013-01-01T05:00Z,ME,23,Maine,-0.11,UnderPayment,
2014-01-01T05:00Z,ME,23,Maine,2.24,OverPayment,
2014-01-01T05:00Z,ME,23,Maine,-0.29,UnderPayment,
2016-01-01T05:00Z,,,Maine,NaN,OverPayment,
2016-01-01T05:00Z,,,Maine,NaN,UnderPayment,
2017-01-01T05:00Z,ME,23,Maine,9.56,OverPayment,
2017-01-01T05:00Z,ME,23,Maine,-1.49,UnderPayment,
2018-01-01T05:00Z,ME,23,Maine,9.84,OverPayment,
2018-01-01T05:00Z,ME,23,Maine,-2.46,UnderPayment,
2019-01-01T05:00Z,ME,23,Maine,15.66,OverPayment,https://fns-prod.azureedge.us/sites/default/files/resource-files/FY2019SNAPQCPaymentErrorRateChartGeneric.pdf
2019-01-01T05:00Z,ME,23,Maine,-3.46,UnderPayment,https://fns-prod.azureedge.us/sites/default/files/resource-files/FY2019SNAPQCPaymentErrorRateChartGeneric.pdf
2020-01-01T05:00Z,,,Maine,NaN,OverPayment,
2020-01-01T05:00Z,,,Maine,NaN,UnderPayment,
2021-01-01T05:00Z,,,Maine,NaN,OverPayment,
2021-01-01T05:00Z,,,Maine,NaN,UnderPayment,
2022-01-01T05:00Z,ME,23,Maine,13.59,OverPayment,https://fns-prod.azureedge.us/sites/default/files/resource-files/snap-fy22-qc-payment-error-rate.pdf
2022-01-01T05:00Z,ME,23,Maine,-1.27,UnderPayment,https://fns-prod.azureedge.us/sites/default/files/resource-files/snap-fy22-qc-payment-error-rate.pdf
2023-01-01T05:00Z,ME,23,Maine,10.08,OverPayment,https://fns-prod.azureedge.us/sites/default/files/resource-files/snap-fy23-qc-payment-error-rate.pdf
2023-01-01T05:00Z,ME,23,Maine,-3.41,UnderPayment,https://fns-prod.azureedge.us/sites/default/files/resource-files/snap-fy23-qc-payment-error-rate.pdf
2003-01-01T05:00Z,MD,24,Maryland,5.12,OverPayment,
2003-01-01T05:00Z,MD,24,Maryland,-2.11,UnderPayment,
2004-01-01T05:00Z,MD,24,Maryland,4.4,OverPayment,
2004-01-01T05:00Z,MD,24,Maryland,-1.43,UnderPayment,
2005-01-01T05:00Z,MD,24,Maryland,4.03,OverPayment,
2005-01-01T05:00Z,MD,24,Maryland,-1.45,UnderPayment,
2006-01-01T05:00Z,MD,24,Maryland,4.97,OverPayment,
2006-01-01T05:00Z,MD,24,Maryland,-1.07,UnderPayment,
2007-01-01T05:00Z,MD,24,Maryland,5.97,OverPayment,
2007-01-01T05:00Z,MD,24,Maryland,-1.23,UnderPayment,
2008-01-01T05:00Z,MD,24,Maryland,5.19,OverPayment,
2008-01-01T05:00Z,MD,24,Maryland,-1.75,UnderPayment,
2009-01-01T05:00Z,MD,24,Maryland,5.66,OverPayment,
2009-01-01T05:00Z,MD,24,Maryland,-1.45,UnderPayment,
2010-01-01T05:00Z,MD,24,Maryland,6.11,OverPayment,
2010-01-01T05:00Z,MD,24,Maryland,-1.57,UnderPayment,
2011-01-01T05:00Z,MD,24,Maryland,4.82,OverPayment,
2011-01-01T05:00Z,MD,24,Maryland,-1.24,UnderPayment,
2012-01-01T05:00Z,MD,24,Maryland,2.8,OverPayment,
2012-01-01T05:00Z,MD,24,Maryland,-0.61,UnderPayment,
2013-01-01T05:00Z,MD,24,Maryland,1.68,OverPayment,
2013-01-01T05:00Z,MD,24,Maryland,-0.43,UnderPayment,
2014-01-01T05:00Z,MD,24,Maryland,2.88,OverPayment,
2014-01-01T05:00Z,MD,24,Maryland,-0.54,UnderPayment,
2016-01-01T05:00Z,,,Maryland,NaN,OverPayment,
2016-01-01T05:00Z,,,Maryland,NaN,UnderPayment,
2017-01-01T05:00Z,MD,24,Maryland,5.21,OverPayment,
2017-01-01T05:00Z,MD,24,Maryland,-1.23,UnderPayment,
2018-01-01T05:00Z,MD,24,Maryland,6.22,OverPayment,
2018-01-01T05:00Z,MD,24,Maryland,-1.1,UnderPayment,
2019-01-01T05:00Z,MD,24,Maryland,6.82,OverPayment,https://fns-prod.azureedge.us/sites/default/files/resource-files/FY2019SNAPQCPaymentErrorRateChartGeneric.pdf
2019-01-01T05:00Z,MD,24,Maryland,-1.61,UnderPayment,https://fns-prod.azureedge.us/sites/default/files/resource-files/FY2019SNAPQCPaymentErrorRateChartGeneric.pdf
2020-01-01T05:00Z,,,Maryland,NaN,OverPayment,
2020-01-01T05:00Z,,,Maryland,NaN,UnderPayment,
2021-01-01T05:00Z,,,Maryland,NaN,OverPayment,
2021-01-01T05:00Z,,,Maryland,NaN,UnderPayment,
2022-01-01T05:00Z,MD,24,Maryland,32.65,OverPayment,https://fns-prod.azureedge.us/sites/default/files/resource-files/snap-fy22-qc-payment-error-rate.pdf
2022-01-01T05:00Z,MD,24,Maryland,-2.91,UnderPayment,https://fns-prod.azureedge.us/sites/default/files/resource-files/snap-fy22-qc-payment-error-rate.pdf
2023-01-01T05:00Z,MD,24,Maryland,15.07,OverPayment,https://fns-prod.azureedge.us/sites/default/files/resource-files/snap-fy23-qc-payment-error-rate.pdf
2023-01-01T05:00Z,MD,24,Maryland,-3.91,UnderPayment,https://fns-prod.azureedge.us/sites/default/files/resource-files/snap-fy23-qc-payment-error-rate.pdf
2003-01-01T05:00Z,MA,25,Massachusetts,3.57,OverPayment,
2003-01-01T05:00Z,MA,25,Massachusetts,-1.42,UnderPayment,
2004-01-01T05:00Z,MA,25,Massachusetts,2.98,OverPayment,
2004-01-01T05:00Z,MA,25,Massachusetts,-1.78,UnderPayment,
2005-01-01T05:00Z,MA,25,Massachusetts,2.91,OverPayment,
2005-01-01T05:00Z,MA,25,Massachusetts,-0.97,UnderPayment,
2006-01-01T05:00Z,MA,25,Massachusetts,2.17,OverPayment,
2006-01-01T05:00Z,MA,25,Massachusetts,-1.38,UnderPayment,
2007-01-01T05:00Z,MA,25,Massachusetts,3.11,OverPayment,
2007-01-01T05:00Z,MA,25,Massachusetts,-1.26,UnderPayment,
2008-01-01T05:00Z,MA,25,Massachusetts,4.03,OverPayment,
2008-01-01T05:00Z,MA,25,Massachusetts,-0.5,UnderPayment,
2009-01-01T05:00Z,MA,25,Massachusetts,3.52,OverPayment,
2009-01-01T05:00Z,MA,25,Massachusetts,-0.87,UnderPayment,
2010-01-01T05:00Z,MA,25,Massachusetts,4.91,OverPayment,
2010-01-01T05:00Z,MA,25,Massachusetts,-0.99,UnderPayment,
2011-01-01T05:00Z,MA,25,Massachusetts,3.87,OverPayment,
2011-01-01T05:00Z,MA,25,Massachusetts,-0.53,UnderPayment,
2012-01-01T05:00Z,MA,25,Massachusetts,3.62,OverPayment,
2012-01-01T05:00Z,MA,25,Massachusetts,-0.41,UnderPayment,
2013-01-01T05:00Z,MA,25,Massachusetts,2.4,OverPayment,
2013-01-01T05:00Z,MA,25,Massachusetts,-0.47,UnderPayment,
2014-01-01T05:00Z,MA,25,Massachusetts,4.29,OverPayment,
2014-01-01T05:00Z,MA,25,Massachusetts,-0.79,UnderPayment,
2015-01-01T05:00Z,MA,25,Massachusetts,4.59,OverPayment,
2015-01-01T05:00Z,MA,25,Massachusetts,-0.66,UnderPayment,
2016-01-01T05:00Z,,,Massachusetts,NaN,OverPayment,
2016-01-01T05:00Z,,,Massachusetts,NaN,UnderPayment,
2017-01-01T05:00Z,MA,25,Massachusetts,3.09,OverPayment,
2017-01-01T05:00Z,MA,25,Massachusetts,-0.95,UnderPayment,
2018-01-01T05:00Z,MA,25,Massachusetts,3.2,OverPayment,
2018-01-01T05:00Z,MA,25,Massachusetts,-1.26,UnderPayment,
2019-01-01T05:00Z,MA,25,Massachusetts,3.96,OverPayment,https://fns-prod.azureedge.us/sites/default/files/resource-files/FY2019SNAPQCPaymentErrorRateChartGeneric.pdf
2019-01-01T05:00Z,MA,25,Massachusetts,-0.93,UnderPayment,https://fns-prod.azureedge.us/sites/default/files/resource-files/FY2019SNAPQCPaymentErrorRateChartGeneric.pdf
2020-01-01T05:00Z,,,Massachusetts,NaN,OverPayment,
2020-01-01T05:00Z,,,Massachusetts,NaN,UnderPayment,
2021-01-01T05:00Z,,,Massachusetts,NaN,OverPayment,
2021-01-01T05:00Z,,,Massachusetts,NaN,UnderPayment,
2022-01-01T05:00Z,MA,25,Massachusetts,10.77,OverPayment,https://fns-prod.azureedge.us/sites/default/files/resource-files/snap-fy22-qc-payment-error-rate.pdf
2022-01-01T05:00Z,MA,25,Massachusetts,-1,UnderPayment,https://fns-prod.azureedge.us/sites/default/files/resource-files/snap-fy22-qc-payment-error-rate.pdf
2023-01-01T05:00Z,MA,25,Massachusetts,8.97,OverPayment,https://fns-prod.azureedge.us/sites/default/files/resource-files/snap-fy23-qc-payment-error-rate.pdf
2023-01-01T05:00Z,MA,25,Massachusetts,-0.89,UnderPayment,https://fns-prod.azureedge.us/sites/default/files/resource-files/snap-fy23-qc-payment-error-rate.pdf
2003-01-01T05:00Z,MI,26,Michigan,8.25,OverPayment,
2003-01-01T05:00Z,MI,26,Michigan,-2.85,UnderPayment,
2004-01-01T05:00Z,MI,26,Michigan,4.82,OverPayment,
2004-01-01T05:00Z,MI,26,Michigan,-2.37,UnderPayment,
2005-01-01T05:00Z,MI,26,Michigan,5.94,OverPayment,
2005-01-01T05:00Z,MI,26,Michigan,-1.41,UnderPayment,
2006-01-01T05:00Z,MI,26,Michigan,5.53,OverPayment,
2006-01-01T05:00Z,MI,26,Michigan,-2,UnderPayment,
2007-01-01T05:00Z,MI,26,Michigan,6.41,OverPayment,
2007-01-01T05:00Z,MI,26,Michigan,-2.08,UnderPayment,
2008-01-01T05:00Z,MI,26,Michigan,5.09,OverPayment,
2008-01-01T05:00Z,MI,26,Michigan,-0.79,UnderPayment,
2009-01-01T05:00Z,MI,26,Michigan,4.67,OverPayment,
2009-01-01T05:00Z,MI,26,Michigan,-2.08,UnderPayment,
2010-01-01T05:00Z,MI,26,Michigan,2.17,OverPayment,
2010-01-01T05:00Z,MI,26,Michigan,-1.14,UnderPayment,
2011-01-01T05:00Z,MI,26,Michigan,2.34,OverPayment,
2011-01-01T05:00Z,MI,26,Michigan,-0.78,UnderPayment,
2012-01-01T05:00Z,MI,26,Michigan,2.61,OverPayment,
2012-01-01T05:00Z,MI,26,Michigan,-0.94,UnderPayment,
2013-01-01T05:00Z,MI,26,Michigan,2.39,OverPayment,
2013-01-01T05:00Z,MI,26,Michigan,-0.31,UnderPayment,
2014-01-01T05:00Z,MI,26,Michigan,2.24,OverPayment,
2014-01-01T05:00Z,MI,26,Michigan,-0.75,UnderPayment,
2016-01-01T05:00Z,,,Michigan,NaN,OverPayment,
2016-01-01T05:00Z,,,Michigan,NaN,UnderPayment,
2017-01-01T05:00Z,MI,26,Michigan,9.06,OverPayment,
2017-01-01T05:00Z,MI,26,Michigan,-2.07,UnderPayment,
2018-01-01T05:00Z,MI,26,Michigan,8.91,OverPayment,
2018-01-01T05:00Z,MI,26,Michigan,-2.62,UnderPayment,
2019-01-01T05:00Z,MI,26,Michigan,9.71,OverPayment,https://fns-prod.azureedge.us/sites/default/files/resource-files/FY2019SNAPQCPaymentErrorRateChartGeneric.pdf
2019-01-01T05:00Z,MI,26,Michigan,-2.73,UnderPayment,https://fns-prod.azureedge.us/sites/default/files/resource-files/FY2019SNAPQCPaymentErrorRateChartGeneric.pdf
2020-01-01T05:00Z,,,Michigan,NaN,OverPayment,
2020-01-01T05:00Z,,,Michigan,NaN,UnderPayment,
2021-01-01T05:00Z,,,Michigan,NaN,OverPayment,
2021-01-01T05:00Z,,,Michigan,NaN,UnderPayment,
2022-01-01T05:00Z,MI,26,Michigan,10.22,OverPayment,https://fns-prod.azureedge.us/sites/default/files/resource-files/snap-fy22-qc-payment-error-rate.pdf
2022-01-01T05:00Z,MI,26,Michigan,-2.78,UnderPayment,https://fns-prod.azureedge.us/sites/default/files/resource-files/snap-fy22-qc-payment-error-rate.pdf
2023-01-01T05:00Z,MI,26,Michigan,8.69,OverPayment,https://fns-prod.azureedge.us/sites/default/files/resource-files/snap-fy23-qc-payment-error-rate.pdf
2023-01-01T05:00Z,MI,26,Michigan,-2.03,UnderPayment,https://fns-prod.azureedge.us/sites/default/files/resource-files/snap-fy23-qc-payment-error-rate.pdf
2003-01-01T05:00Z,MN,27,Minnesota,5.99,OverPayment,
2003-01-01T05:00Z,MN,27,Minnesota,-1.98,UnderPayment,
2004-01-01T05:00Z,MN,27,Minnesota,4.98,OverPayment,
2004-01-01T05:00Z,MN,27,Minnesota,-1.96,UnderPayment,
2005-01-01T05:00Z,MN,27,Minnesota,5.52,OverPayment,
2005-01-01T05:00Z,MN,27,Minnesota,-2.08,UnderPayment,
2006-01-01T05:00Z,MN,27,Minnesota,5.94,OverPayment,
2006-01-01T05:00Z,MN,27,Minnesota,-1.61,UnderPayment,
2007-01-01T05:00Z,MN,27,Minnesota,4.74,OverPayment,
2007-01-01T05:00Z,MN,27,Minnesota,-1.79,UnderPayment,
2008-01-01T05:00Z,MN,27,Minnesota,4.78,OverPayment,
2008-01-01T05:00Z,MN,27,Minnesota,-1.38,UnderPayment,
2009-01-01T05:00Z,MN,27,Minnesota,3.29,OverPayment,
2009-01-01T05:00Z,MN,27,Minnesota,-0.66,UnderPayment,
2010-01-01T05:00Z,MN,27,Minnesota,3.54,OverPayment,
2010-01-01T05:00Z,MN,27,Minnesota,-1.22,UnderPayment,
2011-01-01T05:00Z,MN,27,Minnesota,4.2,OverPayment,
2011-01-01T05:00Z,MN,27,Minnesota,-0.82,UnderPayment,
2012-01-01T05:00Z,MN,27,Minnesota,4.05,OverPayment,
2012-01-01T05:00Z,MN,27,Minnesota,-1.02,UnderPayment,
2013-01-01T05:00Z,MN,27,Minnesota,3.11,OverPayment,
2013-01-01T05:00Z,MN,27,Minnesota,-0.97,UnderPayment,
2014-01-01T05:00Z,MN,27,Minnesota,5.38,OverPayment,
2014-01-01T05:00Z,MN,27,Minnesota,-1.48,UnderPayment,
2015-01-01T05:00Z,MN,27,Minnesota,4.74,OverPayment,
2015-01-01T05:00Z,MN,27,Minnesota,-1.24,UnderPayment,
2016-01-01T05:00Z,,,Minnesota,NaN,OverPayment,
2016-01-01T05:00Z,,,Minnesota,NaN,UnderPayment,
2017-01-01T05:00Z,MN,27,Minnesota,5.71,OverPayment,
2017-01-01T05:00Z,MN,27,Minnesota,-1.43,UnderPayment,
2018-01-01T05:00Z,MN,27,Minnesota,6.76,OverPayment,
2018-01-01T05:00Z,MN,27,Minnesota,-2.36,UnderPayment,
2019-01-01T05:00Z,MN,27,Minnesota,7.83,OverPayment,https://fns-prod.azureedge.us/sites/default/files/resource-files/FY2019SNAPQCPaymentErrorRateChartGeneric.pdf
2019-01-01T05:00Z,MN,27,Minnesota,-1.94,UnderPayment,https://fns-prod.azureedge.us/sites/default/files/resource-files/FY2019SNAPQCPaymentErrorRateChartGeneric.pdf
2020-01-01T05:00Z,,,Minnesota,NaN,OverPayment,
2020-01-01T05:00Z,,,Minnesota,NaN,UnderPayment,
2021-01-01T05:00Z,,,Minnesota,NaN,OverPayment,
2021-01-01T05:00Z,,,Minnesota,NaN,UnderPayment,
2022-01-01T05:00Z,MN,27,Minnesota,5.49,OverPayment,https://fns-prod.azureedge.us/sites/default/files/resource-files/snap-fy22-qc-payment-error-rate.pdf
2022-01-01T05:00Z,MN,27,Minnesota,-2.75,UnderPayment,https://fns-prod.azureedge.us/sites/default/files/resource-files/snap-fy22-qc-payment-error-rate.pdf
2023-01-01T05:00Z,MN,27,Minnesota,4.95,OverPayment,https://fns-prod.azureedge.us/sites/default/files/resource-files/snap-fy23-qc-payment-error-rate.pdf
2023-01-01T05:00Z,MN,27,Minnesota,-1.46,UnderPayment,https://fns-prod.azureedge.us/sites/default/files/resource-files/snap-fy23-qc-payment-error-rate.pdf
2003-01-01T05:00Z,MS,28,Mississippi,3.07,OverPayment,
2003-01-01T05:00Z,MS,28,Mississippi,-1,UnderPayment,
2004-01-01T05:00Z,MS,28,Mississippi,4.31,OverPayment,
2004-01-01T05:00Z,MS,28,Mississippi,-1.58,UnderPayment,
2005-01-01T05:00Z,MS,28,Mississippi,2.02,OverPayment,
2005-01-01T05:00Z,MS,28,Mississippi,-0.98,UnderPayment,
2006-01-01T05:00Z,MS,28,Mississippi,1.8,OverPayment,
2006-01-01T05:00Z,MS,28,Mississippi,-0.81,UnderPayment,
2007-01-01T05:00Z,MS,28,Mississippi,2.24,OverPayment,
2007-01-01T05:00Z,MS,28,Mississippi,-0.42,UnderPayment,
2008-01-01T05:00Z,MS,28,Mississippi,1.65,OverPayment,
2008-01-01T05:00Z,MS,28,Mississippi,-0.99,UnderPayment,
2009-01-01T05:00Z,MS,28,Mississippi,2.31,OverPayment,
2009-01-01T05:00Z,MS,28,Mississippi,-0.47,UnderPayment,
2010-01-01T05:00Z,MS,28,Mississippi,1.56,OverPayment,
2010-01-01T05:00Z,MS,28,Mississippi,-0.36,UnderPayment,
2011-01-01T05:00Z,MS,28,Mississippi,2.37,OverPayment,
2011-01-01T05:00Z,MS,28,Mississippi,-0.45,UnderPayment,
2012-01-01T05:00Z,MS,28,Mississippi,1.89,OverPayment,
2012-01-01T05:00Z,MS,28,Mississippi,-0.21,UnderPayment,
2013-01-01T05:00Z,MS,28,Mississippi,1.24,OverPayment,
2013-01-01T05:00Z,MS,28,Mississippi,-0.24,UnderPayment,
2014-01-01T05:00Z,MS,28,Mississippi,0.95,OverPayment,
2014-01-01T05:00Z,MS,28,Mississippi,-0.21,UnderPayment,
2016-01-01T05:00Z,,,Mississippi,NaN,OverPayment,
2016-01-01T05:00Z,,,Mississippi,NaN,UnderPayment,
2017-01-01T05:00Z,MS,28,Mississippi,2.8,OverPayment,
2017-01-01T05:00Z,MS,28,Mississippi,-0.49,UnderPayment,
2018-01-01T05:00Z,MS,28,Mississippi,2.43,OverPayment,
2018-01-01T05:00Z,MS,28,Mississippi,-0.49,UnderPayment,
2019-01-01T05:00Z,MS,28,Mississippi,5.3,OverPayment,https://fns-prod.azureedge.us/sites/default/files/resource-files/FY2019SNAPQCPaymentErrorRateChartGeneric.pdf
2019-01-01T05:00Z,MS,28,Mississippi,-1.27,UnderPayment,https://fns-prod.azureedge.us/sites/default/files/resource-files/FY2019SNAPQCPaymentErrorRateChartGeneric.pdf
2020-01-01T05:00Z,,,Mississippi,NaN,OverPayment,
2020-01-01T05:00Z,,,Mississippi,NaN,UnderPayment,
2021-01-01T05:00Z,,,Mississippi,NaN,OverPayment,
2021-01-01T05:00Z,,,Mississippi,NaN,UnderPayment,
2022-01-01T05:00Z,MS,28,Mississippi,6.63,OverPayment,https://fns-prod.azureedge.us/sites/default/files/resource-files/snap-fy22-qc-payment-error-rate.pdf
2022-01-01T05:00Z,MS,28,Mississippi,-1.16,UnderPayment,https://fns-prod.azureedge.us/sites/default/files/resource-files/snap-fy22-qc-payment-error-rate.pdf
2023-01-01T05:00Z,MS,28,Mississippi,8.63,OverPayment,https://fns-prod.azureedge.us/sites/default/files/resource-files/snap-fy23-qc-payment-error-rate.pdf
2023-01-01T05:00Z,MS,28,Mississippi,-1.53,UnderPayment,https://fns-prod.azureedge.us/sites/default/files/resource-files/snap-fy23-qc-payment-error-rate.pdf
2003-01-01T05:00Z,MO,29,Missouri,5.37,OverPayment,
2003-01-01T05:00Z,MO,29,Missouri,-1.38,UnderPayment,
2004-01-01T05:00Z,MO,29,Missouri,6.42,OverPayment,
2004-01-01T05:00Z,MO,29,Missouri,-1,UnderPayment,
2005-01-01T05:00Z,MO,29,Missouri,4,OverPayment,
2005-01-01T05:00Z,MO,29,Missouri,-1.09,UnderPayment,
2006-01-01T05:00Z,MO,29,Missouri,2.14,OverPayment,
2006-01-01T05:00Z,MO,29,Missouri,-0.45,UnderPayment,
2007-01-01T05:00Z,MO,29,Missouri,2.04,OverPayment,
2007-01-01T05:00Z,MO,29,Missouri,-0.28,UnderPayment,
2008-01-01T05:00Z,MO,29,Missouri,5.17,OverPayment,
2008-01-01T05:00Z,MO,29,Missouri,-0.87,UnderPayment,
2009-01-01T05:00Z,MO,29,Missouri,4.42,OverPayment,
2009-01-01T05:00Z,MO,29,Missouri,-0.87,UnderPayment,
2010-01-01T05:00Z,MO,29,Missouri,4.65,OverPayment,
2010-01-01T05:00Z,MO,29,Missouri,-1,UnderPayment,
2011-01-01T05:00Z,MO,29,Missouri,4.68,OverPayment,
2011-01-01T05:00Z,MO,29,Missouri,-1.2,UnderPayment,
2012-01-01T05:00Z,MO,29,Missouri,6.44,OverPayment,
2012-01-01T05:00Z,MO,29,Missouri,-0.73,UnderPayment,
2013-01-01T05:00Z,MO,29,Missouri,1.31,OverPayment,
2013-01-01T05:00Z,MO,29,Missouri,-0.3,UnderPayment,
2014-01-01T05:00Z,MO,29,Missouri,1.32,OverPayment,
2014-01-01T05:00Z,MO,29,Missouri,-0.18,UnderPayment,
2016-01-01T05:00Z,,,Missouri,NaN,OverPayment,
2016-01-01T05:00Z,,,Missouri,NaN,UnderPayment,
2017-01-01T05:00Z,MO,29,Missouri,7.06,OverPayment,
2017-01-01T05:00Z,MO,29,Missouri,-1.26,UnderPayment,
2018-01-01T05:00Z,MO,29,Missouri,7.75,OverPayment,
2018-01-01T05:00Z,MO,29,Missouri,-1.32,UnderPayment,
2019-01-01T05:00Z,MO,29,Missouri,5.05,OverPayment,https://fns-prod.azureedge.us/sites/default/files/resource-files/FY2019SNAPQCPaymentErrorRateChartGeneric.pdf
2019-01-01T05:00Z,MO,29,Missouri,-0.87,UnderPayment,https://fns-prod.azureedge.us/sites/default/files/resource-files/FY2019SNAPQCPaymentErrorRateChartGeneric.pdf
2020-01-01T05:00Z,,,Missouri,NaN,OverPayment,
2020-01-01T05:00Z,,,Missouri,NaN,UnderPayment,
2021-01-01T05:00Z,,,Missouri,NaN,OverPayment,
2021-01-01T05:00Z,,,Missouri,NaN,UnderPayment,
2022-01-01T05:00Z,MO,29,Missouri,12.02,OverPayment,https://fns-prod.azureedge.us/sites/default/files/resource-files/snap-fy22-qc-payment-error-rate.pdf
2022-01-01T05:00Z,MO,29,Missouri,-1.01,UnderPayment,https://fns-prod.azureedge.us/sites/default/files/resource-files/snap-fy22-qc-payment-error-rate.pdf
2023-01-01T05:00Z,MO,29,Missouri,10.02,OverPayment,https://fns-prod.azureedge.us/sites/default/files/resource-files/snap-fy23-qc-payment-error-rate.pdf
2023-01-01T05:00Z,MO,29,Missouri,-0.52,UnderPayment,https://fns-prod.azureedge.us/sites/default/files/resource-files/snap-fy23-qc-payment-error-rate.pdf
2003-01-01T05:00Z,MT,30,Montana,4.92,OverPayment,
2003-01-01T05:00Z,MT,30,Montana,-0.86,UnderPayment,
2004-01-01T05:00Z,MT,30,Montana,3.59,OverPayment,
2004-01-01T05:00Z,MT,30,Montana,-1.01,UnderPayment,
2005-01-01T05:00Z,MT,30,Montana,3.38,OverPayment,
2005-01-01T05:00Z,MT,30,Montana,-0.67,UnderPayment,
2006-01-01T05:00Z,MT,30,Montana,5.73,OverPayment,
2006-01-01T05:00Z,MT,30,Montana,-1.09,UnderPayment,
2007-01-01T05:00Z,MT,30,Montana,5.49,OverPayment,
2007-01-01T05:00Z,MT,30,Montana,-1.32,UnderPayment,
2008-01-01T05:00Z,MT,30,Montana,2.73,OverPayment,
2008-01-01T05:00Z,MT,30,Montana,-1.02,UnderPayment,
2009-01-01T05:00Z,MT,30,Montana,3.16,OverPayment,
2009-01-01T05:00Z,MT,30,Montana,-0.6,UnderPayment,
2010-01-01T05:00Z,MT,30,Montana,3.42,OverPayment,
2010-01-01T05:00Z,MT,30,Montana,-0.7,UnderPayment,
2011-01-01T05:00Z,MT,30,Montana,2.34,OverPayment,
2011-01-01T05:00Z,MT,30,Montana,-0.75,UnderPayment,
2012-01-01T05:00Z,MT,30,Montana,2.07,OverPayment,
2012-01-01T05:00Z,MT,30,Montana,-0.64,UnderPayment,
2013-01-01T05:00Z,MT,30,Montana,4.56,OverPayment,
2013-01-01T05:00Z,MT,30,Montana,-1.43,UnderPayment,
2014-01-01T05:00Z,MT,30,Montana,5,OverPayment,
2014-01-01T05:00Z,MT,30,Montana,-2.25,UnderPayment,
2016-01-01T05:00Z,,,Montana,NaN,OverPayment,
2016-01-01T05:00Z,,,Montana,NaN,UnderPayment,
2017-01-01T05:00Z,MT,30,Montana,7.34,OverPayment,
2017-01-01T05:00Z,MT,30,Montana,-1.2,UnderPayment,
2018-01-01T05:00Z,MT,30,Montana,7.97,OverPayment,
2018-01-01T05:00Z,MT,30,Montana,-1.7,UnderPayment,
2019-01-01T05:00Z,MT,30,Montana,5.32,OverPayment,https://fns-prod.azureedge.us/sites/default/files/resource-files/FY2019SNAPQCPaymentErrorRateChartGeneric.pdf
2019-01-01T05:00Z,MT,30,Montana,-1.96,UnderPayment,https://fns-prod.azureedge.us/sites/default/files/resource-files/FY2019SNAPQCPaymentErrorRateChartGeneric.pdf
2020-01-01T05:00Z,,,Montana,NaN,OverPayment,
2020-01-01T05:00Z,,,Montana,NaN,UnderPayment,
2021-01-01T05:00Z,,,Montana,NaN,OverPayment,
2021-01-01T05:00Z,,,Montana,NaN,UnderPayment,
2022-01-01T05:00Z,MT,30,Montana,7.71,OverPayment,https://fns-prod.azureedge.us/sites/default/files/resource-files/snap-fy22-qc-payment-error-rate.pdf
2022-01-01T05:00Z,MT,30,Montana,-2.26,UnderPayment,https://fns-prod.azureedge.us/sites/default/files/resource-files/snap-fy22-qc-payment-error-rate.pdf
2023-01-01T05:00Z,MT,30,Montana,5.25,OverPayment,https://fns-prod.azureedge.us/sites/default/files/resource-files/snap-fy23-qc-payment-error-rate.pdf
2023-01-01T05:00Z,MT,30,Montana,-0.79,UnderPayment,https://fns-prod.azureedge.us/sites/default/files/resource-files/snap-fy23-qc-payment-error-rate.pdf
2003-01-01T05:00Z,NE,31,Nebraska,5.67,OverPayment,
2003-01-01T05:00Z,NE,31,Nebraska,-1.57,UnderPayment,
2004-01-01T05:00Z,NE,31,Nebraska,4.24,OverPayment,
2004-01-01T05:00Z,NE,31,Nebraska,-1.36,UnderPayment,
2005-01-01T05:00Z,NE,31,Nebraska,3.65,OverPayment,
2005-01-01T05:00Z,NE,31,Nebraska,-0.8,UnderPayment,
2006-01-01T05:00Z,NE,31,Nebraska,2.97,OverPayment,
2006-01-01T05:00Z,NE,31,Nebraska,-0.47,UnderPayment,
2007-01-01T05:00Z,NE,31,Nebraska,1.3,OverPayment,
2007-01-01T05:00Z,NE,31,Nebraska,-0.43,UnderPayment,
2008-01-01T05:00Z,NE,31,Nebraska,2.23,OverPayment,
2008-01-01T05:00Z,NE,31,Nebraska,-0.52,UnderPayment,
2009-01-01T05:00Z,NE,31,Nebraska,1.05,OverPayment,
2009-01-01T05:00Z,NE,31,Nebraska,-0.48,UnderPayment,
2010-01-01T05:00Z,NE,31,Nebraska,2.89,OverPayment,
2010-01-01T05:00Z,NE,31,Nebraska,-0.63,UnderPayment,
2011-01-01T05:00Z,NE,31,Nebraska,3.41,OverPayment,
2011-01-01T05:00Z,NE,31,Nebraska,-1.09,UnderPayment,
2012-01-01T05:00Z,NE,31,Nebraska,2.52,OverPayment,
2012-01-01T05:00Z,NE,31,Nebraska,-0.67,UnderPayment,
2013-01-01T05:00Z,NE,31,Nebraska,2.44,OverPayment,
2013-01-01T05:00Z,NE,31,Nebraska,-0.43,UnderPayment,
2014-01-01T05:00Z,NE,31,Nebraska,2.32,OverPayment,
2014-01-01T05:00Z,NE,31,Nebraska,-0.66,UnderPayment,
2016-01-01T05:00Z,,,Nebraska,NaN,OverPayment,
2016-01-01T05:00Z,,,Nebraska,NaN,UnderPayment,
2017-01-01T05:00Z,NE,31,Nebraska,3.54,OverPayment,
2017-01-01T05:00Z,NE,31,Nebraska,-0.52,UnderPayment,
2018-01-01T05:00Z,NE,31,Nebraska,4.05,OverPayment,
2018-01-01T05:00Z,NE,31,Nebraska,-0.74,UnderPayment,
2019-01-01T05:00Z,NE,31,Nebraska,4.77,OverPayment,https://fns-prod.azureedge.us/sites/default/files/resource-files/FY2019SNAPQCPaymentErrorRateChartGeneric.pdf
2019-01-01T05:00Z,NE,31,Nebraska,-0.78,UnderPayment,https://fns-prod.azureedge.us/sites/default/files/resource-files/FY2019SNAPQCPaymentErrorRateChartGeneric.pdf
2020-01-01T05:00Z,,,Nebraska,NaN,OverPayment,
2020-01-01T05:00Z,,,Nebraska,NaN,UnderPayment,
2021-01-01T05:00Z,,,Nebraska,NaN,OverPayment,
2021-01-01T05:00Z,,,Nebraska,NaN,UnderPayment,
2022-01-01T05:00Z,NE,31,Nebraska,6.39,OverPayment,https://fns-prod.azureedge.us/sites/default/files/resource-files/snap-fy22-qc-payment-error-rate.pdf
2022-01-01T05:00Z,NE,31,Nebraska,-0.95,UnderPayment,https://fns-prod.azureedge.us/sites/default/files/resource-files/snap-fy22-qc-payment-error-rate.pdf
2023-01-01T05:00Z,NE,31,Nebraska,5.95,OverPayment,https://fns-prod.azureedge.us/sites/default/files/resource-files/snap-fy23-qc-payment-error-rate.pdf
2023-01-01T05:00Z,NE,31,Nebraska,-1.11,UnderPayment,https://fns-prod.azureedge.us/sites/default/files/resource-files/snap-fy23-qc-payment-error-rate.pdf
2003-01-01T05:00Z,NV,32,Nevada,6.46,OverPayment,
2003-01-01T05:00Z,NV,32,Nevada,-1.79,UnderPayment,
2004-01-01T05:00Z,NV,32,Nevada,6.16,OverPayment,
2004-01-01T05:00Z,NV,32,Nevada,-1.36,UnderPayment,
2005-01-01T05:00Z,NV,32,Nevada,2.12,OverPayment,
2005-01-01T05:00Z,NV,32,Nevada,-0.74,UnderPayment,
2006-01-01T05:00Z,NV,32,Nevada,2.69,OverPayment,
2006-01-01T05:00Z,NV,32,Nevada,-1.18,UnderPayment,
2007-01-01T05:00Z,NV,32,Nevada,3.86,OverPayment,
2007-01-01T05:00Z,NV,32,Nevada,-0.98,UnderPayment,
2008-01-01T05:00Z,NV,32,Nevada,3.64,OverPayment,
2008-01-01T05:00Z,NV,32,Nevada,-1.09,UnderPayment,
2009-01-01T05:00Z,NV,32,Nevada,3.2,OverPayment,
2009-01-01T05:00Z,NV,32,Nevada,-1.09,UnderPayment,
2010-01-01T05:00Z,NV,32,Nevada,5.23,OverPayment,
2010-01-01T05:00Z,NV,32,Nevada,-1.34,UnderPayment,
2011-01-01T05:00Z,NV,32,Nevada,4.46,OverPayment,
2011-01-01T05:00Z,NV,32,Nevada,-1.83,UnderPayment,
2012-01-01T05:00Z,NV,32,Nevada,4.78,OverPayment,
2012-01-01T05:00Z,NV,32,Nevada,-1.23,UnderPayment,
2013-01-01T05:00Z,NV,32,Nevada,4.4,OverPayment,
2013-01-01T05:00Z,NV,32,Nevada,-1.1,UnderPayment,
2014-01-01T05:00Z,NV,32,Nevada,6.32,OverPayment,
2014-01-01T05:00Z,NV,32,Nevada,-1.3,UnderPayment,
2016-01-01T05:00Z,,,Nevada,NaN,OverPayment,
2016-01-01T05:00Z,,,Nevada,NaN,UnderPayment,
2017-01-01T05:00Z,NV,32,Nevada,4.77,OverPayment,
2017-01-01T05:00Z,NV,32,Nevada,-0.99,UnderPayment,
2018-01-01T05:00Z,NV,32,Nevada,5.22,OverPayment,
2018-01-01T05:00Z,NV,32,Nevada,-0.66,UnderPayment,
2019-01-01T05:00Z,NV,32,Nevada,6.1,OverPayment,https://fns-prod.azureedge.us/sites/default/files/resource-files/FY2019SNAPQCPaymentErrorRateChartGeneric.pdf
2019-01-01T05:00Z,NV,32,Nevada,-0.59,UnderPayment,https://fns-prod.azureedge.us/sites/default/files/resource-files/FY2019SNAPQCPaymentErrorRateChartGeneric.pdf
2020-01-01T05:00Z,,,Nevada,NaN,OverPayment,
2020-01-01T05:00Z,,,Nevada,NaN,UnderPayment,
2021-01-01T05:00Z,,,Nevada,NaN,OverPayment,
2021-01-01T05:00Z,,,Nevada,NaN,UnderPayment,
2022-01-01T05:00Z,NV,32,Nevada,6.1,OverPayment,https://fns-prod.azureedge.us/sites/default/files/resource-files/snap-fy22-qc-payment-error-rate.pdf
2022-01-01T05:00Z,NV,32,Nevada,-1.12,UnderPayment,https://fns-prod.azureedge.us/sites/default/files/resource-files/snap-fy22-qc-payment-error-rate.pdf
2023-01-01T05:00Z,NV,32,Nevada,5.6,OverPayment,https://fns-prod.azureedge.us/sites/default/files/resource-files/snap-fy23-qc-payment-error-rate.pdf
2023-01-01T05:00Z,NV,32,Nevada,-1.11,UnderPayment,https://fns-prod.azureedge.us/sites/default/files/resource-files/snap-fy23-qc-payment-error-rate.pdf
2003-01-01T05:00Z,NH,33,New Hampshire,6.27,OverPayment,
2003-01-01T05:00Z,NH,33,New Hampshire,-1.25,UnderPayment,
2004-01-01T05:00Z,NH,33,New Hampshire,5.78,OverPayment,
2004-01-01T05:00Z,NH,33,New Hampshire,-1.32,UnderPayment,
2005-01-01T05:00Z,NH,33,New Hampshire,4.68,OverPayment,
2005-01-01T05:00Z,NH,33,New Hampshire,-1.22,UnderPayment,
2006-01-01T05:00Z,NH,33,New Hampshire,5.4,OverPayment,
2006-01-01T05:00Z,NH,33,New Hampshire,-0.76,UnderPayment,
2007-01-01T05:00Z,NH,33,New Hampshire,4.8,OverPayment,
2007-01-01T05:00Z,NH,33,New Hampshire,-1.36,UnderPayment,
2008-01-01T05:00Z,NH,33,New Hampshire,3.48,OverPayment,
2008-01-01T05:00Z,NH,33,New Hampshire,-0.67,UnderPayment,
2009-01-01T05:00Z,NH,33,New Hampshire,2.26,OverPayment,
2009-01-01T05:00Z,NH,33,New Hampshire,-0.76,UnderPayment,
2010-01-01T05:00Z,NH,33,New Hampshire,4.19,OverPayment,
2010-01-01T05:00Z,NH,33,New Hampshire,-1.12,UnderPayment,
2011-01-01T05:00Z,NH,33,New Hampshire,4.03,OverPayment,
2011-01-01T05:00Z,NH,33,New Hampshire,-0.79,UnderPayment,
2012-01-01T05:00Z,NH,33,New Hampshire,4.1,OverPayment,
2012-01-01T05:00Z,NH,33,New Hampshire,-1,UnderPayment,
2013-01-01T05:00Z,NH,33,New Hampshire,3.02,OverPayment,
2013-01-01T05:00Z,NH,33,New Hampshire,-0.8,UnderPayment,
2014-01-01T05:00Z,NH,33,New Hampshire,3.97,OverPayment,
2014-01-01T05:00Z,NH,33,New Hampshire,-0.85,UnderPayment,
2016-01-01T05:00Z,,,New Hampshire,NaN,OverPayment,
2016-01-01T05:00Z,,,New Hampshire,NaN,UnderPayment,
2017-01-01T05:00Z,NH,33,New Hampshire,3.63,OverPayment,
2017-01-01T05:00Z,NH,33,New Hampshire,-1.01,UnderPayment,
2018-01-01T05:00Z,NH,33,New Hampshire,4.44,OverPayment,
2018-01-01T05:00Z,NH,33,New Hampshire,-1.18,UnderPayment,
2019-01-01T05:00Z,NH,33,New Hampshire,6.7,OverPayment,https://fns-prod.azureedge.us/sites/default/files/resource-files/FY2019SNAPQCPaymentErrorRateChartGeneric.pdf
2019-01-01T05:00Z,NH,33,New Hampshire,-1.83,UnderPayment,https://fns-prod.azureedge.us/sites/default/files/resource-files/FY2019SNAPQCPaymentErrorRateChartGeneric.pdf
2020-01-01T05:00Z,,,New Hampshire,NaN,OverPayment,
2020-01-01T05:00Z,,,New Hampshire,NaN,UnderPayment,
2021-01-01T05:00Z,,,New Hampshire,NaN,OverPayment,
2021-01-01T05:00Z,,,New Hampshire,NaN,UnderPayment,
2022-01-01T05:00Z,NH,33,New Hampshire,7.71,OverPayment,https://fns-prod.azureedge.us/sites/default/files/resource-files/snap-fy22-qc-payment-error-rate.pdf
2022-01-01T05:00Z,NH,33,New Hampshire,-4.63,UnderPayment,https://fns-prod.azureedge.us/sites/default/files/resource-files/snap-fy22-qc-payment-error-rate.pdf
2023-01-01T05:00Z,NH,33,New Hampshire,9.82,OverPayment,https://fns-prod.azureedge.us/sites/default/files/resource-files/snap-fy23-qc-payment-error-rate.pdf
2023-01-01T05:00Z,NH,33,New Hampshire,-2.71,UnderPayment,https://fns-prod.azureedge.us/sites/default/files/resource-files/snap-fy23-qc-payment-error-rate.pdf
2003-01-01T05:00Z,NJ,34,New Jersey,1.83,OverPayment,
2003-01-01T05:00Z,NJ,34,New Jersey,-0.6,UnderPayment,
2004-01-01T05:00Z,NJ,34,New Jersey,2.03,OverPayment,
2004-01-01T05:00Z,NJ,34,New Jersey,-0.99,UnderPayment,
2005-01-01T05:00Z,NJ,34,New Jersey,3.58,OverPayment,
2005-01-01T05:00Z,NJ,34,New Jersey,-1.21,UnderPayment,
2006-01-01T05:00Z,NJ,34,New Jersey,2.51,OverPayment,
2006-01-01T05:00Z,NJ,34,New Jersey,-1.65,UnderPayment,
2007-01-01T05:00Z,NJ,34,New Jersey,4.68,OverPayment,
2007-01-01T05:00Z,NJ,34,New Jersey,-1.58,UnderPayment,
2008-01-01T05:00Z,NJ,34,New Jersey,4.21,OverPayment,
2008-01-01T05:00Z,NJ,34,New Jersey,-1.02,UnderPayment,
2009-01-01T05:00Z,NJ,34,New Jersey,2.6,OverPayment,
2009-01-01T05:00Z,NJ,34,New Jersey,-1.04,UnderPayment,
2010-01-01T05:00Z,NJ,34,New Jersey,3.95,OverPayment,
2010-01-01T05:00Z,NJ,34,New Jersey,-0.67,UnderPayment,
2011-01-01T05:00Z,NJ,34,New Jersey,3.3,OverPayment,
2011-01-01T05:00Z,NJ,34,New Jersey,-1.03,UnderPayment,
2012-01-01T05:00Z,NJ,34,New Jersey,2.85,OverPayment,
2012-01-01T05:00Z,NJ,34,New Jersey,-0.64,UnderPayment,
2013-01-01T05:00Z,NJ,34,New Jersey,0.99,OverPayment,
2013-01-01T05:00Z,NJ,34,New Jersey,-0.33,UnderPayment,
2014-01-01T05:00Z,NJ,34,New Jersey,0.9,OverPayment,
2014-01-01T05:00Z,NJ,34,New Jersey,-0.53,UnderPayment,
2016-01-01T05:00Z,,,New Jersey,NaN,OverPayment,
2016-01-01T05:00Z,,,New Jersey,NaN,UnderPayment,
2017-01-01T05:00Z,NJ,34,New Jersey,4.44,OverPayment,
2017-01-01T05:00Z,NJ,34,New Jersey,-0.97,UnderPayment,
2018-01-01T05:00Z,NJ,34,New Jersey,4.23,OverPayment,
2018-01-01T05:00Z,NJ,34,New Jersey,-1.93,UnderPayment,
2019-01-01T05:00Z,NJ,34,New Jersey,5.21,OverPayment,https://fns-prod.azureedge.us/sites/default/files/resource-files/FY2019SNAPQCPaymentErrorRateChartGeneric.pdf
2019-01-01T05:00Z,NJ,34,New Jersey,-3.26,UnderPayment,https://fns-prod.azureedge.us/sites/default/files/resource-files/FY2019SNAPQCPaymentErrorRateChartGeneric.pdf
2020-01-01T05:00Z,,,New Jersey,NaN,OverPayment,
2020-01-01T05:00Z,,,New Jersey,NaN,UnderPayment,
2021-01-01T05:00Z,,,New Jersey,NaN,OverPayment,
2021-01-01T05:00Z,,,New Jersey,NaN,UnderPayment,
2022-01-01T05:00Z,NJ,34,New Jersey,4.92,OverPayment,https://fns-prod.azureedge.us/sites/default/files/resource-files/snap-fy22-qc-payment-error-rate.pdf
2022-01-01T05:00Z,NJ,34,New Jersey,-1.32,UnderPayment,https://fns-prod.azureedge.us/sites/default/files/resource-files/snap-fy22-qc-payment-error-rate.pdf
2023-01-01T05:00Z,NJ,34,New Jersey,33.48,OverPayment,https://fns-prod.azureedge.us/sites/default/files/resource-files/snap-fy23-qc-payment-error-rate.pdf
2023-01-01T05:00Z,NJ,34,New Jersey,-2.22,UnderPayment,https://fns-prod.azureedge.us/sites/default/files/resource-files/snap-fy23-qc-payment-error-rate.pdf
2003-01-01T05:00Z,NM,35,New Mexico,4.86,OverPayment,
2003-01-01T05:00Z,NM,35,New Mexico,-1.3,UnderPayment,
2004-01-01T05:00Z,NM,35,New Mexico,4.36,OverPayment,
2004-01-01T05:00Z,NM,35,New Mexico,-1.23,UnderPayment,
2005-01-01T05:00Z,NM,35,New Mexico,4.98,OverPayment,
2005-01-01T05:00Z,NM,35,New Mexico,-1.01,UnderPayment,
2006-01-01T05:00Z,NM,35,New Mexico,5.22,OverPayment,
2006-01-01T05:00Z,NM,35,New Mexico,-1.55,UnderPayment,
2007-01-01T05:00Z,NM,35,New Mexico,5.46,OverPayment,
2007-01-01T05:00Z,NM,35,New Mexico,-1.96,UnderPayment,
2008-01-01T05:00Z,NM,35,New Mexico,5.09,OverPayment,
2008-01-01T05:00Z,NM,35,New Mexico,-1.25,UnderPayment,
2009-01-01T05:00Z,NM,35,New Mexico,4.04,OverPayment,
2009-01-01T05:00Z,NM,35,New Mexico,-0.76,UnderPayment,
2010-01-01T05:00Z,NM,35,New Mexico,3.64,OverPayment,
2010-01-01T05:00Z,NM,35,New Mexico,-0.86,UnderPayment,
2011-01-01T05:00Z,NM,35,New Mexico,3.57,OverPayment,
2011-01-01T05:00Z,NM,35,New Mexico,-0.77,UnderPayment,
2012-01-01T05:00Z,NM,35,New Mexico,2.97,OverPayment,
2012-01-01T05:00Z,NM,35,New Mexico,-0.76,UnderPayment,
2013-01-01T05:00Z,NM,35,New Mexico,3.99,OverPayment,
2013-01-01T05:00Z,NM,35,New Mexico,-0.57,UnderPayment,
2014-01-01T05:00Z,NM,35,New Mexico,5.23,OverPayment,
2014-01-01T05:00Z,NM,35,New Mexico,-0.99,UnderPayment,
2016-01-01T05:00Z,,,New Mexico,NaN,OverPayment,
2016-01-01T05:00Z,,,New Mexico,NaN,UnderPayment,
2017-01-01T05:00Z,NM,35,New Mexico,5.81,OverPayment,
2017-01-01T05:00Z,NM,35,New Mexico,-1.09,UnderPayment,
2018-01-01T05:00Z,NM,35,New Mexico,6.86,OverPayment,
2018-01-01T05:00Z,NM,35,New Mexico,-1.87,UnderPayment,
2019-01-01T05:00Z,NM,35,New Mexico,7.32,OverPayment,https://fns-prod.azureedge.us/sites/default/files/resource-files/FY2019SNAPQCPaymentErrorRateChartGeneric.pdf
2019-01-01T05:00Z,NM,35,New Mexico,-2.02,UnderPayment,https://fns-prod.azureedge.us/sites/default/files/resource-files/FY2019SNAPQCPaymentErrorRateChartGeneric.pdf
2020-01-01T05:00Z,,,New Mexico,NaN,OverPayment,
2020-01-01T05:00Z,,,New Mexico,NaN,UnderPayment,
2021-01-01T05:00Z,,,New Mexico,NaN,OverPayment,
2021-01-01T05:00Z,,,New Mexico,NaN,UnderPayment,
2022-01-01T05:00Z,NM,35,New Mexico,11.39,OverPayment,https://fns-prod.azureedge.us/sites/default/files/resource-files/snap-fy22-qc-payment-error-rate.pdf
2022-01-01T05:00Z,NM,35,New Mexico,-1.04,UnderPayment,https://fns-prod.azureedge.us/sites/default/files/resource-files/snap-fy22-qc-payment-error-rate.pdf
2023-01-01T05:00Z,NM,35,New Mexico,13.45,OverPayment,https://fns-prod.azureedge.us/sites/default/files/resource-files/snap-fy23-qc-payment-error-rate.pdf
2023-01-01T05:00Z,NM,35,New Mexico,-0.95,UnderPayment,https://fns-prod.azureedge.us/sites/default/files/resource-files/snap-fy23-qc-payment-error-rate.pdf
2003-01-01T05:00Z,NY,36,New York,3.67,OverPayment,
2003-01-01T05:00Z,NY,36,New York,-2.21,UnderPayment,
2004-01-01T05:00Z,NY,36,New York,3.25,OverPayment,
2004-01-01T05:00Z,NY,36,New York,-2.49,UnderPayment,
2005-01-01T05:00Z,NY,36,New York,4.9,OverPayment,
2005-01-01T05:00Z,NY,36,New York,-2.33,UnderPayment,
2006-01-01T05:00Z,NY,36,New York,3.77,OverPayment,
2006-01-01T05:00Z,NY,36,New York,-0.78,UnderPayment,
2007-01-01T05:00Z,NY,36,New York,4.38,OverPayment,
2007-01-01T05:00Z,NY,36,New York,-1.12,UnderPayment,
2008-01-01T05:00Z,NY,36,New York,3.62,OverPayment,
2008-01-01T05:00Z,NY,36,New York,-0.89,UnderPayment,
2009-01-01T05:00Z,NY,36,New York,4.94,OverPayment,
2009-01-01T05:00Z,NY,36,New York,-0.45,UnderPayment,
2010-01-01T05:00Z,NY,36,New York,4.92,OverPayment,
2010-01-01T05:00Z,NY,36,New York,-0.59,UnderPayment,
2011-01-01T05:00Z,NY,36,New York,3.82,OverPayment,
2011-01-01T05:00Z,NY,36,New York,-0.5,UnderPayment,
2012-01-01T05:00Z,NY,36,New York,4.37,OverPayment,
2012-01-01T05:00Z,NY,36,New York,-0.72,UnderPayment,
2013-01-01T05:00Z,NY,36,New York,4.09,OverPayment,
2013-01-01T05:00Z,NY,36,New York,-0.7,UnderPayment,
2014-01-01T05:00Z,NY,36,New York,4.4,OverPayment,
2014-01-01T05:00Z,NY,36,New York,-0.83,UnderPayment,
2015-01-01T05:00Z,NY,36,New York,2.66,OverPayment,
2015-01-01T05:00Z,NY,36,New York,-0.67,UnderPayment,
2016-01-01T05:00Z,,,New York,NaN,OverPayment,
2016-01-01T05:00Z,,,New York,NaN,UnderPayment,
2017-01-01T05:00Z,NY,36,New York,4.65,OverPayment,
2017-01-01T05:00Z,NY,36,New York,-0.88,UnderPayment,
2018-01-01T05:00Z,NY,36,New York,6.8,OverPayment,
2018-01-01T05:00Z,NY,36,New York,-0.92,UnderPayment,
2019-01-01T05:00Z,NY,36,New York,5.94,OverPayment,https://fns-prod.azureedge.us/sites/default/files/resource-files/FY2019SNAPQCPaymentErrorRateChartGeneric.pdf
2019-01-01T05:00Z,NY,36,New York,-0.37,UnderPayment,https://fns-prod.azureedge.us/sites/default/files/resource-files/FY2019SNAPQCPaymentErrorRateChartGeneric.pdf
2020-01-01T05:00Z,,,New York,NaN,OverPayment,
2020-01-01T05:00Z,,,New York,NaN,UnderPayment,
2021-01-01T05:00Z,,,New York,NaN,OverPayment,
2021-01-01T05:00Z,,,New York,NaN,UnderPayment,
2022-01-01T05:00Z,NY,36,New York,10.35,OverPayment,https://fns-prod.azureedge.us/sites/default/files/resource-files/snap-fy22-qc-payment-error-rate.pdf
2022-01-01T05:00Z,NY,36,New York,-2.54,UnderPayment,https://fns-prod.azureedge.us/sites/default/files/resource-files/snap-fy22-qc-payment-error-rate.pdf
2023-01-01T05:00Z,NY,36,New York,11.22,OverPayment,https://fns-prod.azureedge.us/sites/default/files/resource-files/snap-fy23-qc-payment-error-rate.pdf
2023-01-01T05:00Z,NY,36,New York,-1.46,UnderPayment,https://fns-prod.azureedge.us/sites/default/files/resource-files/snap-fy23-qc-payment-error-rate.pdf
2003-01-01T05:00Z,NC,37,North Carolina,3.94,OverPayment,
2003-01-01T05:00Z,NC,37,North Carolina,-1,UnderPayment,
2004-01-01T05:00Z,NC,37,North Carolina,2.16,OverPayment,
2004-01-01T05:00Z,NC,37,North Carolina,-1.01,UnderPayment,
2005-01-01T05:00Z,NC,37,North Carolina,2.31,OverPayment,
2005-01-01T05:00Z,NC,37,North Carolina,-0.66,UnderPayment,
2006-01-01T05:00Z,NC,37,North Carolina,2.22,OverPayment,
2006-01-01T05:00Z,NC,37,North Carolina,-0.61,UnderPayment,
2007-01-01T05:00Z,NC,37,North Carolina,1.72,OverPayment,
2007-01-01T05:00Z,NC,37,North Carolina,-0.52,UnderPayment,
2008-01-01T05:00Z,NC,37,North Carolina,2.2,OverPayment,
2008-01-01T05:00Z,NC,37,North Carolina,-0.45,UnderPayment,
2009-01-01T05:00Z,NC,37,North Carolina,1.87,OverPayment,
2009-01-01T05:00Z,NC,37,North Carolina,-0.66,UnderPayment,
2010-01-01T05:00Z,NC,37,North Carolina,2.04,OverPayment,
2010-01-01T05:00Z,NC,37,North Carolina,-0.66,UnderPayment,
2011-01-01T05:00Z,NC,37,North Carolina,2.01,OverPayment,
2011-01-01T05:00Z,NC,37,North Carolina,-0.65,UnderPayment,
2012-01-01T05:00Z,NC,37,North Carolina,2.05,OverPayment,
2012-01-01T05:00Z,NC,37,North Carolina,-0.27,UnderPayment,
2013-01-01T05:00Z,NC,37,North Carolina,3.22,OverPayment,
2013-01-01T05:00Z,NC,37,North Carolina,-1.52,UnderPayment,
2014-01-01T05:00Z,NC,37,North Carolina,3.75,OverPayment,
2014-01-01T05:00Z,NC,37,North Carolina,-1.23,UnderPayment,
2016-01-01T05:00Z,,,North Carolina,NaN,OverPayment,
2016-01-01T05:00Z,,,North Carolina,NaN,UnderPayment,
2017-01-01T05:00Z,NC,37,North Carolina,3.78,OverPayment,
2017-01-01T05:00Z,NC,37,North Carolina,-1.47,UnderPayment,
2018-01-01T05:00Z,NC,37,North Carolina,3.74,OverPayment,
2018-01-01T05:00Z,NC,37,North Carolina,-1.23,UnderPayment,
2019-01-01T05:00Z,NC,37,North Carolina,4.2,OverPayment,https://fns-prod.azureedge.us/sites/default/files/resource-files/FY2019SNAPQCPaymentErrorRateChartGeneric.pdf
2019-01-01T05:00Z,NC,37,North Carolina,-1.59,UnderPayment,https://fns-prod.azureedge.us/sites/default/files/resource-files/FY2019SNAPQCPaymentErrorRateChartGeneric.pdf
2020-01-01T05:00Z,,,North Carolina,NaN,OverPayment,
2020-01-01T05:00Z,,,North Carolina,NaN,UnderPayment,
2021-01-01T05:00Z,,,North Carolina,NaN,OverPayment,
2021-01-01T05:00Z,,,North Carolina,NaN,UnderPayment,
2022-01-01T05:00Z,NC,37,North Carolina,17.44,OverPayment,https://fns-prod.azureedge.us/sites/default/files/resource-files/snap-fy22-qc-payment-error-rate.pdf
2022-01-01T05:00Z,NC,37,North Carolina,-1.63,UnderPayment,https://fns-prod.azureedge.us/sites/default/files/resource-files/snap-fy22-qc-payment-error-rate.pdf
2023-01-01T05:00Z,NC,37,North Carolina,8.16,OverPayment,https://fns-prod.azureedge.us/sites/default/files/resource-files/snap-fy23-qc-payment-error-rate.pdf
2023-01-01T05:00Z,NC,37,North Carolina,-1.56,UnderPayment,https://fns-prod.azureedge.us/sites/default/files/resource-files/snap-fy23-qc-payment-error-rate.pdf
2003-01-01T05:00Z,ND,38,North Dakota,3.8,OverPayment,
2003-01-01T05:00Z,ND,38,North Dakota,-1.04,UnderPayment,
2004-01-01T05:00Z,ND,38,North Dakota,2.68,OverPayment,
2004-01-01T05:00Z,ND,38,North Dakota,-1.46,UnderPayment,
2005-01-01T05:00Z,ND,38,North Dakota,2.26,OverPayment,
2005-01-01T05:00Z,ND,38,North Dakota,-1.33,UnderPayment,
2006-01-01T05:00Z,ND,38,North Dakota,2.65,OverPayment,
2006-01-01T05:00Z,ND,38,North Dakota,-1.01,UnderPayment,
2007-01-01T05:00Z,ND,38,North Dakota,2.36,OverPayment,
2007-01-01T05:00Z,ND,38,North Dakota,-0.93,UnderPayment,
2008-01-01T05:00Z,ND,38,North Dakota,4.15,OverPayment,
2008-01-01T05:00Z,ND,38,North Dakota,-1.53,UnderPayment,
2009-01-01T05:00Z,ND,38,North Dakota,2.36,OverPayment,
2009-01-01T05:00Z,ND,38,North Dakota,-1.06,UnderPayment,
2010-01-01T05:00Z,ND,38,North Dakota,3.23,OverPayment,
2010-01-01T05:00Z,ND,38,North Dakota,-1.14,UnderPayment,
2011-01-01T05:00Z,ND,38,North Dakota,3.86,OverPayment,
2011-01-01T05:00Z,ND,38,North Dakota,-0.48,UnderPayment,
2012-01-01T05:00Z,ND,38,North Dakota,2.45,OverPayment,
2012-01-01T05:00Z,ND,38,North Dakota,-0.49,UnderPayment,
2013-01-01T05:00Z,ND,38,North Dakota,1.47,OverPayment,
2013-01-01T05:00Z,ND,38,North Dakota,-0.83,UnderPayment,
2014-01-01T05:00Z,ND,38,North Dakota,1.57,OverPayment,
2014-01-01T05:00Z,ND,38,North Dakota,-0.16,UnderPayment,
2015-01-01T05:00Z,ND,38,North Dakota,2.02,OverPayment,
2015-01-01T05:00Z,ND,38,North Dakota,-0.71,UnderPayment,
2016-01-01T05:00Z,,,North Dakota,NaN,OverPayment,
2016-01-01T05:00Z,,,North Dakota,NaN,UnderPayment,
2017-01-01T05:00Z,ND,38,North Dakota,3.68,OverPayment,
2017-01-01T05:00Z,ND,38,North Dakota,-1.26,UnderPayment,
2018-01-01T05:00Z,ND,38,North Dakota,3.33,OverPayment,
2018-01-01T05:00Z,ND,38,North Dakota,-1.18,UnderPayment,
2019-01-01T05:00Z,ND,38,North Dakota,3.95,OverPayment,https://fns-prod.azureedge.us/sites/default/files/resource-files/FY2019SNAPQCPaymentErrorRateChartGeneric.pdf
2019-01-01T05:00Z,ND,38,North Dakota,-0.96,UnderPayment,https://fns-prod.azureedge.us/sites/default/files/resource-files/FY2019SNAPQCPaymentErrorRateChartGeneric.pdf
2020-01-01T05:00Z,,,North Dakota,NaN,OverPayment,
2020-01-01T05:00Z,,,North Dakota,NaN,UnderPayment,
2021-01-01T05:00Z,,,North Dakota,NaN,OverPayment,
2021-01-01T05:00Z,,,North Dakota,NaN,UnderPayment,
2022-01-01T05:00Z,ND,38,North Dakota,8.06,OverPayment,https://fns-prod.azureedge.us/sites/default/files/resource-files/snap-fy22-qc-payment-error-rate.pdf
2022-01-01T05:00Z,ND,38,North Dakota,-1.45,UnderPayment,https://fns-prod.azureedge.us/sites/default/files/resource-files/snap-fy22-qc-payment-error-rate.pdf
2023-01-01T05:00Z,ND,38,North Dakota,7.83,OverPayment,https://fns-prod.azureedge.us/sites/default/files/resource-files/snap-fy23-qc-payment-error-rate.pdf
2023-01-01T05:00Z,ND,38,North Dakota,-1.68,UnderPayment,https://fns-prod.azureedge.us/sites/default/files/resource-files/snap-fy23-qc-payment-error-rate.pdf
2003-01-01T05:00Z,OH,39,Ohio,5.09,OverPayment,
2003-01-01T05:00Z,OH,39,Ohio,-1.52,UnderPayment,
2004-01-01T05:00Z,OH,39,Ohio,6.98,OverPayment,
2004-01-01T05:00Z,OH,39,Ohio,-1.46,UnderPayment,
2005-01-01T05:00Z,OH,39,Ohio,6.96,OverPayment,
2005-01-01T05:00Z,OH,39,Ohio,-1.69,UnderPayment,
2006-01-01T05:00Z,OH,39,Ohio,5.62,OverPayment,
2006-01-01T05:00Z,OH,39,Ohio,-1.48,UnderPayment,
2007-01-01T05:00Z,OH,39,Ohio,7.26,OverPayment,
2007-01-01T05:00Z,OH,39,Ohio,-1.91,UnderPayment,
2008-01-01T05:00Z,OH,39,Ohio,3.75,OverPayment,
2008-01-01T05:00Z,OH,39,Ohio,-0.53,UnderPayment,
2009-01-01T05:00Z,OH,39,Ohio,1.45,OverPayment,
2009-01-01T05:00Z,OH,39,Ohio,-0.85,UnderPayment,
2010-01-01T05:00Z,OH,39,Ohio,2.62,OverPayment,
2010-01-01T05:00Z,OH,39,Ohio,-0.69,UnderPayment,
2011-01-01T05:00Z,OH,39,Ohio,2.81,OverPayment,
2011-01-01T05:00Z,OH,39,Ohio,-0.59,UnderPayment,
2012-01-01T05:00Z,OH,39,Ohio,2.24,OverPayment,
2012-01-01T05:00Z,OH,39,Ohio,-1.15,UnderPayment,
2013-01-01T05:00Z,OH,39,Ohio,3.03,OverPayment,
2013-01-01T05:00Z,OH,39,Ohio,-1.09,UnderPayment,
2014-01-01T05:00Z,OH,39,Ohio,3.85,OverPayment,
2014-01-01T05:00Z,OH,39,Ohio,-0.82,UnderPayment,
2016-01-01T05:00Z,,,Ohio,NaN,OverPayment,
2016-01-01T05:00Z,,,Ohio,NaN,UnderPayment,
2017-01-01T05:00Z,OH,39,Ohio,4.47,OverPayment,
2017-01-01T05:00Z,OH,39,Ohio,-1.04,UnderPayment,
2018-01-01T05:00Z,OH,39,Ohio,6.03,OverPayment,
2018-01-01T05:00Z,OH,39,Ohio,-1.43,UnderPayment,
2019-01-01T05:00Z,OH,39,Ohio,6.56,OverPayment,https://fns-prod.azureedge.us/sites/default/files/resource-files/FY2019SNAPQCPaymentErrorRateChartGeneric.pdf
2019-01-01T05:00Z,OH,39,Ohio,-1.48,UnderPayment,https://fns-prod.azureedge.us/sites/default/files/resource-files/FY2019SNAPQCPaymentErrorRateChartGeneric.pdf
2020-01-01T05:00Z,,,Ohio,NaN,OverPayment,
2020-01-01T05:00Z,,,Ohio,NaN,UnderPayment,
2021-01-01T05:00Z,,,Ohio,NaN,OverPayment,
2021-01-01T05:00Z,,,Ohio,NaN,UnderPayment,
2022-01-01T05:00Z,OH,39,Ohio,6.14,OverPayment,https://fns-prod.azureedge.us/sites/default/files/resource-files/snap-fy22-qc-payment-error-rate.pdf
2022-01-01T05:00Z,OH,39,Ohio,-0.96,UnderPayment,https://fns-prod.azureedge.us/sites/default/files/resource-files/snap-fy22-qc-payment-error-rate.pdf
2023-01-01T05:00Z,OH,39,Ohio,5.42,OverPayment,https://fns-prod.azureedge.us/sites/default/files/resource-files/snap-fy23-qc-payment-error-rate.pdf
2023-01-01T05:00Z,OH,39,Ohio,-1.6,UnderPayment,https://fns-prod.azureedge.us/sites/default/files/resource-files/snap-fy23-qc-payment-error-rate.pdf
2003-01-01T05:00Z,OK,40,Oklahoma,7.83,OverPayment,
2003-01-01T05:00Z,OK,40,Oklahoma,-1.15,UnderPayment,
2004-01-01T05:00Z,OK,40,Oklahoma,4.97,OverPayment,
2004-01-01T05:00Z,OK,40,Oklahoma,-0.93,UnderPayment,
2005-01-01T05:00Z,OK,40,Oklahoma,6.62,OverPayment,
2005-01-01T05:00Z,OK,40,Oklahoma,-0.81,UnderPayment,
2006-01-01T05:00Z,OK,40,Oklahoma,5.9,OverPayment,
2006-01-01T05:00Z,OK,40,Oklahoma,-1.26,UnderPayment,
2007-01-01T05:00Z,OK,40,Oklahoma,4.81,OverPayment,
2007-01-01T05:00Z,OK,40,Oklahoma,-1.3,UnderPayment,
2008-01-01T05:00Z,OK,40,Oklahoma,4.7,OverPayment,
2008-01-01T05:00Z,OK,40,Oklahoma,-1.02,UnderPayment,
2009-01-01T05:00Z,OK,40,Oklahoma,3.12,OverPayment,
2009-01-01T05:00Z,OK,40,Oklahoma,-0.66,UnderPayment,
2010-01-01T05:00Z,OK,40,Oklahoma,3.38,OverPayment,
2010-01-01T05:00Z,OK,40,Oklahoma,-0.84,UnderPayment,
2011-01-01T05:00Z,OK,40,Oklahoma,3.1,OverPayment,
2011-01-01T05:00Z,OK,40,Oklahoma,-0.83,UnderPayment,
2012-01-01T05:00Z,OK,40,Oklahoma,3.97,OverPayment,
2012-01-01T05:00Z,OK,40,Oklahoma,-0.97,UnderPayment,
2013-01-01T05:00Z,OK,40,Oklahoma,3.11,OverPayment,
2013-01-01T05:00Z,OK,40,Oklahoma,-0.88,UnderPayment,
2014-01-01T05:00Z,OK,40,Oklahoma,4.66,OverPayment,
2014-01-01T05:00Z,OK,40,Oklahoma,-0.92,UnderPayment,
2016-01-01T05:00Z,,,Oklahoma,NaN,OverPayment,
2016-01-01T05:00Z,,,Oklahoma,NaN,UnderPayment,
2017-01-01T05:00Z,OK,40,Oklahoma,4.5,OverPayment,
2017-01-01T05:00Z,OK,40,Oklahoma,-1.03,UnderPayment,
2018-01-01T05:00Z,OK,40,Oklahoma,5.86,OverPayment,
2018-01-01T05:00Z,OK,40,Oklahoma,-1.12,UnderPayment,
2019-01-01T05:00Z,OK,40,Oklahoma,7.03,OverPayment,https://fns-prod.azureedge.us/sites/default/files/resource-files/FY2019SNAPQCPaymentErrorRateChartGeneric.pdf
2019-01-01T05:00Z,OK,40,Oklahoma,-1.06,UnderPayment,https://fns-prod.azureedge.us/sites/default/files/resource-files/FY2019SNAPQCPaymentErrorRateChartGeneric.pdf
2020-01-01T05:00Z,,,Oklahoma,NaN,OverPayment,
2020-01-01T05:00Z,,,Oklahoma,NaN,UnderPayment,
2021-01-01T05:00Z,,,Oklahoma,NaN,OverPayment,
2021-01-01T05:00Z,,,Oklahoma,NaN,UnderPayment,
2022-01-01T05:00Z,OK,40,Oklahoma,7.67,OverPayment,https://fns-prod.azureedge.us/sites/default/files/resource-files/snap-fy22-qc-payment-error-rate.pdf
2022-01-01T05:00Z,OK,40,Oklahoma,-1.22,UnderPayment,https://fns-prod.azureedge.us/sites/default/files/resource-files/snap-fy22-qc-payment-error-rate.pdf
2023-01-01T05:00Z,OK,40,Oklahoma,9.61,OverPayment,https://fns-prod.azureedge.us/sites/default/files/resource-files/snap-fy23-qc-payment-error-rate.pdf
2023-01-01T05:00Z,OK,40,Oklahoma,-1.03,UnderPayment,https://fns-prod.azureedge.us/sites/default/files/resource-files/snap-fy23-qc-payment-error-rate.pdf
2003-01-01T05:00Z,OR,41,Oregon,10.7,OverPayment,
2003-01-01T05:00Z,OR,41,Oregon,-2.3,UnderPayment,
2004-01-01T05:00Z,OR,41,Oregon,6.04,OverPayment,
2004-01-01T05:00Z,OR,41,Oregon,-1.83,UnderPayment,
2005-01-01T05:00Z,OR,41,Oregon,4.73,OverPayment,
2005-01-01T05:00Z,OR,41,Oregon,-0.97,UnderPayment,
2006-01-01T05:00Z,OR,41,Oregon,4.51,OverPayment,
2006-01-01T05:00Z,OR,41,Oregon,-0.77,UnderPayment,
2007-01-01T05:00Z,OR,41,Oregon,3.94,OverPayment,
2007-01-01T05:00Z,OR,41,Oregon,-1.47,UnderPayment,
2008-01-01T05:00Z,OR,41,Oregon,4.87,OverPayment,
2008-01-01T05:00Z,OR,41,Oregon,-0.43,UnderPayment,
2009-01-01T05:00Z,OR,41,Oregon,3.06,OverPayment,
2009-01-01T05:00Z,OR,41,Oregon,-0.48,UnderPayment,
2010-01-01T05:00Z,OR,41,Oregon,4.52,OverPayment,
2010-01-01T05:00Z,OR,41,Oregon,-0.36,UnderPayment,
2011-01-01T05:00Z,OR,41,Oregon,3.8,OverPayment,
2011-01-01T05:00Z,OR,41,Oregon,-0.19,UnderPayment,
2012-01-01T05:00Z,OR,41,Oregon,4.32,OverPayment,
2012-01-01T05:00Z,OR,41,Oregon,-0.34,UnderPayment,
2013-01-01T05:00Z,OR,41,Oregon,3.91,OverPayment,
2013-01-01T05:00Z,OR,41,Oregon,-0.26,UnderPayment,
2014-01-01T05:00Z,OR,41,Oregon,4.76,OverPayment,
2014-01-01T05:00Z,OR,41,Oregon,-0.35,UnderPayment,
2016-01-01T05:00Z,,,Oregon,NaN,OverPayment,
2016-01-01T05:00Z,,,Oregon,NaN,UnderPayment,
2017-01-01T05:00Z,OR,41,Oregon,5.69,OverPayment,
2017-01-01T05:00Z,OR,41,Oregon,-0.47,UnderPayment,
2018-01-01T05:00Z,OR,41,Oregon,8.15,OverPayment,
2018-01-01T05:00Z,OR,41,Oregon,-0.71,UnderPayment,
2019-01-01T05:00Z,OR,41,Oregon,8.93,OverPayment,https://fns-prod.azureedge.us/sites/default/files/resource-files/FY2019SNAPQCPaymentErrorRateChartGeneric.pdf
2019-01-01T05:00Z,OR,41,Oregon,-0.81,UnderPayment,https://fns-prod.azureedge.us/sites/default/files/resource-files/FY2019SNAPQCPaymentErrorRateChartGeneric.pdf
2020-01-01T05:00Z,,,Oregon,NaN,OverPayment,
2020-01-01T05:00Z,,,Oregon,NaN,UnderPayment,
2021-01-01T05:00Z,,,Oregon,NaN,OverPayment,
2021-01-01T05:00Z,,,Oregon,NaN,UnderPayment,
2022-01-01T05:00Z,OR,41,Oregon,21.76,OverPayment,https://fns-prod.azureedge.us/sites/default/files/resource-files/snap-fy22-qc-payment-error-rate.pdf
2022-01-01T05:00Z,OR,41,Oregon,-1.23,UnderPayment,https://fns-prod.azureedge.us/sites/default/files/resource-files/snap-fy22-qc-payment-error-rate.pdf
2023-01-01T05:00Z,OR,41,Oregon,15.27,OverPayment,https://fns-prod.azureedge.us/sites/default/files/resource-files/snap-fy23-qc-payment-error-rate.pdf
2023-01-01T05:00Z,OR,41,Oregon,-1.49,UnderPayment,https://fns-prod.azureedge.us/sites/default/files/resource-files/snap-fy23-qc-payment-error-rate.pdf
2003-01-01T05:00Z,PA,42,Pennsylvania,6.24,OverPayment,
2003-01-01T05:00Z,PA,42,Pennsylvania,-1.97,UnderPayment,
2004-01-01T05:00Z,PA,42,Pennsylvania,2.86,OverPayment,
2004-01-01T05:00Z,PA,42,Pennsylvania,-1.14,UnderPayment,
2005-01-01T05:00Z,PA,42,Pennsylvania,3.64,OverPayment,
2005-01-01T05:00Z,PA,42,Pennsylvania,-0.87,UnderPayment,
2006-01-01T05:00Z,PA,42,Pennsylvania,3.13,OverPayment,
2006-01-01T05:00Z,PA,42,Pennsylvania,-0.51,UnderPayment,
2007-01-01T05:00Z,PA,42,Pennsylvania,2.45,OverPayment,
2007-01-01T05:00Z,PA,42,Pennsylvania,-0.26,UnderPayment,
2008-01-01T05:00Z,PA,42,Pennsylvania,3.03,OverPayment,
2008-01-01T05:00Z,PA,42,Pennsylvania,-0.34,UnderPayment,
2009-01-01T05:00Z,PA,42,Pennsylvania,4.08,OverPayment,
2009-01-01T05:00Z,PA,42,Pennsylvania,-0.35,UnderPayment,
2010-01-01T05:00Z,PA,42,Pennsylvania,2.96,OverPayment,
2010-01-01T05:00Z,PA,42,Pennsylvania,-0.97,UnderPayment,
2011-01-01T05:00Z,PA,42,Pennsylvania,2.74,OverPayment,
2011-01-01T05:00Z,PA,42,Pennsylvania,-0.56,UnderPayment,
2012-01-01T05:00Z,PA,42,Pennsylvania,2.49,OverPayment,
2012-01-01T05:00Z,PA,42,Pennsylvania,-0.59,UnderPayment,
2013-01-01T05:00Z,PA,42,Pennsylvania,2.73,OverPayment,
2013-01-01T05:00Z,PA,42,Pennsylvania,-0.84,UnderPayment,
2014-01-01T05:00Z,PA,42,Pennsylvania,3.34,OverPayment,
2014-01-01T05:00Z,PA,42,Pennsylvania,-0.93,UnderPayment,
2016-01-01T05:00Z,,,Pennsylvania,NaN,OverPayment,
2016-01-01T05:00Z,,,Pennsylvania,NaN,UnderPayment,
2017-01-01T05:00Z,PA,42,Pennsylvania,4.64,OverPayment,
2017-01-01T05:00Z,PA,42,Pennsylvania,-0.44,UnderPayment,
2018-01-01T05:00Z,PA,42,Pennsylvania,5.26,OverPayment,
2018-01-01T05:00Z,PA,42,Pennsylvania,-1.24,UnderPayment,
2019-01-01T05:00Z,PA,42,Pennsylvania,5.83,OverPayment,https://fns-prod.azureedge.us/sites/default/files/resource-files/FY2019SNAPQCPaymentErrorRateChartGeneric.pdf
2019-01-01T05:00Z,PA,42,Pennsylvania,-1.17,UnderPayment,https://fns-prod.azureedge.us/sites/default/files/resource-files/FY2019SNAPQCPaymentErrorRateChartGeneric.pdf
2020-01-01T05:00Z,,,Pennsylvania,NaN,OverPayment,
2020-01-01T05:00Z,,,Pennsylvania,NaN,UnderPayment,
2021-01-01T05:00Z,,,Pennsylvania,NaN,OverPayment,
2021-01-01T05:00Z,,,Pennsylvania,NaN,UnderPayment,
2022-01-01T05:00Z,PA,42,Pennsylvania,12.54,OverPayment,https://fns-prod.azureedge.us/sites/default/files/resource-files/snap-fy22-qc-payment-error-rate.pdf
2022-01-01T05:00Z,PA,42,Pennsylvania,-1.91,UnderPayment,https://fns-prod.azureedge.us/sites/default/files/resource-files/snap-fy22-qc-payment-error-rate.pdf
2023-01-01T05:00Z,PA,42,Pennsylvania,15.03,OverPayment,https://fns-prod.azureedge.us/sites/default/files/resource-files/snap-fy23-qc-payment-error-rate.pdf
2023-01-01T05:00Z,PA,42,Pennsylvania,-1.58,UnderPayment,https://fns-prod.azureedge.us/sites/default/files/resource-files/snap-fy23-qc-payment-error-rate.pdf
2003-01-01T05:00Z,RI,44,Rhode Island,7.04,OverPayment,
2003-01-01T05:00Z,RI,44,Rhode Island,-1.9,UnderPayment,
2004-01-01T05:00Z,RI,44,Rhode Island,10.45,OverPayment,
2004-01-01T05:00Z,RI,44,Rhode Island,-2.85,UnderPayment,
2005-01-01T05:00Z,RI,44,Rhode Island,7.12,OverPayment,
2005-01-01T05:00Z,RI,44,Rhode Island,-2.71,UnderPayment,
2006-01-01T05:00Z,RI,44,Rhode Island,2.91,OverPayment,
2006-01-01T05:00Z,RI,44,Rhode Island,-1.1,UnderPayment,
2007-01-01T05:00Z,RI,44,Rhode Island,4,OverPayment,
2007-01-01T05:00Z,RI,44,Rhode Island,-1.34,UnderPayment,
2008-01-01T05:00Z,RI,44,Rhode Island,3.12,OverPayment,
2008-01-01T05:00Z,RI,44,Rhode Island,-0.86,UnderPayment,
2009-01-01T05:00Z,RI,44,Rhode Island,3.08,OverPayment,
2009-01-01T05:00Z,RI,44,Rhode Island,-0.6,UnderPayment,
2010-01-01T05:00Z,RI,44,Rhode Island,4.76,OverPayment,
2010-01-01T05:00Z,RI,44,Rhode Island,-1.22,UnderPayment,
2011-01-01T05:00Z,RI,44,Rhode Island,6.34,OverPayment,
2011-01-01T05:00Z,RI,44,Rhode Island,-1.55,UnderPayment,
2012-01-01T05:00Z,RI,44,Rhode Island,6.5,OverPayment,
2012-01-01T05:00Z,RI,44,Rhode Island,-0.86,UnderPayment,
2013-01-01T05:00Z,RI,44,Rhode Island,7.19,OverPayment,
2013-01-01T05:00Z,RI,44,Rhode Island,-1.07,UnderPayment,
2014-01-01T05:00Z,RI,44,Rhode Island,5.17,OverPayment,
2014-01-01T05:00Z,RI,44,Rhode Island,-0.8,UnderPayment,
2016-01-01T05:00Z,,,Rhode Island,NaN,OverPayment,
2016-01-01T05:00Z,,,Rhode Island,NaN,UnderPayment,
2017-01-01T05:00Z,RI,44,Rhode Island,10.07,OverPayment,
2017-01-01T05:00Z,RI,44,Rhode Island,-1.17,UnderPayment,
2018-01-01T05:00Z,RI,44,Rhode Island,12.31,OverPayment,
2018-01-01T05:00Z,RI,44,Rhode Island,-1.5,UnderPayment,
2019-01-01T05:00Z,RI,44,Rhode Island,21.57,OverPayment,https://fns-prod.azureedge.us/sites/default/files/resource-files/FY2019SNAPQCPaymentErrorRateChartGeneric.pdf
2019-01-01T05:00Z,RI,44,Rhode Island,-1.09,UnderPayment,https://fns-prod.azureedge.us/sites/default/files/resource-files/FY2019SNAPQCPaymentErrorRateChartGeneric.pdf
2020-01-01T05:00Z,,,Rhode Island,NaN,OverPayment,
2020-01-01T05:00Z,,,Rhode Island,NaN,UnderPayment,
2021-01-01T05:00Z,,,Rhode Island,NaN,OverPayment,
2021-01-01T05:00Z,,,Rhode Island,NaN,UnderPayment,
2022-01-01T05:00Z,RI,44,Rhode Island,12.18,OverPayment,https://fns-prod.azureedge.us/sites/default/files/resource-files/snap-fy22-qc-payment-error-rate.pdf
2022-01-01T05:00Z,RI,44,Rhode Island,-2.41,UnderPayment,https://fns-prod.azureedge.us/sites/default/files/resource-files/snap-fy22-qc-payment-error-rate.pdf
2023-01-01T05:00Z,RI,44,Rhode Island,9.75,OverPayment,https://fns-prod.azureedge.us/sites/default/files/resource-files/snap-fy23-qc-payment-error-rate.pdf
2023-01-01T05:00Z,RI,44,Rhode Island,-2.65,UnderPayment,https://fns-prod.azureedge.us/sites/default/files/resource-files/snap-fy23-qc-payment-error-rate.pdf
2003-01-01T05:00Z,SC,45,South Carolina,4.22,OverPayment,
2003-01-01T05:00Z,SC,45,South Carolina,-0.71,UnderPayment,
2004-01-01T05:00Z,SC,45,South Carolina,5.53,OverPayment,
2004-01-01T05:00Z,SC,45,South Carolina,-0.73,UnderPayment,
2005-01-01T05:00Z,SC,45,South Carolina,4.73,OverPayment,
2005-01-01T05:00Z,SC,45,South Carolina,-0.71,UnderPayment,
2006-01-01T05:00Z,SC,45,South Carolina,5.33,OverPayment,
2006-01-01T05:00Z,SC,45,South Carolina,-0.88,UnderPayment,
2007-01-01T05:00Z,SC,45,South Carolina,4.15,OverPayment,
2007-01-01T05:00Z,SC,45,South Carolina,-1.26,UnderPayment,
2008-01-01T05:00Z,SC,45,South Carolina,5.48,OverPayment,
2008-01-01T05:00Z,SC,45,South Carolina,-0.79,UnderPayment,
2009-01-01T05:00Z,SC,45,South Carolina,3.96,OverPayment,
2009-01-01T05:00Z,SC,45,South Carolina,-0.6,UnderPayment,
2010-01-01T05:00Z,SC,45,South Carolina,4.25,OverPayment,
2010-01-01T05:00Z,SC,45,South Carolina,-0.89,UnderPayment,
2011-01-01T05:00Z,SC,45,South Carolina,2.95,OverPayment,
2011-01-01T05:00Z,SC,45,South Carolina,-0.19,UnderPayment,
2012-01-01T05:00Z,SC,45,South Carolina,1.43,OverPayment,
2012-01-01T05:00Z,SC,45,South Carolina,-0.16,UnderPayment,
2013-01-01T05:00Z,SC,45,South Carolina,1.56,OverPayment,
2013-01-01T05:00Z,SC,45,South Carolina,-0.19,UnderPayment,
2014-01-01T05:00Z,SC,45,South Carolina,0.99,OverPayment,
2014-01-01T05:00Z,SC,45,South Carolina,-0.1,UnderPayment,
2016-01-01T05:00Z,,,South Carolina,NaN,OverPayment,
2016-01-01T05:00Z,,,South Carolina,NaN,UnderPayment,
2017-01-01T05:00Z,SC,45,South Carolina,3.05,OverPayment,
2017-01-01T05:00Z,SC,45,South Carolina,-1.16,UnderPayment,
2018-01-01T05:00Z,SC,45,South Carolina,4.7,OverPayment,
2018-01-01T05:00Z,SC,45,South Carolina,-0.57,UnderPayment,
2019-01-01T05:00Z,SC,45,South Carolina,4.11,OverPayment,https://fns-prod.azureedge.us/sites/default/files/resource-files/FY2019SNAPQCPaymentErrorRateChartGeneric.pdf
2019-01-01T05:00Z,SC,45,South Carolina,-0.98,UnderPayment,https://fns-prod.azureedge.us/sites/default/files/resource-files/FY2019SNAPQCPaymentErrorRateChartGeneric.pdf
2020-01-01T05:00Z,,,South Carolina,NaN,OverPayment,
2020-01-01T05:00Z,,,South Carolina,NaN,UnderPayment,
2021-01-01T05:00Z,,,South Carolina,NaN,OverPayment,
2021-01-01T05:00Z,,,South Carolina,NaN,UnderPayment,
2022-01-01T05:00Z,SC,45,South Carolina,7.49,OverPayment,https://fns-prod.azureedge.us/sites/default/files/resource-files/snap-fy22-qc-payment-error-rate.pdf
2022-01-01T05:00Z,SC,45,South Carolina,-1.7,UnderPayment,https://fns-prod.azureedge.us/sites/default/files/resource-files/snap-fy22-qc-payment-error-rate.pdf
2023-01-01T05:00Z,SC,45,South Carolina,20.94,OverPayment,https://fns-prod.azureedge.us/sites/default/files/resource-files/snap-fy23-qc-payment-error-rate.pdf
2023-01-01T05:00Z,SC,45,South Carolina,-1.63,UnderPayment,https://fns-prod.azureedge.us/sites/default/files/resource-files/snap-fy23-qc-payment-error-rate.pdf
2003-01-01T05:00Z,SD,46,South Dakota,0.9,OverPayment,
2003-01-01T05:00Z,SD,46,South Dakota,-0.25,UnderPayment,
2004-01-01T05:00Z,SD,46,South Dakota,1.69,OverPayment,
2004-01-01T05:00Z,SD,46,South Dakota,-0.28,UnderPayment,
2005-01-01T05:00Z,SD,46,South Dakota,1.01,OverPayment,
2005-01-01T05:00Z,SD,46,South Dakota,-0.18,UnderPayment,
2006-01-01T05:00Z,SD,46,South Dakota,1.51,OverPayment,
2006-01-01T05:00Z,SD,46,South Dakota,-0.32,UnderPayment,
2007-01-01T05:00Z,SD,46,South Dakota,1.02,OverPayment,
2007-01-01T05:00Z,SD,46,South Dakota,-0.26,UnderPayment,
2008-01-01T05:00Z,SD,46,South Dakota,0.74,OverPayment,
2008-01-01T05:00Z,SD,46,South Dakota,-0.25,UnderPayment,
2009-01-01T05:00Z,SD,46,South Dakota,0.69,OverPayment,
2009-01-01T05:00Z,SD,46,South Dakota,-0.25,UnderPayment,
2010-01-01T05:00Z,SD,46,South Dakota,0.94,OverPayment,
2010-01-01T05:00Z,SD,46,South Dakota,-0.37,UnderPayment,
2011-01-01T05:00Z,SD,46,South Dakota,1.29,OverPayment,
2011-01-01T05:00Z,SD,46,South Dakota,-0.3,UnderPayment,
2012-01-01T05:00Z,SD,46,South Dakota,1.28,OverPayment,
2012-01-01T05:00Z,SD,46,South Dakota,-0.09,UnderPayment,
2013-01-01T05:00Z,SD,46,South Dakota,0.71,OverPayment,
2013-01-01T05:00Z,SD,46,South Dakota,-0.28,UnderPayment,
2014-01-01T05:00Z,SD,46,South Dakota,1.13,OverPayment,
2014-01-01T05:00Z,SD,46,South Dakota,-0.13,UnderPayment,
2015-01-01T05:00Z,SD,46,South Dakota,0.61,OverPayment,
2015-01-01T05:00Z,SD,46,South Dakota,-0.14,UnderPayment,
2016-01-01T05:00Z,,,South Dakota,NaN,OverPayment,
2016-01-01T05:00Z,,,South Dakota,NaN,UnderPayment,
2017-01-01T05:00Z,SD,46,South Dakota,0.85,OverPayment,
2017-01-01T05:00Z,SD,46,South Dakota,-0.36,UnderPayment,
2018-01-01T05:00Z,SD,46,South Dakota,0.9,OverPayment,
2018-01-01T05:00Z,SD,46,South Dakota,-0.13,UnderPayment,
2019-01-01T05:00Z,SD,46,South Dakota,1.91,OverPayment,https://fns-prod.azureedge.us/sites/default/files/resource-files/FY2019SNAPQCPaymentErrorRateChartGeneric.pdf
2019-01-01T05:00Z,SD,46,South Dakota,-0.5,UnderPayment,https://fns-prod.azureedge.us/sites/default/files/resource-files/FY2019SNAPQCPaymentErrorRateChartGeneric.pdf
2020-01-01T05:00Z,,,South Dakota,NaN,OverPayment,
2020-01-01T05:00Z,,,South Dakota,NaN,UnderPayment,
2021-01-01T05:00Z,,,South Dakota,NaN,OverPayment,
2021-01-01T05:00Z,,,South Dakota,NaN,UnderPayment,
2022-01-01T05:00Z,SD,46,South Dakota,2.68,OverPayment,https://fns-prod.azureedge.us/sites/default/files/resource-files/snap-fy22-qc-payment-error-rate.pdf
2022-01-01T05:00Z,SD,46,South Dakota,-0.39,UnderPayment,https://fns-prod.azureedge.us/sites/default/files/resource-files/snap-fy22-qc-payment-error-rate.pdf
2023-01-01T05:00Z,SD,46,South Dakota,2.87,OverPayment,https://fns-prod.azureedge.us/sites/default/files/resource-files/snap-fy23-qc-payment-error-rate.pdf
2023-01-01T05:00Z,SD,46,South Dakota,-0.4,UnderPayment,https://fns-prod.azureedge.us/sites/default/files/resource-files/snap-fy23-qc-payment-error-rate.pdf
2003-01-01T05:00Z,TN,47,Tennessee,6.13,OverPayment,
2003-01-01T05:00Z,TN,47,Tennessee,-1.07,UnderPayment,
2004-01-01T05:00Z,TN,47,Tennessee,4.98,OverPayment,
2004-01-01T05:00Z,TN,47,Tennessee,-1.71,UnderPayment,
2005-01-01T05:00Z,TN,47,Tennessee,5.28,OverPayment,
2005-01-01T05:00Z,TN,47,Tennessee,-0.73,UnderPayment,
2006-01-01T05:00Z,TN,47,Tennessee,5.13,OverPayment,
2006-01-01T05:00Z,TN,47,Tennessee,-0.44,UnderPayment,
2007-01-01T05:00Z,TN,47,Tennessee,4.37,OverPayment,
2007-01-01T05:00Z,TN,47,Tennessee,-0.76,UnderPayment,
2008-01-01T05:00Z,TN,47,Tennessee,4.47,OverPayment,
2008-01-01T05:00Z,TN,47,Tennessee,-0.41,UnderPayment,
2009-01-01T05:00Z,TN,47,Tennessee,3.03,OverPayment,
2009-01-01T05:00Z,TN,47,Tennessee,-0.25,UnderPayment,
2010-01-01T05:00Z,TN,47,Tennessee,3.96,OverPayment,
2010-01-01T05:00Z,TN,47,Tennessee,-0.43,UnderPayment,
2011-01-01T05:00Z,TN,47,Tennessee,4.87,OverPayment,
2011-01-01T05:00Z,TN,47,Tennessee,-0.58,UnderPayment,
2012-01-01T05:00Z,TN,47,Tennessee,2.72,OverPayment,
2012-01-01T05:00Z,TN,47,Tennessee,-0.53,UnderPayment,
2013-01-01T05:00Z,TN,47,Tennessee,1.22,OverPayment,
2013-01-01T05:00Z,TN,47,Tennessee,-0.1,UnderPayment,
2014-01-01T05:00Z,TN,47,Tennessee,1,OverPayment,
2014-01-01T05:00Z,TN,47,Tennessee,-0.08,UnderPayment,
2016-01-01T05:00Z,,,Tennessee,NaN,OverPayment,
2016-01-01T05:00Z,,,Tennessee,NaN,UnderPayment,
2017-01-01T05:00Z,TN,47,Tennessee,3.96,OverPayment,
2017-01-01T05:00Z,TN,47,Tennessee,-0.52,UnderPayment,
2018-01-01T05:00Z,TN,47,Tennessee,3.58,OverPayment,
2018-01-01T05:00Z,TN,47,Tennessee,-0.61,UnderPayment,
2019-01-01T05:00Z,TN,47,Tennessee,5.88,OverPayment,https://fns-prod.azureedge.us/sites/default/files/resource-files/FY2019SNAPQCPaymentErrorRateChartGeneric.pdf
2019-01-01T05:00Z,TN,47,Tennessee,-0.84,UnderPayment,https://fns-prod.azureedge.us/sites/default/files/resource-files/FY2019SNAPQCPaymentErrorRateChartGeneric.pdf
2020-01-01T05:00Z,,,Tennessee,NaN,OverPayment,
2020-01-01T05:00Z,,,Tennessee,NaN,UnderPayment,
2021-01-01T05:00Z,,,Tennessee,NaN,OverPayment,
2021-01-01T05:00Z,,,Tennessee,NaN,UnderPayment,
2022-01-01T05:00Z,TN,47,Tennessee,19.04,OverPayment,https://fns-prod.azureedge.us/sites/default/files/resource-files/snap-fy22-qc-payment-error-rate.pdf
2022-01-01T05:00Z,TN,47,Tennessee,-0.75,UnderPayment,https://fns-prod.azureedge.us/sites/default/files/resource-files/snap-fy22-qc-payment-error-rate.pdf
2023-01-01T05:00Z,TN,47,Tennessee,11.54,OverPayment,https://fns-prod.azureedge.us/sites/default/files/resource-files/snap-fy23-qc-payment-error-rate.pdf
2023-01-01T05:00Z,TN,47,Tennessee,-1.02,UnderPayment,https://fns-prod.azureedge.us/sites/default/files/resource-files/snap-fy23-qc-payment-error-rate.pdf
2003-01-01T05:00Z,TX,48,Texas,2.23,OverPayment,
2003-01-01T05:00Z,TX,48,Texas,-1.06,UnderPayment,
2004-01-01T05:00Z,TX,48,Texas,2.85,OverPayment,
2004-01-01T05:00Z,TX,48,Texas,-1.27,UnderPayment,
2005-01-01T05:00Z,TX,48,Texas,3.58,OverPayment,
2005-01-01T05:00Z,TX,48,Texas,-1.46,UnderPayment,
2006-01-01T05:00Z,TX,48,Texas,5.11,OverPayment,
2006-01-01T05:00Z,TX,48,Texas,-1.35,UnderPayment,
2007-01-01T05:00Z,TX,48,Texas,5.39,OverPayment,
2007-01-01T05:00Z,TX,48,Texas,-0.99,UnderPayment,
2008-01-01T05:00Z,TX,48,Texas,5.38,OverPayment,
2008-01-01T05:00Z,TX,48,Texas,-1.74,UnderPayment,
2009-01-01T05:00Z,TX,48,Texas,5.83,OverPayment,
2009-01-01T05:00Z,TX,48,Texas,-1.07,UnderPayment,
2010-01-01T05:00Z,TX,48,Texas,1.54,OverPayment,
2010-01-01T05:00Z,TX,48,Texas,-0.59,UnderPayment,
2011-01-01T05:00Z,TX,48,Texas,2.63,OverPayment,
2011-01-01T05:00Z,TX,48,Texas,-0.85,UnderPayment,
2012-01-01T05:00Z,TX,48,Texas,2.92,OverPayment,
2012-01-01T05:00Z,TX,48,Texas,-0.71,UnderPayment,
2013-01-01T05:00Z,TX,48,Texas,1.24,OverPayment,
2013-01-01T05:00Z,TX,48,Texas,-0.21,UnderPayment,
2014-01-01T05:00Z,TX,48,Texas,0.33,OverPayment,
2014-01-01T05:00Z,TX,48,Texas,-0.3,UnderPayment,
2016-01-01T05:00Z,,,Texas,NaN,OverPayment,
2016-01-01T05:00Z,,,Texas,NaN,UnderPayment,
2017-01-01T05:00Z,TX,48,Texas,2.81,OverPayment,
2017-01-01T05:00Z,TX,48,Texas,-1.32,UnderPayment,
2018-01-01T05:00Z,TX,48,Texas,3.37,OverPayment,
2018-01-01T05:00Z,TX,48,Texas,-1.48,UnderPayment,
2019-01-01T05:00Z,TX,48,Texas,5.18,OverPayment,https://fns-prod.azureedge.us/sites/default/files/resource-files/FY2019SNAPQCPaymentErrorRateChartGeneric.pdf
2019-01-01T05:00Z,TX,48,Texas,-1.43,UnderPayment,https://fns-prod.azureedge.us/sites/default/files/resource-files/FY2019SNAPQCPaymentErrorRateChartGeneric.pdf
2020-01-01T05:00Z,,,Texas,NaN,OverPayment,
2020-01-01T05:00Z,,,Texas,NaN,UnderPayment,
2021-01-01T05:00Z,,,Texas,NaN,OverPayment,
2021-01-01T05:00Z,,,Texas,NaN,UnderPayment,
2022-01-01T05:00Z,TX,48,Texas,5.26,OverPayment,https://fns-prod.azureedge.us/sites/default/files/resource-files/snap-fy22-qc-payment-error-rate.pdf
2022-01-01T05:00Z,TX,48,Texas,-2.6,UnderPayment,https://fns-prod.azureedge.us/sites/default/files/resource-files/snap-fy22-qc-payment-error-rate.pdf
2023-01-01T05:00Z,TX,48,Texas,4.54,OverPayment,https://fns-prod.azureedge.us/sites/default/files/resource-files/snap-fy23-qc-payment-error-rate.pdf
2023-01-01T05:00Z,TX,48,Texas,-2.15,UnderPayment,https://fns-prod.azureedge.us/sites/default/files/resource-files/snap-fy23-qc-payment-error-rate.pdf
2003-01-01T05:00Z,UT,49,Utah,3.4,OverPayment,
2003-01-01T05:00Z,UT,49,Utah,-1.6,UnderPayment,
2004-01-01T05:00Z,UT,49,Utah,2.73,OverPayment,
2004-01-01T05:00Z,UT,49,Utah,-1.03,UnderPayment,
2005-01-01T05:00Z,UT,49,Utah,3.12,OverPayment,
2005-01-01T05:00Z,UT,49,Utah,-1.29,UnderPayment,
2006-01-01T05:00Z,UT,49,Utah,3,OverPayment,
2006-01-01T05:00Z,UT,49,Utah,-1.22,UnderPayment,
2007-01-01T05:00Z,UT,49,Utah,2.55,OverPayment,
2007-01-01T05:00Z,UT,49,Utah,-1.25,UnderPayment,
2008-01-01T05:00Z,UT,49,Utah,2.84,OverPayment,
2008-01-01T05:00Z,UT,49,Utah,-1.18,UnderPayment,
2009-01-01T05:00Z,UT,49,Utah,2.97,OverPayment,
2009-01-01T05:00Z,UT,49,Utah,-0.82,UnderPayment,
2010-01-01T05:00Z,UT,49,Utah,2.8,OverPayment,
2010-01-01T05:00Z,UT,49,Utah,-1.54,UnderPayment,
2011-01-01T05:00Z,UT,49,Utah,2.82,OverPayment,
2011-01-01T05:00Z,UT,49,Utah,-1.37,UnderPayment,
2012-01-01T05:00Z,UT,49,Utah,1.49,OverPayment,
2012-01-01T05:00Z,UT,49,Utah,-0.91,UnderPayment,
2013-01-01T05:00Z,UT,49,Utah,1.49,OverPayment,
2013-01-01T05:00Z,UT,49,Utah,-0.62,UnderPayment,
2014-01-01T05:00Z,UT,49,Utah,2.06,OverPayment,
2014-01-01T05:00Z,UT,49,Utah,-0.73,UnderPayment,
2016-01-01T05:00Z,,,Utah,NaN,OverPayment,
2016-01-01T05:00Z,,,Utah,NaN,UnderPayment,
2017-01-01T05:00Z,UT,49,Utah,4.51,OverPayment,
2017-01-01T05:00Z,UT,49,Utah,-1.08,UnderPayment,
2018-01-01T05:00Z,UT,49,Utah,5.21,OverPayment,
2018-01-01T05:00Z,UT,49,Utah,-0.76,UnderPayment,
2019-01-01T05:00Z,UT,49,Utah,3.62,OverPayment,https://fns-prod.azureedge.us/sites/default/files/resource-files/FY2019SNAPQCPaymentErrorRateChartGeneric.pdf
2019-01-01T05:00Z,UT,49,Utah,-0.71,UnderPayment,https://fns-prod.azureedge.us/sites/default/files/resource-files/FY2019SNAPQCPaymentErrorRateChartGeneric.pdf
2020-01-01T05:00Z,,,Utah,NaN,OverPayment,
2020-01-01T05:00Z,,,Utah,NaN,UnderPayment,
2021-01-01T05:00Z,,,Utah,NaN,OverPayment,
2021-01-01T05:00Z,,,Utah,NaN,UnderPayment,
2022-01-01T05:00Z,UT,49,Utah,5.58,OverPayment,https://fns-prod.azureedge.us/sites/default/files/resource-files/snap-fy22-qc-payment-error-rate.pdf
2022-01-01T05:00Z,UT,49,Utah,-1.03,UnderPayment,https://fns-prod.azureedge.us/sites/default/files/resource-files/snap-fy22-qc-payment-error-rate.pdf
2023-01-01T05:00Z,UT,49,Utah,4.32,OverPayment,https://fns-prod.azureedge.us/sites/default/files/resource-files/snap-fy23-qc-payment-error-rate.pdf
2023-01-01T05:00Z,UT,49,Utah,-0.77,UnderPayment,https://fns-prod.azureedge.us/sites/default/files/resource-files/snap-fy23-qc-payment-error-rate.pdf
2003-01-01T05:00Z,VT,50,Vermont,6.99,OverPayment,
2003-01-01T05:00Z,VT,50,Vermont,-1.53,UnderPayment,
2004-01-01T05:00Z,VT,50,Vermont,4.07,OverPayment,
2004-01-01T05:00Z,VT,50,Vermont,-1.06,UnderPayment,
2005-01-01T05:00Z,VT,50,Vermont,4.61,OverPayment,
2005-01-01T05:00Z,VT,50,Vermont,-1.03,UnderPayment,
2006-01-01T05:00Z,VT,50,Vermont,3.78,OverPayment,
2006-01-01T05:00Z,VT,50,Vermont,-1.47,UnderPayment,
2007-01-01T05:00Z,VT,50,Vermont,5.39,OverPayment,
2007-01-01T05:00Z,VT,50,Vermont,-0.85,UnderPayment,
2008-01-01T05:00Z,VT,50,Vermont,4.56,OverPayment,
2008-01-01T05:00Z,VT,50,Vermont,-0.96,UnderPayment,
2009-01-01T05:00Z,VT,50,Vermont,4.25,OverPayment,
2009-01-01T05:00Z,VT,50,Vermont,-1.17,UnderPayment,
2010-01-01T05:00Z,VT,50,Vermont,5.6,OverPayment,
2010-01-01T05:00Z,VT,50,Vermont,-0.99,UnderPayment,
2011-01-01T05:00Z,VT,50,Vermont,7.02,OverPayment,
2011-01-01T05:00Z,VT,50,Vermont,-1.51,UnderPayment,
2012-01-01T05:00Z,VT,50,Vermont,5.76,OverPayment,
2012-01-01T05:00Z,VT,50,Vermont,-1.2,UnderPayment,
2013-01-01T05:00Z,VT,50,Vermont,8.62,OverPayment,
2013-01-01T05:00Z,VT,50,Vermont,-1.05,UnderPayment,
2014-01-01T05:00Z,VT,50,Vermont,2.35,OverPayment,
2014-01-01T05:00Z,VT,50,Vermont,-0.41,UnderPayment,
2016-01-01T05:00Z,,,Vermont,NaN,OverPayment,
2016-01-01T05:00Z,,,Vermont,NaN,UnderPayment,
2017-01-01T05:00Z,VT,50,Vermont,6.51,OverPayment,
2017-01-01T05:00Z,VT,50,Vermont,-1.17,UnderPayment,
2018-01-01T05:00Z,VT,50,Vermont,3.35,OverPayment,
2018-01-01T05:00Z,VT,50,Vermont,-0.21,UnderPayment,
2019-01-01T05:00Z,VT,50,Vermont,2.56,OverPayment,https://fns-prod.azureedge.us/sites/default/files/resource-files/FY2019SNAPQCPaymentErrorRateChartGeneric.pdf
2019-01-01T05:00Z,VT,50,Vermont,-0.45,UnderPayment,https://fns-prod.azureedge.us/sites/default/files/resource-files/FY2019SNAPQCPaymentErrorRateChartGeneric.pdf
2020-01-01T05:00Z,,,Vermont,NaN,OverPayment,
2020-01-01T05:00Z,,,Vermont,NaN,UnderPayment,
2021-01-01T05:00Z,,,Vermont,NaN,OverPayment,
2021-01-01T05:00Z,,,Vermont,NaN,UnderPayment,
2022-01-01T05:00Z,VT,50,Vermont,4.1,OverPayment,https://fns-prod.azureedge.us/sites/default/files/resource-files/snap-fy22-qc-payment-error-rate.pdf
2022-01-01T05:00Z,VT,50,Vermont,-0.47,UnderPayment,https://fns-prod.azureedge.us/sites/default/files/resource-files/snap-fy22-qc-payment-error-rate.pdf
2023-01-01T05:00Z,VT,50,Vermont,2.82,OverPayment,https://fns-prod.azureedge.us/sites/default/files/resource-files/snap-fy23-qc-payment-error-rate.pdf
2023-01-01T05:00Z,VT,50,Vermont,-0.64,UnderPayment,https://fns-prod.azureedge.us/sites/default/files/resource-files/snap-fy23-qc-payment-error-rate.pdf
2003-01-01T05:00Z,VI,78,Virgin Islands,5.87,OverPayment,
2003-01-01T05:00Z,VI,78,Virgin Islands,-1,UnderPayment,
2004-01-01T05:00Z,VI,78,Virgin Islands,3.76,OverPayment,
2004-01-01T05:00Z,VI,78,Virgin Islands,-1.02,UnderPayment,
2005-01-01T05:00Z,VI,78,Virgin Islands,1.98,OverPayment,
2005-01-01T05:00Z,VI,78,Virgin Islands,-0.13,UnderPayment,
2006-01-01T05:00Z,VI,78,Virgin Islands,1.55,OverPayment,
2006-01-01T05:00Z,VI,78,Virgin Islands,-0.38,UnderPayment,
2007-01-01T05:00Z,VI,78,Virgin Islands,2.82,OverPayment,
2007-01-01T05:00Z,VI,78,Virgin Islands,-0.22,UnderPayment,
2008-01-01T05:00Z,VI,78,Virgin Islands,2.08,OverPayment,
2008-01-01T05:00Z,VI,78,Virgin Islands,-1.14,UnderPayment,
2009-01-01T05:00Z,VI,78,Virgin Islands,2.66,OverPayment,
2009-01-01T05:00Z,VI,78,Virgin Islands,-0.18,UnderPayment,
2010-01-01T05:00Z,VI,78,Virgin Islands,2.62,OverPayment,
2010-01-01T05:00Z,VI,78,Virgin Islands,-0.48,UnderPayment,
2011-01-01T05:00Z,VI,78,Virgin Islands,3.33,OverPayment,
2011-01-01T05:00Z,VI,78,Virgin Islands,-1.43,UnderPayment,
2012-01-01T05:00Z,VI,78,Virgin Islands,3.86,OverPayment,
2012-01-01T05:00Z,VI,78,Virgin Islands,-0.34,UnderPayment,
2013-01-01T05:00Z,VI,78,Virgin Islands,3.26,OverPayment,
2013-01-01T05:00Z,VI,78,Virgin Islands,-0.32,UnderPayment,
2014-01-01T05:00Z,VI,78,Virgin Islands,2.51,OverPayment,
2014-01-01T05:00Z,VI,78,Virgin Islands,-0.67,UnderPayment,
2015-01-01T05:00Z,VI,78,Virgin Islands,2.05,OverPayment,
2015-01-01T05:00Z,VI,78,Virgin Islands,-0.31,UnderPayment,
2016-01-01T05:00Z,,,Virgin Islands,NaN,OverPayment,
2016-01-01T05:00Z,,,Virgin Islands,NaN,UnderPayment,
2017-01-01T05:00Z,VI,78,Virgin Islands,2.87,OverPayment,
2017-01-01T05:00Z,VI,78,Virgin Islands,-0.47,UnderPayment,
2018-01-01T05:00Z,VI,78,Virgin Islands,5.85,OverPayment,
2018-01-01T05:00Z,VI,78,Virgin Islands,-1.02,UnderPayment,
2019-01-01T05:00Z,VI,78,Virgin Islands,5.28,OverPayment,https://fns-prod.azureedge.us/sites/default/files/resource-files/FY2019SNAPQCPaymentErrorRateChartGeneric.pdf
2019-01-01T05:00Z,VI,78,Virgin Islands,-1.49,UnderPayment,https://fns-prod.azureedge.us/sites/default/files/resource-files/FY2019SNAPQCPaymentErrorRateChartGeneric.pdf
2020-01-01T05:00Z,,,Virgin Islands,NaN,OverPayment,
2020-01-01T05:00Z,,,Virgin Islands,NaN,UnderPayment,
2021-01-01T05:00Z,,,Virgin Islands,NaN,OverPayment,
2021-01-01T05:00Z,,,Virgin Islands,NaN,UnderPayment,
2022-01-01T05:00Z,VI,78,Virgin Islands,5.95,OverPayment,https://fns-prod.azureedge.us/sites/default/files/resource-files/snap-fy22-qc-payment-error-rate.pdf
2022-01-01T05:00Z,VI,78,Virgin Islands,-1.28,UnderPayment,https://fns-prod.azureedge.us/sites/default/files/resource-files/snap-fy22-qc-payment-error-rate.pdf
2023-01-01T05:00Z,VI,78,Virgin Islands,8.54,OverPayment,https://fns-prod.azureedge.us/sites/default/files/resource-files/snap-fy23-qc-payment-error-rate.pdf
2023-01-01T05:00Z,VI,78,Virgin Islands,-1.75,UnderPayment,https://fns-prod.azureedge.us/sites/default/files/resource-files/snap-fy23-qc-payment-error-rate.pdf
2003-01-01T05:00Z,VA,51,Virginia,4.13,OverPayment,
2003-01-01T05:00Z,VA,51,Virginia,-1.33,UnderPayment,
2004-01-01T05:00Z,VA,51,Virginia,5.2,OverPayment,
2004-01-01T05:00Z,VA,51,Virginia,-1.39,UnderPayment,
2005-01-01T05:00Z,VA,51,Virginia,4.75,OverPayment,
2005-01-01T05:00Z,VA,51,Virginia,-1.03,UnderPayment,
2006-01-01T05:00Z,VA,51,Virginia,6.13,OverPayment,
2006-01-01T05:00Z,VA,51,Virginia,-0.83,UnderPayment,
2007-01-01T05:00Z,VA,51,Virginia,5.5,OverPayment,
2007-01-01T05:00Z,VA,51,Virginia,-0.97,UnderPayment,
2008-01-01T05:00Z,VA,51,Virginia,4.33,OverPayment,
2008-01-01T05:00Z,VA,51,Virginia,-1.42,UnderPayment,
2009-01-01T05:00Z,VA,51,Virginia,4.68,OverPayment,
2009-01-01T05:00Z,VA,51,Virginia,-1.06,UnderPayment,
2010-01-01T05:00Z,VA,51,Virginia,5.04,OverPayment,
2010-01-01T05:00Z,VA,51,Virginia,-0.83,UnderPayment,
2011-01-01T05:00Z,VA,51,Virginia,3.07,OverPayment,
2011-01-01T05:00Z,VA,51,Virginia,-0.35,UnderPayment,
2012-01-01T05:00Z,VA,51,Virginia,1.33,OverPayment,
2012-01-01T05:00Z,VA,51,Virginia,-0.43,UnderPayment,
2013-01-01T05:00Z,VA,51,Virginia,0.35,OverPayment,
2013-01-01T05:00Z,VA,51,Virginia,-0.09,UnderPayment,
2014-01-01T05:00Z,VA,51,Virginia,4.68,OverPayment,
2014-01-01T05:00Z,VA,51,Virginia,-0.05,UnderPayment,
2016-01-01T05:00Z,,,Virginia,NaN,OverPayment,
2016-01-01T05:00Z,,,Virginia,NaN,UnderPayment,
2017-01-01T05:00Z,VA,51,Virginia,7.95,OverPayment,
2017-01-01T05:00Z,VA,51,Virginia,-1.75,UnderPayment,
2018-01-01T05:00Z,VA,51,Virginia,7.89,OverPayment,
2018-01-01T05:00Z,VA,51,Virginia,-1.73,UnderPayment,
2019-01-01T05:00Z,VA,51,Virginia,9.65,OverPayment,https://fns-prod.azureedge.us/sites/default/files/resource-files/FY2019SNAPQCPaymentErrorRateChartGeneric.pdf
2019-01-01T05:00Z,VA,51,Virginia,-0.87,UnderPayment,https://fns-prod.azureedge.us/sites/default/files/resource-files/FY2019SNAPQCPaymentErrorRateChartGeneric.pdf
2020-01-01T05:00Z,,,Virginia,NaN,OverPayment,
2020-01-01T05:00Z,,,Virginia,NaN,UnderPayment,
2021-01-01T05:00Z,,,Virginia,NaN,OverPayment,
2021-01-01T05:00Z,,,Virginia,NaN,UnderPayment,
2022-01-01T05:00Z,VA,51,Virginia,7.66,OverPayment,https://fns-prod.azureedge.us/sites/default/files/resource-files/snap-fy22-qc-payment-error-rate.pdf
2022-01-01T05:00Z,VA,51,Virginia,-1.68,UnderPayment,https://fns-prod.azureedge.us/sites/default/files/resource-files/snap-fy22-qc-payment-error-rate.pdf
2023-01-01T05:00Z,VA,51,Virginia,8.15,OverPayment,https://fns-prod.azureedge.us/sites/default/files/resource-files/snap-fy23-qc-payment-error-rate.pdf
2023-01-01T05:00Z,VA,51,Virginia,-1.71,UnderPayment,https://fns-prod.azureedge.us/sites/default/files/resource-files/snap-fy23-qc-payment-error-rate.pdf
2003-01-01T05:00Z,WA,53,Washington,5.02,OverPayment,
2003-01-01T05:00Z,WA,53,Washington,-1.26,UnderPayment,
2004-01-01T05:00Z,WA,53,Washington,5.88,OverPayment,
2004-01-01T05:00Z,WA,53,Washington,-1.74,UnderPayment,
2005-01-01T05:00Z,WA,53,Washington,1.67,OverPayment,
2005-01-01T05:00Z,WA,53,Washington,-1.05,UnderPayment,
2006-01-01T05:00Z,WA,53,Washington,2.24,OverPayment,
2006-01-01T05:00Z,WA,53,Washington,-0.36,UnderPayment,
2007-01-01T05:00Z,WA,53,Washington,2.44,OverPayment,
2007-01-01T05:00Z,WA,53,Washington,-0.49,UnderPayment,
2008-01-01T05:00Z,WA,53,Washington,3.32,OverPayment,
2008-01-01T05:00Z,WA,53,Washington,-0.54,UnderPayment,
2009-01-01T05:00Z,WA,53,Washington,1.39,OverPayment,
2009-01-01T05:00Z,WA,53,Washington,-0.43,UnderPayment,
2010-01-01T05:00Z,WA,53,Washington,2.7,OverPayment,
2010-01-01T05:00Z,WA,53,Washington,-0.61,UnderPayment,
2011-01-01T05:00Z,WA,53,Washington,3.34,OverPayment,
2011-01-01T05:00Z,WA,53,Washington,-0.48,UnderPayment,
2012-01-01T05:00Z,WA,53,Washington,2.13,OverPayment,
2012-01-01T05:00Z,WA,53,Washington,-0.36,UnderPayment,
2013-01-01T05:00Z,WA,53,Washington,1.45,OverPayment,
2013-01-01T05:00Z,WA,53,Washington,-0.26,UnderPayment,
2014-01-01T05:00Z,WA,53,Washington,0.77,OverPayment,
2014-01-01T05:00Z,WA,53,Washington,0,UnderPayment,
2016-01-01T05:00Z,,,Washington,NaN,OverPayment,
2016-01-01T05:00Z,,,Washington,NaN,UnderPayment,
2017-01-01T05:00Z,WA,53,Washington,4.52,OverPayment,
2017-01-01T05:00Z,WA,53,Washington,-0.9,UnderPayment,
2018-01-01T05:00Z,WA,53,Washington,5.86,OverPayment,
2018-01-01T05:00Z,WA,53,Washington,-0.73,UnderPayment,
2019-01-01T05:00Z,WA,53,Washington,4.1,OverPayment,https://fns-prod.azureedge.us/sites/default/files/resource-files/FY2019SNAPQCPaymentErrorRateChartGeneric.pdf
2019-01-01T05:00Z,WA,53,Washington,-0.78,UnderPayment,https://fns-prod.azureedge.us/sites/default/files/resource-files/FY2019SNAPQCPaymentErrorRateChartGeneric.pdf
2020-01-01T05:00Z,,,Washington,NaN,OverPayment,
2020-01-01T05:00Z,,,Washington,NaN,UnderPayment,
2021-01-01T05:00Z,,,Washington,NaN,OverPayment,
2021-01-01T05:00Z,,,Washington,NaN,UnderPayment,
2022-01-01T05:00Z,WA,53,Washington,8.65,OverPayment,https://fns-prod.azureedge.us/sites/default/files/resource-files/snap-fy22-qc-payment-error-rate.pdf
2022-01-01T05:00Z,WA,53,Washington,-0.68,UnderPayment,https://fns-prod.azureedge.us/sites/default/files/resource-files/snap-fy22-qc-payment-error-rate.pdf
2023-01-01T05:00Z,WA,53,Washington,5.67,OverPayment,https://fns-prod.azureedge.us/sites/default/files/resource-files/snap-fy23-qc-payment-error-rate.pdf
2023-01-01T05:00Z,WA,53,Washington,-1.07,UnderPayment,https://fns-prod.azureedge.us/sites/default/files/resource-files/snap-fy23-qc-payment-error-rate.pdf
2003-01-01T05:00Z,WV,54,West Virginia,4.8,OverPayment,
2003-01-01T05:00Z,WV,54,West Virginia,-1.42,UnderPayment,
2004-01-01T05:00Z,WV,54,West Virginia,5.49,OverPayment,
2004-01-01T05:00Z,WV,54,West Virginia,-1.1,UnderPayment,
2005-01-01T05:00Z,WV,54,West Virginia,4.89,OverPayment,
2005-01-01T05:00Z,WV,54,West Virginia,-1.05,UnderPayment,
2006-01-01T05:00Z,WV,54,West Virginia,6.25,OverPayment,
2006-01-01T05:00Z,WV,54,West Virginia,-1.1,UnderPayment,
2007-01-01T05:00Z,WV,54,West Virginia,8.28,OverPayment,
2007-01-01T05:00Z,WV,54,West Virginia,-1.31,UnderPayment,
2008-01-01T05:00Z,WV,54,West Virginia,6.52,OverPayment,
2008-01-01T05:00Z,WV,54,West Virginia,-0.87,UnderPayment,
2009-01-01T05:00Z,WV,54,West Virginia,4.47,OverPayment,
2009-01-01T05:00Z,WV,54,West Virginia,-0.95,UnderPayment,
2010-01-01T05:00Z,WV,54,West Virginia,5.96,OverPayment,
2010-01-01T05:00Z,WV,54,West Virginia,-1.18,UnderPayment,
2011-01-01T05:00Z,WV,54,West Virginia,5.27,OverPayment,
2011-01-01T05:00Z,WV,54,West Virginia,-1.04,UnderPayment,
2012-01-01T05:00Z,WV,54,West Virginia,5.94,OverPayment,
2012-01-01T05:00Z,WV,54,West Virginia,-1.13,UnderPayment,
2013-01-01T05:00Z,WV,54,West Virginia,4.52,OverPayment,
2013-01-01T05:00Z,WV,54,West Virginia,-0.72,UnderPayment,
2014-01-01T05:00Z,WV,54,West Virginia,4.37,OverPayment,
2014-01-01T05:00Z,WV,54,West Virginia,-0.52,UnderPayment,
2015-01-01T05:00Z,WV,54,West Virginia,4.75,OverPayment,
2015-01-01T05:00Z,WV,54,West Virginia,-0.66,UnderPayment,
2016-01-01T05:00Z,,,West Virginia,NaN,OverPayment,
2016-01-01T05:00Z,,,West Virginia,NaN,UnderPayment,
2017-01-01T05:00Z,WV,54,West Virginia,8.15,OverPayment,
2017-01-01T05:00Z,WV,54,West Virginia,-1.43,UnderPayment,
2018-01-01T05:00Z,WV,54,West Virginia,5.6,OverPayment,
2018-01-01T05:00Z,WV,54,West Virginia,-1.15,UnderPayment,
2019-01-01T05:00Z,WV,54,West Virginia,5.66,OverPayment,https://fns-prod.azureedge.us/sites/default/files/resource-files/FY2019SNAPQCPaymentErrorRateChartGeneric.pdf
2019-01-01T05:00Z,WV,54,West Virginia,-1.78,UnderPayment,https://fns-prod.azureedge.us/sites/default/files/resource-files/FY2019SNAPQCPaymentErrorRateChartGeneric.pdf
2020-01-01T05:00Z,,,West Virginia,NaN,OverPayment,
2020-01-01T05:00Z,,,West Virginia,NaN,UnderPayment,
2021-01-01T05:00Z,,,West Virginia,NaN,OverPayment,
2021-01-01T05:00Z,,,West Virginia,NaN,UnderPayment,
2022-01-01T05:00Z,WV,54,West Virginia,7.56,OverPayment,https://fns-prod.azureedge.us/sites/default/files/resource-files/snap-fy22-qc-payment-error-rate.pdf
2022-01-01T05:00Z,WV,54,West Virginia,-1.79,UnderPayment,https://fns-prod.azureedge.us/sites/default/files/resource-files/snap-fy22-qc-payment-error-rate.pdf
2023-01-01T05:00Z,WV,54,West Virginia,9.83,OverPayment,https://fns-prod.azureedge.us/sites/default/files/resource-files/snap-fy23-qc-payment-error-rate.pdf
2023-01-01T05:00Z,WV,54,West Virginia,-1.15,UnderPayment,https://fns-prod.azureedge.us/sites/default/files/resource-files/snap-fy23-qc-payment-error-rate.pdf
2003-01-01T05:00Z,WI,55,Wisconsin,6.78,OverPayment,
2003-01-01T05:00Z,WI,55,Wisconsin,-2.54,UnderPayment,
2004-01-01T05:00Z,WI,55,Wisconsin,4.84,OverPayment,
2004-01-01T05:00Z,WI,55,Wisconsin,-1.81,UnderPayment,
2005-01-01T05:00Z,WI,55,Wisconsin,3.45,OverPayment,
2005-01-01T05:00Z,WI,55,Wisconsin,-2.16,UnderPayment,
2006-01-01T05:00Z,WI,55,Wisconsin,4.29,OverPayment,
2006-01-01T05:00Z,WI,55,Wisconsin,-1.88,UnderPayment,
2007-01-01T05:00Z,WI,55,Wisconsin,4.42,OverPayment,
2007-01-01T05:00Z,WI,55,Wisconsin,-1.48,UnderPayment,
2008-01-01T05:00Z,WI,55,Wisconsin,5.29,OverPayment,
2008-01-01T05:00Z,WI,55,Wisconsin,-2.09,UnderPayment,
2009-01-01T05:00Z,WI,55,Wisconsin,0.79,OverPayment,
2009-01-01T05:00Z,WI,55,Wisconsin,-0.32,UnderPayment,
2010-01-01T05:00Z,WI,55,Wisconsin,1.37,OverPayment,
2010-01-01T05:00Z,WI,55,Wisconsin,-0.6,UnderPayment,
2011-01-01T05:00Z,WI,55,Wisconsin,1.78,OverPayment,
2011-01-01T05:00Z,WI,55,Wisconsin,-0.23,UnderPayment,
2012-01-01T05:00Z,WI,55,Wisconsin,1.39,OverPayment,
2012-01-01T05:00Z,WI,55,Wisconsin,-0.68,UnderPayment,
2013-01-01T05:00Z,WI,55,Wisconsin,2.18,OverPayment,
2013-01-01T05:00Z,WI,55,Wisconsin,-0.23,UnderPayment,
2014-01-01T05:00Z,WI,55,Wisconsin,1.99,OverPayment,
2014-01-01T05:00Z,WI,55,Wisconsin,-0.56,UnderPayment,
2016-01-01T05:00Z,,,Wisconsin,NaN,OverPayment,
2016-01-01T05:00Z,,,Wisconsin,NaN,UnderPayment,
2017-01-01T05:00Z,WI,55,Wisconsin,6.26,OverPayment,
2017-01-01T05:00Z,WI,55,Wisconsin,-0.92,UnderPayment,
2018-01-01T05:00Z,WI,55,Wisconsin,6.65,OverPayment,
2018-01-01T05:00Z,WI,55,Wisconsin,-1.28,UnderPayment,
2019-01-01T05:00Z,WI,55,Wisconsin,4.64,OverPayment,https://fns-prod.azureedge.us/sites/default/files/resource-files/FY2019SNAPQCPaymentErrorRateChartGeneric.pdf
2019-01-01T05:00Z,WI,55,Wisconsin,-0.76,UnderPayment,https://fns-prod.azureedge.us/sites/default/files/resource-files/FY2019SNAPQCPaymentErrorRateChartGeneric.pdf
2020-01-01T05:00Z,,,Wisconsin,NaN,OverPayment,
2020-01-01T05:00Z,,,Wisconsin,NaN,UnderPayment,
2021-01-01T05:00Z,,,Wisconsin,NaN,OverPayment,
2021-01-01T05:00Z,,,Wisconsin,NaN,UnderPayment,
2022-01-01T05:00Z,WI,55,Wisconsin,3.81,OverPayment,https://fns-prod.azureedge.us/sites/default/files/resource-files/snap-fy22-qc-payment-error-rate.pdf
2022-01-01T05:00Z,WI,55,Wisconsin,-0.58,UnderPayment,https://fns-prod.azureedge.us/sites/default/files/resource-files/snap-fy22-qc-payment-error-rate.pdf
2023-01-01T05:00Z,WI,55,Wisconsin,4.74,OverPayment,https://fns-prod.azureedge.us/sites/default/files/resource-files/snap-fy23-qc-payment-error-rate.pdf
2023-01-01T05:00Z,WI,55,Wisconsin,-0.41,UnderPayment,https://fns-prod.azureedge.us/sites/default/files/resource-files/snap-fy23-qc-payment-error-rate.pdf
2003-01-01T05:00Z,WY,56,Wyoming,3.03,OverPayment,
2003-01-01T05:00Z,WY,56,Wyoming,-1.2,UnderPayment,
2004-01-01T05:00Z,WY,56,Wyoming,3.03,OverPayment,
2004-01-01T05:00Z,WY,56,Wyoming,-1.66,UnderPayment,
2005-01-01T05:00Z,WY,56,Wyoming,5.87,OverPayment,
2005-01-01T05:00Z,WY,56,Wyoming,-1.16,UnderPayment,
2006-01-01T05:00Z,WY,56,Wyoming,3.98,OverPayment,
2006-01-01T05:00Z,WY,56,Wyoming,-1.41,UnderPayment,
2007-01-01T05:00Z,WY,56,Wyoming,4.91,OverPayment,
2007-01-01T05:00Z,WY,56,Wyoming,-1.51,UnderPayment,
2008-01-01T05:00Z,WY,56,Wyoming,1.86,OverPayment,
2008-01-01T05:00Z,WY,56,Wyoming,-0.83,UnderPayment,
2009-01-01T05:00Z,WY,56,Wyoming,2.85,OverPayment,
2009-01-01T05:00Z,WY,56,Wyoming,-0.38,UnderPayment,
2010-01-01T05:00Z,WY,56,Wyoming,3.54,OverPayment,
2010-01-01T05:00Z,WY,56,Wyoming,-1.22,UnderPayment,
2011-01-01T05:00Z,WY,56,Wyoming,7.63,OverPayment,
2011-01-01T05:00Z,WY,56,Wyoming,-1.99,UnderPayment,
2012-01-01T05:00Z,WY,56,Wyoming,5.45,OverPayment,
2012-01-01T05:00Z,WY,56,Wyoming,-1.74,UnderPayment,
2013-01-01T05:00Z,WY,56,Wyoming,4.22,OverPayment,
2013-01-01T05:00Z,WY,56,Wyoming,-0.77,UnderPayment,
2014-01-01T05:00Z,WY,56,Wyoming,4.35,OverPayment,
2014-01-01T05:00Z,WY,56,Wyoming,-0.83,UnderPayment,
2015-01-01T05:00Z,WY,56,Wyoming,3.96,OverPayment,
2015-01-01T05:00Z,WY,56,Wyoming,-0.97,UnderPayment,
2016-01-01T05:00Z,,,Wyoming,NaN,OverPayment,
2016-01-01T05:00Z,,,Wyoming,NaN,UnderPayment,
2017-01-01T05:00Z,WY,56,Wyoming,2.52,OverPayment,
2017-01-01T05:00Z,WY,56,Wyoming,-0.83,UnderPayment,
2018-01-01T05:00Z,WY,56,Wyoming,3.15,OverPayment,
2018-01-01T05:00Z,WY,56,Wyoming,-1.06,UnderPayment,
2019-01-01T05:00Z,WY,56,Wyoming,2.25,OverPayment,https://fns-prod.azureedge.us/sites/default/files/resource-files/FY2019SNAPQCPaymentErrorRateChartGeneric.pdf
2019-01-01T05:00Z,WY,56,Wyoming,-0.17,UnderPayment,https://fns-prod.azureedge.us/sites/default/files/resource-files/FY2019SNAPQCPaymentErrorRateChartGeneric.pdf
2020-01-01T05:00Z,,,Wyoming,NaN,OverPayment,
2020-01-01T05:00Z,,,Wyoming,NaN,UnderPayment,
2021-01-01T05:00Z,,,Wyoming,NaN,OverPayment,
2021-01-01T05:00Z,,,Wyoming,NaN,UnderPayment,
2022-01-01T05:00Z,WY,56,Wyoming,3.44,OverPayment,https://fns-prod.azureedge.us/sites/default/files/resource-files/snap-fy22-qc-payment-error-rate.pdf
2022-01-01T05:00Z,WY,56,Wyoming,-0.86,UnderPayment,https://fns-prod.azureedge.us/sites/default/files/resource-files/snap-fy22-qc-payment-error-rate.pdf
2023-01-01T05:00Z,WY,56,Wyoming,4.33,OverPayment,https://fns-prod.azureedge.us/sites/default/files/resource-files/snap-fy23-qc-payment-error-rate.pdf
2023-01-01T05:00Z,WY,56,Wyoming,-0.86,UnderPayment,https://fns-prod.azureedge.us/sites/default/files/resource-files/snap-fy23-qc-payment-error-rate.pdf