state,fiscal_year_month,households,persons
Alabama,1988-10-01,153002.0,427623.0
Alabama,1988-11-01,153226.0,426172.0
Alabama,1988-12-01,157222.0,438644.0
Alabama,1989-01-01,157389.0,439131.0
Alabama,1989-02-01,155863.0,432792.0
Alabama,1989-03-01,160501.0,446855.0
Alabama,1989-04-01,159180.0,443095.0
Alabama,1989-05-01,156525.0,432744.0
Alabama,1989-06-01,158047.0,438400.0
Alabama,1989-07-01,157251.0,435296.0
Alabama,1989-08-01,155922.0,428280.0
Alabama,1989-09-01,158278.0,437504.0
Alabama,1989-10-01,159308.0,438187.0
Alabama,1989-11-01,161097.0,441402.0
Alabama,1989-12-01,165469.0,454454.0
Alabama,1990-01-01,166887.0,457650.0
Alabama,1990-02-01,166204.0,454676.0
Alabama,1990-03-01,169354.0,464693.0
Alabama,1990-04-01,167666.0,460204.0
Alabama,1990-05-01,164917.0,449357.0
Alabama,1990-06-01,167255.0,458915.0
Alabama,1990-07-01,166549.0,454917.0
Alabama,1990-08-01,165448.0,448667.0
Alabama,1990-09-01,168456.0,459361.0
Alabama,1990-10-01,170252.0,461527.0
Alabama,1990-11-01,176525.0,479941.0
Alabama,1990-12-01,179916.0,494573.0
Alabama,1991-01-01,181986.0,493371.0
Alabama,1991-02-01,186945.0,508392.0
Alabama,1991-03-01,190048.0,515793.0
Alabama,1991-04-01,191431.0,519142.0
Alabama,1991-05-01,189412.0,510794.0
Alabama,1991-06-01,191498.0,517700.0
Alabama,1991-07-01,189375.0,508091.0
Alabama,1991-08-01,193642.0,520624.0
Alabama,1991-09-01,194326.0,521543.0
Alabama,1991-10-01,196262.0,522225.0
Alabama,1991-11-01,202306.0,539334.0
Alabama,1991-12-01,205065.0,545116.0
Alabama,1992-01-01,207108.0,547898.0
Alabama,1992-02-01,210216.0,558107.0
Alabama,1992-03-01,210218.0,555395.0
Alabama,1992-04-01,212300.0,562540.0
Alabama,1992-05-01,211054.0,558273.0
Alabama,1992-06-01,211071.0,556701.0
Alabama,1992-07-01,208910.0,548758.0
Alabama,1992-08-01,210912.0,555232.0
Alabama,1992-09-01,209058.0,546866.0
Alabama,1992-10-01,213632.0,560172.0
Alabama,1992-11-01,215005.0,561552.0
Alabama,1992-12-01,214573.0,557312.0
Alabama,1993-01-01,217861.0,567686.0
Alabama,1993-02-01,215243.0,558541.0
Alabama,1993-03-01,217976.0,564973.0
Alabama,1993-04-01,218246.0,566598.0
Alabama,1993-05-01,216879.0,562538.0
Alabama,1993-06-01,214030.0,552066.0
Alabama,1993-07-01,216679.0,560968.0
Alabama,1993-08-01,216725.0,559829.0
Alabama,1993-09-01,213356.0,548331.0
Alabama,1993-10-01,217775.0,560823.0
Alabama,1993-11-01,218539.0,560857.0
Alabama,1993-12-01,217779.0,556819.0
Alabama,1994-01-01,219460.0,562557.0
Alabama,1994-02-01,214552.0,546823.0
Alabama,1994-03-01,219511.0,561803.0
Alabama,1994-04-01,216743.0,554907.0
Alabama,1994-05-01,213963.0,546254.0
Alabama,1994-06-01,211492.0,538727.0
Alabama,1994-07-01,212321.0,542224.0
Alabama,1994-08-01,212718.0,540776.0
Alabama,1994-09-01,195827.0,500203.0
Alabama,1994-10-01,212806.0,539670.0
Alabama,1994-11-01,210645.0,530542.0
Alabama,1994-12-01,213170.0,537786.0
Alabama,1995-01-01,227221.0,569229.0
Alabama,1995-02-01,208009.0,520563.0
Alabama,1995-03-01,211142.0,530547.0
Alabama,1995-04-01,207923.0,522652.0
Alabama,1995-05-01,203019.0,507926.0
Alabama,1995-06-01,204688.0,513841.0
Alabama,1995-07-01,202629.0,508303.0
Alabama,1995-08-01,201570.0,502427.0
Alabama,1995-09-01,204173.0,510780.0
Alabama,1995-10-01,204221.0,510192.0
Alabama,1995-11-01,203860.0,508351.0
Alabama,1995-12-01,205223.0,512579.0
Alabama,1996-01-01,208410.0,521122.0
Alabama,1996-02-01,207675.0,519071.0
Alabama,1996-03-01,206537.0,515344.0
Alabama,1996-04-01,203621.0,507160.0
Alabama,1996-05-01,203526.0,506992.0
Alabama,1996-06-01,201349.0,500927.0
Alabama,1996-07-01,201500.0,501548.0
Alabama,1996-08-01,202807.0,505115.0
Alabama,1996-09-01,201629.0,502171.0
Alabama,1996-10-01,201523.0,501578.0
Alabama,1996-11-01,198803.0,495776.0
Alabama,1996-12-01,196953.0,492478.0
Alabama,1997-01-01,194956.0,487669.0
Alabama,1997-02-01,192274.0,481653.0
Alabama,1997-03-01,186093.0,470249.0
Alabama,1997-04-01,181159.0,459533.0
Alabama,1997-05-01,178508.0,453808.0
Alabama,1997-06-01,176585.0,450209.0
Alabama,1997-07-01,175889.0,448416.0
Alabama,1997-08-01,174662.0,445524.0
Alabama,1997-09-01,173946.0,444318.0
Alabama,1997-10-01,173542.0,443235.0
Alabama,1997-11-01,172163.0,440384.0
Alabama,1997-12-01,172105.0,441102.0
Alabama,1998-01-01,168874.0,433065.0
Alabama,1998-02-01,167844.0,430183.0
Alabama,1998-03-01,167195.0,428050.0
Alabama,1998-04-01,165815.0,424288.0
Alabama,1998-05-01,164135.0,419588.0
Alabama,1998-06-01,163261.0,417454.0
Alabama,1998-07-01,162516.0,415612.0
Alabama,1998-08-01,162541.0,415575.0
Alabama,1998-09-01,161867.0,413293.0
Alabama,1998-10-01,162360.0,413998.0
Alabama,1998-11-01,162353.0,414070.0
Alabama,1998-12-01,162904.0,415270.0
Alabama,1999-01-01,160629.0,408824.0
Alabama,1999-02-01,159833.0,406536.0
Alabama,1999-03-01,159905.0,406478.0
Alabama,1999-04-01,158210.0,402471.0
Alabama,1999-05-01,156894.0,399053.0
Alabama,1999-06-01,156635.0,398774.0
Alabama,1999-07-01,156273.0,397800.0
Alabama,1999-08-01,156816.0,398858.0
Alabama,1999-09-01,158086.0,401175.0
Alabama,1999-10-01,157410.0,399814.0
Alabama,1999-11-01,157958.0,400776.0
Alabama,1999-12-01,158185.0,401734.0
Alabama,2000-01-01,156741.0,397719.0
Alabama,2000-02-01,156021.0,395364.0
Alabama,2000-03-01,155819.0,394795.0
Alabama,2000-04-01,154282.0,390717.0
Alabama,2000-05-01,154410.0,391467.0
Alabama,2000-06-01,154691.0,392950.0
Alabama,2000-07-01,154568.0,392450.0
Alabama,2000-08-01,156403.0,396990.0
Alabama,2000-09-01,156767.0,397910.0
Alabama,2000-10-01,158327.0,401925.0
Alabama,2000-11-01,160625.0,408750.0
Alabama,2000-12-01,161344.0,411432.0
Alabama,2001-01-01,161302.0,411320.0
Alabama,2001-02-01,160120.0,407782.0
Alabama,2001-03-01,160865.0,409544.0
Alabama,2001-04-01,159647.0,406322.0
Alabama,2001-05-01,160692.0,409193.0
Alabama,2001-06-01,160909.0,410280.0
Alabama,2001-07-01,162508.0,415063.0
Alabama,2001-08-01,165652.0,423703.0
Alabama,2001-09-01,164478.0,420191.0
Alabama,2001-10-01,168056.0,429334.0
Alabama,2001-11-01,170515.0,436725.0
Alabama,2001-12-01,172160.0,441060.0
Alabama,2002-01-01,173233.0,443221.0
Alabama,2002-02-01,172847.0,441364.0
Alabama,2002-03-01,173116.0,441962.0
Alabama,2002-04-01,172746.0,441335.0
Alabama,2002-05-01,173652.0,444588.0
Alabama,2002-06-01,173389.0,444272.0
Alabama,2002-07-01,174540.0,447288.0
Alabama,2002-08-01,177063.0,454318.0
Alabama,2002-09-01,178220.0,457102.0
Alabama,2002-10-01,180269.0,461207.0
Alabama,2002-11-01,181577.0,464824.0
Alabama,2002-12-01,183218.0,468417.0
Alabama,2003-01-01,183065.0,466917.0
Alabama,2003-02-01,182735.0,465590.0
Alabama,2003-03-01,183396.0,466835.0
Alabama,2003-04-01,183819.0,468559.0
Alabama,2003-05-01,184957.0,471574.0
Alabama,2003-06-01,186371.0,475345.0
Alabama,2003-07-01,188695.0,481437.0
Alabama,2003-08-01,190366.0,485556.0
Alabama,2003-09-01,191867.0,488534.0
Alabama,2003-10-01,194217.0,493708.0
Alabama,2003-11-01,194836.0,494375.0
Alabama,2003-12-01,196819.0,498502.0
Alabama,2004-01-01,195450.0,493167.0
Alabama,2004-02-01,194754.0,490277.0
Alabama,2004-03-01,196280.0,493569.0
Alabama,2004-04-01,196049.0,492963.0
Alabama,2004-05-01,196225.0,494003.0
Alabama,2004-06-01,197350.0,496834.0
Alabama,2004-07-01,198213.0,498645.0
Alabama,2004-08-01,200701.0,505031.0
Alabama,2004-09-01,205953.0,520022.0
Alabama,2004-10-01,234819.0,592653.0
Alabama,2004-11-01,210937.0,531698.0
Alabama,2004-12-01,213012.0,535678.0
Alabama,2005-01-01,212363.0,532858.0
Alabama,2005-02-01,210037.0,526276.0
Alabama,2005-03-01,212002.0,530652.0
Alabama,2005-04-01,212308.0,531326.0
Alabama,2005-05-01,213448.0,533982.0
Alabama,2005-06-01,215122.0,537897.0
Alabama,2005-07-01,215987.0,539892.0
Alabama,2005-08-01,217016.0,541754.0
Alabama,2005-09-01,298527.0,768490.0
Alabama,2005-10-01,240834.0,605970.0
Alabama,2005-11-01,224853.0,558289.0
Alabama,2005-12-01,224311.0,557047.0
Alabama,2006-01-01,217718.0,539944.0
Alabama,2006-02-01,215640.0,533914.0
Alabama,2006-03-01,215718.0,533667.0
Alabama,2006-04-01,214414.0,530806.0
Alabama,2006-05-01,215687.0,533854.0
Alabama,2006-06-01,217390.0,538517.0
Alabama,2006-07-01,217085.0,538050.0
Alabama,2006-08-01,219933.0,544429.0
Alabama,2006-09-01,220559.0,545721.0
Alabama,2006-10-01,222004.0,548945.0
Alabama,2006-11-01,222706.0,550891.0
Alabama,2006-12-01,222653.0,550777.0
Alabama,2007-01-01,221074.0,545774.0
Alabama,2007-02-01,218683.0,539319.0
Alabama,2007-03-01,218428.0,538113.0
Alabama,2007-04-01,217768.0,536577.0
Alabama,2007-05-01,219778.0,541430.0
Alabama,2007-06-01,221904.0,547017.0
Alabama,2007-07-01,223386.0,550381.0
Alabama,2007-08-01,220989.0,551802.0
Alabama,2007-09-01,221633.0,550434.0
Alabama,2007-10-01,224248.0,556247.0
Alabama,2007-11-01,225588.0,559364.0
Alabama,2007-12-01,226401.0,561364.0
Alabama,2008-01-01,227917.0,564325.0
Alabama,2008-02-01,228363.0,563674.0
Alabama,2008-03-01,229865.0,556319.0
Alabama,2008-04-01,230293.0,567193.0
Alabama,2008-05-01,231899.0,572356.0
Alabama,2008-06-01,234585.0,578826.0
Alabama,2008-07-01,236930.0,584458.0
Alabama,2008-08-01,240746.0,593827.0
Alabama,2008-09-01,244042.0,601140.0
Alabama,2008-10-01,249866.0,613737.0
Alabama,2008-11-01,255091.0,624670.0
Alabama,2008-12-01,262717.0,641449.0
Alabama,2009-01-01,266040.0,647628.0
Alabama,2009-02-01,269349.0,654335.0
Alabama,2009-03-01,274081.0,664828.0
Alabama,2009-04-01,280486.0,680005.0
Alabama,2009-05-01,286554.0,692875.0
Alabama,2009-06-01,294674.0,710174.0
Alabama,2009-07-01,302202.0,725619.0
Alabama,2009-08-01,309869.0,740929.0
Alabama,2009-09-01,316569.0,753412.0
Alabama,2009-10-01,323655.0,767453.0
Alabama,2009-11-01,328905.0,777672.0
Alabama,2009-12-01,335354.0,791335.0
Alabama,2010-01-01,336719.0,791477.0
Alabama,2010-02-01,337954.0,791430.0
Alabama,2010-03-01,342048.0,798652.0
Alabama,2010-04-01,344417.0,802670.0
Alabama,2010-05-01,347616.0,808070.0
Alabama,2010-06-01,351478.0,816400.0
Alabama,2010-07-01,356489.0,826277.0
Alabama,2010-08-01,363602.0,839921.0
Alabama,2010-09-01,369218.0,849785.0
Alabama,2010-10-01,373039.0,855732.0
Alabama,2010-11-01,377791.0,863606.0
Alabama,2010-12-01,380946.0,868312.0
Alabama,2011-01-01,380234.0,864727.0
Alabama,2011-02-01,380876.0,864745.0
Alabama,2011-03-01,384071.0,869429.0
Alabama,2011-04-01,384379.0,868813.0
Alabama,2011-05-01,618494.0,1420146.0
Alabama,2011-06-01,394167.0,887777.0
Alabama,2011-07-01,376553.0,873174.0
Alabama,2011-08-01,401479.0,900496.0
Alabama,2011-09-01,405481.0,907420.0
Alabama,2011-10-01,407776.0,910034.0
Alabama,2011-11-01,411396.0,916257.0
Alabama,2011-12-01,412474.0,916345.0
Alabama,2012-01-01,411949.0,913281.0
Alabama,2012-02-01,410562.0,908268.0
Alabama,2012-03-01,409763.0,905117.0
Alabama,2012-04-01,408935.0,902277.0
Alabama,2012-05-01,411372.0,906884.0
Alabama,2012-06-01,412350.0,908345.0
Alabama,2012-07-01,413101.0,909525.0
Alabama,2012-08-01,415804.0,914441.0
Alabama,2012-09-01,415459.0,912152.0
Alabama,2012-10-01,419610.0,919211.0
Alabama,2012-11-01,421139.0,920764.0
Alabama,2012-12-01,421325.0,919706.0
Alabama,2013-01-01,421040.0,917452.0
Alabama,2013-02-01,420032.0,913949.0
Alabama,2013-03-01,419669.0,911626.0
Alabama,2013-04-01,419286.0,909254.0
Alabama,2013-05-01,421921.0,914462.0
Alabama,2013-06-01,422338.0,914339.0
Alabama,2013-07-01,423752.0,916543.0
Alabama,2013-08-01,422704.0,913774.0
Alabama,2013-09-01,422810.0,912789.0
Alabama,2013-10-01,424675.0,915230.0
Alabama,2013-11-01,422903.0,911698.0
Alabama,2013-12-01,421365.0,908168.0
Alabama,2014-01-01,417456.0,898898.0
Alabama,2014-02-01,417559.0,898745.0
Alabama,2014-03-01,417531.0,897818.0
Alabama,2014-04-01,416914.0,896185.0
Alabama,2014-05-01,418029.0,898301.0
Alabama,2014-06-01,418539.0,899097.0
Alabama,2014-07-01,419050.0,899307.0
Alabama,2014-08-01,419974.0,900886.0
Alabama,2014-09-01,420629.0,900545.0
Alabama,2014-10-01,422625.0,903079.0
Alabama,2014-11-01,422887.0,902523.0
Alabama,2014-12-01,423364.0,902267.0
Alabama,2015-01-01,420116.0,894443.0
Alabama,2015-02-01,417564.0,888274.0
Alabama,2015-03-01,416232.0,885245.0
Alabama,2015-04-01,415018.0,883325.0
Alabama,2015-05-01,414375.0,881147.0
Alabama,2015-06-01,415687.0,883164.0
Alabama,2015-07-01,415581.0,883077.0
Alabama,2015-08-01,415843.0,883258.0
Alabama,2015-09-01,416029.0,882759.0
Alabama,2015-10-01,415796.0,881402.0
Alabama,2015-11-01,415875.0,879861.0
Alabama,2015-12-01,415567.0,878375.0
Alabama,2016-01-01,412125.0,869982.0
Alabama,2016-02-01,411998.0,867600.0
Alabama,2016-03-01,411440.0,864645.0
Alabama,2016-04-01,386647.0,828894.0
Alabama,2016-05-01,384699.0,825615.0
Alabama,2016-06-01,384912.0,826733.0
Alabama,2016-07-01,383923.0,825193.0
Alabama,2016-08-01,386599.0,830607.0
Alabama,2016-09-01,387152.0,830742.0
Alabama,2016-10-01,385902.0,826790.0
Alabama,2016-11-01,385846.0,825660.0
Alabama,2016-12-01,384865.0,822878.0
Alabama,2017-01-01,381909.0,815094.0
Alabama,2017-02-01,379443.0,809763.0
Alabama,2017-03-01,376429.0,803466.0
Alabama,2017-04-01,369245.0,791488.0
Alabama,2017-05-01,368738.0,790283.0
Alabama,2017-06-01,370190.0,793260.0
Alabama,2017-07-01,368329.0,789322.0
Alabama,2017-08-01,370478.0,793146.0
Alabama,2017-09-01,369652.0,790882.0
Alabama,2017-10-01,369851.0,790245.0
Alabama,2017-11-01,369521.0,788561.0
Alabama,2017-12-01,365886.0,781426.0
Alabama,2018-01-01,361926.0,771467.0
Alabama,2018-02-01,360802.0,768516.0
Alabama,2018-03-01,359374.0,764756.0
Alabama,2018-04-01,356702.0,758064.0
Alabama,2018-05-01,355936.0,756861.0
Alabama,2018-06-01,355661.0,756716.0
Alabama,2018-07-01,355403.0,755632.0
Alabama,2018-08-01,356212.0,756688.0
Alabama,2018-09-01,353530.0,751235.0
Alabama,2018-10-01,352543.0,748755.0
Alabama,2018-11-01,350510.0,743517.0
Alabama,2018-12-01,348807.0,739258.0
Alabama,2019-01-01,346977.0,734098.0
Alabama,2019-02-01,1663.0,3926.0
Alabama,2019-03-01,342619.0,723596.0
Alabama,2019-04-01,339982.0,717163.0
Alabama,2019-05-01,339642.0,716989.0
Alabama,2019-06-01,339857.0,717564.0
Alabama,2019-07-01,340639.0,718523.0
Alabama,2019-08-01,341995.0,721299.0
Alabama,2019-09-01,341373.0,719827.0
Alabama,2019-10-01,341033.0,718792.0
Alabama,2019-11-01,339535.0,716466.0
Alabama,2019-12-01,337577.0,711384.0
Alabama,2020-01-01,335156.0,705542.0
Alabama,2020-02-01,334581.0,704788.0
Alabama,2020-03-01,335919.0,706626.0
Alabama,2020-04-01,354410.0,739950.0
Alabama,2020-05-01,363723.0,755038.0
Alabama,2020-06-01,365109.0,755694.0
Alabama,2020-07-01,361924.0,746774.0
Alabama,2020-08-01,362459.0,751129.0
Alabama,2020-09-01,364426.0,756314.0
Alabama,2020-10-01,378612.0,787978.0
Alabama,2020-11-01,382789.0,793944.0
Alabama,2020-12-01,369831.0,765476.0
Alabama,2021-01-01,378907.0,780532.0
Alabama,2021-02-01,383892.0,793255.0
Alabama,2021-03-01,370977.0,763561.0
Alabama,2021-04-01,367466.0,755275.0
Alabama,2021-05-01,367485.0,755065.0
Alabama,2021-06-01,368642.0,757590.0
Alabama,2021-07-01,370290.0,759489.0
Alabama,2021-08-01,371885.0,759348.0
Alabama,2021-09-01,375031.0,763754.0
Alabama,2021-10-01,375645.0,763817.0
Alabama,2021-11-01,377135.0,764815.0
Alabama,2021-12-01,377152.0,763238.0
Alabama,2022-01-01,372668.0,753604.0
Alabama,2022-02-01,372345.0,750939.0
Alabama,2022-03-01,373834.0,752652.0
Alabama,2022-04-01,373715.0,752203.0
Alabama,2022-05-01,375848.0,756709.0
Alabama,2022-06-01,378095.0,761205.0
Alabama,2022-07-01,380352.0,765005.0
Alabama,2022-08-01,385734.0,774318.0
Alabama,2022-09-01,387394.0,774378.0
Alabama,2022-10-01,389607.0,775879.0
Alabama,2022-11-01,392724.0,780872.0
Alabama,2022-12-01,395441.0,785394.0
Alabama,2023-01-01,392726.0,778885.0
Alabama,2023-02-01,393131.0,778546.0
Alabama,2023-03-01,394272.0,779187.0
Alabama,2023-04-01,390798.0,772368.0
Alabama,2023-05-01,390591.0,772813.0
Alabama,2023-06-01,391627.0,775368.0
Alabama,2023-07-01,389675.0,772361.0
Alabama,2023-08-01,390384.0,774256.0
Alabama,2023-09-01,388962.0,771820.0
Alabama,2023-10-01,379410.0,756623.0
Alabama,2023-11-01,377225.0,753477.0
Alabama,2023-12-01,376560.0,753021.0
Alabama,2024-01-01,373948.0,746939.0
Alabama,2024-02-01,374968.0,749793.0
Alabama,2024-03-01,375077.0,749932.0
Alabama,2024-04-01,374554.0,748584.0
Alabama,2024-05-01,374697.0,749707.0
Alabama,2024-06-01,374713.0,750718.0
Alabama,2024-07-01,376313.0,753988.0
Alabama,2024-08-01,378000.0,757869.0
Alabama,2024-09-01,0.0,0.0
Alaska,1988-10-01,8251.0,24314.0
Alaska,1988-11-01,8428.0,24826.0
Alaska,1988-12-01,8622.0,25329.0
Alaska,1989-01-01,8723.0,25632.0
Alaska,1989-02-01,9032.0,26501.0
Alaska,1989-03-01,9954.0,29078.0
Alaska,1989-04-01,9924.0,29138.0
Alaska,1989-05-01,9772.0,28595.0
Alaska,1989-06-01,9771.0,28593.0
Alaska,1989-07-01,8292.0,24746.0
Alaska,1989-08-01,7963.0,23766.0
Alaska,1989-09-01,7747.0,23122.0
Alaska,1989-10-01,7916.0,23509.0
Alaska,1989-11-01,8081.0,24219.0
Alaska,1989-12-01,7362.0,21718.0
Alaska,1990-01-01,6696.0,18838.0
Alaska,1990-02-01,7418.0,20954.0
Alaska,1990-03-01,9249.0,27687.0
Alaska,1990-04-01,9457.0,28673.0
Alaska,1990-05-01,9331.0,28258.0
Alaska,1990-06-01,9190.0,27840.0
Alaska,1990-07-01,8865.0,26818.0
Alaska,1990-08-01,8864.0,26770.0
Alaska,1990-09-01,8703.0,26393.0
Alaska,1990-10-01,8863.0,26534.0
Alaska,1990-11-01,9182.0,27536.0
Alaska,1990-12-01,7632.0,21913.0
Alaska,1991-01-01,7357.0,20232.0
Alaska,1991-02-01,10249.0,31186.0
Alaska,1991-03-01,11028.0,33715.0
Alaska,1991-04-01,11866.0,35515.0
Alaska,1991-05-01,11492.0,34947.0
Alaska,1991-06-01,11147.0,33878.0
Alaska,1991-07-01,10844.0,32755.0
Alaska,1991-08-01,10834.0,32560.0
Alaska,1991-09-01,10729.0,32419.0
Alaska,1991-10-01,11286.0,34695.0
Alaska,1991-11-01,11807.0,36484.0
Alaska,1991-12-01,9360.0,28079.0
Alaska,1992-01-01,8761.0,24341.0
Alaska,1992-02-01,12531.0,38485.0
Alaska,1992-03-01,13375.0,41010.0
Alaska,1992-04-01,13918.0,42858.0
Alaska,1992-05-01,13904.0,43122.0
Alaska,1992-06-01,13560.0,41795.0
Alaska,1992-07-01,13240.0,40651.0
Alaska,1992-08-01,13124.0,40477.0
Alaska,1992-09-01,13140.0,40559.0
Alaska,1992-10-01,13504.0,41765.0
Alaska,1992-11-01,13723.0,42315.0
Alaska,1992-12-01,11012.0,32865.0
Alaska,1993-01-01,10167.0,27965.0
Alaska,1993-02-01,14545.0,43992.0
Alaska,1993-03-01,15956.0,48509.0
Alaska,1993-04-01,16311.0,49580.0
Alaska,1993-05-01,16011.0,48824.0
Alaska,1993-06-01,15465.0,46165.0
Alaska,1993-07-01,15052.0,45367.0
Alaska,1993-08-01,14891.0,44975.0
Alaska,1993-09-01,14946.0,45061.0
Alaska,1993-10-01,15065.0,45569.0
Alaska,1993-11-01,15299.0,46153.0
Alaska,1993-12-01,12273.0,35998.0
Alaska,1994-01-01,10415.0,27527.0
Alaska,1994-02-01,16370.0,49229.0
Alaska,1994-03-01,17143.0,51692.0
Alaska,1994-04-01,17283.0,52155.0
Alaska,1994-05-01,17176.0,51672.0
Alaska,1994-06-01,16607.0,49885.0
Alaska,1994-07-01,15816.0,47959.0
Alaska,1994-08-01,15509.0,46483.0
Alaska,1994-09-01,15330.0,46127.0
Alaska,1994-10-01,15168.0,45430.0
Alaska,1994-11-01,15007.0,44365.0
Alaska,1994-12-01,7480.0,17738.0
Alaska,1995-01-01,15581.0,46111.0
Alaska,1995-02-01,16487.0,49487.0
Alaska,1995-03-01,17785.0,53724.0
Alaska,1995-04-01,17657.0,53471.0
Alaska,1995-05-01,16970.0,50993.0
Alaska,1995-06-01,16490.0,49350.0
Alaska,1995-07-01,15433.0,45862.0
Alaska,1995-08-01,15000.0,44496.0
Alaska,1995-09-01,14849.0,44346.0
Alaska,1995-10-01,14801.0,44168.0
Alaska,1995-11-01,14904.0,44081.0
Alaska,1995-12-01,7530.0,17553.0
Alaska,1996-01-01,15614.0,45782.0
Alaska,1996-02-01,16829.0,50022.0
Alaska,1996-03-01,17580.0,52076.0
Alaska,1996-04-01,17919.0,53258.0
Alaska,1996-05-01,17730.0,52422.0
Alaska,1996-06-01,17248.0,51020.0
Alaska,1996-07-01,16688.0,49293.0
Alaska,1996-08-01,16220.0,47801.0
Alaska,1996-09-01,16094.0,47318.0
Alaska,1996-10-01,15978.0,46918.0
Alaska,1996-11-01,16070.0,46985.0
Alaska,1996-12-01,7086.0,15651.0
Alaska,1997-01-01,16611.0,48864.0
Alaska,1997-02-01,17029.0,50572.0
Alaska,1997-03-01,17213.0,51300.0
Alaska,1997-04-01,17199.0,51402.0
Alaska,1997-05-01,16681.0,50232.0
Alaska,1997-06-01,15975.0,47990.0
Alaska,1997-07-01,15114.0,45279.0
Alaska,1997-08-01,14636.0,43963.0
Alaska,1997-09-01,14621.0,43653.0
Alaska,1997-10-01,14249.0,42893.0
Alaska,1997-11-01,14288.0,42784.0
Alaska,1997-12-01,7086.0,15651.0
Alaska,1998-01-01,14782.0,44022.0
Alaska,1998-02-01,15366.0,46145.0
Alaska,1998-03-01,15628.0,47216.0
Alaska,1998-04-01,15948.0,47966.0
Alaska,1998-05-01,15656.0,47261.0
Alaska,1998-06-01,15171.0,45773.0
Alaska,1998-07-01,14508.0,43834.0
Alaska,1998-08-01,14167.0,42936.0
Alaska,1998-09-01,14154.0,42934.0
Alaska,1998-10-01,13956.0,42315.0
Alaska,1998-11-01,13742.0,41333.0
Alaska,1998-12-01,7149.0,15680.0
Alaska,1999-01-01,14452.0,43151.0
Alaska,1999-02-01,15183.0,45548.0
Alaska,1999-03-01,15714.0,47240.0
Alaska,1999-04-01,15847.0,47467.0
Alaska,1999-05-01,15341.0,46064.0
Alaska,1999-06-01,14613.0,43776.0
Alaska,1999-07-01,14098.0,42423.0
Alaska,1999-08-01,13538.0,40670.0
Alaska,1999-09-01,13277.0,39477.0
Alaska,1999-10-01,12735.0,38097.0
Alaska,1999-11-01,12681.0,37362.0
Alaska,1999-12-01,7217.0,15950.0
Alaska,2000-01-01,13568.0,39673.0
Alaska,2000-02-01,14199.0,41768.0
Alaska,2000-03-01,14686.0,43224.0
Alaska,2000-04-01,14788.0,32595.0
Alaska,2000-05-01,14532.0,42871.0
Alaska,2000-06-01,14008.0,41082.0
Alaska,2000-07-01,13470.0,39719.0
Alaska,2000-08-01,13322.0,39033.0
Alaska,2000-09-01,13294.0,38918.0
Alaska,2000-10-01,12788.0,37385.0
Alaska,2000-11-01,12706.0,36191.0
Alaska,2000-12-01,7274.0,15317.0
Alaska,2001-01-01,13540.0,38967.0
Alaska,2001-02-01,13979.0,40822.0
Alaska,2001-03-01,14437.0,41970.0
Alaska,2001-04-01,14636.0,42519.0
Alaska,2001-05-01,14355.0,41806.0
Alaska,2001-06-01,14019.0,41128.0
Alaska,2001-07-01,13607.0,40116.0
Alaska,2001-08-01,13486.0,39554.0
Alaska,2001-09-01,13385.0,38994.0
Alaska,2001-10-01,13495.0,39278.0
Alaska,2001-11-01,14040.0,40559.0
Alaska,2001-12-01,14651.0,41832.0
Alaska,2002-01-01,15666.0,44982.0
Alaska,2002-02-01,16342.0,47189.0
Alaska,2002-03-01,16987.0,48857.0
Alaska,2002-04-01,19198.0,49503.0
Alaska,2002-05-01,17284.0,49901.0
Alaska,2002-06-01,16909.0,49077.0
Alaska,2002-07-01,16429.0,47810.0
Alaska,2002-08-01,16374.0,47616.0
Alaska,2002-09-01,16280.0,47382.0
Alaska,2002-10-01,16372.0,47229.0
Alaska,2002-11-01,16425.0,47001.0
Alaska,2002-12-01,16547.0,47030.0
Alaska,2003-01-01,17268.0,49066.0
Alaska,2003-02-01,17960.0,50896.0
Alaska,2003-03-01,18546.0,52458.0
Alaska,2003-04-01,18905.0,53648.0
Alaska,2003-05-01,18921.0,53966.0
Alaska,2003-06-01,18717.0,53211.0
Alaska,2003-07-01,18262.0,52094.0
Alaska,2003-08-01,17900.0,51142.0
Alaska,2003-09-01,17742.0,50504.0
Alaska,2003-10-01,4481.0,10210.0
Alaska,2003-11-01,16700.0,45489.0
Alaska,2003-12-01,17555.0,48745.0
Alaska,2004-01-01,18268.0,51265.0
Alaska,2004-02-01,18890.0,53020.0
Alaska,2004-03-01,19663.0,55075.0
Alaska,2004-04-01,20075.0,56142.0
Alaska,2004-05-01,20033.0,56251.0
Alaska,2004-06-01,19638.0,55088.0
Alaska,2004-07-01,19014.0,53739.0
Alaska,2004-08-01,19091.0,53713.0
Alaska,2004-09-01,18940.0,53142.0
Alaska,2004-10-01,15969.0,43333.0
Alaska,2004-11-01,19108.0,52253.0
Alaska,2004-12-01,19623.0,53995.0
Alaska,2005-01-01,20280.0,55911.0
Alaska,2005-02-01,20794.0,57557.0
Alaska,2005-03-01,21269.0,58585.0
Alaska,2005-04-01,21545.0,59239.0
Alaska,2005-05-01,21450.0,58934.0
Alaska,2005-06-01,21322.0,58513.0
Alaska,2005-07-01,20681.0,56857.0
Alaska,2005-08-01,20472.0,56307.0
Alaska,2005-09-01,20177.0,55323.0
Alaska,2005-10-01,16965.0,44532.0
Alaska,2005-11-01,20188.0,53965.0
Alaska,2005-12-01,20814.0,56084.0
Alaska,2006-01-01,21446.0,58054.0
Alaska,2006-02-01,21734.0,59111.0
Alaska,2006-03-01,22214.0,60261.0
Alaska,2006-04-01,22416.0,60784.0
Alaska,2006-05-01,22385.0,60733.0
Alaska,2006-06-01,22146.0,60184.0
Alaska,2006-07-01,21477.0,58354.0
Alaska,2006-08-01,21334.0,57614.0
Alaska,2006-09-01,20949.0,56164.0
Alaska,2006-10-01,19058.0,49848.0
Alaska,2006-11-01,18846.0,48280.0
Alaska,2006-12-01,20828.0,54431.0
Alaska,2007-01-01,21418.0,56194.0
Alaska,2007-02-01,21645.0,57220.0
Alaska,2007-03-01,22314.0,58886.0
Alaska,2007-04-01,22533.0,59662.0
Alaska,2007-05-01,22574.0,59931.0
Alaska,2007-06-01,22431.0,59379.0
Alaska,2007-07-01,21591.0,57367.0
Alaska,2007-08-01,21407.0,56856.0
Alaska,2007-09-01,21169.0,56119.0
Alaska,2007-10-01,18890.0,48870.0
Alaska,2007-11-01,18895.0,47344.0
Alaska,2007-12-01,20969.0,54292.0
Alaska,2008-01-01,21578.0,56031.0
Alaska,2008-02-01,22322.0,58153.0
Alaska,2008-03-01,23085.0,59999.0
Alaska,2008-04-01,23447.0,61058.0
Alaska,2008-05-01,23713.0,61749.0
Alaska,2008-06-01,23468.0,61282.0
Alaska,2008-07-01,22961.0,60030.0
Alaska,2008-08-01,22885.0,59669.0
Alaska,2008-09-01,21493.0,55247.0
Alaska,2008-10-01,20203.0,50193.0
Alaska,2008-11-01,21817.0,55139.0
Alaska,2008-12-01,22432.0,57411.0
Alaska,2009-01-01,23708.0,61202.0
Alaska,2009-02-01,24549.0,63592.0
Alaska,2009-03-01,25703.0,66362.0
Alaska,2009-04-01,26608.0,68645.0
Alaska,2009-05-01,27082.0,69730.0
Alaska,2009-06-01,27270.0,70175.0
Alaska,2009-07-01,27105.0,69940.0
Alaska,2009-08-01,27220.0,69852.0
Alaska,2009-09-01,27590.0,70377.0
Alaska,2009-10-01,23734.0,58834.0
Alaska,2009-11-01,27705.0,69048.0
Alaska,2009-12-01,28379.0,71510.0
Alaska,2010-01-01,29815.0,75215.0
Alaska,2010-02-01,30223.0,76488.0
Alaska,2010-03-01,31252.0,78850.0
Alaska,2010-04-01,32165.0,80996.0
Alaska,2010-05-01,32307.0,81226.0
Alaska,2010-06-01,32390.0,81102.0
Alaska,2010-07-01,32419.0,81606.0
Alaska,2010-08-01,32376.0,81271.0
Alaska,2010-09-01,32526.0,81196.0
Alaska,2010-10-01,27579.0,66363.0
Alaska,2010-11-01,32481.0,79242.0
Alaska,2010-12-01,33099.0,81190.0
Alaska,2011-01-01,34395.0,84709.0
Alaska,2011-02-01,35175.0,86714.0
Alaska,2011-03-01,36138.0,88718.0
Alaska,2011-04-01,36855.0,90545.0
Alaska,2011-05-01,36975.0,90837.0
Alaska,2011-06-01,37167.0,91501.0
Alaska,2011-07-01,36999.0,91100.0
Alaska,2011-08-01,37023.0,91079.0
Alaska,2011-09-01,36980.0,90531.0
Alaska,2011-10-01,31529.0,74792.0
Alaska,2011-11-01,36904.0,88790.0
Alaska,2011-12-01,37546.0,90639.0
Alaska,2012-01-01,38170.0,92220.0
Alaska,2012-02-01,38565.0,93199.0
Alaska,2012-03-01,38977.0,94092.0
Alaska,2012-04-01,39600.0,95420.0
Alaska,2012-05-01,39229.0,94749.0
Alaska,2012-06-01,39223.0,94298.0
Alaska,2012-07-01,38729.0,93031.0
Alaska,2012-08-01,38757.0,93002.0
Alaska,2012-09-01,38191.0,91340.0
Alaska,2012-10-01,33974.0,78080.0
Alaska,2012-11-01,37924.0,89782.0
Alaska,2012-12-01,37949.0,90289.0
Alaska,2013-01-01,38700.0,92451.0
Alaska,2013-02-01,38866.0,93417.0
Alaska,2013-03-01,39500.0,94905.0
Alaska,2013-04-01,39739.0,95371.0
Alaska,2013-05-01,39398.0,94514.0
Alaska,2013-06-01,39260.0,94336.0
Alaska,2013-07-01,38387.0,92289.0
Alaska,2013-08-01,38074.0,91258.0
Alaska,2013-09-01,37578.0,89674.0
Alaska,2013-10-01,33081.0,75493.0
Alaska,2013-11-01,37134.0,87510.0
Alaska,2013-12-01,36986.0,87301.0
Alaska,2014-01-01,37342.0,88041.0
Alaska,2014-02-01,37497.0,88742.0
Alaska,2014-03-01,38160.0,90260.0
Alaska,2014-04-01,38751.0,92067.0
Alaska,2014-05-01,38424.0,91351.0
Alaska,2014-06-01,38125.0,90634.0
Alaska,2014-07-01,36622.0,87266.0
Alaska,2014-08-01,36347.0,86814.0
Alaska,2014-09-01,35497.0,84357.0
Alaska,2014-10-01,29975.0,68992.0
Alaska,2014-11-01,33396.0,77908.0
Alaska,2014-12-01,33109.0,77642.0
Alaska,2015-01-01,33649.0,79734.0
Alaska,2015-02-01,33918.0,80826.0
Alaska,2015-03-01,34132.0,81429.0
Alaska,2015-04-01,35309.0,84291.0
Alaska,2015-05-01,35638.0,85117.0
Alaska,2015-06-01,35990.0,86215.0
Alaska,2015-07-01,35328.0,84479.0
Alaska,2015-08-01,35049.0,83988.0
Alaska,2015-09-01,34755.0,82834.0
Alaska,2015-10-01,30228.0,69996.0
Alaska,2015-11-01,33608.0,78257.0
Alaska,2015-12-01,33811.0,79508.0
Alaska,2016-01-01,33626.0,80149.0
Alaska,2016-02-01,34775.0,82560.0
Alaska,2016-03-01,35471.0,83933.0
Alaska,2016-04-01,36088.0,86251.0
Alaska,2016-05-01,35752.0,85727.0
Alaska,2016-06-01,35921.0,86218.0
Alaska,2016-07-01,35234.0,84942.0
Alaska,2016-08-01,35636.0,85549.0
Alaska,2016-09-01,35622.0,84825.0
Alaska,2016-10-01,31333.0,71768.0
Alaska,2016-11-01,35972.0,83181.0
Alaska,2016-12-01,36956.0,85523.0
Alaska,2017-01-01,37154.0,85531.0
Alaska,2017-02-01,37315.0,85866.0
Alaska,2017-03-01,38255.0,87803.0
Alaska,2017-04-01,39292.0,90850.0
Alaska,2017-05-01,38758.0,89235.0
Alaska,2017-06-01,39495.0,91495.0
Alaska,2017-07-01,41769.0,96842.0
Alaska,2017-08-01,43181.0,99818.0
Alaska,2017-09-01,44098.0,101439.0
Alaska,2017-10-01,43017.0,97854.0
Alaska,2017-11-01,44286.0,100337.0
Alaska,2017-12-01,43726.0,98512.0
Alaska,2018-01-01,42141.0,95057.0
Alaska,2018-02-01,40586.0,91833.0
Alaska,2018-03-01,40119.0,90745.0
Alaska,2018-04-01,40167.0,91453.0
Alaska,2018-05-01,39390.0,89731.0
Alaska,2018-06-01,39383.0,89853.0
Alaska,2018-07-01,37854.0,86382.0
Alaska,2018-08-01,37741.0,86149.0
Alaska,2018-09-01,37776.0,86034.0
Alaska,2018-10-01,32487.0,71775.0
Alaska,2018-11-01,37781.0,83956.0
Alaska,2018-12-01,37928.0,84575.0
Alaska,2019-01-01,38796.0,86305.0
Alaska,2019-02-01,6167.0,14683.0
Alaska,2019-03-01,38972.0,86284.0
Alaska,2019-04-01,39433.0,87526.0
Alaska,2019-05-01,39133.0,86836.0
Alaska,2019-06-01,39241.0,87307.0
Alaska,2019-07-01,38892.0,86605.0
Alaska,2019-08-01,38756.0,86185.0
Alaska,2019-09-01,38335.0,85147.0
Alaska,2019-10-01,33787.0,73130.0
Alaska,2019-11-01,37206.0,81320.0
Alaska,2019-12-01,37124.0,81225.0
Alaska,2020-01-01,35508.0,79830.0
Alaska,2020-02-01,35286.0,80157.0
Alaska,2020-03-01,35510.0,80824.0
Alaska,2020-04-01,37510.0,85150.0
Alaska,2020-05-01,38563.0,86952.0
Alaska,2020-06-01,39081.0,87803.0
Alaska,2020-07-01,39112.0,87331.0
Alaska,2020-08-01,40012.0,88597.0
Alaska,2020-09-01,51351.0,86007.0
Alaska,2020-10-01,37559.0,83505.0
Alaska,2020-11-01,37406.0,79250.0
Alaska,2020-12-01,33521.0,73899.0
Alaska,2021-01-01,33063.0,72892.0
Alaska,2021-02-01,35167.0,78146.0
Alaska,2021-03-01,36966.0,81602.0
Alaska,2021-04-01,37870.0,83637.0
Alaska,2021-05-01,47830.0,85479.0
Alaska,2021-06-01,62750.0,87053.0
Alaska,2021-07-01,40350.0,88538.0
Alaska,2021-08-01,41219.0,89795.0
Alaska,2021-09-01,41765.0,90854.0
Alaska,2021-10-01,42469.0,91362.0
Alaska,2021-11-01,42846.0,92692.0
Alaska,2021-12-01,42898.0,93209.0
Alaska,2022-01-01,43481.0,94429.0
Alaska,2022-02-01,43839.0,95170.0
Alaska,2022-03-01,44352.0,96026.0
Alaska,2022-04-01,44693.0,96660.0
Alaska,2022-05-01,45011.0,97256.0
Alaska,2022-06-01,45392.0,97901.0
Alaska,2022-07-01,45413.0,97915.0
Alaska,2022-08-01,39673.0,82986.0
Alaska,2022-09-01,35124.0,69824.0
Alaska,2022-10-01,29533.0,59382.0
Alaska,2022-11-01,25663.0,47650.0
Alaska,2022-12-01,19642.0,38161.0
Alaska,2023-01-01,15933.0,32531.0
Alaska,2023-02-01,19944.0,43582.0
Alaska,2023-03-01,24318.0,52952.0
Alaska,2023-04-01,27132.0,59602.0
Alaska,2023-05-01,29400.0,64768.0
Alaska,2023-06-01,30208.0,66122.0
Alaska,2023-07-01,30581.0,66539.0
Alaska,2023-08-01,30106.0,64960.0
Alaska,2023-09-01,27367.0,59557.0
Alaska,2023-10-01,23345.0,50774.0
Alaska,2023-11-01,21262.0,46350.0
Alaska,2023-12-01,23881.0,52788.0
Alaska,2024-01-01,26833.0,59034.0
Alaska,2024-02-01,32986.0,72088.0
Alaska,2024-03-01,34485.0,77100.0
Alaska,2024-04-01,36357.0,78919.0
Alaska,2024-05-01,36687.0,79542.0
Alaska,2024-06-01,36878.0,79710.0
Alaska,2024-07-01,38374.0,82529.0
Alaska,2024-08-01,39879.412,82666.8234
Alaska,2024-09-01,0.0,0.0
American Samoa,2019-10-01,0.0,0.0
American Samoa,2019-11-01,0.0,0.0
American Samoa,2019-12-01,0.0,0.0
American Samoa,2020-01-01,0.0,0.0
American Samoa,2020-02-01,0.0,0.0
American Samoa,2020-03-01,0.0,0.0
American Samoa,2020-04-01,0.0,0.0
American Samoa,2020-05-01,0.0,0.0
American Samoa,2020-06-01,0.0,0.0
American Samoa,2020-07-01,0.0,0.0
American Samoa,2020-08-01,0.0,0.0
American Samoa,2020-09-01,0.0,0.0
American Samoa,2020-10-01,0.0,0.0
American Samoa,2020-11-01,0.0,0.0
American Samoa,2020-12-01,0.0,0.0
American Samoa,2021-01-01,0.0,0.0
American Samoa,2021-02-01,0.0,0.0
American Samoa,2021-03-01,0.0,0.0
American Samoa,2021-04-01,0.0,0.0
American Samoa,2021-05-01,0.0,0.0
American Samoa,2021-06-01,0.0,0.0
American Samoa,2021-07-01,0.0,0.0
American Samoa,2021-08-01,0.0,0.0
American Samoa,2021-09-01,0.0,0.0
American Samoa,2021-10-01,0.0,0.0
American Samoa,2021-11-01,0.0,0.0
American Samoa,2021-12-01,0.0,0.0
American Samoa,2022-01-01,0.0,0.0
American Samoa,2022-02-01,0.0,0.0
American Samoa,2022-03-01,0.0,0.0
American Samoa,2022-04-01,0.0,0.0
American Samoa,2022-05-01,0.0,0.0
American Samoa,2022-06-01,0.0,0.0
American Samoa,2022-07-01,0.0,0.0
American Samoa,2022-08-01,0.0,0.0
American Samoa,2022-09-01,0.0,0.0
American Samoa,2022-10-01,0.0,0.0
American Samoa,2022-11-01,0.0,0.0
American Samoa,2022-12-01,0.0,0.0
American Samoa,2023-01-01,0.0,0.0
American Samoa,2023-02-01,0.0,0.0
American Samoa,2023-03-01,0.0,0.0
American Samoa,2023-04-01,0.0,0.0
American Samoa,2023-05-01,0.0,0.0
American Samoa,2023-06-01,0.0,0.0
American Samoa,2023-07-01,0.0,0.0
American Samoa,2023-08-01,0.0,0.0
American Samoa,2023-09-01,0.0,0.0
American Samoa,2023-10-01,0.0,0.0
American Samoa,2023-11-01,0.0,0.0
American Samoa,2023-12-01,0.0,0.0
American Samoa,2024-01-01,0.0,0.0
American Samoa,2024-02-01,0.0,0.0
American Samoa,2024-03-01,0.0,0.0
American Samoa,2024-04-01,0.0,0.0
American Samoa,2024-05-01,0.0,0.0
American Samoa,2024-06-01,0.0,0.0
American Samoa,2024-07-01,0.0,0.0
American Samoa,2024-08-01,0.0,0.0
American Samoa,2024-09-01,0.0,0.0
Arizona,1988-10-01,83162.0,248014.0
Arizona,1988-11-01,84068.0,248866.0
Arizona,1988-12-01,85791.0,253232.0
Arizona,1989-01-01,88052.0,258791.0
Arizona,1989-02-01,87761.0,256982.0
Arizona,1989-03-01,89997.0,263666.0
Arizona,1989-04-01,93047.0,271697.0
Arizona,1989-05-01,90355.0,263456.0
Arizona,1989-06-01,91964.0,269622.0
Arizona,1989-07-01,92948.0,272507.0
Arizona,1989-08-01,94805.0,276862.0
Arizona,1989-09-01,96978.0,283423.0
Arizona,1989-10-01,99707.0,288564.0
Arizona,1989-11-01,101655.0,292963.0
Arizona,1989-12-01,103372.0,296788.0
Arizona,1990-01-01,106819.0,305426.0
Arizona,1990-02-01,108430.0,303987.0
Arizona,1990-03-01,110662.0,317330.0
Arizona,1990-04-01,112251.0,321887.0
Arizona,1990-05-01,112593.0,323030.0
Arizona,1990-06-01,114382.0,329706.0
Arizona,1990-07-01,115930.0,335440.0
Arizona,1990-08-01,118118.0,341340.0
Arizona,1990-09-01,120473.0,348339.0
Arizona,1990-10-01,124791.0,355992.0
Arizona,1990-11-01,127116.0,361255.0
Arizona,1990-12-01,128938.0,365800.0
Arizona,1991-01-01,132768.0,373811.0
Arizona,1991-02-01,134587.0,381040.0
Arizona,1991-03-01,136165.0,384408.0
Arizona,1991-04-01,138712.0,391525.0
Arizona,1991-05-01,139302.0,392480.0
Arizona,1991-06-01,142098.0,401323.0
Arizona,1991-07-01,144556.0,406335.0
Arizona,1991-08-01,148636.0,418610.0
Arizona,1991-09-01,152643.0,427329.0
Arizona,1991-10-01,156242.0,433030.0
Arizona,1991-11-01,159330.0,440375.0
Arizona,1991-12-01,162025.0,446341.0
Arizona,1992-01-01,164494.0,448761.0
Arizona,1992-02-01,166087.0,455881.0
Arizona,1992-03-01,167203.0,456642.0
Arizona,1992-04-01,168227.0,461562.0
Arizona,1992-05-01,167380.0,460042.0
Arizona,1992-06-01,169150.0,464814.0
Arizona,1992-07-01,169206.0,465831.0
Arizona,1992-08-01,172259.0,475882.0
Arizona,1992-09-01,173499.0,476031.0
Arizona,1992-10-01,172873.0,473003.0
Arizona,1992-11-01,174731.0,477561.0
Arizona,1992-12-01,174560.0,474956.0
Arizona,1993-01-01,177396.0,482685.0
Arizona,1993-02-01,176837.0,481589.0
Arizona,1993-03-01,179814.0,490406.0
Arizona,1993-04-01,179367.0,491233.0
Arizona,1993-05-01,178645.0,489892.0
Arizona,1993-06-01,179047.0,491310.0
Arizona,1993-07-01,178765.0,492926.0
Arizona,1993-08-01,183593.0,506265.0
Arizona,1993-09-01,185909.0,511977.0
Arizona,1993-10-01,187392.0,513482.0
Arizona,1993-11-01,188857.0,516368.0
Arizona,1993-12-01,189332.0,516789.0
Arizona,1994-01-01,189296.0,515375.0
Arizona,1994-02-01,188161.0,511698.0
Arizona,1994-03-01,188846.0,512288.0
Arizona,1994-04-01,187364.0,509970.0
Arizona,1994-05-01,186475.0,508183.0
Arizona,1994-06-01,186577.0,510405.0
Arizona,1994-07-01,184761.0,506904.0
Arizona,1994-08-01,186202.0,510389.0
Arizona,1994-09-01,185976.0,509016.0
Arizona,1994-10-01,185686.0,504838.0
Arizona,1994-11-01,186625.0,504439.0
Arizona,1994-12-01,186085.0,501540.0
Arizona,1995-01-01,185283.0,497264.0
Arizona,1995-02-01,183280.0,489600.0
Arizona,1995-03-01,182279.0,488185.0
Arizona,1995-04-01,178775.0,481609.0
Arizona,1995-05-01,175602.0,473159.0
Arizona,1995-06-01,172826.0,468704.0
Arizona,1995-07-01,168171.0,456480.0
Arizona,1995-08-01,167399.0,453543.0
Arizona,1995-09-01,163681.0,442983.0
Arizona,1995-10-01,162470.0,437661.0
Arizona,1995-11-01,160902.0,434049.0
Arizona,1995-12-01,159044.0,426175.0
Arizona,1996-01-01,158508.0,424247.0
Arizona,1996-02-01,159417.0,427336.0
Arizona,1996-03-01,160710.0,429693.0
Arizona,1996-04-01,160458.0,430362.0
Arizona,1996-05-01,159135.0,428080.0
Arizona,1996-06-01,157088.0,423908.0
Arizona,1996-07-01,156861.0,423955.0
Arizona,1996-08-01,156879.0,424937.0
Arizona,1996-09-01,155181.0,419372.0
Arizona,1996-10-01,152060.0,410704.0
Arizona,1996-11-01,147383.0,398575.0
Arizona,1996-12-01,143938.0,388374.0
Arizona,1997-01-01,139471.0,376178.0
Arizona,1997-02-01,136216.0,368333.0
Arizona,1997-03-01,133643.0,362401.0
Arizona,1997-04-01,129307.0,352497.0
Arizona,1997-05-01,127167.0,348899.0
Arizona,1997-06-01,125721.0,346747.0
Arizona,1997-07-01,123650.0,341980.0
Arizona,1997-08-01,122335.0,339501.0
Arizona,1997-09-01,119306.0,331156.0
Arizona,1997-10-01,117703.0,326449.0
Arizona,1997-11-01,114914.0,318609.0
Arizona,1997-12-01,113527.0,313785.0
Arizona,1998-01-01,110373.0,304326.0
Arizona,1998-02-01,108508.0,299264.0
Arizona,1998-03-01,107789.0,297121.0
Arizona,1998-04-01,105224.0,291644.0
Arizona,1998-05-01,102714.0,285507.0
Arizona,1998-06-01,102152.0,284536.0
Arizona,1998-07-01,100591.0,279263.0
Arizona,1998-08-01,100330.0,276017.0
Arizona,1998-09-01,99493.0,271920.0
Arizona,1998-10-01,97325.0,264317.0
Arizona,1998-11-01,96365.0,260882.0
Arizona,1998-12-01,96288.0,259935.0
Arizona,1999-01-01,93534.0,252323.0
Arizona,1999-02-01,93026.0,250548.0
Arizona,1999-03-01,93482.0,252550.0
Arizona,1999-04-01,92872.0,250800.0
Arizona,1999-05-01,93365.0,253011.0
Arizona,1999-06-01,94632.0,257395.0
Arizona,1999-07-01,95060.0,262784.0
Arizona,1999-08-01,96558.0,263363.0
Arizona,1999-09-01,96366.0,260441.0
Arizona,1999-10-01,95398.0,258172.0
Arizona,1999-11-01,95753.0,259332.0
Arizona,1999-12-01,95312.0,256481.0
Arizona,2000-01-01,94194.0,254044.0
Arizona,2000-02-01,93497.0,251342.0
Arizona,2000-03-01,95198.0,256009.0
Arizona,2000-04-01,94385.0,256017.0
Arizona,2000-05-01,94768.0,257155.0
Arizona,2000-06-01,95973.0,260929.0
Arizona,2000-07-01,96767.0,264406.0
Arizona,2000-08-01,97168.0,265931.0
Arizona,2000-09-01,98397.0,268213.0
Arizona,2000-10-01,98959.0,269034.0
Arizona,2000-11-01,99554.0,270104.0
Arizona,2000-12-01,101303.0,274741.0
Arizona,2001-01-01,100769.0,272394.0
Arizona,2001-02-01,101264.0,273796.0
Arizona,2001-03-01,105230.0,283515.0
Arizona,2001-04-01,105607.0,284753.0
Arizona,2001-05-01,109654.0,295712.0
Arizona,2001-06-01,113698.0,306597.0
Arizona,2001-07-01,115376.0,311860.0
Arizona,2001-08-01,119864.0,324024.0
Arizona,2001-09-01,122293.0,329895.0
Arizona,2001-10-01,125729.0,337626.0
Arizona,2001-11-01,130330.0,348482.0
Arizona,2001-12-01,134555.0,357847.0
Arizona,2002-01-01,136277.0,359470.0
Arizona,2002-02-01,138659.0,365281.0
Arizona,2002-03-01,143713.0,375358.0
Arizona,2002-04-01,143977.0,376504.0
Arizona,2002-05-01,147559.0,386302.0
Arizona,2002-06-01,151327.0,396129.0
Arizona,2002-07-01,155740.0,409673.0
Arizona,2002-08-01,158857.0,416343.0
Arizona,2002-09-01,159176.0,415617.0
Arizona,2002-10-01,164010.0,425340.0
Arizona,2002-11-01,167028.0,432362.0
Arizona,2002-12-01,169239.0,436465.0
Arizona,2003-01-01,171536.0,440212.0
Arizona,2003-02-01,173341.0,443561.0
Arizona,2003-03-01,173342.0,443564.0
Arizona,2003-04-01,180899.0,464317.0
Arizona,2003-05-01,187260.0,481281.0
Arizona,2003-06-01,190956.0,491255.0
Arizona,2003-07-01,194783.0,501931.0
Arizona,2003-08-01,199152.0,513928.0
Arizona,2003-09-01,202192.0,519599.0
Arizona,2003-10-01,206324.0,529122.0
Arizona,2003-11-01,207382.0,532679.0
Arizona,2003-12-01,208915.0,535206.0
Arizona,2004-01-01,206672.0,528401.0
Arizona,2004-02-01,203108.0,518990.0
Arizona,2004-03-01,203416.0,517129.0
Arizona,2004-04-01,203175.0,516487.0
Arizona,2004-05-01,204321.0,520157.0
Arizona,2004-06-01,208723.0,530440.0
Arizona,2004-07-01,212583.0,539578.0
Arizona,2004-08-01,214380.0,542902.0
Arizona,2004-09-01,215185.0,543581.0
Arizona,2004-10-01,218968.0,550114.0
Arizona,2004-11-01,218868.0,549254.0
Arizona,2004-12-01,221634.0,554937.0
Arizona,2005-01-01,217480.0,543646.0
Arizona,2005-02-01,217793.0,543041.0
Arizona,2005-03-01,219495.0,545903.0
Arizona,2005-04-01,218593.0,544740.0
Arizona,2005-05-01,219671.0,547671.0
Arizona,2005-06-01,221148.0,551080.0
Arizona,2005-07-01,223152.0,556592.0
Arizona,2005-08-01,223503.0,556639.0
Arizona,2005-09-01,225676.0,559878.0
Arizona,2005-10-01,224225.0,554823.0
Arizona,2005-11-01,225162.0,556184.0
Arizona,2005-12-01,226408.0,556414.0
Arizona,2006-01-01,221914.0,543625.0
Arizona,2006-02-01,219502.0,536383.0
Arizona,2006-03-01,220706.0,538269.0
Arizona,2006-04-01,218181.0,533780.0
Arizona,2006-05-01,216904.0,531550.0
Arizona,2006-06-01,218007.0,534186.0
Arizona,2006-07-01,216210.0,531675.0
Arizona,2006-08-01,217797.0,535482.0
Arizona,2006-09-01,218496.0,537007.0
Arizona,2006-10-01,217918.0,535149.0
Arizona,2006-11-01,217979.0,535732.0
Arizona,2006-12-01,219616.0,539127.0
Arizona,2007-01-01,217845.0,534181.0
Arizona,2007-02-01,216555.0,530707.0
Arizona,2007-03-01,220193.0,537464.0
Arizona,2007-04-01,218617.0,535644.0
Arizona,2007-05-01,220975.0,541262.0
Arizona,2007-06-01,225305.0,551465.0
Arizona,2007-07-01,226269.0,554389.0
Arizona,2007-08-01,231338.0,565872.0
Arizona,2007-09-01,235034.0,575269.0
Arizona,2007-10-01,239833.0,585720.0
Arizona,2007-11-01,241268.0,589259.0
Arizona,2007-12-01,245225.0,597929.0
Arizona,2008-01-01,248027.0,602007.0
Arizona,2008-02-01,249625.0,606563.0
Arizona,2008-03-01,255212.0,618447.0
Arizona,2008-04-01,259001.0,626555.0
Arizona,2008-05-01,263699.0,638780.0
Arizona,2008-06-01,266671.0,645799.0
Arizona,2008-07-01,272205.0,659295.0
Arizona,2008-08-01,278547.0,675664.0
Arizona,2008-09-01,282891.0,685906.0
Arizona,2008-10-01,292065.0,706577.0
Arizona,2008-11-01,297513.0,721318.0
Arizona,2008-12-01,308274.0,742936.0
Arizona,2009-01-01,315732.0,756960.0
Arizona,2009-02-01,322578.0,772534.0
Arizona,2009-03-01,331393.0,791244.0
Arizona,2009-04-01,339881.0,812359.0
Arizona,2009-05-01,351508.0,839878.0
Arizona,2009-06-01,364924.0,867997.0
Arizona,2009-07-01,376957.0,894269.0
Arizona,2009-08-01,389097.0,919778.0
Arizona,2009-09-01,400307.0,941995.0
Arizona,2009-10-01,413284.0,972162.0
Arizona,2009-11-01,420349.0,986276.0
Arizona,2009-12-01,429370.0,1004476.0
Arizona,2010-01-01,431481.0,1005810.0
Arizona,2010-02-01,432606.0,1006005.0
Arizona,2010-03-01,439328.0,1017100.0
Arizona,2010-04-01,441537.0,1020648.0
Arizona,2010-05-01,446370.0,1031075.0
Arizona,2010-06-01,450310.0,1037367.0
Arizona,2010-07-01,454358.0,1044940.0
Arizona,2010-08-01,456910.0,1047779.0
Arizona,2010-09-01,456467.0,1044410.0
Arizona,2010-10-01,461881.0,1055205.0
Arizona,2010-11-01,459600.0,1050181.0
Arizona,2010-12-01,460322.0,1050686.0
Arizona,2011-01-01,455595.0,1039326.0
Arizona,2011-02-01,451547.0,1030139.0
Arizona,2011-03-01,454468.0,1034624.0
Arizona,2011-04-01,457671.0,1047088.0
Arizona,2011-05-01,462693.0,1063434.0
Arizona,2011-06-01,470060.0,1083451.0
Arizona,2011-07-01,477227.0,1102573.0
Arizona,2011-08-01,485568.0,1123333.0
Arizona,2011-09-01,487866.0,1131358.0
Arizona,2011-10-01,490485.0,1138220.0
Arizona,2011-11-01,489396.0,1136565.0
Arizona,2011-12-01,490227.0,1137378.0
Arizona,2012-01-01,488528.0,1131693.0
Arizona,2012-02-01,482617.0,1118039.0
Arizona,2012-03-01,483395.0,1118247.0
Arizona,2012-04-01,480166.0,1112064.0
Arizona,2012-05-01,480043.0,1110833.0
Arizona,2012-06-01,481901.0,1116483.0
Arizona,2012-07-01,482485.0,1119607.0
Arizona,2012-08-01,486306.0,1127702.0
Arizona,2012-09-01,483317.0,1120861.0
Arizona,2012-10-01,490522.0,1137786.0
Arizona,2012-11-01,485236.0,1128883.0
Arizona,2012-12-01,483599.0,1124669.0
Arizona,2013-01-01,477411.0,1108674.0
Arizona,2013-02-01,473132.0,1101324.0
Arizona,2013-03-01,478406.0,1114638.0
Arizona,2013-04-01,472251.0,1099471.0
Arizona,2013-05-01,473117.0,1102305.0
Arizona,2013-06-01,474577.0,1106860.0
Arizona,2013-07-01,469142.0,1109093.0
Arizona,2013-08-01,471871.0,1100429.0
Arizona,2013-09-01,470998.0,1099131.0
Arizona,2013-10-01,469089.0,1093804.0
Arizona,2013-11-01,460719.0,1072133.0
Arizona,2013-12-01,451902.0,1052614.0
Arizona,2014-01-01,444039.0,1072103.0
Arizona,2014-02-01,438209.0,1035650.0
Arizona,2014-03-01,440245.0,1018000.0
Arizona,2014-04-01,440798.0,1016742.0
Arizona,2014-05-01,445131.0,1024764.0
Arizona,2014-06-01,448529.0,1031316.0
Arizona,2014-07-01,450263.0,1034470.0
Arizona,2014-08-01,453175.0,1040026.0
Arizona,2014-09-01,453579.0,1040099.0
Arizona,2014-10-01,454266.0,1040557.0
Arizona,2014-11-01,450768.0,1033350.0
Arizona,2014-12-01,448123.0,1025257.0
Arizona,2015-01-01,441771.0,1007623.0
Arizona,2015-02-01,435782.0,992386.0
Arizona,2015-03-01,433337.0,983861.0
Arizona,2015-04-01,429250.0,974806.0
Arizona,2015-05-01,430884.0,978128.0
Arizona,2015-06-01,433907.0,983839.0
Arizona,2015-07-01,434765.0,984598.0
Arizona,2015-08-01,438572.0,992876.0
Arizona,2015-09-01,440531.0,995531.0
Arizona,2015-10-01,439554.0,991567.0
Arizona,2015-11-01,436523.0,983641.0
Arizona,2015-12-01,434107.0,975881.0
Arizona,2016-01-01,430061.0,965233.0
Arizona,2016-02-01,425259.0,952360.0
Arizona,2016-03-01,423238.0,946247.0
Arizona,2016-04-01,416231.0,935640.0
Arizona,2016-05-01,416690.0,937614.0
Arizona,2016-06-01,421178.0,948201.0
Arizona,2016-07-01,424056.0,954847.0
Arizona,2016-08-01,428866.0,965046.0
Arizona,2016-09-01,428968.0,964979.0
Arizona,2016-10-01,429148.0,963303.0
Arizona,2016-11-01,426220.0,955392.0
Arizona,2016-12-01,422847.0,945941.0
Arizona,2017-01-01,417681.0,932091.0
Arizona,2017-02-01,409928.0,913814.0
Arizona,2017-03-01,410914.0,912635.0
Arizona,2017-04-01,406375.0,901350.0
Arizona,2017-05-01,406700.0,900977.0
Arizona,2017-06-01,406769.0,900388.0
Arizona,2017-07-01,405746.0,898138.0
Arizona,2017-08-01,407615.0,902151.0
Arizona,2017-09-01,405924.0,898552.0
Arizona,2017-10-01,403825.0,892481.0
Arizona,2017-11-01,398735.0,879897.0
Arizona,2017-12-01,396166.0,870979.0
Arizona,2018-01-01,390794.0,855050.0
Arizona,2018-02-01,380644.0,830877.0
Arizona,2018-03-01,383107.0,833146.0
Arizona,2018-04-01,377866.0,821241.0
Arizona,2018-05-01,379064.0,822835.0
Arizona,2018-06-01,383328.0,831993.0
Arizona,2018-07-01,384136.0,833390.0
Arizona,2018-08-01,387025.0,838416.0
Arizona,2018-09-01,387196.0,838485.0
Arizona,2018-10-01,386130.0,834518.0
Arizona,2018-11-01,381440.0,823176.0
Arizona,2018-12-01,378525.0,813790.0
Arizona,2019-01-01,381800.0,815689.0
Arizona,2019-02-01,29081.0,62271.0
Arizona,2019-03-01,367418.0,779723.0
Arizona,2019-04-01,362808.0,769805.0
Arizona,2019-05-01,363819.0,773157.0
Arizona,2019-06-01,368339.0,783815.0
Arizona,2019-07-01,371735.0,790722.0
Arizona,2019-08-01,374946.0,797795.0
Arizona,2019-09-01,375236.0,798130.0
Arizona,2019-10-01,374980.0,795313.0
Arizona,2019-11-01,370704.0,784993.0
Arizona,2019-12-01,367942.0,776402.0
Arizona,2020-01-01,370946.0,782194.0
Arizona,2020-02-01,371225.0,782903.0
Arizona,2020-03-01,375321.0,790961.0
Arizona,2020-04-01,401825.0,843738.0
Arizona,2020-05-01,419170.0,879292.0
Arizona,2020-06-01,425345.0,890285.0
Arizona,2020-07-01,429530.0,898875.0
Arizona,2020-08-01,436957.0,915512.0
Arizona,2020-09-01,411277.0,860912.0
Arizona,2020-10-01,396390.0,842358.0
Arizona,2020-11-01,382251.0,816014.0
Arizona,2020-12-01,394809.0,842716.0
Arizona,2021-01-01,413474.0,884716.0
Arizona,2021-02-01,425098.0,907158.0
Arizona,2021-03-01,431683.0,920868.0
Arizona,2021-04-01,438306.0,933819.0
Arizona,2021-05-01,450100.0,954765.0
Arizona,2021-06-01,434776.0,917398.0
Arizona,2021-07-01,416234.0,875323.0
Arizona,2021-08-01,401464.0,851592.0
Arizona,2021-09-01,383955.0,802750.0
Arizona,2021-10-01,374672.0,786744.0
Arizona,2021-11-01,366634.0,770978.0
Arizona,2021-12-01,369031.0,781094.0
Arizona,2022-01-01,367350.0,781330.0
Arizona,2022-02-01,375600.0,799080.0
Arizona,2022-03-01,383770.0,816207.0
Arizona,2022-04-01,391329.0,831414.0
Arizona,2022-05-01,395521.0,840737.0
Arizona,2022-06-01,394619.0,839147.0
Arizona,2022-07-01,409278.0,865244.0
Arizona,2022-08-01,418792.0,884668.0
Arizona,2022-09-01,432809.0,911352.0
Arizona,2022-10-01,418325.0,875535.0
Arizona,2022-11-01,419108.0,875379.0
Arizona,2022-12-01,424456.0,883932.0
Arizona,2023-01-01,422877.0,878185.0
Arizona,2023-02-01,419945.0,870934.0
Arizona,2023-03-01,427544.0,884594.0
Arizona,2023-04-01,429760.0,887565.0
Arizona,2023-05-01,437155.0,900643.0
Arizona,2023-06-01,444993.0,915684.0
Arizona,2023-07-01,449978.0,925681.0
Arizona,2023-08-01,455642.0,936481.0
Arizona,2023-09-01,457284.0,941580.0
Arizona,2023-10-01,453416.0,927411.0
Arizona,2023-11-01,449691.0,918161.0
Arizona,2023-12-01,454380.0,926789.0
Arizona,2024-01-01,445966.0,913272.0
Arizona,2024-02-01,443572.0,907575.0
Arizona,2024-03-01,452684.0,922627.0
Arizona,2024-04-01,452946.0,921343.0
Arizona,2024-05-01,457054.0,926803.0
Arizona,2024-06-01,459193.0,928924.0
Arizona,2024-07-01,460355.0,929858.0
Arizona,2024-08-01,460113.0,928946.0
Arizona,2024-09-01,0.0,0.0
Arkansas,1988-10-01,81029.0,221604.0
Arkansas,1988-11-01,82071.0,225194.0
Arkansas,1988-12-01,83251.0,229258.0
Arkansas,1989-01-01,83617.0,229071.0
Arkansas,1989-02-01,84984.0,234862.0
Arkansas,1989-03-01,85921.0,238181.0
Arkansas,1989-04-01,82973.0,227462.0
Arkansas,1989-05-01,83003.0,228050.0
Arkansas,1989-06-01,82000.0,225124.0
Arkansas,1989-07-01,80918.0,220392.0
Arkansas,1989-08-01,82552.0,226262.0
Arkansas,1989-09-01,81693.0,222503.0
Arkansas,1989-10-01,82244.0,223123.0
Arkansas,1989-11-01,83598.0,227405.0
Arkansas,1989-12-01,85193.0,232468.0
Arkansas,1990-01-01,87084.0,238235.0
Arkansas,1990-02-01,86710.0,238100.0
Arkansas,1990-03-01,88177.0,242596.0
Arkansas,1990-04-01,87068.0,238568.0
Arkansas,1990-05-01,87282.0,239762.0
Arkansas,1990-06-01,86427.0,237037.0
Arkansas,1990-07-01,85619.0,233545.0
Arkansas,1990-08-01,86326.0,236741.0
Arkansas,1990-09-01,85227.0,231376.0
Arkansas,1990-10-01,88352.0,242253.0
Arkansas,1990-11-01,89258.0,244687.0
Arkansas,1990-12-01,91428.0,251289.0
Arkansas,1991-01-01,94731.0,260969.0
Arkansas,1991-02-01,95094.0,262942.0
Arkansas,1991-03-01,96385.0,266393.0
Arkansas,1991-04-01,96008.0,264915.0
Arkansas,1991-05-01,95207.0,262194.0
Arkansas,1991-06-01,94660.0,260439.0
Arkansas,1991-07-01,94843.0,260650.0
Arkansas,1991-08-01,95154.0,260683.0
Arkansas,1991-09-01,94884.0,259044.0
Arkansas,1991-10-01,96096.0,261501.0
Arkansas,1991-11-01,97371.0,264799.0
Arkansas,1991-12-01,100046.0,272833.0
Arkansas,1992-01-01,102379.0,279682.0
Arkansas,1992-02-01,102884.0,281157.0
Arkansas,1992-03-01,104206.0,283985.0
Arkansas,1992-04-01,103788.0,282615.0
Arkansas,1992-05-01,102489.0,278412.0
Arkansas,1992-06-01,103027.0,279400.0
Arkansas,1992-07-01,102809.0,278308.0
Arkansas,1992-08-01,103089.0,278876.0
Arkansas,1992-09-01,103610.0,279621.0
Arkansas,1992-10-01,104544.0,281465.0
Arkansas,1992-11-01,104645.0,281186.0
Arkansas,1992-12-01,106545.0,286518.0
Arkansas,1993-01-01,107680.0,289331.0
Arkansas,1993-02-01,107511.0,288744.0
Arkansas,1993-03-01,108169.0,290373.0
Arkansas,1993-04-01,107188.0,287258.0
Arkansas,1993-05-01,106533.0,284794.0
Arkansas,1993-06-01,106424.0,284368.0
Arkansas,1993-07-01,105998.0,283001.0
Arkansas,1993-08-01,106324.0,283137.0
Arkansas,1993-09-01,105763.0,280136.0
Arkansas,1993-10-01,106300.0,280503.0
Arkansas,1993-11-01,107427.0,283054.0
Arkansas,1993-12-01,109099.0,287093.0
Arkansas,1994-01-01,110496.0,290527.0
Arkansas,1994-02-01,109545.0,287661.0
Arkansas,1994-03-01,110503.0,290212.0
Arkansas,1994-04-01,108952.0,285988.0
Arkansas,1994-05-01,108247.0,283124.0
Arkansas,1994-06-01,106722.0,278541.0
Arkansas,1994-07-01,105487.0,274735.0
Arkansas,1994-08-01,106184.0,276199.0
Arkansas,1994-09-01,105405.0,272613.0
Arkansas,1994-10-01,105706.0,272524.0
Arkansas,1994-11-01,105906.0,272312.0
Arkansas,1994-12-01,107547.0,276662.0
Arkansas,1995-01-01,108809.0,279206.0
Arkansas,1995-02-01,107538.0,275815.0
Arkansas,1995-03-01,108578.0,277630.0
Arkansas,1995-04-01,106342.0,271411.0
Arkansas,1995-05-01,105753.0,269312.0
Arkansas,1995-06-01,105656.0,268937.0
Arkansas,1995-07-01,105012.0,266593.0
Arkansas,1995-08-01,106110.0,269611.0
Arkansas,1995-09-01,105343.0,266078.0
Arkansas,1995-10-01,106122.0,267405.0
Arkansas,1995-11-01,106418.0,267964.0
Arkansas,1995-12-01,107619.0,270946.0
Arkansas,1996-01-01,109559.0,275838.0
Arkansas,1996-02-01,109271.0,275866.0
Arkansas,1996-03-01,110578.0,278472.0
Arkansas,1996-04-01,110618.0,278540.0
Arkansas,1996-05-01,109483.0,275200.0
Arkansas,1996-06-01,108998.0,273919.0
Arkansas,1996-07-01,109178.0,274362.0
Arkansas,1996-08-01,109359.0,274617.0
Arkansas,1996-09-01,109205.0,273674.0
Arkansas,1996-10-01,109497.0,274344.0
Arkansas,1996-11-01,108638.0,271212.0
Arkansas,1996-12-01,109398.0,273742.0
Arkansas,1997-01-01,110156.0,276103.0
Arkansas,1997-02-01,107793.0,270812.0
Arkansas,1997-03-01,106658.0,269049.0
Arkansas,1997-04-01,104481.0,264393.0
Arkansas,1997-05-01,102703.0,259812.0
Arkansas,1997-06-01,102180.0,258985.0
Arkansas,1997-07-01,101527.0,257270.0
Arkansas,1997-08-01,100941.0,255373.0
Arkansas,1997-09-01,101246.0,256748.0
Arkansas,1997-10-01,101287.0,256758.0
Arkansas,1997-11-01,100369.0,254114.0
Arkansas,1997-12-01,101635.0,257645.0
Arkansas,1998-01-01,102052.0,258540.0
Arkansas,1998-02-01,101281.0,256679.0
Arkansas,1998-03-01,102751.0,260268.0
Arkansas,1998-04-01,100437.0,254978.0
Arkansas,1998-05-01,99378.0,252218.0
Arkansas,1998-06-01,100183.0,255066.0
Arkansas,1998-07-01,99850.0,254142.0
Arkansas,1998-08-01,99657.0,253309.0
Arkansas,1998-09-01,100428.0,254806.0
Arkansas,1998-10-01,100486.0,254527.0
Arkansas,1998-11-01,100548.0,254145.0
Arkansas,1998-12-01,101436.0,256378.0
Arkansas,1999-01-01,101808.0,257099.0
Arkansas,1999-02-01,101328.0,255578.0
Arkansas,1999-03-01,101316.0,255339.0
Arkansas,1999-04-01,100415.0,252949.0
Arkansas,1999-05-01,99507.0,250478.0
Arkansas,1999-06-01,99830.0,251570.0
Arkansas,1999-07-01,98853.0,248884.0
Arkansas,1999-08-01,98963.0,249029.0
Arkansas,1999-09-01,99167.0,249511.0
Arkansas,1999-10-01,98960.0,247927.0
Arkansas,1999-11-01,99131.0,248020.0
Arkansas,1999-12-01,99465.0,248679.0
Arkansas,2000-01-01,99324.0,248081.0
Arkansas,2000-02-01,98736.0,246467.0
Arkansas,2000-03-01,98776.0,246156.0
Arkansas,2000-04-01,97977.0,244016.0
Arkansas,2000-05-01,98080.0,244276.0
Arkansas,2000-06-01,98408.0,245428.0
Arkansas,2000-07-01,97979.0,244300.0
Arkansas,2000-08-01,99265.0,248144.0
Arkansas,2000-09-01,99071.0,247364.0
Arkansas,2000-10-01,99694.0,248442.0
Arkansas,2000-11-01,100225.0,249698.0
Arkansas,2000-12-01,100294.0,249981.0
Arkansas,2001-01-01,102187.0,261814.0
Arkansas,2001-02-01,100969.0,252165.0
Arkansas,2001-03-01,102748.0,256517.0
Arkansas,2001-04-01,102717.0,256408.0
Arkansas,2001-05-01,102248.0,255348.0
Arkansas,2001-06-01,103630.0,259075.0
Arkansas,2001-07-01,104873.0,262413.0
Arkansas,2001-08-01,105844.0,265616.0
Arkansas,2001-09-01,106167.0,266264.0
Arkansas,2001-10-01,108696.0,272692.0
Arkansas,2001-11-01,109283.0,274344.0
Arkansas,2001-12-01,111438.0,279453.0
Arkansas,2002-01-01,113475.0,284479.0
Arkansas,2002-02-01,112489.0,281402.0
Arkansas,2002-03-01,113550.0,283928.0
Arkansas,2002-04-01,114026.0,285673.0
Arkansas,2002-05-01,113737.0,284925.0
Arkansas,2002-06-01,114213.0,286134.0
Arkansas,2002-07-01,115262.0,289709.0
Arkansas,2002-08-01,115672.0,290537.0
Arkansas,2002-09-01,117017.0,293627.0
Arkansas,2002-10-01,118835.0,297866.0
Arkansas,2002-11-01,119322.0,298411.0
Arkansas,2002-12-01,120966.0,302380.0
Arkansas,2003-01-01,122760.0,307002.0
Arkansas,2003-02-01,122391.0,305948.0
Arkansas,2003-03-01,124215.0,309727.0
Arkansas,2003-04-01,125015.0,311974.0
Arkansas,2003-05-01,125584.0,313490.0
Arkansas,2003-06-01,127231.0,317448.0
Arkansas,2003-07-01,127877.0,319355.0
Arkansas,2003-08-01,127949.0,319082.0
Arkansas,2003-09-01,129305.0,321630.0
Arkansas,2003-10-01,130536.0,323972.0
Arkansas,2003-11-01,130238.0,322602.0
Arkansas,2003-12-01,135284.0,334991.0
Arkansas,2004-01-01,138822.0,343286.0
Arkansas,2004-02-01,140396.0,346736.0
Arkansas,2004-03-01,141832.0,350271.0
Arkansas,2004-04-01,141144.0,348328.0
Arkansas,2004-05-01,142942.0,352767.0
Arkansas,2004-06-01,144749.0,356995.0
Arkansas,2004-07-01,144885.0,357077.0
Arkansas,2004-08-01,145611.0,358894.0
Arkansas,2004-09-01,146793.0,361377.0
Arkansas,2004-10-01,148047.0,364231.0
Arkansas,2004-11-01,149648.0,367717.0
Arkansas,2004-12-01,152796.0,375039.0
Arkansas,2005-01-01,152093.0,372049.0
Arkansas,2005-02-01,151258.0,370080.0
Arkansas,2005-03-01,152493.0,372293.0
Arkansas,2005-04-01,151933.0,370749.0
Arkansas,2005-05-01,152992.0,372916.0
Arkansas,2005-06-01,153323.0,373959.0
Arkansas,2005-07-01,153951.0,376164.0
Arkansas,2005-08-01,154035.0,376308.0
Arkansas,2005-09-01,162336.0,393513.0
Arkansas,2005-10-01,163228.0,395821.0
Arkansas,2005-11-01,161581.0,391358.0
Arkansas,2005-12-01,161029.0,390123.0
Arkansas,2006-01-01,159671.0,386149.0
Arkansas,2006-02-01,158208.0,382042.0
Arkansas,2006-03-01,158848.0,382811.0
Arkansas,2006-04-01,156859.0,378384.0
Arkansas,2006-05-01,157270.0,379187.0
Arkansas,2006-06-01,158501.0,382061.0
Arkansas,2006-07-01,158514.0,382348.0
Arkansas,2006-08-01,158858.0,383151.0
Arkansas,2006-09-01,159678.0,385228.0
Arkansas,2006-10-01,160123.0,385655.0
Arkansas,2006-11-01,159749.0,384829.0
Arkansas,2006-12-01,160453.0,386783.0
Arkansas,2007-01-01,160322.0,385541.0
Arkansas,2007-02-01,157182.0,378134.0
Arkansas,2007-03-01,158356.0,379521.0
Arkansas,2007-04-01,157643.0,378097.0
Arkansas,2007-05-01,156209.0,374639.0
Arkansas,2007-06-01,156661.0,375343.0
Arkansas,2007-07-01,156860.0,376073.0
Arkansas,2007-08-01,156620.0,376025.0
Arkansas,2007-09-01,156861.0,376579.0
Arkansas,2007-10-01,157799.0,377873.0
Arkansas,2007-11-01,156918.0,375925.0
Arkansas,2007-12-01,158080.0,378796.0
Arkansas,2008-01-01,158388.0,379031.0
Arkansas,2008-02-01,156105.0,373333.0
Arkansas,2008-03-01,155080.0,370779.0
Arkansas,2008-04-01,157477.0,376329.0
Arkansas,2008-05-01,158266.0,379254.0
Arkansas,2008-06-01,159835.0,382391.0
Arkansas,2008-07-01,158892.0,380521.0
Arkansas,2008-08-01,159198.0,381255.0
Arkansas,2008-09-01,158409.0,379106.0
Arkansas,2008-10-01,159170.0,381080.0
Arkansas,2008-11-01,163100.0,388711.0
Arkansas,2008-12-01,168140.0,400571.0
Arkansas,2009-01-01,167768.0,399243.0
Arkansas,2009-02-01,167832.0,399347.0
Arkansas,2009-03-01,169678.0,403074.0
Arkansas,2009-04-01,170942.0,406295.0
Arkansas,2009-05-01,174745.0,415103.0
Arkansas,2009-06-01,178873.0,425684.0
Arkansas,2009-07-01,180793.0,431667.0
Arkansas,2009-08-01,183167.0,437124.0
Arkansas,2009-09-01,187016.0,445940.0
Arkansas,2009-10-01,189358.0,450947.0
Arkansas,2009-11-01,191463.0,455393.0
Arkansas,2009-12-01,195332.0,464267.0
Arkansas,2010-01-01,194848.0,462706.0
Arkansas,2010-02-01,194996.0,460754.0
Arkansas,2010-03-01,196376.0,464237.0
Arkansas,2010-04-01,197320.0,464451.0
Arkansas,2010-05-01,198419.0,466729.0
Arkansas,2010-06-01,200423.0,471211.0
Arkansas,2010-07-01,202124.0,475025.0
Arkansas,2010-08-01,204806.0,480144.0
Arkansas,2010-09-01,206026.0,483309.0
Arkansas,2010-10-01,206680.0,483223.0
Arkansas,2010-11-01,209176.0,487786.0
Arkansas,2010-12-01,210257.0,489295.0
Arkansas,2011-01-01,210445.0,488294.0
Arkansas,2011-02-01,208019.0,482697.0
Arkansas,2011-03-01,209937.0,486246.0
Arkansas,2011-04-01,208162.0,481702.0
Arkansas,2011-05-01,208084.0,480605.0
Arkansas,2011-06-01,209353.0,484651.0
Arkansas,2011-07-01,213019.0,492080.0
Arkansas,2011-08-01,221953.0,490744.0
Arkansas,2011-09-01,212955.0,490090.0
Arkansas,2011-10-01,218344.0,501876.0
Arkansas,2011-11-01,219652.0,504060.0
Arkansas,2011-12-01,221194.0,507466.0
Arkansas,2012-01-01,220964.0,505812.0
Arkansas,2012-02-01,219608.0,501713.0
Arkansas,2012-03-01,219366.0,500233.0
Arkansas,2012-04-01,218272.0,496399.0
Arkansas,2012-05-01,218332.0,497114.0
Arkansas,2012-06-01,220076.0,500190.0
Arkansas,2012-07-01,220675.0,502287.0
Arkansas,2012-08-01,222491.0,504553.0
Arkansas,2012-09-01,222166.0,503794.0
Arkansas,2012-10-01,224371.0,508583.0
Arkansas,2012-11-01,225280.0,509224.0
Arkansas,2012-12-01,225779.0,509349.0
Arkansas,2013-01-01,225728.0,508572.0
Arkansas,2013-02-01,223617.0,503375.0
Arkansas,2013-03-01,224119.0,502491.0
Arkansas,2013-04-01,223392.0,500689.0
Arkansas,2013-05-01,222652.0,499603.0
Arkansas,2013-06-01,223986.0,502070.0
Arkansas,2013-07-01,224172.0,502723.0
Arkansas,2013-08-01,225080.0,504844.0
Arkansas,2013-09-01,225270.0,503928.0
Arkansas,2013-10-01,226013.0,504541.0
Arkansas,2013-11-01,224279.0,501124.0
Arkansas,2013-12-01,222627.0,496671.0
Arkansas,2014-01-01,222548.0,496935.0
Arkansas,2014-02-01,221008.0,492663.0
Arkansas,2014-03-01,220289.0,488926.0
Arkansas,2014-04-01,219560.0,486651.0
Arkansas,2014-05-01,220290.0,488404.0
Arkansas,2014-06-01,220400.0,487710.0
Arkansas,2014-07-01,219718.0,486465.0
Arkansas,2014-08-01,220315.0,487174.0
Arkansas,2014-09-01,220307.0,486312.0
Arkansas,2014-10-01,220380.0,486130.0
Arkansas,2014-11-01,219111.0,481749.0
Arkansas,2014-12-01,218775.0,480252.0
Arkansas,2015-01-01,217319.0,476089.0
Arkansas,2015-02-01,217185.0,475704.0
Arkansas,2015-03-01,213326.0,466445.0
Arkansas,2015-04-01,211414.0,461999.0
Arkansas,2015-05-01,210683.0,459893.0
Arkansas,2015-06-01,211050.0,461080.0
Arkansas,2015-07-01,211026.0,461166.0
Arkansas,2015-08-01,209373.0,458309.0
Arkansas,2015-09-01,209027.0,458032.0
Arkansas,2015-10-01,208807.0,457380.0
Arkansas,2015-11-01,207181.0,453286.0
Arkansas,2015-12-01,206228.0,451207.0
Arkansas,2016-01-01,203015.0,443941.0
Arkansas,2016-02-01,201478.0,441898.0
Arkansas,2016-03-01,198213.0,434865.0
Arkansas,2016-04-01,188107.0,418002.0
Arkansas,2016-05-01,181144.0,407820.0
Arkansas,2016-06-01,177194.0,401790.0
Arkansas,2016-07-01,177199.0,401890.0
Arkansas,2016-08-01,175973.0,401205.0
Arkansas,2016-09-01,175096.0,399538.0
Arkansas,2016-10-01,176611.0,403376.0
Arkansas,2016-11-01,175408.0,399839.0
Arkansas,2016-12-01,174743.0,397802.0
Arkansas,2017-01-01,172935.0,393349.0
Arkansas,2017-02-01,171011.0,389577.0
Arkansas,2017-03-01,169967.0,385208.0
Arkansas,2017-04-01,167138.0,378446.0
Arkansas,2017-05-01,167461.0,380420.0
Arkansas,2017-06-01,168099.0,382515.0
Arkansas,2017-07-01,166157.0,377768.0
Arkansas,2017-08-01,169248.0,386551.0
Arkansas,2017-09-01,168946.0,385494.0
Arkansas,2017-10-01,169516.0,386421.0
Arkansas,2017-11-01,168810.0,383740.0
Arkansas,2017-12-01,168681.0,382704.0
Arkansas,2018-01-01,166997.0,378791.0
Arkansas,2018-02-01,166465.0,377717.0
Arkansas,2018-03-01,165782.0,373710.0
Arkansas,2018-04-01,164912.0,372292.0
Arkansas,2018-05-01,161721.0,363143.0
Arkansas,2018-06-01,160875.0,362454.0
Arkansas,2018-07-01,161574.0,363548.0
Arkansas,2018-08-01,160784.0,362440.0
Arkansas,2018-09-01,161019.0,362454.0
Arkansas,2018-10-01,161515.0,363186.0
Arkansas,2018-11-01,162693.0,365559.0
Arkansas,2018-12-01,161926.0,363631.0
Arkansas,2019-01-01,161030.0,360533.0
Arkansas,2019-02-01,162097.0,363301.0
Arkansas,2019-03-01,160976.0,358305.0
Arkansas,2019-04-01,156621.0,347080.0
Arkansas,2019-05-01,155508.0,344512.0
Arkansas,2019-06-01,155869.0,345284.0
Arkansas,2019-07-01,156744.0,346819.0
Arkansas,2019-08-01,157688.0,349592.0
Arkansas,2019-09-01,158103.0,351199.0
Arkansas,2019-10-01,158056.0,350447.0
Arkansas,2019-11-01,157594.0,348052.0
Arkansas,2019-12-01,157739.0,348050.0
Arkansas,2020-01-01,156341.0,343435.0
Arkansas,2020-02-01,154942.0,339463.0
Arkansas,2020-03-01,154702.0,337151.0
Arkansas,2020-04-01,174537.0,381027.0
Arkansas,2020-05-01,182810.0,387379.0
Arkansas,2020-06-01,187994.0,405518.0
Arkansas,2020-07-01,201664.0,424460.0
Arkansas,2020-08-01,190222.0,398219.0
Arkansas,2020-09-01,187805.0,391984.0
Arkansas,2020-10-01,181257.0,377077.0
Arkansas,2020-11-01,176498.0,359966.0
Arkansas,2020-12-01,164724.0,351931.0
Arkansas,2021-01-01,165608.0,347714.0
Arkansas,2021-02-01,166122.0,348755.0
Arkansas,2021-03-01,168429.0,351316.0
Arkansas,2021-04-01,164526.0,342068.0
Arkansas,2021-05-01,160686.0,333362.0
Arkansas,2021-06-01,160708.0,332663.0
Arkansas,2021-07-01,170881.0,352201.0
Arkansas,2021-08-01,161979.0,333818.0
Arkansas,2021-09-01,157652.0,323246.0
Arkansas,2021-10-01,159688.0,324286.0
Arkansas,2021-11-01,158070.0,319455.0
Arkansas,2021-12-01,156123.0,314293.0
Arkansas,2022-01-01,154008.0,309537.0
Arkansas,2022-02-01,151359.0,304315.0
Arkansas,2022-03-01,152749.0,306489.0
Arkansas,2022-04-01,151112.0,302313.0
Arkansas,2022-05-01,144895.0,289324.0
Arkansas,2022-06-01,95897.0,190976.0
Arkansas,2022-07-01,116691.0,235309.0
Arkansas,2022-08-01,118207.0,238828.0
Arkansas,2022-09-01,114996.0,229553.0
Arkansas,2022-10-01,117705.0,233193.0
Arkansas,2022-11-01,131504.0,265149.0
Arkansas,2022-12-01,135729.0,264025.0
Arkansas,2023-01-01,114653.0,227575.0
Arkansas,2023-02-01,131783.0,255317.0
Arkansas,2023-03-01,129105.0,247698.0
Arkansas,2023-04-01,126424.0,241012.0
Arkansas,2023-05-01,130559.0,276432.0
Arkansas,2023-06-01,127263.0,268981.0
Arkansas,2023-07-01,125171.0,237206.0
Arkansas,2023-08-01,125560.0,238614.0
Arkansas,2023-09-01,126966.0,241303.0
Arkansas,2023-10-01,129061.0,246383.0
Arkansas,2023-11-01,128860.0,247060.0
Arkansas,2023-12-01,129351.0,247786.0
Arkansas,2024-01-01,129290.0,246831.0
Arkansas,2024-02-01,127822.0,243199.0
Arkansas,2024-03-01,127680.0,242288.0
Arkansas,2024-04-01,124814.0,235213.0
Arkansas,2024-05-01,125255.0,236318.0
Arkansas,2024-06-01,124788.0,236521.0
Arkansas,2024-07-01,123397.0,231580.0
Arkansas,2024-08-01,124753.0,234052.0
Arkansas,2024-09-01,0.0,0.0
California,1988-10-01,592000.0,1696000.0
California,1988-11-01,600600.0,1718000.0
California,1988-12-01,610000.0,1748000.0
California,1989-01-01,615500.0,1758000.0
California,1989-02-01,619400.0,1769000.0
California,1989-03-01,636400.0,1812000.0
California,1989-04-01,635000.0,1809000.0
California,1989-05-01,630675.0,1780476.0
California,1989-06-01,634900.0,1797000.0
California,1989-07-01,630675.0,1780476.0
California,1989-08-01,647901.0,1827414.0
California,1989-09-01,644631.0,1814642.0
California,1989-10-01,653709.0,1848724.0
California,1989-11-01,682429.0,1920510.0
California,1989-12-01,668414.0,1883715.0
California,1990-01-01,682861.0,1921727.0
California,1990-02-01,683657.0,1926427.0
California,1990-03-01,704911.0,1993066.0
California,1990-04-01,698037.0,1972324.0
California,1990-05-01,710119.0,1977204.0
California,1990-06-01,709527.0,1999785.0
California,1990-07-01,708278.0,1963270.0
California,1990-08-01,674223.0,1862443.0
California,1990-09-01,702405.0,1974546.0
California,1990-10-01,727954.0,2009476.0
California,1990-11-01,738452.0,2040007.0
California,1990-12-01,745500.0,2077000.0
California,1991-01-01,766890.0,2105919.0
California,1991-02-01,782786.0,2150728.0
California,1991-03-01,805237.0,2209083.0
California,1991-04-01,860021.0,2358674.0
California,1991-05-01,838182.0,2291144.0
California,1991-06-01,842636.0,2300152.0
California,1991-07-01,848600.0,2302900.0
California,1991-08-01,864700.0,2364600.0
California,1991-09-01,865400.0,2333500.0
California,1991-10-01,889593.0,2394005.0
California,1991-11-01,898300.0,2426600.0
California,1991-12-01,923600.0,2482400.0
California,1992-01-01,923300.0,2462000.0
California,1992-02-01,931900.0,2511300.0
California,1992-03-01,969600.0,2582100.0
California,1992-04-01,980000.0,2613700.0
California,1992-05-01,979700.0,2613500.0
California,1992-06-01,988000.0,2629000.0
California,1992-07-01,1004501.0,2663607.0
California,1992-08-01,1002567.0,2658540.0
California,1992-09-01,1004310.0,2658346.0
California,1992-10-01,1021061.0,2658346.0
California,1992-11-01,1016161.0,2689726.0
California,1992-12-01,1030293.0,2729167.0
California,1993-01-01,1044703.0,2785282.0
California,1993-02-01,1062384.0,2837564.0
California,1993-03-01,1089448.0,2907539.0
California,1993-04-01,1098951.0,2938383.0
California,1993-05-01,1101398.0,2940870.0
California,1993-06-01,1107813.0,2960293.0
California,1993-07-01,1115113.0,3013167.0
California,1993-08-01,1109156.0,2960878.0
California,1993-09-01,1109466.0,2968776.0
California,1993-10-01,1117864.0,2994128.0
California,1993-11-01,1131886.0,3037221.0
California,1993-12-01,1145149.0,3073296.0
California,1994-01-01,1207399.0,3192996.0
California,1994-02-01,1369366.0,3470478.0
California,1994-03-01,1182636.0,3191890.0
California,1994-04-01,1174471.0,3178138.0
California,1994-05-01,1164113.0,3143099.0
California,1994-06-01,1167919.0,3154232.0
California,1994-07-01,1164064.0,3152578.0
California,1994-08-01,1164612.0,3145774.0
California,1994-09-01,1160836.0,3121396.0
California,1994-10-01,1168070.0,3140586.0
California,1994-11-01,1164138.0,3133258.0
California,1994-12-01,1182564.0,3203821.0
California,1995-01-01,1177427.0,3184531.0
California,1995-02-01,1177105.0,3177464.0
California,1995-03-01,1202253.0,3239422.0
California,1995-04-01,1188530.0,3211984.0
California,1995-05-01,1177314.0,3189385.0
California,1995-06-01,1176526.0,3181971.0
California,1995-07-01,1164910.0,3156809.0
California,1995-08-01,1166084.0,3150536.0
California,1995-09-01,1161820.0,3126048.0
California,1995-10-01,1185630.0,3227797.0
California,1995-11-01,1181034.0,3243734.0
California,1995-12-01,1181365.0,3146819.0
California,1996-01-01,1170489.0,3134412.0
California,1996-02-01,1176893.0,3152472.0
California,1996-03-01,1193354.0,3195064.0
California,1996-04-01,1187664.0,3181949.0
California,1996-05-01,1178592.0,3157498.0
California,1996-06-01,1165200.0,3128369.0
California,1996-07-01,1148140.0,3073894.0
California,1996-08-01,1143410.0,3076115.0
California,1996-09-01,1117809.0,3002553.0
California,1996-10-01,1116727.0,3005531.0
California,1996-11-01,1103778.0,2976035.0
California,1996-12-01,1088387.0,2938077.0
California,1997-01-01,1081453.0,2913501.0
California,1997-02-01,1079263.0,2917507.0
California,1997-03-01,1062560.0,2887327.0
California,1997-04-01,1049513.0,2852747.0
California,1997-05-01,1026560.0,2788043.0
California,1997-06-01,1026518.0,2787912.0
California,1997-07-01,991831.0,2683006.0
California,1997-08-01,978325.0,2606144.0
California,1997-09-01,938201.0,2421300.0
California,1997-10-01,939967.0,2440438.0
California,1997-11-01,938749.0,2431724.0
California,1997-12-01,908360.0,2349369.0
California,1998-01-01,893573.0,2316912.0
California,1998-02-01,864363.0,2236644.0
California,1998-03-01,868119.0,2270446.0
California,1998-04-01,864175.0,2240818.0
California,1998-05-01,849426.0,2237876.0
California,1998-06-01,838483.0,2199567.0
California,1998-07-01,823825.0,2163964.0
California,1998-08-01,810483.0,2131171.0
California,1998-09-01,784216.0,2089896.0
California,1998-10-01,780926.0,2107298.0
California,1998-11-01,771268.0,2089154.0
California,1998-12-01,765054.0,2062101.0
California,1999-01-01,756678.0,2062758.0
California,1999-02-01,745686.0,2029832.0
California,1999-03-01,753016.0,2051856.0
California,1999-04-01,751230.0,2043566.0
California,1999-05-01,735570.0,2013442.0
California,1999-06-01,735570.0,2013442.0
California,1999-07-01,726926.0,1974212.0
California,1999-08-01,719538.0,1952585.0
California,1999-09-01,710463.0,1924820.0
California,1999-10-01,697902.0,1922749.0
California,1999-11-01,695641.0,1895136.0
California,1999-12-01,694269.0,1882556.0
California,2000-01-01,678604.0,1845475.0
California,2000-02-01,686078.0,1861705.0
California,2000-03-01,683930.0,1866047.0
California,2000-04-01,675729.0,1840870.0
California,2000-05-01,666599.0,1811434.0
California,2000-06-01,659838.0,1789943.0
California,2000-07-01,651418.0,1765313.0
California,2000-08-01,636461.0,1746574.0
California,2000-09-01,637615.0,1740317.0
California,2000-10-01,638594.0,1730448.0
California,2000-11-01,636470.0,1705207.0
California,2000-12-01,623340.0,1678093.0
California,2001-01-01,635221.0,1700576.0
California,2001-02-01,617164.0,1655810.0
California,2001-03-01,620837.0,1670958.0
California,2001-04-01,617678.0,1655836.0
California,2001-05-01,611442.0,1635684.0
California,2001-06-01,612097.0,1638987.0
California,2001-07-01,635193.0,1685890.0
California,2001-08-01,621150.0,1653658.0
California,2001-09-01,628491.0,1669229.0
California,2001-10-01,629262.0,1665746.0
California,2001-11-01,636365.0,1686743.0
California,2001-12-01,643132.0,1702529.0
California,2002-01-01,656197.0,1720862.0
California,2002-02-01,654562.0,1728051.0
California,2002-03-01,662909.0,1747254.0
California,2002-04-01,661903.0,1741007.0
California,2002-05-01,661833.0,1790429.0
California,2002-06-01,640862.0,1698130.0
California,2002-07-01,643120.0,1688887.0
California,2002-08-01,644933.0,1695868.0
California,2002-09-01,644705.0,1670473.0
California,2002-10-01,636402.0,1656644.0
California,2002-11-01,637277.0,1661429.0
California,2002-12-01,642268.0,1671204.0
California,2003-01-01,646344.0,1678230.0
California,2003-02-01,644468.0,1652008.0
California,2003-03-01,651227.0,1679639.0
California,2003-04-01,667078.0,1735853.0
California,2003-05-01,670839.0,1745626.0
California,2003-06-01,681604.0,1750889.0
California,2003-07-01,680605.0,1743707.0
California,2003-08-01,689517.0,1766677.0
California,2003-09-01,687519.0,1760352.0
California,2003-10-01,689416.0,1759283.0
California,2003-11-01,692476.0,1763826.0
California,2003-12-01,694088.0,1766683.0
California,2004-01-01,706330.0,1798172.0
California,2004-02-01,712453.0,1812244.0
California,2004-03-01,734632.0,1863140.0
California,2004-04-01,742590.0,1892315.0
California,2004-05-01,750830.0,1895604.0
California,2004-06-01,752440.0,1902140.0
California,2004-07-01,762080.0,1944139.0
California,2004-08-01,774489.0,1957204.0
California,2004-09-01,775038.0,1959086.0
California,2004-10-01,775423.0,1973748.0
California,2004-11-01,776800.0,1977716.0
California,2004-12-01,779925.0,1982354.0
California,2005-01-01,783158.0,1988759.0
California,2005-02-01,780796.0,1983187.0
California,2005-03-01,789154.0,1998531.0
California,2005-04-01,785463.0,1990739.0
California,2005-05-01,789852.0,1996754.0
California,2005-06-01,789292.0,1995931.0
California,2005-07-01,791304.0,2004380.0
California,2005-08-01,790022.0,1998974.0
California,2005-09-01,796998.0,2013218.0
California,2005-10-01,799254.0,2014236.0
California,2005-11-01,799288.0,2010032.0
California,2005-12-01,798514.0,2008457.0
California,2006-01-01,801752.0,2012051.0
California,2006-02-01,794588.0,1990419.0
California,2006-03-01,802064.0,2002687.0
California,2006-04-01,794411.0,1989586.0
California,2006-05-01,798971.0,1999244.0
California,2006-06-01,803353.0,2005494.0
California,2006-07-01,801850.0,2001655.0
California,2006-08-01,794256.0,1955552.0
California,2006-09-01,805321.0,2006461.0
California,2006-10-01,809768.0,2008954.0
California,2006-11-01,807413.0,2013386.0
California,2006-12-01,814044.0,2026945.0
California,2007-01-01,819091.0,2033130.0
California,2007-02-01,813311.0,2041062.0
California,2007-03-01,827455.0,2065890.0
California,2007-04-01,825440.0,2061934.0
California,2007-05-01,846304.0,2060397.0
California,2007-06-01,832303.0,2060397.0
California,2007-07-01,837813.0,2055004.0
California,2007-08-01,846613.0,2073792.0
California,2007-09-01,847537.0,2077333.0
California,2007-10-01,861074.0,2107994.0
California,2007-11-01,863554.0,2118581.0
California,2007-12-01,871358.0,2137063.0
California,2008-01-01,888017.0,2160179.0
California,2008-02-01,892132.0,2176434.0
California,2008-03-01,909687.0,2209057.0
California,2008-04-01,919643.0,2228659.0
California,2008-05-01,929182.0,2252135.0
California,2008-06-01,939550.0,2270623.0
California,2008-07-01,953789.0,2298023.0
California,2008-08-01,962778.0,2325856.0
California,2008-09-01,979162.0,2356921.0
California,2008-10-01,997151.0,2398987.0
California,2008-11-01,1010516.0,2431562.0
California,2008-12-01,1042916.0,2502279.0
California,2009-01-01,1063669.0,2545129.0
California,2009-02-01,1081909.0,2588728.0
California,2009-03-01,1116044.0,2653014.0
California,2009-04-01,1134849.0,2695893.0
California,2009-05-01,1157616.0,2746460.0
California,2009-06-01,1183837.0,2797186.0
California,2009-07-01,1207731.0,2849133.0
California,2009-08-01,1226446.0,2890168.0
California,2009-09-01,1252703.0,2945548.0
California,2009-10-01,1281901.0,3011359.0
California,2009-11-01,1295212.0,3041650.0
California,2009-12-01,1327580.0,3112043.0
California,2010-01-01,1343392.0,3145373.0
California,2010-02-01,1360840.0,3185154.0
California,2010-03-01,1388492.0,3232550.0
California,2010-04-01,1398983.0,3254744.0
California,2010-05-01,1413573.0,3285959.0
California,2010-06-01,1434223.0,3323895.0
California,2010-07-01,1461495.0,3376982.0
California,2010-08-01,1485484.0,3425892.0
California,2010-09-01,1505136.0,3466974.0
California,2010-10-01,1519439.0,3499878.0
California,2010-11-01,1531452.0,3521881.0
California,2010-12-01,1552881.0,3570066.0
California,2011-01-01,1572832.0,3602170.0
California,2011-02-01,1578837.0,3619055.0
California,2011-03-01,1613482.0,3669962.0
California,2011-04-01,1616336.0,3679671.0
California,2011-05-01,1642508.0,3727005.0
California,2011-06-01,1655292.0,3739233.0
California,2011-07-01,1668941.0,3776195.0
California,2011-08-01,1695650.0,3818822.0
California,2011-09-01,1706251.0,3851823.0
California,2011-10-01,1720236.0,3867094.0
California,2011-11-01,1722785.0,3875258.0
California,2011-12-01,1738884.0,3904099.0
California,2012-01-01,1751440.0,3917804.0
California,2012-02-01,1750085.0,3925017.0
California,2012-03-01,1774677.0,3961829.0
California,2012-04-01,1776742.0,3956504.0
California,2012-05-01,1791393.0,3980231.0
California,2012-06-01,1804088.0,4011628.0
California,2012-07-01,1827008.0,4034260.0
California,2012-08-01,1844039.0,4062422.0
California,2012-09-01,1849513.0,4074501.0
California,2012-10-01,1871771.0,4107543.0
California,2012-11-01,1870687.0,4108565.0
California,2012-12-01,1879514.0,4127070.0
California,2013-01-01,1903182.0,4155083.0
California,2013-02-01,1891174.0,4147880.0
California,2013-03-01,1914602.0,4180235.0
California,2013-04-01,1911075.0,4163620.0
California,2013-05-01,1915130.0,4169854.0
California,2013-06-01,1914830.0,4167502.0
California,2013-07-01,1926688.0,4181660.0
California,2013-08-01,1933680.0,4198369.0
California,2013-09-01,1938095.0,4200988.0
California,2013-10-01,1961085.0,4245372.0
California,2013-11-01,1966307.0,4264816.0
California,2013-12-01,1985240.0,4295452.0
California,2014-01-01,1997428.0,4308752.0
California,2014-02-01,1995827.0,4311206.0
California,2014-03-01,2018357.0,4336066.0
California,2014-04-01,2027773.0,4349203.0
California,2014-05-01,2038610.0,4362874.0
California,2014-06-01,2049185.0,4419104.0
California,2014-07-01,2057046.0,4434106.0
California,2014-08-01,2067778.0,4439090.0
California,2014-09-01,2066631.0,4429570.0
California,2014-10-01,2070011.0,4431666.0
California,2014-11-01,2056792.0,4381564.0
California,2014-12-01,2084513.0,4407217.0
California,2015-01-01,2084554.0,4400060.0
California,2015-02-01,2082575.0,4397992.0
California,2015-03-01,2095801.0,4410913.0
California,2015-04-01,2098966.0,4415987.0
California,2015-05-01,2103684.0,4421016.0
California,2015-06-01,2115586.0,4429146.0
California,2015-07-01,2119925.0,4433744.0
California,2015-08-01,2123659.0,4441949.0
California,2015-09-01,2127450.0,4442010.0
California,2015-10-01,2124909.0,4436189.0
California,2015-11-01,2123433.0,4423656.0
California,2015-12-01,2122130.0,4416807.0
California,2016-01-01,2107591.0,4384491.0
California,2016-02-01,2098438.0,4354226.0
California,2016-03-01,2111634.0,4378063.0
California,2016-04-01,2086897.0,4319732.0
California,2016-05-01,2084911.0,4302479.0
California,2016-06-01,2078088.0,4287282.0
California,2016-07-01,2061726.0,4257428.0
California,2016-08-01,2068663.0,4267498.0
California,2016-09-01,2054322.0,4252654.0
California,2016-10-01,2041736.0,4230399.0
California,2016-11-01,2030685.0,4228297.0
California,2016-12-01,2020183.0,4194962.0
California,2017-01-01,2006542.0,4165897.0
California,2017-02-01,1982535.0,4126328.0
California,2017-03-01,1989555.0,4117613.0
California,2017-04-01,1967869.0,4071767.0
California,2017-05-01,1967755.0,4058708.0
California,2017-06-01,1963764.0,4048374.0
California,2017-07-01,1951592.0,4021166.0
California,2017-08-01,1966116.0,4040968.0
California,2017-09-01,1964764.0,4040313.0
California,2017-10-01,1973283.0,4041711.0
California,2017-11-01,1965392.0,4025040.0
California,2017-12-01,1967062.0,4025533.0
California,2018-01-01,1966596.0,4003826.0
California,2018-02-01,1943041.0,3969931.0
California,2018-03-01,1959216.0,3980048.0
California,2018-04-01,1943611.0,3938934.0
California,2018-05-01,1940828.0,3922366.0
California,2018-06-01,1930438.0,3894395.0
California,2018-07-01,1923253.0,3871003.0
California,2018-08-01,1927173.0,3875364.0
California,2018-09-01,1912140.0,3846268.0
California,2018-10-01,1911644.0,3830650.0
California,2018-11-01,1894575.0,3795514.0
California,2018-12-01,1886632.0,3773446.0
California,2019-01-01,1890447.0,3727456.0
California,2019-02-01,303030.0,606095.0
California,2019-03-01,1848931.0,3677090.0
California,2019-04-01,1824382.0,3623654.0
California,2019-05-01,1837803.0,3636313.0
California,2019-06-01,1970778.0,3775793.0
California,2019-07-01,2053345.0,3914962.0
California,2019-08-01,2100790.0,3987750.0
California,2019-09-01,2118467.0,4004917.0
California,2019-10-01,2141660.0,4040645.0
California,2019-11-01,2148970.0,4042531.0
California,2019-12-01,2164962.0,4059554.0
California,2020-01-01,2162843.0,4043672.0
California,2020-02-01,2162336.0,4031055.0
California,2020-03-01,2176480.0,4041711.0
California,2020-04-01,2404044.0,4451007.0
California,2020-05-01,2517672.0,4637893.0
California,2020-06-01,2592246.0,4775267.0
California,2020-07-01,2513681.0,4564117.0
California,2020-08-01,2488992.0,4519289.0
California,2020-09-01,2458340.0,4537280.0
California,2020-10-01,2361583.0,4375694.0
California,2020-11-01,2291174.0,4245238.0
California,2020-12-01,2286052.0,4234649.0
California,2021-01-01,2370183.0,4368759.0
California,2021-02-01,2456818.0,4451404.0
California,2021-03-01,2383453.0,4309750.0
California,2021-04-01,2370759.0,4291627.0
California,2021-05-01,2353486.0,4259446.0
California,2021-06-01,2338578.0,4237518.0
California,2021-07-01,2438593.0,4412673.0
California,2021-08-01,2406829.0,4340990.0
California,2021-09-01,2437879.0,4396992.0
California,2021-10-01,2498868.0,4488318.0
California,2021-11-01,2521033.0,4528129.0
California,2021-12-01,2534905.0,4465861.0
California,2022-01-01,2532377.0,4470515.0
California,2022-02-01,2546125.0,4489949.0
California,2022-03-01,2592917.0,4572651.0
California,2022-04-01,2612764.0,4612800.0
California,2022-05-01,2649214.0,4669304.0
California,2022-06-01,2684296.0,4741370.0
California,2022-07-01,2775042.0,4896195.0
California,2022-08-01,2579564.0,4553236.0
California,2022-09-01,2865660.0,5044603.0
California,2022-10-01,2870494.0,5052731.0
California,2022-11-01,2944785.0,5166416.0
California,2022-12-01,2963632.0,5196207.0
California,2023-01-01,2982802.0,5216600.0
California,2023-02-01,3006076.0,5245040.0
California,2023-03-01,3030977.0,5279190.0
California,2023-04-01,2965170.0,5172539.0
California,2023-05-01,2992905.0,5215990.0
California,2023-06-01,3020493.0,5265551.0
California,2023-07-01,3007004.0,5230031.0
California,2023-08-01,3044879.0,5287586.0
California,2023-09-01,3043657.0,5278649.0
California,2023-10-01,3068940.0,5307404.0
California,2023-11-01,3070168.0,5302750.0
California,2023-12-01,3083150.0,5318809.0
California,2024-01-01,3097449.0,5335531.0
California,2024-02-01,3051842.0,5258910.0
California,2024-03-01,3142476.0,5406892.0
California,2024-04-01,3146853.0,5405423.0
California,2024-05-01,3169329.0,5444031.0
California,2024-06-01,3169324.0,5444022.0
California,2024-07-01,3154411.0,5391640.0
California,2024-08-01,3191799.0,5463270.0
California,2024-09-01,0.0,0.0
Colorado,1988-10-01,78380.0,202057.0
Colorado,1988-11-01,78586.0,201546.0
Colorado,1988-12-01,83117.0,214071.0
Colorado,1989-01-01,83673.0,215754.0
Colorado,1989-02-01,83977.0,216553.0
Colorado,1989-03-01,86645.0,223647.0
Colorado,1989-04-01,84515.0,217931.0
Colorado,1989-05-01,82785.0,211720.0
Colorado,1989-06-01,82672.0,211614.0
Colorado,1989-07-01,80429.0,206645.0
Colorado,1989-08-01,81406.0,206384.0
Colorado,1989-09-01,80903.0,207745.0
Colorado,1989-10-01,81553.0,207984.0
Colorado,1989-11-01,83051.0,210058.0
Colorado,1989-12-01,84901.0,213985.0
Colorado,1990-01-01,85203.0,216824.0
Colorado,1990-02-01,88456.0,222666.0
Colorado,1990-03-01,89378.0,225435.0
Colorado,1990-04-01,89845.0,226131.0
Colorado,1990-05-01,90029.0,227255.0
Colorado,1990-06-01,89700.0,227042.0
Colorado,1990-07-01,86673.0,225357.0
Colorado,1990-08-01,89798.0,227253.0
Colorado,1990-09-01,89190.0,226117.0
Colorado,1990-10-01,90675.0,229399.0
Colorado,1990-11-01,91341.0,230815.0
Colorado,1990-12-01,92081.0,235786.0
Colorado,1991-01-01,91024.0,233044.0
Colorado,1991-02-01,95714.0,244927.0
Colorado,1991-03-01,98085.0,250435.0
Colorado,1991-04-01,99182.0,249668.0
Colorado,1991-05-01,99327.0,249539.0
Colorado,1991-06-01,94303.0,241030.0
Colorado,1991-07-01,95123.0,241962.0
Colorado,1991-08-01,95144.0,239765.0
Colorado,1991-09-01,95067.0,242619.0
Colorado,1991-10-01,93111.0,244144.0
Colorado,1991-11-01,97733.0,248584.0
Colorado,1991-12-01,100375.0,255708.0
Colorado,1992-01-01,101734.0,259182.0
Colorado,1992-02-01,102501.0,261180.0
Colorado,1992-03-01,104596.0,265078.0
Colorado,1992-04-01,103996.0,264369.0
Colorado,1992-05-01,103347.0,262833.0
Colorado,1992-06-01,103934.0,263501.0
Colorado,1992-07-01,104121.0,263610.0
Colorado,1992-08-01,103780.0,264118.0
Colorado,1992-09-01,103768.0,264009.0
Colorado,1992-10-01,104641.0,265509.0
Colorado,1992-11-01,105391.0,267043.0
Colorado,1992-12-01,107827.0,273381.0
Colorado,1993-01-01,107983.0,274182.0
Colorado,1993-02-01,108777.0,275932.0
Colorado,1993-03-01,110488.0,279400.0
Colorado,1993-04-01,109266.0,276813.0
Colorado,1993-05-01,109266.0,276813.0
Colorado,1993-06-01,107667.0,272734.0
Colorado,1993-07-01,107056.0,270833.0
Colorado,1993-08-01,106738.0,270888.0
Colorado,1993-09-01,105517.0,267889.0
Colorado,1993-10-01,105551.0,267235.0
Colorado,1993-11-01,106919.0,269764.0
Colorado,1993-12-01,108319.0,272837.0
Colorado,1994-01-01,108379.0,272852.0
Colorado,1994-02-01,108263.0,272523.0
Colorado,1994-03-01,109988.0,275765.0
Colorado,1994-04-01,107943.0,271076.0
Colorado,1994-05-01,106921.0,268040.0
Colorado,1994-06-01,106136.0,265704.0
Colorado,1994-07-01,104846.0,261925.0
Colorado,1994-08-01,105396.0,262612.0
Colorado,1994-09-01,103897.0,258733.0
Colorado,1994-10-01,103568.0,257697.0
Colorado,1994-11-01,103683.0,256386.0
Colorado,1994-12-01,104764.0,258321.0
Colorado,1995-01-01,104772.0,257809.0
Colorado,1995-02-01,104055.0,255371.0
Colorado,1995-03-01,105602.0,258325.0
Colorado,1995-04-01,104897.0,256016.0
Colorado,1995-05-01,101514.0,247269.0
Colorado,1995-06-01,101575.0,247142.0
Colorado,1995-07-01,100466.0,243914.0
Colorado,1995-08-01,100996.0,244077.0
Colorado,1995-09-01,99342.0,240229.0
Colorado,1995-10-01,99909.0,241076.0
Colorado,1995-11-01,99936.0,240434.0
Colorado,1995-12-01,101078.0,243070.0
Colorado,1996-01-01,104274.0,250717.0
Colorado,1996-02-01,103853.0,249669.0
Colorado,1996-03-01,105682.0,253471.0
Colorado,1996-04-01,104348.0,250279.0
Colorado,1996-05-01,102043.0,244785.0
Colorado,1996-06-01,99980.0,240006.0
Colorado,1996-07-01,100394.0,239537.0
Colorado,1996-08-01,97444.0,237758.0
Colorado,1996-09-01,97787.0,233505.0
Colorado,1996-10-01,97341.0,232150.0
Colorado,1996-11-01,95961.0,228854.0
Colorado,1996-12-01,95709.0,228530.0
Colorado,1997-01-01,94404.0,225190.0
Colorado,1997-02-01,94485.0,225643.0
Colorado,1997-03-01,94551.0,225946.0
Colorado,1997-04-01,90276.0,215552.0
Colorado,1997-05-01,88452.0,211141.0
Colorado,1997-06-01,86924.0,207244.0
Colorado,1997-07-01,85536.0,203263.0
Colorado,1997-08-01,85041.0,202111.0
Colorado,1997-09-01,82462.0,195353.0
Colorado,1997-10-01,84452.0,198596.0
Colorado,1997-11-01,84452.0,198596.0
Colorado,1997-12-01,84291.0,198091.0
Colorado,1998-01-01,84291.0,198091.0
Colorado,1998-02-01,84554.0,197740.0
Colorado,1998-03-01,83818.0,195614.0
Colorado,1998-04-01,82457.0,192148.0
Colorado,1998-05-01,80593.0,186783.0
Colorado,1998-06-01,79905.0,185064.0
Colorado,1998-07-01,76974.0,177222.0
Colorado,1998-08-01,78798.0,182313.0
Colorado,1998-09-01,78632.0,181924.0
Colorado,1998-10-01,78478.0,181027.0
Colorado,1998-11-01,77066.0,177471.0
Colorado,1998-12-01,78182.0,180083.0
Colorado,1999-01-01,76571.0,175790.0
Colorado,1999-02-01,76858.0,176512.0
Colorado,1999-03-01,81556.0,186881.0
Colorado,1999-04-01,74951.0,170447.0
Colorado,1999-05-01,74425.0,168883.0
Colorado,1999-06-01,74283.0,168710.0
Colorado,1999-07-01,73022.0,164930.0
Colorado,1999-08-01,73187.0,165615.0
Colorado,1999-09-01,73187.0,165615.0
Colorado,1999-10-01,71872.0,161789.0
Colorado,1999-11-01,71412.0,161104.0
Colorado,1999-12-01,72891.0,162990.0
Colorado,2000-01-01,70039.0,158092.0
Colorado,2000-02-01,71193.0,159183.0
Colorado,2000-03-01,70908.0,157756.0
Colorado,2000-04-01,69441.0,154143.0
Colorado,2000-05-01,69153.0,153305.0
Colorado,2000-06-01,68580.0,152037.0
Colorado,2000-07-01,67561.0,149343.0
Colorado,2000-08-01,68489.0,151742.0
Colorado,2000-09-01,67874.0,149894.0
Colorado,2000-10-01,67887.0,150237.0
Colorado,2000-11-01,68149.0,150893.0
Colorado,2000-12-01,68643.0,152592.0
Colorado,2001-01-01,68211.0,151421.0
Colorado,2001-02-01,68927.0,152643.0
Colorado,2001-03-01,69911.0,155285.0
Colorado,2001-04-01,69190.0,153368.0
Colorado,2001-05-01,69827.0,154601.0
Colorado,2001-06-01,69705.0,154360.0
Colorado,2001-07-01,69910.0,154918.0
Colorado,2001-08-01,71541.0,158881.0
Colorado,2001-09-01,70998.0,158223.0
Colorado,2001-10-01,73463.0,164254.0
Colorado,2001-11-01,75502.0,169984.0
Colorado,2001-12-01,77531.0,175476.0
Colorado,2002-01-01,78077.0,176459.0
Colorado,2002-02-01,79873.0,180910.0
Colorado,2002-03-01,80738.0,182275.0
Colorado,2002-04-01,80738.0,182065.0
Colorado,2002-05-01,80063.0,181253.0
Colorado,2002-06-01,79011.0,179093.0
Colorado,2002-07-01,79370.0,180034.0
Colorado,2002-08-01,81181.0,184646.0
Colorado,2002-09-01,81278.0,185430.0
Colorado,2002-10-01,83414.0,190367.0
Colorado,2002-11-01,83414.0,194576.0
Colorado,2002-12-01,86535.0,198464.0
Colorado,2003-01-01,86896.0,199175.0
Colorado,2003-02-01,88670.0,203514.0
Colorado,2003-03-01,89667.0,205899.0
Colorado,2003-04-01,91712.0,211144.0
Colorado,2003-05-01,92499.0,213633.0
Colorado,2003-06-01,92389.0,213931.0
Colorado,2003-07-01,93336.0,216512.0
Colorado,2003-08-01,95583.0,222420.0
Colorado,2003-09-01,97037.0,227004.0
Colorado,2003-10-01,98971.0,230982.0
Colorado,2003-11-01,98971.0,230982.0
Colorado,2003-12-01,101038.0,237041.0
Colorado,2004-01-01,101455.0,238522.0
Colorado,2004-02-01,103869.0,243377.0
Colorado,2004-03-01,106344.0,248464.0
Colorado,2004-04-01,106327.0,248306.0
Colorado,2004-05-01,105543.0,246409.0
Colorado,2004-06-01,105309.0,246184.0
Colorado,2004-07-01,104551.0,243932.0
Colorado,2004-08-01,106034.0,247923.0
Colorado,2004-09-01,104472.0,239233.0
Colorado,2004-10-01,114273.0,244018.0
Colorado,2004-11-01,108121.0,239139.0
Colorado,2004-12-01,112248.0,269396.0
Colorado,2005-01-01,103993.0,249591.0
Colorado,2005-02-01,109121.0,240139.0
Colorado,2005-03-01,104121.0,254542.0
Colorado,2005-04-01,108212.0,248888.0
Colorado,2005-05-01,105350.0,242306.0
Colorado,2005-06-01,107875.0,248113.0
Colorado,2005-07-01,98954.0,216815.0
Colorado,2005-08-01,106859.0,245776.0
Colorado,2005-09-01,109733.0,252385.0
Colorado,2005-10-01,93134.0,214208.0
Colorado,2005-11-01,106147.0,252066.0
Colorado,2005-12-01,109008.0,252066.0
Colorado,2006-01-01,108741.0,256908.0
Colorado,2006-02-01,108427.0,255046.0
Colorado,2006-03-01,111704.0,255046.0
Colorado,2006-04-01,109247.0,256858.0
Colorado,2006-05-01,109098.0,257270.0
Colorado,2006-06-01,108686.0,256486.0
Colorado,2006-07-01,107292.0,252715.0
Colorado,2006-08-01,108069.0,254790.0
Colorado,2006-09-01,107394.0,253166.0
Colorado,2006-10-01,107246.0,252477.0
Colorado,2006-11-01,107310.0,253039.0
Colorado,2006-12-01,106819.0,252001.0
Colorado,2007-01-01,107675.0,253858.0
Colorado,2007-02-01,105909.0,249593.0
Colorado,2007-03-01,108180.0,254504.0
Colorado,2007-04-01,107251.0,251269.0
Colorado,2007-05-01,107081.0,250547.0
Colorado,2007-06-01,107499.0,251360.0
Colorado,2007-07-01,106485.0,248026.0
Colorado,2007-08-01,106226.0,247523.0
Colorado,2007-09-01,105105.0,244250.0
Colorado,2007-10-01,106171.0,246532.0
Colorado,2007-11-01,105758.0,245938.0
Colorado,2007-12-01,106650.0,247775.0
Colorado,2008-01-01,107477.0,249213.0
Colorado,2008-02-01,107526.0,248662.0
Colorado,2008-03-01,109460.0,252898.0
Colorado,2008-04-01,109834.0,253090.0
Colorado,2008-05-01,109629.0,252813.0
Colorado,2008-06-01,111185.0,256731.0
Colorado,2008-07-01,111816.0,257084.0
Colorado,2008-08-01,112263.0,259006.0
Colorado,2008-09-01,115093.0,265449.0
Colorado,2008-10-01,118268.0,272982.0
Colorado,2008-11-01,120177.0,277419.0
Colorado,2008-12-01,126433.0,291904.0
Colorado,2009-01-01,128928.0,297628.0
Colorado,2009-02-01,132221.0,304682.0
Colorado,2009-03-01,137870.0,317492.0
Colorado,2009-04-01,141583.0,326259.0
Colorado,2009-05-01,144655.0,334146.0
Colorado,2009-06-01,149089.0,343968.0
Colorado,2009-07-01,151621.0,349614.0
Colorado,2009-08-01,151621.0,349614.0
Colorado,2009-09-01,158115.0,363738.0
Colorado,2009-10-01,161463.0,371389.0
Colorado,2009-11-01,164963.0,379956.0
Colorado,2009-12-01,169691.0,390656.0
Colorado,2010-01-01,171933.0,395580.0
Colorado,2010-02-01,173361.0,398862.0
Colorado,2010-03-01,177596.0,407731.0
Colorado,2010-04-01,179103.0,411245.0
Colorado,2010-05-01,180396.0,413805.0
Colorado,2010-06-01,182250.0,417989.0
Colorado,2010-07-01,183440.0,419737.0
Colorado,2010-08-01,185567.0,424314.0
Colorado,2010-09-01,185707.0,424878.0
Colorado,2010-10-01,187636.0,428941.0
Colorado,2010-11-01,190947.0,435306.0
Colorado,2010-12-01,193500.0,441221.0
Colorado,2011-01-01,194957.0,443242.0
Colorado,2011-02-01,195866.0,443661.0
Colorado,2011-03-01,201125.0,455250.0
Colorado,2011-04-01,200814.0,454810.0
Colorado,2011-05-01,203636.0,460292.0
Colorado,2011-06-01,205548.0,464498.0
Colorado,2011-07-01,205920.0,464088.0
Colorado,2011-08-01,209649.0,471363.0
Colorado,2011-09-01,211165.0,474564.0
Colorado,2011-10-01,213701.0,480566.0
Colorado,2011-11-01,214517.0,481440.0
Colorado,2011-12-01,218232.0,488527.0
Colorado,2012-01-01,220219.0,491483.0
Colorado,2012-02-01,219187.0,488691.0
Colorado,2012-03-01,223002.0,496109.0
Colorado,2012-04-01,220983.0,491333.0
Colorado,2012-05-01,222073.0,493638.0
Colorado,2012-06-01,222620.0,494316.0
Colorado,2012-07-01,223860.0,496559.0
Colorado,2012-08-01,225249.0,499273.0
Colorado,2012-09-01,224845.0,497621.0
Colorado,2012-10-01,228794.0,505366.0
Colorado,2012-11-01,228734.0,504741.0
Colorado,2012-12-01,231000.0,508679.0
Colorado,2013-01-01,232886.0,511802.0
Colorado,2013-02-01,230834.0,507192.0
Colorado,2013-03-01,234397.0,513483.0
Colorado,2013-04-01,233101.0,510696.0
Colorado,2013-05-01,232963.0,510441.0
Colorado,2013-06-01,231671.0,507135.0
Colorado,2013-07-01,231646.0,506228.0
Colorado,2013-08-01,231464.0,506169.0
Colorado,2013-09-01,230362.0,503275.0
Colorado,2013-10-01,232871.0,508082.0
Colorado,2013-11-01,230001.0,501679.0
Colorado,2013-12-01,232145.0,504612.0
Colorado,2014-01-01,232491.0,503223.0
Colorado,2014-02-01,232284.0,501889.0
Colorado,2014-03-01,235937.0,508211.0
Colorado,2014-04-01,235777.0,506461.0
Colorado,2014-05-01,237405.0,509949.0
Colorado,2014-06-01,236971.0,509157.0
Colorado,2014-07-01,235586.0,506625.0
Colorado,2014-08-01,233933.0,501508.0
Colorado,2014-09-01,233771.0,500635.0
Colorado,2014-10-01,234743.0,502721.0
Colorado,2014-11-01,233172.0,499087.0
Colorado,2014-12-01,235978.0,503645.0
Colorado,2015-01-01,235112.0,500125.0
Colorado,2015-02-01,233144.0,494727.0
Colorado,2015-03-01,235495.0,498271.0
Colorado,2015-04-01,233027.0,493102.0
Colorado,2015-05-01,233312.0,494150.0
Colorado,2015-06-01,232906.0,492908.0
Colorado,2015-07-01,231402.0,489675.0
Colorado,2015-08-01,230279.0,488427.0
Colorado,2015-09-01,228791.0,484767.0
Colorado,2015-10-01,226768.0,481892.0
Colorado,2015-11-01,225748.0,479102.0
Colorado,2015-12-01,227597.0,481720.0
Colorado,2016-01-01,227234.0,480212.0
Colorado,2016-02-01,226498.0,478383.0
Colorado,2016-03-01,226386.0,477783.0
Colorado,2016-04-01,225306.0,475244.0
Colorado,2016-05-01,224576.0,473690.0
Colorado,2016-06-01,223554.0,471792.0
Colorado,2016-07-01,222949.0,469090.0
Colorado,2016-08-01,224821.0,471950.0
Colorado,2016-09-01,222565.0,467426.0
Colorado,2016-10-01,222507.0,466789.0
Colorado,2016-11-01,221849.0,465069.0
Colorado,2016-12-01,223544.0,466844.0
Colorado,2017-01-01,225252.0,468636.0
Colorado,2017-02-01,222385.0,461645.0
Colorado,2017-03-01,225108.0,465246.0
Colorado,2017-04-01,221700.0,457848.0
Colorado,2017-05-01,222248.0,457445.0
Colorado,2017-06-01,221213.0,454291.0
Colorado,2017-07-01,218401.0,448129.0
Colorado,2017-08-01,219487.0,450351.0
Colorado,2017-09-01,218923.0,448675.0
Colorado,2017-10-01,220901.0,451621.0
Colorado,2017-11-01,220217.0,449017.0
Colorado,2017-12-01,222180.0,451127.0
Colorado,2018-01-01,224723.0,454873.0
Colorado,2018-02-01,220211.0,455910.0
Colorado,2018-03-01,223363.0,450866.0
Colorado,2018-04-01,220953.0,445005.0
Colorado,2018-05-01,219975.0,442787.0
Colorado,2018-06-01,219802.0,442154.0
Colorado,2018-07-01,220325.0,443567.0
Colorado,2018-08-01,224125.0,455186.0
Colorado,2018-09-01,223942.0,455773.0
Colorado,2018-10-01,226581.0,461659.0
Colorado,2018-11-01,227958.0,462062.0
Colorado,2018-12-01,226803.0,456585.0
Colorado,2019-01-01,227731.0,456786.0
Colorado,2019-02-01,14711.0,31018.0
Colorado,2019-03-01,227236.0,452616.0
Colorado,2019-04-01,224890.0,447801.0
Colorado,2019-05-01,224148.0,446093.0
Colorado,2019-06-01,223919.0,445289.0
Colorado,2019-07-01,224136.0,444626.0
Colorado,2019-08-01,222430.0,440612.0
Colorado,2019-09-01,222430.0,438326.0
Colorado,2019-10-01,223238.0,439390.0
Colorado,2019-11-01,221741.0,435937.0
Colorado,2019-12-01,223076.0,437241.0
Colorado,2020-01-01,220705.0,434142.0
Colorado,2020-02-01,219519.0,431397.0
Colorado,2020-03-01,223637.0,439355.0
Colorado,2020-04-01,258793.0,507074.0
Colorado,2020-05-01,267699.0,524084.0
Colorado,2020-06-01,276588.0,539331.0
Colorado,2020-07-01,281464.0,551936.0
Colorado,2020-08-01,274040.0,534175.0
Colorado,2020-09-01,268219.0,523098.0
Colorado,2020-10-01,258263.0,506102.0
Colorado,2020-11-01,243988.0,476756.0
Colorado,2020-12-01,254089.0,497997.0
Colorado,2021-01-01,255582.0,499164.0
Colorado,2021-02-01,259686.0,507441.0
Colorado,2021-03-01,262393.0,512057.0
Colorado,2021-04-01,266279.0,517146.0
Colorado,2021-05-01,268139.0,522550.0
Colorado,2021-06-01,264987.0,513617.0
Colorado,2021-07-01,264054.0,512297.0
Colorado,2021-08-01,280605.0,565496.0
Colorado,2021-09-01,270667.0,536718.0
Colorado,2021-10-01,262320.0,504963.0
Colorado,2021-11-01,265719.0,512732.0
Colorado,2021-12-01,279995.0,559785.0
Colorado,2022-01-01,267351.0,515705.0
Colorado,2022-02-01,269986.0,521159.0
Colorado,2022-03-01,275851.0,532046.0
Colorado,2022-04-01,284605.0,541308.0
Colorado,2022-05-01,279188.0,535919.0
Colorado,2022-06-01,282586.0,542173.0
Colorado,2022-07-01,283614.0,543840.0
Colorado,2022-08-01,301728.0,601114.0
Colorado,2022-09-01,289674.0,572893.0
Colorado,2022-10-01,289072.0,552462.0
Colorado,2022-11-01,290528.0,554386.0
Colorado,2022-12-01,293401.0,556362.0
Colorado,2023-01-01,291143.0,552605.0
Colorado,2023-02-01,296921.0,562096.0
Colorado,2023-03-01,300850.0,570080.0
Colorado,2023-04-01,299109.0,565658.0
Colorado,2023-05-01,303347.0,572261.0
Colorado,2023-06-01,304068.0,574153.0
Colorado,2023-07-01,301621.0,568946.0
Colorado,2023-08-01,303213.0,571137.0
Colorado,2023-09-01,301849.0,568095.0
Colorado,2023-10-01,304428.0,572223.0
Colorado,2023-11-01,304776.0,572131.0
Colorado,2023-12-01,306726.0,576670.0
Colorado,2024-01-01,306823.0,575162.0
Colorado,2024-02-01,306007.0,573262.0
Colorado,2024-03-01,310044.0,579983.0
Colorado,2024-04-01,312567.0,584416.0
Colorado,2024-05-01,314719.0,588019.0
Colorado,2024-06-01,316063.0,590770.0
Colorado,2024-07-01,319190.0,595909.0
Colorado,2024-08-01,321778.0,600323.0
Colorado,2024-09-01,0.0,0.0
Commonwealth of Northern Mariana Islands,2019-10-01,0.0,0.0
Commonwealth of Northern Mariana Islands,2019-11-01,0.0,0.0
Commonwealth of Northern Mariana Islands,2019-12-01,0.0,0.0
Commonwealth of Northern Mariana Islands,2020-01-01,0.0,0.0
Commonwealth of Northern Mariana Islands,2020-02-01,0.0,0.0
Commonwealth of Northern Mariana Islands,2020-03-01,0.0,0.0
Commonwealth of Northern Mariana Islands,2020-04-01,0.0,0.0
Commonwealth of Northern Mariana Islands,2020-05-01,0.0,0.0
Commonwealth of Northern Mariana Islands,2020-06-01,0.0,0.0
Commonwealth of Northern Mariana Islands,2020-07-01,0.0,0.0
Commonwealth of Northern Mariana Islands,2020-08-01,0.0,0.0
Commonwealth of Northern Mariana Islands,2020-09-01,0.0,0.0
Commonwealth of Northern Mariana Islands,2020-10-01,0.0,0.0
Commonwealth of Northern Mariana Islands,2020-11-01,0.0,0.0
Commonwealth of Northern Mariana Islands,2020-12-01,0.0,0.0
Commonwealth of Northern Mariana Islands,2021-01-01,0.0,0.0
Commonwealth of Northern Mariana Islands,2021-02-01,0.0,0.0
Commonwealth of Northern Mariana Islands,2021-03-01,0.0,0.0
Commonwealth of Northern Mariana Islands,2021-04-01,0.0,0.0
Commonwealth of Northern Mariana Islands,2021-05-01,0.0,0.0
Commonwealth of Northern Mariana Islands,2021-06-01,0.0,0.0
Commonwealth of Northern Mariana Islands,2021-07-01,0.0,0.0
Commonwealth of Northern Mariana Islands,2021-08-01,0.0,0.0
Commonwealth of Northern Mariana Islands,2021-09-01,0.0,0.0
Commonwealth of Northern Mariana Islands,2021-10-01,0.0,0.0
Commonwealth of Northern Mariana Islands,2021-11-01,0.0,0.0
Commonwealth of Northern Mariana Islands,2021-12-01,0.0,0.0
Commonwealth of Northern Mariana Islands,2022-01-01,0.0,0.0
Commonwealth of Northern Mariana Islands,2022-02-01,0.0,0.0
Commonwealth of Northern Mariana Islands,2022-03-01,0.0,0.0
Commonwealth of Northern Mariana Islands,2022-04-01,0.0,0.0
Commonwealth of Northern Mariana Islands,2022-05-01,0.0,0.0
Commonwealth of Northern Mariana Islands,2022-06-01,0.0,0.0
Commonwealth of Northern Mariana Islands,2022-07-01,0.0,0.0
Commonwealth of Northern Mariana Islands,2022-08-01,0.0,0.0
Commonwealth of Northern Mariana Islands,2022-09-01,0.0,0.0
Commonwealth of Northern Mariana Islands,2022-10-01,0.0,0.0
Commonwealth of Northern Mariana Islands,2022-11-01,0.0,0.0
Commonwealth of Northern Mariana Islands,2022-12-01,0.0,0.0
Commonwealth of Northern Mariana Islands,2023-01-01,0.0,0.0
Commonwealth of Northern Mariana Islands,2023-02-01,0.0,0.0
Commonwealth of Northern Mariana Islands,2023-03-01,0.0,0.0
Commonwealth of Northern Mariana Islands,2023-04-01,0.0,0.0
Commonwealth of Northern Mariana Islands,2023-05-01,0.0,0.0
Commonwealth of Northern Mariana Islands,2023-06-01,0.0,0.0
Commonwealth of Northern Mariana Islands,2023-07-01,0.0,0.0
Commonwealth of Northern Mariana Islands,2023-08-01,0.0,0.0
Commonwealth of Northern Mariana Islands,2023-09-01,0.0,0.0
Commonwealth of Northern Mariana Islands,2023-10-01,0.0,0.0
Commonwealth of Northern Mariana Islands,2023-11-01,0.0,0.0
Commonwealth of Northern Mariana Islands,2023-12-01,0.0,0.0
Commonwealth of Northern Mariana Islands,2024-01-01,0.0,0.0
Commonwealth of Northern Mariana Islands,2024-02-01,0.0,0.0
Commonwealth of Northern Mariana Islands,2024-03-01,0.0,0.0
Commonwealth of Northern Mariana Islands,2024-04-01,0.0,0.0
Commonwealth of Northern Mariana Islands,2024-05-01,0.0,0.0
Commonwealth of Northern Mariana Islands,2024-06-01,0.0,0.0
Commonwealth of Northern Mariana Islands,2024-07-01,0.0,0.0
Commonwealth of Northern Mariana Islands,2024-08-01,0.0,0.0
Commonwealth of Northern Mariana Islands,2024-09-01,0.0,0.0
Connecticut,1988-10-01,40621.0,108805.0
Connecticut,1988-11-01,40988.0,109264.0
Connecticut,1988-12-01,41109.0,109456.0
Connecticut,1989-01-01,42033.0,111600.0
Connecticut,1989-02-01,42598.0,112990.0
Connecticut,1989-03-01,42639.0,113145.0
Connecticut,1989-04-01,43758.0,115559.0
Connecticut,1989-05-01,43888.0,115480.0
Connecticut,1989-06-01,43654.0,115283.0
Connecticut,1989-07-01,43782.0,115384.0
Connecticut,1989-08-01,44817.0,117896.0
Connecticut,1989-09-01,44530.0,117600.0
Connecticut,1989-10-01,45384.0,119814.0
Connecticut,1989-11-01,46805.0,118148.0
Connecticut,1989-12-01,48842.0,126273.0
Connecticut,1990-01-01,51467.0,131395.0
Connecticut,1990-02-01,52407.0,133963.0
Connecticut,1990-03-01,52789.0,134547.0
Connecticut,1990-04-01,53818.0,135622.0
Connecticut,1990-05-01,54400.0,138720.0
Connecticut,1990-06-01,53352.0,135877.0
Connecticut,1990-07-01,54097.0,137653.0
Connecticut,1990-08-01,55839.0,141525.0
Connecticut,1990-09-01,58081.0,146110.0
Connecticut,1990-10-01,59632.0,149411.0
Connecticut,1990-11-01,61792.0,154240.0
Connecticut,1990-12-01,64380.0,159867.0
Connecticut,1991-01-01,65953.0,163436.0
Connecticut,1991-02-01,66476.0,164632.0
Connecticut,1991-03-01,69954.0,171873.0
Connecticut,1991-04-01,72219.0,176465.0
Connecticut,1991-05-01,73606.0,179324.0
Connecticut,1991-06-01,73859.0,179779.0
Connecticut,1991-07-01,75628.0,183350.0
Connecticut,1991-08-01,77018.0,186239.0
Connecticut,1991-09-01,78368.0,188830.0
Connecticut,1991-10-01,80779.0,193363.0
Connecticut,1991-11-01,81766.0,195389.0
Connecticut,1991-12-01,82471.0,196661.0
Connecticut,1992-01-01,83815.0,199097.0
Connecticut,1992-02-01,85093.0,201438.0
Connecticut,1992-03-01,86544.0,204070.0
Connecticut,1992-04-01,86555.0,204041.0
Connecticut,1992-05-01,86299.0,203775.0
Connecticut,1992-06-01,87051.0,205247.0
Connecticut,1992-07-01,87910.0,206961.0
Connecticut,1992-08-01,88263.0,207380.0
Connecticut,1992-09-01,89501.0,209754.0
Connecticut,1992-10-01,90355.0,210948.0
Connecticut,1992-11-01,90629.0,212072.0
Connecticut,1992-12-01,90821.0,212126.0
Connecticut,1993-01-01,91599.0,213638.0
Connecticut,1993-02-01,92436.0,215353.0
Connecticut,1993-03-01,93939.0,217513.0
Connecticut,1993-04-01,93276.0,215546.0
Connecticut,1993-05-01,93563.0,216352.0
Connecticut,1993-06-01,93328.0,216069.0
Connecticut,1993-07-01,94070.0,217610.0
Connecticut,1993-08-01,94164.0,217697.0
Connecticut,1993-09-01,94841.0,219723.0
Connecticut,1993-10-01,94763.0,218902.0
Connecticut,1993-11-01,95710.0,220758.0
Connecticut,1993-12-01,95392.0,220080.0
Connecticut,1994-01-01,96017.0,221460.0
Connecticut,1994-02-01,96277.0,222324.0
Connecticut,1994-03-01,98022.0,225044.0
Connecticut,1994-04-01,98355.0,225288.0
Connecticut,1994-05-01,98042.0,224222.0
Connecticut,1994-06-01,97453.0,222909.0
Connecticut,1994-07-01,97289.0,223136.0
Connecticut,1994-08-01,97907.0,224253.0
Connecticut,1994-09-01,97577.0,223034.0
Connecticut,1994-10-01,98300.0,223949.0
Connecticut,1994-11-01,98404.0,224521.0
Connecticut,1994-12-01,98574.0,224453.0
Connecticut,1995-01-01,100056.0,227153.0
Connecticut,1995-02-01,100396.0,228445.0
Connecticut,1995-03-01,101720.0,230177.0
Connecticut,1995-04-01,100357.0,227047.0
Connecticut,1995-05-01,100318.0,226556.0
Connecticut,1995-06-01,99687.0,225019.0
Connecticut,1995-07-01,99381.0,224547.0
Connecticut,1995-08-01,100005.0,225835.0
Connecticut,1995-09-01,99806.0,225034.0
Connecticut,1995-10-01,100179.0,224569.0
Connecticut,1995-11-01,99654.0,223602.0
Connecticut,1995-12-01,99042.0,222142.0
Connecticut,1996-01-01,99709.0,223223.0
Connecticut,1996-02-01,100550.0,224638.0
Connecticut,1996-03-01,101000.0,226000.0
Connecticut,1996-04-01,100640.0,223511.0
Connecticut,1996-05-01,101000.0,224000.0
Connecticut,1996-06-01,99074.0,220241.0
Connecticut,1996-07-01,98814.0,219447.0
Connecticut,1996-08-01,101000.0,224000.0
Connecticut,1996-09-01,97781.0,217719.0
Connecticut,1996-10-01,97428.0,216846.0
Connecticut,1996-11-01,96226.0,214640.0
Connecticut,1996-12-01,95628.0,213636.0
Connecticut,1997-01-01,95083.0,212671.0
Connecticut,1997-02-01,95425.0,212913.0
Connecticut,1997-03-01,92729.0,208567.0
Connecticut,1997-04-01,91387.0,205870.0
Connecticut,1997-05-01,92349.0,204660.0
Connecticut,1997-06-01,92143.0,205927.0
Connecticut,1997-07-01,92250.0,204400.0
Connecticut,1997-08-01,94584.0,207248.0
Connecticut,1997-09-01,94705.0,206966.0
Connecticut,1997-10-01,96346.0,200967.0
Connecticut,1997-11-01,93571.0,202662.0
Connecticut,1997-12-01,94044.0,201957.0
Connecticut,1998-01-01,93424.0,200211.0
Connecticut,1998-02-01,93315.0,198804.0
Connecticut,1998-03-01,93788.0,198752.0
Connecticut,1998-04-01,93414.0,197001.0
Connecticut,1998-05-01,92469.0,194151.0
Connecticut,1998-06-01,91162.0,190329.0
Connecticut,1998-07-01,90929.0,189268.0
Connecticut,1998-08-01,90635.0,188334.0
Connecticut,1998-09-01,90657.0,187955.0
Connecticut,1998-10-01,90026.0,186009.0
Connecticut,1998-11-01,89531.0,183818.0
Connecticut,1998-12-01,89296.0,183118.0
Connecticut,1999-01-01,89032.0,181723.0
Connecticut,1999-02-01,88577.0,179720.0
Connecticut,1999-03-01,88783.0,179611.0
Connecticut,1999-04-01,88101.0,177758.0
Connecticut,1999-05-01,87152.0,175185.0
Connecticut,1999-06-01,86832.0,174335.0
Connecticut,1999-07-01,86339.0,173413.0
Connecticut,1999-08-01,86123.0,172316.0
Connecticut,1999-09-01,85563.0,171009.0
Connecticut,1999-10-01,84900.0,169014.0
Connecticut,1999-11-01,84377.0,167700.0
Connecticut,1999-12-01,84046.0,167051.0
Connecticut,2000-01-01,84355.0,167019.0
Connecticut,2000-02-01,84407.0,166505.0
Connecticut,2000-03-01,85300.0,167822.0
Connecticut,2000-04-01,84259.0,164900.0
Connecticut,2000-05-01,83713.0,163438.0
Connecticut,2000-06-01,83197.0,161976.0
Connecticut,2000-07-01,82955.0,161286.0
Connecticut,2000-08-01,84171.0,164223.0
Connecticut,2000-09-01,82512.0,159769.0
Connecticut,2000-10-01,81548.0,157281.0
Connecticut,2000-11-01,81154.0,156327.0
Connecticut,2000-12-01,80984.0,155890.0
Connecticut,2001-01-01,81764.0,157141.0
Connecticut,2001-02-01,81691.0,156370.0
Connecticut,2001-03-01,82363.0,157143.0
Connecticut,2001-04-01,81882.0,156474.0
Connecticut,2001-05-01,82053.0,157006.0
Connecticut,2001-06-01,81703.0,156315.0
Connecticut,2001-07-01,81968.0,157105.0
Connecticut,2001-08-01,82839.0,158972.0
Connecticut,2001-09-01,82335.0,158347.0
Connecticut,2001-10-01,83476.0,159800.0
Connecticut,2001-11-01,83541.0,160418.0
Connecticut,2001-12-01,85183.0,163684.0
Connecticut,2002-01-01,86892.0,167273.0
Connecticut,2002-02-01,87844.0,168439.0
Connecticut,2002-03-01,88707.0,169775.0
Connecticut,2002-04-01,89676.0,171357.0
Connecticut,2002-05-01,89666.0,171290.0
Connecticut,2002-06-01,89417.0,171052.0
Connecticut,2002-07-01,89402.0,171299.0
Connecticut,2002-08-01,89934.0,172669.0
Connecticut,2002-09-01,91822.0,176030.0
Connecticut,2002-10-01,91029.0,173893.0
Connecticut,2002-11-01,91746.0,175625.0
Connecticut,2002-12-01,91846.0,175737.0
Connecticut,2003-01-01,92839.0,177850.0
Connecticut,2003-02-01,92892.0,177362.0
Connecticut,2003-03-01,94139.0,179468.0
Connecticut,2003-04-01,94946.0,182209.0
Connecticut,2003-05-01,95139.0,182523.0
Connecticut,2003-06-01,95119.0,182534.0
Connecticut,2003-07-01,95853.0,184345.0
Connecticut,2003-08-01,96671.0,186410.0
Connecticut,2003-09-01,97540.0,188185.0
Connecticut,2003-10-01,98336.0,190387.0
Connecticut,2003-11-01,98567.0,190639.0
Connecticut,2003-12-01,99575.0,192377.0
Connecticut,2004-01-01,100397.0,193816.0
Connecticut,2004-02-01,100945.0,193966.0
Connecticut,2004-03-01,102898.0,197179.0
Connecticut,2004-04-01,103581.0,197780.0
Connecticut,2004-05-01,103885.0,198059.0
Connecticut,2004-06-01,103766.0,197781.0
Connecticut,2004-07-01,104181.0,198587.0
Connecticut,2004-08-01,104854.0,200329.0
Connecticut,2004-09-01,105109.0,200862.0
Connecticut,2004-10-01,105527.0,201912.0
Connecticut,2004-11-01,105520.0,201750.0
Connecticut,2004-12-01,105744.0,202420.0
Connecticut,2005-01-01,106184.0,202701.0
Connecticut,2005-02-01,106557.0,202711.0
Connecticut,2005-03-01,107302.0,203563.0
Connecticut,2005-04-01,107778.0,204093.0
Connecticut,2005-05-01,108501.0,204952.0
Connecticut,2005-06-01,108470.0,204955.0
Connecticut,2005-07-01,108907.0,205904.0
Connecticut,2005-08-01,109523.0,207021.0
Connecticut,2005-09-01,109887.0,207764.0
Connecticut,2005-10-01,110884.0,209164.0
Connecticut,2005-11-01,110533.0,208822.0
Connecticut,2005-12-01,110887.0,209345.0
Connecticut,2006-01-01,111326.0,209550.0
Connecticut,2006-02-01,111448.0,209117.0
Connecticut,2006-03-01,112304.0,210392.0
Connecticut,2006-04-01,112647.0,210559.0
Connecticut,2006-05-01,112813.0,210548.0
Connecticut,2006-06-01,113745.0,212568.0
Connecticut,2006-07-01,112182.0,210402.0
Connecticut,2006-08-01,112292.0,211452.0
Connecticut,2006-09-01,112436.0,211537.0
Connecticut,2006-10-01,112711.0,211991.0
Connecticut,2006-11-01,112239.0,211619.0
Connecticut,2006-12-01,112021.0,211263.0
Connecticut,2007-01-01,112279.0,211460.0
Connecticut,2007-02-01,111800.0,209927.0
Connecticut,2007-03-01,112565.0,210750.0
Connecticut,2007-04-01,112936.0,211234.0
Connecticut,2007-05-01,113054.0,211601.0
Connecticut,2007-06-01,113334.0,212334.0
Connecticut,2007-07-01,114249.0,213999.0
Connecticut,2007-08-01,115240.0,216669.0
Connecticut,2007-09-01,115815.0,217900.0
Connecticut,2007-10-01,116835.0,219905.0
Connecticut,2007-11-01,117149.0,220701.0
Connecticut,2007-12-01,117550.0,221358.0
Connecticut,2008-01-01,118524.0,223127.0
Connecticut,2008-02-01,118882.0,222730.0
Connecticut,2008-03-01,120406.0,224778.0
Connecticut,2008-04-01,121047.0,225233.0
Connecticut,2008-05-01,121536.0,225670.0
Connecticut,2008-06-01,122213.0,227168.0
Connecticut,2008-07-01,123209.0,229401.0
Connecticut,2008-08-01,124020.0,231056.0
Connecticut,2008-09-01,125502.0,233471.0
Connecticut,2008-10-01,127634.0,237828.0
Connecticut,2008-11-01,128983.0,239921.0
Connecticut,2008-12-01,130972.0,243914.0
Connecticut,2009-01-01,132282.0,245873.0
Connecticut,2009-02-01,133673.0,247159.0
Connecticut,2009-03-01,136727.0,252078.0
Connecticut,2009-04-01,138443.0,254540.0
Connecticut,2009-05-01,140333.0,257679.0
Connecticut,2009-06-01,142794.0,262229.0
Connecticut,2009-07-01,147806.0,273545.0
Connecticut,2009-08-01,154044.0,286445.0
Connecticut,2009-09-01,159210.0,296772.0
Connecticut,2009-10-01,163500.0,305078.0
Connecticut,2009-11-01,167878.0,313839.0
Connecticut,2009-12-01,170340.0,318918.0
Connecticut,2010-01-01,173273.0,324295.0
Connecticut,2010-02-01,175309.0,327242.0
Connecticut,2010-03-01,179585.0,334372.0
Connecticut,2010-04-01,182331.0,339218.0
Connecticut,2010-05-01,185210.0,344243.0
Connecticut,2010-06-01,187728.0,348636.0
Connecticut,2010-07-01,190206.0,353104.0
Connecticut,2010-08-01,193807.0,359487.0
Connecticut,2010-09-01,196388.0,364341.0
Connecticut,2010-10-01,198428.0,367664.0
Connecticut,2010-11-01,200388.0,370665.0
Connecticut,2010-12-01,200991.0,371675.0
Connecticut,2011-01-01,201794.0,372531.0
Connecticut,2011-02-01,202791.0,373808.0
Connecticut,2011-03-01,205793.0,378406.0
Connecticut,2011-04-01,206768.0,379698.0
Connecticut,2011-05-01,208228.0,381501.0
Connecticut,2011-06-01,209399.0,383390.0
Connecticut,2011-07-01,211166.0,386724.0
Connecticut,2011-08-01,210915.0,386985.0
Connecticut,2011-09-01,212598.0,391078.0
Connecticut,2011-10-01,215463.0,396517.0
Connecticut,2011-11-01,217202.0,400072.0
Connecticut,2011-12-01,219660.0,405215.0
Connecticut,2012-01-01,220259.0,405779.0
Connecticut,2012-02-01,219069.0,402571.0
Connecticut,2012-03-01,218854.0,401009.0
Connecticut,2012-04-01,218897.0,400541.0
Connecticut,2012-05-01,218816.0,400203.0
Connecticut,2012-06-01,220659.0,404164.0
Connecticut,2012-07-01,221414.0,405613.0
Connecticut,2012-08-01,223075.0,408569.0
Connecticut,2012-09-01,224434.0,411344.0
Connecticut,2012-10-01,226133.0,414875.0
Connecticut,2012-11-01,229648.0,420819.0
Connecticut,2012-12-01,231541.0,424197.0
Connecticut,2013-01-01,232871.0,426519.0
Connecticut,2013-02-01,231412.0,422884.0
Connecticut,2013-03-01,231407.0,422064.0
Connecticut,2013-04-01,232481.0,423328.0
Connecticut,2013-05-01,234209.0,426863.0
Connecticut,2013-06-01,237105.0,430599.0
Connecticut,2013-07-01,237063.0,430157.0
Connecticut,2013-08-01,236117.0,429190.0
Connecticut,2013-09-01,238070.0,432339.0
Connecticut,2013-10-01,239908.0,436283.0
Connecticut,2013-11-01,236117.0,429190.0
Connecticut,2013-12-01,240909.0,437131.0
Connecticut,2014-01-01,241877.0,438848.0
Connecticut,2014-02-01,240671.0,435832.0
Connecticut,2014-03-01,243040.0,438438.0
Connecticut,2014-04-01,243128.0,438338.0
Connecticut,2014-05-01,244294.0,439405.0
Connecticut,2014-06-01,244885.0,440132.0
Connecticut,2014-07-01,246068.0,441782.0
Connecticut,2014-08-01,246341.0,441645.0
Connecticut,2014-09-01,248547.0,445682.0
Connecticut,2014-10-01,248450.0,444395.0
Connecticut,2014-11-01,249097.0,445897.0
Connecticut,2014-12-01,249590.0,446146.0
Connecticut,2015-01-01,248368.0,443804.0
Connecticut,2015-02-01,247138.0,440941.0
Connecticut,2015-03-01,248757.0,443111.0
Connecticut,2015-04-01,248263.0,441892.0
Connecticut,2015-05-01,247556.0,439722.0
Connecticut,2015-06-01,247693.0,440216.0
Connecticut,2015-07-01,247110.0,438918.0
Connecticut,2015-08-01,247960.0,440074.0
Connecticut,2015-09-01,248460.0,440819.0
Connecticut,2015-10-01,247848.0,439210.0
Connecticut,2015-11-01,248078.0,439325.0
Connecticut,2015-12-01,247017.0,437134.0
Connecticut,2016-01-01,247413.0,437065.0
Connecticut,2016-02-01,246672.0,434759.0
Connecticut,2016-03-01,246345.0,433566.0
Connecticut,2016-04-01,242832.0,427505.0
Connecticut,2016-05-01,243174.0,427466.0
Connecticut,2016-06-01,243115.0,427190.0
Connecticut,2016-07-01,242193.0,425511.0
Connecticut,2016-08-01,242597.0,426007.0
Connecticut,2016-09-01,241837.0,424431.0
Connecticut,2016-10-01,240837.0,422211.0
Connecticut,2016-11-01,240542.0,421729.0
Connecticut,2016-12-01,238904.0,418039.0
Connecticut,2017-01-01,239120.0,418102.0
Connecticut,2017-02-01,236498.0,412506.0
Connecticut,2017-03-01,234720.0,408448.0
Connecticut,2017-04-01,233297.0,405729.0
Connecticut,2017-05-01,233974.0,406861.0
Connecticut,2017-06-01,232153.0,403646.0
Connecticut,2017-07-01,231354.0,402757.0
Connecticut,2017-08-01,230325.0,400782.0
Connecticut,2017-09-01,231942.0,403323.0
Connecticut,2017-10-01,236291.0,411586.0
Connecticut,2017-11-01,229675.0,400418.0
Connecticut,2017-12-01,227209.0,395675.0
Connecticut,2018-01-01,226930.0,396007.0
Connecticut,2018-02-01,224610.0,390547.0
Connecticut,2018-03-01,221756.0,384362.0
Connecticut,2018-04-01,220232.0,381030.0
Connecticut,2018-05-01,219669.0,379351.0
Connecticut,2018-06-01,218713.0,377598.0
Connecticut,2018-07-01,217399.0,376192.0
Connecticut,2018-08-01,218217.0,377531.0
Connecticut,2018-09-01,218232.0,377649.0
Connecticut,2018-10-01,217619.0,376447.0
Connecticut,2018-11-01,216134.0,374230.0
Connecticut,2018-12-01,215283.0,372079.0
Connecticut,2019-01-01,215132.0,371393.0
Connecticut,2019-02-01,19891.0,39270.0
Connecticut,2019-03-01,213248.0,366453.0
Connecticut,2019-04-01,212331.0,364182.0
Connecticut,2019-05-01,212602.0,364456.0
Connecticut,2019-06-01,212355.0,363578.0
Connecticut,2019-07-01,212611.0,364092.0
Connecticut,2019-08-01,213062.0,364704.0
Connecticut,2019-09-01,212861.0,364474.0
Connecticut,2019-10-01,213305.0,364659.0
Connecticut,2019-11-01,212893.0,363535.0
Connecticut,2019-12-01,211588.0,360523.0
Connecticut,2020-01-01,212256.0,360832.0
Connecticut,2020-02-01,212069.0,360031.0
Connecticut,2020-03-01,211990.0,360128.0
Connecticut,2020-04-01,222008.0,379936.0
Connecticut,2020-05-01,225676.0,387217.0
Connecticut,2020-06-01,225622.0,387097.0
Connecticut,2020-07-01,225789.0,386966.0
Connecticut,2020-08-01,222119.0,380909.0
Connecticut,2020-09-01,219073.0,375825.0
Connecticut,2020-10-01,213541.0,365607.0
Connecticut,2020-11-01,210279.0,360157.0
Connecticut,2020-12-01,213589.0,365498.0
Connecticut,2021-01-01,215623.0,368684.0
Connecticut,2021-02-01,218820.0,373747.0
Connecticut,2021-03-01,220100.0,376924.0
Connecticut,2021-04-01,220041.0,376581.0
Connecticut,2021-05-01,221469.0,379351.0
Connecticut,2021-06-01,219465.0,376195.0
Connecticut,2021-07-01,217064.0,372661.0
Connecticut,2021-08-01,217290.0,372430.0
Connecticut,2021-09-01,217441.0,371752.0
Connecticut,2021-10-01,216821.0,369252.0
Connecticut,2021-11-01,214609.0,365484.0
Connecticut,2021-12-01,215995.0,368265.0
Connecticut,2022-01-01,215898.0,369521.0
Connecticut,2022-02-01,217360.0,373068.0
Connecticut,2022-03-01,218334.0,374648.0
Connecticut,2022-04-01,219207.0,376639.0
Connecticut,2022-05-01,219695.0,378366.0
Connecticut,2022-06-01,220674.0,380397.0
Connecticut,2022-07-01,221168.0,381393.0
Connecticut,2022-08-01,222674.0,383809.0
Connecticut,2022-09-01,222430.0,383490.0
Connecticut,2022-10-01,224381.0,387527.0
Connecticut,2022-11-01,224284.0,385500.0
Connecticut,2022-12-01,225221.0,387126.0
Connecticut,2023-01-01,225538.0,387971.0
Connecticut,2023-02-01,226968.0,390726.0
Connecticut,2023-03-01,228262.0,393179.0
Connecticut,2023-04-01,229315.0,395426.0
Connecticut,2023-05-01,230890.0,398076.0
Connecticut,2023-06-01,231610.0,398838.0
Connecticut,2023-07-01,231540.0,398422.0
Connecticut,2023-08-01,229978.0,394757.0
Connecticut,2023-09-01,229063.0,392637.0
Connecticut,2023-10-01,229750.0,393847.0
Connecticut,2023-11-01,228992.0,392246.0
Connecticut,2023-12-01,227888.0,389776.0
Connecticut,2024-01-01,227629.0,387807.0
Connecticut,2024-02-01,228138.0,388350.0
Connecticut,2024-03-01,230760.0,393485.0
Connecticut,2024-04-01,230310.0,391861.0
Connecticut,2024-05-01,231120.0,393297.0
Connecticut,2024-06-01,230121.0,391480.0
Connecticut,2024-07-01,229449.0,389512.0
Connecticut,2024-08-01,230115.0,390263.0
Connecticut,2024-09-01,0.0,0.0
Delaware,1988-10-01,10654.0,28767.0
Delaware,1988-11-01,10670.0,28810.0
Delaware,1988-12-01,11141.0,30081.0
Delaware,1989-01-01,10932.0,29517.0
Delaware,1989-02-01,10931.0,29512.0
Delaware,1989-03-01,11290.0,30483.0
Delaware,1989-04-01,11281.0,30459.0
Delaware,1989-05-01,10926.0,29501.0
Delaware,1989-06-01,10940.0,29539.0
Delaware,1989-07-01,10904.0,29441.0
Delaware,1989-08-01,11217.0,30286.0
Delaware,1989-09-01,11208.0,30262.0
Delaware,1989-10-01,11204.0,30251.0
Delaware,1989-11-01,11500.0,31049.0
Delaware,1989-12-01,11889.0,32101.0
Delaware,1990-01-01,12024.0,32464.0
Delaware,1990-02-01,12370.0,33399.0
Delaware,1990-03-01,12699.0,34288.0
Delaware,1990-04-01,12621.0,34078.0
Delaware,1990-05-01,12517.0,33797.0
Delaware,1990-06-01,12583.0,33973.0
Delaware,1990-07-01,12617.0,34065.0
Delaware,1990-08-01,12886.0,34791.0
Delaware,1990-09-01,12899.0,34827.0
Delaware,1990-10-01,13114.0,35408.0
Delaware,1990-11-01,13621.0,36776.0
Delaware,1990-12-01,14252.0,38479.0
Delaware,1991-01-01,14343.0,38727.0
Delaware,1991-02-01,15143.0,40886.0
Delaware,1991-03-01,15689.0,42359.0
Delaware,1991-04-01,15892.0,42909.0
Delaware,1991-05-01,15744.0,42510.0
Delaware,1991-06-01,15847.0,42786.0
Delaware,1991-07-01,15995.0,43186.0
Delaware,1991-08-01,16323.0,44072.0
Delaware,1991-09-01,16457.0,44433.0
Delaware,1991-10-01,16473.0,44477.0
Delaware,1991-11-01,17348.0,46841.0
Delaware,1991-12-01,17841.0,48172.0
Delaware,1992-01-01,18225.0,49208.0
Delaware,1992-02-01,18652.0,50361.0
Delaware,1992-03-01,19206.0,51855.0
Delaware,1992-04-01,19127.0,51644.0
Delaware,1992-05-01,19282.0,52062.0
Delaware,1992-06-01,19328.0,52187.0
Delaware,1992-07-01,19434.0,52473.0
Delaware,1992-08-01,20133.0,54360.0
Delaware,1992-09-01,19931.0,53815.0
Delaware,1992-10-01,20434.0,55171.0
Delaware,1992-11-01,20805.0,56174.0
Delaware,1992-12-01,21208.0,57262.0
Delaware,1993-01-01,21172.0,57163.0
Delaware,1993-02-01,21633.0,58408.0
Delaware,1993-03-01,22061.0,59565.0
Delaware,1993-04-01,22080.0,59615.0
Delaware,1993-05-01,21889.0,59102.0
Delaware,1993-06-01,21607.0,58339.0
Delaware,1993-07-01,21513.0,58084.0
Delaware,1993-08-01,21839.0,58964.0
Delaware,1993-09-01,21026.0,56770.0
Delaware,1993-10-01,21542.0,58164.0
Delaware,1993-11-01,21888.0,59095.0
Delaware,1993-12-01,22123.0,59731.0
Delaware,1994-01-01,22225.0,60009.0
Delaware,1994-02-01,21949.0,59261.0
Delaware,1994-03-01,22858.0,61717.0
Delaware,1994-04-01,22450.0,60614.0
Delaware,1994-05-01,22265.0,60115.0
Delaware,1994-06-01,21540.0,58158.0
Delaware,1994-07-01,21566.0,58229.0
Delaware,1994-08-01,21647.0,58446.0
Delaware,1994-09-01,21247.0,57366.0
Delaware,1994-10-01,21421.0,57836.0
Delaware,1994-11-01,20970.0,56621.0
Delaware,1994-12-01,21693.0,58571.0
Delaware,1995-01-01,21782.0,58811.0
Delaware,1995-02-01,21219.0,57292.0
Delaware,1995-03-01,21942.0,59242.0
Delaware,1995-04-01,21443.0,57898.0
Delaware,1995-05-01,21089.0,56941.0
Delaware,1995-06-01,20883.0,56386.0
Delaware,1995-07-01,20689.0,55860.0
Delaware,1995-08-01,20353.0,54952.0
Delaware,1995-09-01,20248.0,54669.0
Delaware,1995-10-01,20095.0,54257.0
Delaware,1995-11-01,20392.0,55058.0
Delaware,1995-12-01,21131.0,57053.0
Delaware,1996-01-01,21182.0,57192.0
Delaware,1996-02-01,21673.0,58517.0
Delaware,1996-03-01,21883.0,59083.0
Delaware,1996-04-01,21933.0,59220.0
Delaware,1996-05-01,21568.0,58232.0
Delaware,1996-06-01,21426.0,57850.0
Delaware,1996-07-01,22016.0,59443.0
Delaware,1996-08-01,21999.0,59396.0
Delaware,1996-09-01,21754.0,58736.0
Delaware,1996-10-01,21326.0,57579.0
Delaware,1996-11-01,21421.0,57838.0
Delaware,1996-12-01,21437.0,57880.0
Delaware,1997-01-01,20698.0,55884.0
Delaware,1997-02-01,20825.0,56228.0
Delaware,1997-03-01,20234.0,54631.0
Delaware,1997-04-01,19448.0,52509.0
Delaware,1997-05-01,19106.0,51586.0
Delaware,1997-06-01,18873.0,50956.0
Delaware,1997-07-01,18595.0,50207.0
Delaware,1997-08-01,18288.0,49379.0
Delaware,1997-09-01,18214.0,49177.0
Delaware,1997-10-01,17718.0,47838.0
Delaware,1997-11-01,17546.0,47375.0
Delaware,1997-12-01,17811.0,48090.0
Delaware,1998-01-01,17617.0,47567.0
Delaware,1998-02-01,17297.0,46703.0
Delaware,1998-03-01,17573.0,47446.0
Delaware,1998-04-01,16463.0,44450.0
Delaware,1998-05-01,16390.0,44252.0
Delaware,1998-06-01,16413.0,44316.0
Delaware,1998-07-01,16072.0,43394.0
Delaware,1998-08-01,16055.0,43349.0
Delaware,1998-09-01,15625.0,42188.0
Delaware,1998-10-01,15755.0,42539.0
Delaware,1998-11-01,15359.0,41468.0
Delaware,1998-12-01,15734.0,42482.0
Delaware,1999-01-01,14034.0,37893.0
Delaware,1999-02-01,14070.0,37989.0
Delaware,1999-03-01,12915.0,34871.0
Delaware,1999-04-01,13480.0,36397.0
Delaware,1999-05-01,13294.0,35893.0
Delaware,1999-06-01,14788.0,39928.0
Delaware,1999-07-01,13894.0,37515.0
Delaware,1999-08-01,13940.0,37636.0
Delaware,1999-09-01,14163.0,38240.0
Delaware,1999-10-01,14411.0,34891.0
Delaware,1999-11-01,14442.0,34810.0
Delaware,1999-12-01,14269.0,34288.0
Delaware,2000-01-01,13712.0,32773.0
Delaware,2000-02-01,13992.0,33623.0
Delaware,2000-03-01,13946.0,33573.0
Delaware,2000-04-01,13462.0,32134.0
Delaware,2000-05-01,13022.0,31130.0
Delaware,2000-06-01,12935.0,30897.0
Delaware,2000-07-01,12367.0,29116.0
Delaware,2000-08-01,12353.0,29253.0
Delaware,2000-09-01,12641.0,30122.0
Delaware,2000-10-01,13113.0,31197.0
Delaware,2000-11-01,13182.0,31158.0
Delaware,2000-12-01,13069.0,30735.0
Delaware,2001-01-01,13491.0,31607.0
Delaware,2001-02-01,13631.0,31740.0
Delaware,2001-03-01,13989.0,32758.0
Delaware,2001-04-01,13698.0,31921.0
Delaware,2001-05-01,13674.0,31909.0
Delaware,2001-06-01,13645.0,31930.0
Delaware,2001-07-01,13705.0,31980.0
Delaware,2001-08-01,14040.0,32816.0
Delaware,2001-09-01,13990.0,32880.0
Delaware,2001-10-01,14818.0,35191.0
Delaware,2001-11-01,15551.0,37336.0
Delaware,2001-12-01,15956.0,38849.0
Delaware,2002-01-01,16557.0,40244.0
Delaware,2002-02-01,16395.0,39105.0
Delaware,2002-03-01,16204.0,38699.0
Delaware,2002-04-01,16322.0,38894.0
Delaware,2002-05-01,16812.0,40465.0
Delaware,2002-06-01,16834.0,40714.0
Delaware,2002-07-01,17240.0,41563.0
Delaware,2002-08-01,17672.0,42548.0
Delaware,2002-09-01,17437.0,41923.0
Delaware,2002-10-01,18110.0,43749.0
Delaware,2002-11-01,18173.0,43874.0
Delaware,2002-12-01,18318.0,44273.0
Delaware,2003-01-01,18565.0,44769.0
Delaware,2003-02-01,18783.0,44477.0
Delaware,2003-03-01,19043.0,45615.0
Delaware,2003-04-01,19328.0,46400.0
Delaware,2003-05-01,19582.0,47091.0
Delaware,2003-06-01,19462.0,46844.0
Delaware,2003-07-01,20120.0,48564.0
Delaware,2003-08-01,20229.0,48614.0
Delaware,2003-09-01,19978.0,48055.0
Delaware,2003-10-01,20918.0,50286.0
Delaware,2003-11-01,21057.0,50727.0
Delaware,2003-12-01,21368.0,51306.0
Delaware,2004-01-01,23234.0,55952.0
Delaware,2004-02-01,23195.0,55677.0
Delaware,2004-03-01,23405.0,55950.0
Delaware,2004-04-01,24036.0,57194.0
Delaware,2004-05-01,24035.0,57244.0
Delaware,2004-06-01,24298.0,57718.0
Delaware,2004-07-01,24592.0,58326.0
Delaware,2004-08-01,24350.0,57909.0
Delaware,2004-09-01,25017.0,59412.0
Delaware,2004-10-01,24831.0,58994.0
Delaware,2004-11-01,25022.0,59584.0
Delaware,2004-12-01,25900.0,61558.0
Delaware,2005-01-01,25599.0,60716.0
Delaware,2005-02-01,25516.0,60519.0
Delaware,2005-03-01,26292.0,62126.0
Delaware,2005-04-01,25852.0,61040.0
Delaware,2005-05-01,25951.0,61143.0
Delaware,2005-06-01,26634.0,62891.0
Delaware,2005-07-01,26470.0,62334.0
Delaware,2005-08-01,27133.0,63842.0
Delaware,2005-09-01,27423.0,64287.0
Delaware,2005-10-01,27447.0,64287.0
Delaware,2005-11-01,28200.0,65999.0
Delaware,2005-12-01,28519.0,66635.0
Delaware,2006-01-01,28251.0,65775.0
Delaware,2006-02-01,28152.0,65643.0
Delaware,2006-03-01,28535.0,66344.0
Delaware,2006-04-01,27875.0,64883.0
Delaware,2006-05-01,28180.0,65764.0
Delaware,2006-06-01,28489.0,66201.0
Delaware,2006-07-01,28138.0,65310.0
Delaware,2006-08-01,28709.0,66645.0
Delaware,2006-09-01,28042.0,64892.0
Delaware,2006-10-01,28173.0,65023.0
Delaware,2006-11-01,28559.0,66001.0
Delaware,2006-12-01,28712.0,66203.0
Delaware,2007-01-01,28799.0,66496.0
Delaware,2007-02-01,28327.0,65230.0
Delaware,2007-03-01,28937.0,66761.0
Delaware,2007-04-01,28792.0,66370.0
Delaware,2007-05-01,29350.0,67541.0
Delaware,2007-06-01,29560.0,68495.0
Delaware,2007-07-01,29510.0,68050.0
Delaware,2007-08-01,30344.0,70103.0
Delaware,2007-09-01,30330.0,69941.0
Delaware,2007-10-01,30831.0,70914.0
Delaware,2007-11-01,31021.0,71115.0
Delaware,2007-12-01,31330.0,71906.0
Delaware,2008-01-01,32441.0,74322.0
Delaware,2008-02-01,31855.0,72908.0
Delaware,2008-03-01,31920.0,72971.0
Delaware,2008-04-01,32970.0,75462.0
Delaware,2008-05-01,32988.0,75485.0
Delaware,2008-06-01,33021.0,75672.0
Delaware,2008-07-01,33744.0,77138.0
Delaware,2008-08-01,33626.0,76728.0
Delaware,2008-09-01,34398.0,78531.0
Delaware,2008-10-01,35780.0,81462.0
Delaware,2008-11-01,35747.0,81398.0
Delaware,2008-12-01,37492.0,85026.0
Delaware,2009-01-01,38601.0,87573.0
Delaware,2009-02-01,38254.0,86502.0
Delaware,2009-03-01,39179.0,88430.0
Delaware,2009-04-01,40718.0,91744.0
Delaware,2009-05-01,41286.0,93007.0
Delaware,2009-06-01,42866.0,96592.0
Delaware,2009-07-01,43717.0,98346.0
Delaware,2009-08-01,43770.0,98782.0
Delaware,2009-09-01,45460.0,102328.0
Delaware,2009-10-01,46056.0,103620.0
Delaware,2009-11-01,45810.0,102870.0
Delaware,2009-12-01,48356.0,108510.0
Delaware,2010-01-01,48820.0,109215.0
Delaware,2010-02-01,48514.0,108291.0
Delaware,2010-03-01,49476.0,110245.0
Delaware,2010-04-01,50283.0,111706.0
Delaware,2010-05-01,51116.0,113497.0
Delaware,2010-06-01,52720.0,117026.0
Delaware,2010-07-01,53669.0,118883.0
Delaware,2010-08-01,54870.0,121539.0
Delaware,2010-09-01,56394.0,124755.0
Delaware,2010-10-01,57640.0,127255.0
Delaware,2010-11-01,58418.0,129049.0
Delaware,2010-12-01,60206.0,132371.0
Delaware,2011-01-01,60353.0,132433.0
Delaware,2011-02-01,60851.0,133136.0
Delaware,2011-03-01,61816.0,134427.0
Delaware,2011-04-01,61401.0,133382.0
Delaware,2011-05-01,62310.0,135131.0
Delaware,2011-06-01,63618.0,137963.0
Delaware,2011-07-01,63645.0,137840.0
Delaware,2011-08-01,65583.0,141915.0
Delaware,2011-09-01,66681.0,144220.0
Delaware,2011-10-01,67229.0,144612.0
Delaware,2011-11-01,68727.0,147475.0
Delaware,2011-12-01,69432.0,148525.0
Delaware,2012-01-01,69730.0,148854.0
Delaware,2012-02-01,69983.0,148764.0
Delaware,2012-03-01,70121.0,148654.0
Delaware,2012-04-01,68831.0,146263.0
Delaware,2012-05-01,69770.0,148467.0
Delaware,2012-06-01,69714.0,148295.0
Delaware,2012-07-01,69466.0,147509.0
Delaware,2012-08-01,71066.0,151337.0
Delaware,2012-09-01,70701.0,150330.0
Delaware,2012-10-01,71326.0,151387.0
Delaware,2012-11-01,72357.0,153651.0
Delaware,2012-12-01,71854.0,152507.0
Delaware,2013-01-01,73231.0,155334.0
Delaware,2013-02-01,72041.0,152756.0
Delaware,2013-03-01,71812.0,152002.0
Delaware,2013-04-01,72693.0,153857.0
Delaware,2013-05-01,72523.0,153339.0
Delaware,2013-06-01,72084.0,152809.0
Delaware,2013-07-01,71700.0,151921.0
Delaware,2013-08-01,72483.0,153885.0
Delaware,2013-09-01,72819.0,154199.0
Delaware,2013-10-01,73662.0,155762.0
Delaware,2013-11-01,71828.0,151800.0
Delaware,2013-12-01,72163.0,152106.0
Delaware,2014-01-01,71102.0,150018.0
Delaware,2014-02-01,69831.0,147318.0
Delaware,2014-03-01,69597.0,146647.0
Delaware,2014-04-01,71073.0,149158.0
Delaware,2014-05-01,71201.0,149362.0
Delaware,2014-06-01,71648.0,150029.0
Delaware,2014-07-01,72072.0,151222.0
Delaware,2014-08-01,71268.0,149416.0
Delaware,2014-09-01,71451.0,149950.0
Delaware,2014-10-01,72108.0,151279.0
Delaware,2014-11-01,71723.0,150571.0
Delaware,2014-12-01,73178.0,153419.0
Delaware,2015-01-01,73393.0,153612.0
Delaware,2015-02-01,72242.0,150906.0
Delaware,2015-03-01,71839.0,149905.0
Delaware,2015-04-01,71703.0,149432.0
Delaware,2015-05-01,70637.0,146947.0
Delaware,2015-06-01,71839.0,149593.0
Delaware,2015-07-01,71231.0,148094.0
Delaware,2015-08-01,70563.0,146933.0
Delaware,2015-09-01,71393.0,149075.0
Delaware,2015-10-01,70529.0,147127.0
Delaware,2015-11-01,70200.0,146441.0
Delaware,2015-12-01,71359.0,148457.0
Delaware,2016-01-01,70333.0,146504.0
Delaware,2016-02-01,70201.0,145967.0
Delaware,2016-03-01,70723.0,146532.0
Delaware,2016-04-01,70519.0,145824.0
Delaware,2016-05-01,70660.0,146036.0
Delaware,2016-06-01,72341.0,149564.0
Delaware,2016-07-01,71251.0,147477.0
Delaware,2016-08-01,73129.0,151620.0
Delaware,2016-09-01,71942.0,149158.0
Delaware,2016-10-01,71684.0,148340.0
Delaware,2016-11-01,72766.0,150227.0
Delaware,2016-12-01,72456.0,149095.0
Delaware,2017-01-01,72705.0,149625.0
Delaware,2017-02-01,72525.0,149105.0
Delaware,2017-03-01,71999.0,147419.0
Delaware,2017-04-01,70319.0,143596.0
Delaware,2017-05-01,70365.0,143729.0
Delaware,2017-06-01,70856.0,145362.0
Delaware,2017-07-01,70026.0,143695.0
Delaware,2017-08-01,71429.0,146831.0
Delaware,2017-09-01,70444.0,144641.0
Delaware,2017-10-01,70098.0,143871.0
Delaware,2017-11-01,70770.0,144971.0
Delaware,2017-12-01,70176.0,143741.0
Delaware,2018-01-01,70231.0,143853.0
Delaware,2018-02-01,68969.0,141365.0
Delaware,2018-03-01,68492.0,140031.0
Delaware,2018-04-01,67839.0,138597.0
Delaware,2018-05-01,67532.0,137820.0
Delaware,2018-06-01,67314.0,137652.0
Delaware,2018-07-01,66653.0,136322.0
Delaware,2018-08-01,67691.0,138586.0
Delaware,2018-09-01,66885.0,136761.0
Delaware,2018-10-01,66592.0,136252.0
Delaware,2018-11-01,66006.0,135049.0
Delaware,2018-12-01,65572.0,134116.0
Delaware,2019-01-01,67688.0,138562.0
Delaware,2019-02-01,4591.0,9847.0
Delaware,2019-03-01,63714.0,130125.0
Delaware,2019-04-01,62920.0,128321.0
Delaware,2019-05-01,62535.0,127545.0
Delaware,2019-06-01,61742.0,125758.0
Delaware,2019-07-01,60991.0,124488.0
Delaware,2019-08-01,61275.0,125239.0
Delaware,2019-09-01,59840.0,122139.0
Delaware,2019-10-01,59858.0,121987.0
Delaware,2019-11-01,58485.0,118796.0
Delaware,2019-12-01,58128.0,118115.0
Delaware,2020-01-01,58666.0,119235.0
Delaware,2020-02-01,56868.0,115616.0
Delaware,2020-03-01,56597.0,114978.0
Delaware,2020-04-01,61772.0,126014.0
Delaware,2020-05-01,63337.0,128826.0
Delaware,2020-06-01,59929.0,118312.0
Delaware,2020-07-01,59181.0,116311.0
Delaware,2020-08-01,60931.0,120609.0
Delaware,2020-09-01,63261.0,126197.0
Delaware,2020-10-01,61142.0,122298.0
Delaware,2020-11-01,59423.0,119290.0
Delaware,2020-12-01,59306.0,119525.0
Delaware,2021-01-01,58556.0,118049.0
Delaware,2021-02-01,55532.0,112425.0
Delaware,2021-03-01,55596.0,113352.0
Delaware,2021-04-01,56136.0,113565.0
Delaware,2021-05-01,56826.0,114739.0
Delaware,2021-06-01,56642.0,114123.0
Delaware,2021-07-01,57062.0,114941.0
Delaware,2021-08-01,56955.0,113932.0
Delaware,2021-09-01,55358.0,109563.0
Delaware,2021-10-01,56846.0,114173.0
Delaware,2021-11-01,57852.0,116825.0
Delaware,2021-12-01,58783.0,119189.0
Delaware,2022-01-01,58768.0,119414.0
Delaware,2022-02-01,58713.0,119215.0
Delaware,2022-03-01,58345.0,117809.0
Delaware,2022-04-01,58775.0,118608.0
Delaware,2022-05-01,59084.0,119279.0
Delaware,2022-06-01,59456.0,120298.0
Delaware,2022-07-01,59677.0,120873.0
Delaware,2022-08-01,60111.0,121463.0
Delaware,2022-09-01,59244.0,118952.0
Delaware,2022-10-01,60091.0,121048.0
Delaware,2022-11-01,60688.0,122688.0
Delaware,2022-12-01,61325.0,124197.0
Delaware,2023-01-01,61546.0,124660.0
Delaware,2023-02-01,61681.0,124837.0
Delaware,2023-03-01,59090.0,118870.0
Delaware,2023-04-01,58951.0,118381.0
Delaware,2023-05-01,59762.0,120178.0
Delaware,2023-06-01,60331.0,121500.0
Delaware,2023-07-01,59297.0,119272.0
Delaware,2023-08-01,60327.0,121269.0
Delaware,2023-09-01,58627.0,117192.0
Delaware,2023-10-01,59203.0,118512.0
Delaware,2023-11-01,59711.0,119855.0
Delaware,2023-12-01,59125.0,118587.0
Delaware,2024-01-01,59256.0,119009.0
Delaware,2024-02-01,58208.0,116361.0
Delaware,2024-03-01,57008.0,113292.0
Delaware,2024-04-01,58282.0,109831.0
Delaware,2024-05-01,58233.0,115747.0
Delaware,2024-06-01,59640.0,118918.0
Delaware,2024-07-01,59928.0,119390.0
Delaware,2024-08-01,60722.0,121145.0
Delaware,2024-09-01,0.0,0.0
District of Columbia,1988-10-01,25414.0,58940.0
District of Columbia,1988-11-01,25854.0,59833.0
District of Columbia,1988-12-01,25957.0,60173.0
District of Columbia,1989-01-01,25252.0,58175.0
District of Columbia,1989-02-01,25050.0,57598.0
District of Columbia,1989-03-01,24536.0,56402.0
District of Columbia,1989-04-01,25361.0,58583.0
District of Columbia,1989-05-01,25067.0,58029.0
District of Columbia,1989-06-01,25225.0,57946.0
District of Columbia,1989-07-01,25174.0,57983.0
District of Columbia,1989-08-01,25573.0,58903.0
District of Columbia,1989-09-01,25678.0,59415.0
District of Columbia,1989-10-01,25995.0,59878.0
District of Columbia,1989-11-01,26190.0,60322.0
District of Columbia,1989-12-01,26194.0,60416.0
District of Columbia,1990-01-01,26274.0,60478.0
District of Columbia,1990-02-01,26667.0,61386.0
District of Columbia,1990-03-01,27334.0,62921.0
District of Columbia,1990-04-01,27180.0,62540.0
District of Columbia,1990-05-01,27340.0,62805.0
District of Columbia,1990-06-01,27608.0,63425.0
District of Columbia,1990-07-01,27565.0,63406.0
District of Columbia,1990-08-01,28051.0,64382.0
District of Columbia,1990-09-01,27781.0,63776.0
District of Columbia,1990-10-01,28764.0,65747.0
District of Columbia,1990-11-01,29350.0,66780.0
District of Columbia,1990-12-01,29497.0,67039.0
District of Columbia,1991-01-01,29727.0,67795.0
District of Columbia,1991-02-01,31896.0,70989.0
District of Columbia,1991-03-01,31750.0,71739.0
District of Columbia,1991-04-01,32772.0,73542.0
District of Columbia,1991-05-01,33146.0,74247.0
District of Columbia,1991-06-01,33504.0,75154.0
District of Columbia,1991-07-01,34051.0,76364.0
District of Columbia,1991-08-01,35337.0,75256.0
District of Columbia,1991-09-01,34731.0,78023.0
District of Columbia,1991-10-01,35481.0,79871.0
District of Columbia,1991-11-01,36189.0,81441.0
District of Columbia,1991-12-01,36771.0,82646.0
District of Columbia,1992-01-01,36207.0,81726.0
District of Columbia,1992-02-01,35998.0,81207.0
District of Columbia,1992-03-01,34959.0,78778.0
District of Columbia,1992-04-01,37278.0,82011.0
District of Columbia,1992-05-01,38076.0,83977.0
District of Columbia,1992-06-01,38721.0,85313.0
District of Columbia,1992-07-01,40570.0,81140.0
District of Columbia,1992-08-01,39789.0,86135.0
District of Columbia,1992-09-01,40654.0,82968.0
District of Columbia,1992-10-01,39853.0,83691.0
District of Columbia,1992-11-01,39821.0,86412.0
District of Columbia,1992-12-01,43121.0,86242.0
District of Columbia,1993-01-01,42641.0,85598.0
District of Columbia,1993-02-01,42580.0,85585.0
District of Columbia,1993-03-01,40871.0,87463.0
District of Columbia,1993-04-01,39761.0,86891.0
District of Columbia,1993-05-01,39674.0,86989.0
District of Columbia,1993-06-01,39727.0,87002.0
District of Columbia,1993-07-01,39415.0,86319.0
District of Columbia,1993-08-01,40401.0,88478.0
District of Columbia,1993-09-01,40252.0,87758.0
District of Columbia,1993-10-01,40469.0,88000.0
District of Columbia,1993-11-01,41345.0,91372.0
District of Columbia,1993-12-01,42340.0,92293.0
District of Columbia,1994-01-01,39486.0,86474.0
District of Columbia,1994-02-01,40947.0,89674.0
District of Columbia,1994-03-01,42204.0,92427.0
District of Columbia,1994-04-01,42268.0,92566.0
District of Columbia,1994-05-01,41167.0,90156.0
District of Columbia,1994-06-01,41351.0,90560.0
District of Columbia,1994-07-01,41500.0,91299.0
District of Columbia,1994-08-01,42117.0,92229.0
District of Columbia,1994-09-01,41697.0,91316.0
District of Columbia,1994-10-01,42608.0,93311.0
District of Columbia,1994-11-01,43045.0,94270.0
District of Columbia,1994-12-01,45386.0,100023.0
District of Columbia,1995-01-01,40500.0,88695.0
District of Columbia,1995-02-01,42552.0,93190.0
District of Columbia,1995-03-01,42962.0,94087.0
District of Columbia,1995-04-01,42497.0,93070.0
District of Columbia,1995-05-01,43639.0,95569.0
District of Columbia,1995-06-01,42705.0,94377.0
District of Columbia,1995-07-01,43311.0,94853.0
District of Columbia,1995-08-01,42595.0,93283.0
District of Columbia,1995-09-01,42554.0,93193.0
District of Columbia,1995-10-01,43003.0,94177.0
District of Columbia,1995-11-01,42894.0,93568.0
District of Columbia,1995-12-01,42870.0,93885.0
District of Columbia,1996-01-01,41899.0,91759.0
District of Columbia,1996-02-01,42467.0,93397.0
District of Columbia,1996-03-01,42538.0,93158.0
District of Columbia,1996-04-01,42471.0,93011.0
District of Columbia,1996-05-01,42470.0,93009.0
District of Columbia,1996-06-01,42470.0,93009.0
District of Columbia,1996-07-01,42422.0,92904.0
District of Columbia,1996-08-01,41162.0,90144.0
District of Columbia,1996-09-01,41547.0,90989.0
District of Columbia,1996-10-01,42918.0,94425.0
District of Columbia,1996-11-01,41883.0,92764.0
District of Columbia,1996-12-01,42164.0,93328.0
District of Columbia,1997-01-01,41862.0,92637.0
District of Columbia,1997-02-01,41525.0,90294.0
District of Columbia,1997-03-01,39567.0,89106.0
District of Columbia,1997-04-01,39212.0,88748.0
District of Columbia,1997-05-01,39204.0,88959.0
District of Columbia,1997-06-01,39096.0,88573.0
District of Columbia,1997-07-01,39347.0,89078.0
District of Columbia,1997-08-01,38908.0,88137.0
District of Columbia,1997-09-01,39188.0,88640.0
District of Columbia,1997-10-01,39232.0,88722.0
District of Columbia,1997-11-01,38908.0,88130.0
District of Columbia,1997-12-01,39212.0,88505.0
District of Columbia,1998-01-01,38543.0,86719.0
District of Columbia,1998-02-01,38201.0,86025.0
District of Columbia,1998-03-01,38430.0,86298.0
District of Columbia,1998-04-01,38311.0,85950.0
District of Columbia,1998-05-01,36537.0,83055.0
District of Columbia,1998-06-01,36335.0,82894.0
District of Columbia,1998-07-01,36214.0,82641.0
District of Columbia,1998-08-01,36156.0,81743.0
District of Columbia,1998-09-01,37419.0,84073.0
District of Columbia,1998-10-01,37869.0,84946.0
District of Columbia,1998-11-01,37867.0,85193.0
District of Columbia,1998-12-01,37951.0,85344.0
District of Columbia,1999-01-01,37372.0,83871.0
District of Columbia,1999-02-01,37278.0,83641.0
District of Columbia,1999-03-01,38597.0,86217.0
District of Columbia,1999-04-01,37340.0,83668.0
District of Columbia,1999-05-01,36942.0,83627.0
District of Columbia,1999-06-01,36743.0,83052.0
District of Columbia,1999-07-01,36671.0,82954.0
District of Columbia,1999-08-01,36323.0,82144.0
District of Columbia,1999-09-01,37232.0,84331.0
District of Columbia,1999-10-01,37322.0,84264.0
District of Columbia,1999-11-01,37291.0,84118.0
District of Columbia,1999-12-01,37494.0,84090.0
District of Columbia,2000-01-01,36588.0,82061.0
District of Columbia,2000-02-01,36479.0,81378.0
District of Columbia,2000-03-01,36548.0,81286.0
District of Columbia,2000-04-01,36153.0,80434.0
District of Columbia,2000-05-01,35354.0,78378.0
District of Columbia,2000-06-01,35840.0,79579.0
District of Columbia,2000-07-01,35288.0,78420.0
District of Columbia,2000-08-01,35093.0,78172.0
District of Columbia,2000-09-01,34883.0,77457.0
District of Columbia,2000-10-01,33548.0,74335.0
District of Columbia,2000-11-01,34423.0,76512.0
District of Columbia,2000-12-01,34264.0,75806.0
District of Columbia,2001-01-01,32892.0,72664.0
District of Columbia,2001-02-01,33112.0,73010.0
District of Columbia,2001-03-01,33464.0,73302.0
District of Columbia,2001-04-01,32081.0,70247.0
District of Columbia,2001-05-01,33110.0,73024.0
District of Columbia,2001-06-01,33461.0,73586.0
District of Columbia,2001-07-01,32311.0,71123.0
District of Columbia,2001-08-01,33817.0,74206.0
District of Columbia,2001-09-01,33641.0,74112.0
District of Columbia,2001-10-01,32957.0,72230.0
District of Columbia,2001-11-01,34510.0,75299.0
District of Columbia,2001-12-01,34726.0,75544.0
District of Columbia,2002-01-01,34728.0,74766.0
District of Columbia,2002-02-01,34538.0,73973.0
District of Columbia,2002-03-01,34972.0,74659.0
District of Columbia,2002-04-01,33001.0,70308.0
District of Columbia,2002-05-01,34706.0,74186.0
District of Columbia,2002-06-01,35175.0,75198.0
District of Columbia,2002-07-01,33974.0,72640.0
District of Columbia,2002-08-01,36455.0,78024.0
District of Columbia,2002-09-01,34908.0,74423.0
District of Columbia,2002-10-01,37260.0,79130.0
District of Columbia,2002-11-01,38087.0,80573.0
District of Columbia,2002-12-01,36399.0,76977.0
District of Columbia,2003-01-01,38259.0,80241.0
District of Columbia,2003-02-01,38042.0,79820.0
District of Columbia,2003-03-01,39057.0,81216.0
District of Columbia,2003-04-01,39235.0,81706.0
District of Columbia,2003-05-01,40085.0,83333.0
District of Columbia,2003-06-01,38688.0,80267.0
District of Columbia,2003-07-01,40679.0,84641.0
District of Columbia,2003-08-01,41424.0,86156.0
District of Columbia,2003-09-01,42038.0,87267.0
District of Columbia,2003-10-01,52867.0,118391.0
District of Columbia,2003-11-01,42203.0,87312.0
District of Columbia,2003-12-01,40385.0,83004.0
District of Columbia,2004-01-01,42517.0,86872.0
District of Columbia,2004-02-01,40817.0,82975.0
District of Columbia,2004-03-01,41108.0,83273.0
District of Columbia,2004-04-01,42718.0,86694.0
District of Columbia,2004-05-01,43334.0,87602.0
District of Columbia,2004-06-01,41099.0,82872.0
District of Columbia,2004-07-01,44183.0,89647.0
District of Columbia,2004-08-01,42082.0,85195.0
District of Columbia,2004-09-01,44276.0,90019.0
District of Columbia,2004-10-01,44938.0,90998.0
District of Columbia,2004-11-01,42955.0,86453.0
District of Columbia,2004-12-01,45314.0,91074.0
District of Columbia,2005-01-01,43000.0,85932.0
District of Columbia,2005-02-01,44241.0,88355.0
District of Columbia,2005-03-01,44620.0,88719.0
District of Columbia,2005-04-01,44548.0,88973.0
District of Columbia,2005-05-01,42694.0,85051.0
District of Columbia,2005-06-01,44739.0,89438.0
District of Columbia,2005-07-01,45433.0,90988.0
District of Columbia,2005-08-01,43610.0,87248.0
District of Columbia,2005-09-01,46247.0,92363.0
District of Columbia,2005-10-01,46552.0,92547.0
District of Columbia,2005-11-01,46713.0,92595.0
District of Columbia,2005-12-01,46607.0,92002.0
District of Columbia,2006-01-01,44289.0,86820.0
District of Columbia,2006-02-01,45055.0,88263.0
District of Columbia,2006-03-01,45374.0,88574.0
District of Columbia,2006-04-01,44916.0,87785.0
District of Columbia,2006-05-01,43315.0,84438.0
District of Columbia,2006-06-01,45261.0,88517.0
District of Columbia,2006-07-01,45271.0,88595.0
District of Columbia,2006-08-01,45989.0,89814.0
District of Columbia,2006-09-01,46284.0,90068.0
District of Columbia,2006-10-01,44243.0,85978.0
District of Columbia,2006-11-01,46202.0,89881.0
District of Columbia,2006-12-01,45907.0,89105.0
District of Columbia,2007-01-01,43743.0,84035.0
District of Columbia,2007-02-01,44147.0,85047.0
District of Columbia,2007-03-01,45113.0,86080.0
District of Columbia,2007-04-01,42807.0,81313.0
District of Columbia,2007-05-01,45421.0,86542.0
District of Columbia,2007-06-01,46123.0,87866.0
District of Columbia,2007-07-01,43831.0,83197.0
District of Columbia,2007-08-01,46918.0,89598.0
District of Columbia,2007-09-01,47087.0,89582.0
District of Columbia,2007-10-01,45224.0,85563.0
District of Columbia,2007-11-01,47548.0,90177.0
District of Columbia,2007-12-01,47404.0,89691.0
District of Columbia,2008-01-01,47552.0,89336.0
District of Columbia,2008-02-01,46949.0,88203.0
District of Columbia,2008-03-01,47254.0,88361.0
District of Columbia,2008-04-01,47378.0,88408.0
District of Columbia,2008-05-01,48004.0,89625.0
District of Columbia,2008-06-01,48436.0,90304.0
District of Columbia,2008-07-01,48776.0,90840.0
District of Columbia,2008-08-01,50021.0,93130.0
District of Columbia,2008-09-01,48104.0,89662.0
District of Columbia,2008-10-01,52635.0,97815.0
District of Columbia,2008-11-01,53608.0,99415.0
District of Columbia,2008-12-01,54646.0,100743.0
District of Columbia,2009-01-01,55228.0,101284.0
District of Columbia,2009-02-01,55612.0,101494.0
District of Columbia,2009-03-01,55942.0,101679.0
District of Columbia,2009-04-01,56256.0,102210.0
District of Columbia,2009-05-01,56935.0,103213.0
District of Columbia,2009-06-01,58264.0,105451.0
District of Columbia,2009-07-01,59159.0,107176.0
District of Columbia,2009-08-01,59834.0,108649.0
District of Columbia,2009-09-01,60988.0,110606.0
District of Columbia,2009-10-01,62206.0,112778.0
District of Columbia,2009-11-01,62713.0,113672.0
District of Columbia,2009-12-01,63253.0,114375.0
District of Columbia,2010-01-01,63666.0,114818.0
District of Columbia,2010-02-01,62950.0,113374.0
District of Columbia,2010-03-01,64729.0,116068.0
District of Columbia,2010-04-01,65048.0,116540.0
District of Columbia,2010-05-01,66664.0,119259.0
District of Columbia,2010-06-01,68051.0,121340.0
District of Columbia,2010-07-01,69766.0,124281.0
District of Columbia,2010-08-01,71020.0,126651.0
District of Columbia,2010-09-01,72320.0,128759.0
District of Columbia,2010-10-01,73233.0,130170.0
District of Columbia,2010-11-01,74122.0,131611.0
District of Columbia,2010-12-01,74837.0,132704.0
District of Columbia,2011-01-01,74672.0,132107.0
District of Columbia,2011-02-01,74711.0,132083.0
District of Columbia,2011-03-01,75525.0,133308.0
District of Columbia,2011-04-01,75516.0,133865.0
District of Columbia,2011-05-01,75900.0,134500.0
District of Columbia,2011-06-01,76962.0,136347.0
District of Columbia,2011-07-01,79000.0,140295.0
District of Columbia,2011-08-01,79374.0,140836.0
District of Columbia,2011-09-01,79052.0,140315.0
District of Columbia,2011-10-01,78962.0,140003.0
District of Columbia,2011-11-01,79172.0,140384.0
District of Columbia,2011-12-01,79634.0,141112.0
District of Columbia,2012-01-01,79382.0,140515.0
District of Columbia,2012-02-01,79298.0,140311.0
District of Columbia,2012-03-01,79616.0,140549.0
District of Columbia,2012-04-01,78983.0,139626.0
District of Columbia,2012-05-01,79328.0,140187.0
District of Columbia,2012-06-01,79926.0,141266.0
District of Columbia,2012-07-01,80199.0,142025.0
District of Columbia,2012-08-01,81109.0,143951.0
District of Columbia,2012-09-01,81134.0,143839.0
District of Columbia,2012-10-01,81615.0,144495.0
District of Columbia,2012-11-01,82107.0,145398.0
District of Columbia,2012-12-01,81885.0,145054.0
District of Columbia,2013-01-01,82243.0,145327.0
District of Columbia,2013-02-01,81783.0,144545.0
District of Columbia,2013-03-01,81832.0,144193.0
District of Columbia,2013-04-01,81253.0,143361.0
District of Columbia,2013-05-01,81617.0,144200.0
District of Columbia,2013-06-01,81769.0,144619.0
District of Columbia,2013-07-01,82059.0,145249.0
District of Columbia,2013-08-01,82453.0,146161.0
District of Columbia,2013-09-01,82231.0,146065.0
District of Columbia,2013-10-01,82468.0,146278.0
District of Columbia,2013-11-01,81898.0,145357.0
District of Columbia,2013-12-01,80617.0,143213.0
District of Columbia,2014-01-01,79975.0,141969.0
District of Columbia,2014-02-01,79310.0,140828.0
District of Columbia,2014-03-01,78815.0,139844.0
District of Columbia,2014-04-01,78867.0,140024.0
District of Columbia,2014-05-01,79568.0,141209.0
District of Columbia,2014-06-01,79910.0,141992.0
District of Columbia,2014-07-01,80629.0,143240.0
District of Columbia,2014-08-01,80825.0,143761.0
District of Columbia,2014-09-01,81441.0,144768.0
District of Columbia,2014-10-01,81636.0,145070.0
District of Columbia,2014-11-01,81531.0,144735.0
District of Columbia,2014-12-01,81308.0,144166.0
District of Columbia,2015-01-01,80423.0,142476.0
District of Columbia,2015-02-01,79722.0,141281.0
District of Columbia,2015-03-01,79617.0,140817.0
District of Columbia,2015-04-01,79077.0,139973.0
District of Columbia,2015-05-01,78996.0,139880.0
District of Columbia,2015-06-01,79275.0,140407.0
District of Columbia,2015-07-01,79760.0,141468.0
District of Columbia,2015-08-01,79336.0,140883.0
District of Columbia,2015-09-01,79397.0,140985.0
District of Columbia,2015-10-01,79185.0,140654.0
District of Columbia,2015-11-01,78470.0,139510.0
District of Columbia,2015-12-01,77974.0,138638.0
District of Columbia,2016-01-01,76472.0,135796.0
District of Columbia,2016-02-01,75784.0,134520.0
District of Columbia,2016-03-01,75414.0,133804.0
District of Columbia,2016-04-01,74555.0,132142.0
District of Columbia,2016-05-01,74462.0,131996.0
District of Columbia,2016-06-01,74510.0,132051.0
District of Columbia,2016-07-01,74180.0,131545.0
District of Columbia,2016-08-01,74552.0,132541.0
District of Columbia,2016-09-01,74268.0,132308.0
District of Columbia,2016-10-01,73591.0,126322.0
District of Columbia,2016-11-01,75383.0,128597.0
District of Columbia,2016-12-01,74833.0,126869.0
District of Columbia,2017-01-01,74520.0,125557.0
District of Columbia,2017-02-01,71202.0,119224.0
District of Columbia,2017-03-01,70833.0,117872.0
District of Columbia,2017-04-01,70059.0,115862.0
District of Columbia,2017-05-01,69375.0,114021.0
District of Columbia,2017-06-01,70441.0,115057.0
District of Columbia,2017-07-01,69609.0,112994.0
District of Columbia,2017-08-01,70389.0,113553.0
District of Columbia,2017-09-01,70679.0,113315.0
District of Columbia,2017-10-01,70968.0,112773.0
District of Columbia,2017-11-01,70153.0,114099.0
District of Columbia,2017-12-01,71217.0,112405.0
District of Columbia,2018-01-01,69868.0,113808.0
District of Columbia,2018-02-01,69453.0,112172.0
District of Columbia,2018-03-01,69328.0,110444.0
District of Columbia,2018-04-01,68228.0,110584.0
District of Columbia,2018-05-01,67877.0,112091.0
District of Columbia,2018-06-01,67691.0,113688.0
District of Columbia,2018-07-01,67076.0,110652.0
District of Columbia,2018-08-01,67251.0,112080.0
District of Columbia,2018-09-01,67148.0,112589.0
District of Columbia,2018-10-01,67986.0,119885.0
District of Columbia,2018-11-01,67629.0,113646.0
District of Columbia,2018-12-01,67028.0,111266.0
District of Columbia,2019-01-01,65819.0,109580.0
District of Columbia,2019-02-01,59489.0,99991.0
District of Columbia,2019-03-01,6196.0,10249.0
District of Columbia,2019-04-01,64035.0,106298.0
District of Columbia,2019-05-01,64060.0,106340.0
District of Columbia,2019-06-01,64202.0,106575.0
District of Columbia,2019-07-01,64691.0,109146.0
District of Columbia,2019-08-01,65330.0,110383.0
District of Columbia,2019-09-01,65410.0,111402.0
District of Columbia,2019-10-01,65717.0,111043.0
District of Columbia,2019-11-01,65263.0,110471.0
District of Columbia,2019-12-01,64949.0,109420.0
District of Columbia,2020-01-01,66439.0,108307.0
District of Columbia,2020-02-01,64245.0,108570.0
District of Columbia,2020-03-01,63623.0,105039.0
District of Columbia,2020-04-01,69907.0,115293.0
District of Columbia,2020-05-01,72654.0,119478.0
District of Columbia,2020-06-01,74750.0,122584.0
District of Columbia,2020-07-01,76605.0,125635.0
District of Columbia,2020-08-01,78560.0,129186.0
District of Columbia,2020-09-01,80454.0,131844.0
District of Columbia,2020-10-01,81877.0,134659.0
District of Columbia,2020-11-01,82915.0,136823.0
District of Columbia,2020-12-01,84479.0,139735.0
District of Columbia,2021-01-01,85979.0,142325.0
District of Columbia,2021-02-01,87235.0,143407.0
District of Columbia,2021-03-01,88380.0,143937.0
District of Columbia,2021-04-01,88531.0,143260.0
District of Columbia,2021-05-01,87000.0,141238.0
District of Columbia,2021-06-01,86360.0,139783.0
District of Columbia,2021-07-01,84832.0,138241.0
District of Columbia,2021-08-01,83661.0,136204.0
District of Columbia,2021-09-01,87329.0,141772.0
District of Columbia,2021-10-01,87795.0,142842.0
District of Columbia,2021-11-01,89580.0,144659.0
District of Columbia,2021-12-01,89987.0,146036.0
District of Columbia,2022-01-01,90324.0,147178.0
District of Columbia,2022-02-01,91018.0,147449.0
District of Columbia,2022-03-01,91993.0,147846.0
District of Columbia,2022-04-01,92864.0,149032.0
District of Columbia,2022-05-01,90742.0,150321.0
District of Columbia,2022-06-01,89845.0,146180.0
District of Columbia,2022-07-01,88948.0,143899.0
District of Columbia,2022-08-01,87877.0,142764.0
District of Columbia,2022-09-01,86696.0,141450.0
District of Columbia,2022-10-01,84139.0,138398.0
District of Columbia,2022-11-01,84877.0,138082.0
District of Columbia,2022-12-01,84369.0,137451.0
District of Columbia,2023-01-01,84633.0,138316.0
District of Columbia,2023-02-01,83973.0,138167.0
District of Columbia,2023-03-01,83512.0,138380.0
District of Columbia,2023-04-01,82533.0,137058.0
District of Columbia,2023-05-01,82628.0,137683.0
District of Columbia,2023-06-01,82613.0,141238.0
District of Columbia,2023-07-01,83514.0,139861.0
District of Columbia,2023-08-01,83316.0,139485.0
District of Columbia,2023-09-01,82955.0,138722.0
District of Columbia,2023-10-01,82923.0,138419.0
District of Columbia,2023-11-01,82922.0,136642.0
District of Columbia,2023-12-01,82750.0,135676.0
District of Columbia,2024-01-01,82550.0,135009.0
District of Columbia,2024-02-01,82924.0,135148.0
District of Columbia,2024-03-01,83377.0,135510.0
District of Columbia,2024-04-01,85524.0,135977.0
District of Columbia,2024-05-01,84030.0,137261.0
District of Columbia,2024-06-01,84596.0,138523.0
District of Columbia,2024-07-01,85245.0,140033.0
District of Columbia,2024-08-01,85619.0,140265.0
District of Columbia,2024-09-01,0.0,0.0
Florida,1988-10-01,252097.0,646479.0
Florida,1988-11-01,255877.0,655687.0
Florida,1988-12-01,257415.0,660820.0
Florida,1989-01-01,257176.0,658327.0
Florida,1989-02-01,254413.0,649914.0
Florida,1989-03-01,261836.0,669391.0
Florida,1989-04-01,259406.0,663784.0
Florida,1989-05-01,259406.0,663784.0
Florida,1989-06-01,264789.0,677234.0
Florida,1989-07-01,267273.0,683036.0
Florida,1989-08-01,271511.0,691285.0
Florida,1989-09-01,271794.0,695523.0
Florida,1989-10-01,275756.0,719077.0
Florida,1989-11-01,285566.0,730976.0
Florida,1989-12-01,292676.0,751064.0
Florida,1990-01-01,302102.0,772265.0
Florida,1990-02-01,302102.0,772265.0
Florida,1990-03-01,309097.0,790326.0
Florida,1990-04-01,306979.0,786158.0
Florida,1990-05-01,309020.0,789663.0
Florida,1990-06-01,313829.0,803938.0
Florida,1990-07-01,309520.0,805818.0
Florida,1990-08-01,319748.0,830227.0
Florida,1990-09-01,315459.0,826179.0
Florida,1990-10-01,341211.0,884143.0
Florida,1990-11-01,350919.0,910531.0
Florida,1990-12-01,372103.0,953531.0
Florida,1991-01-01,357063.0,926938.0
Florida,1991-02-01,382343.0,980593.0
Florida,1991-03-01,402246.0,1024885.0
Florida,1991-04-01,396905.0,1026566.0
Florida,1991-05-01,415877.0,1053143.0
Florida,1991-06-01,430811.0,1096551.0
Florida,1991-07-01,433333.0,1067466.0
Florida,1991-08-01,454216.0,1156725.0
Florida,1991-09-01,484326.0,1223211.0
Florida,1991-10-01,505719.0,1264621.0
Florida,1991-11-01,512877.0,1301566.0
Florida,1991-12-01,540352.0,1360224.0
Florida,1992-01-01,543500.0,1354913.0
Florida,1992-02-01,543280.0,1358643.0
Florida,1992-03-01,568053.0,1443896.0
Florida,1992-04-01,572923.0,1458552.0
Florida,1992-05-01,560046.0,1417300.0
Florida,1992-06-01,547159.0,1376035.0
Florida,1992-07-01,544770.0,1362059.0
Florida,1992-08-01,554835.0,1398057.0
Florida,1992-09-01,649936.0,1751028.0
Florida,1992-10-01,603385.0,1507983.0
Florida,1992-11-01,611290.0,1525476.0
Florida,1992-12-01,618886.0,1538445.0
Florida,1993-01-01,610089.0,1512766.0
Florida,1993-02-01,602212.0,1490096.0
Florida,1993-03-01,610055.0,1505390.0
Florida,1993-04-01,600215.0,1482166.0
Florida,1993-05-01,598628.0,1479228.0
Florida,1993-06-01,601081.0,1483369.0
Florida,1993-07-01,600151.0,1478946.0
Florida,1993-08-01,607633.0,1494338.0
Florida,1993-09-01,610744.0,1500075.0
Florida,1993-10-01,610205.0,1493772.0
Florida,1993-11-01,618801.0,1512775.0
Florida,1993-12-01,623283.0,1520001.0
Florida,1994-01-01,616956.0,1500981.0
Florida,1994-02-01,602346.0,1463455.0
Florida,1994-03-01,605919.0,1469271.0
Florida,1994-04-01,599680.0,1459056.0
Florida,1994-05-01,601783.0,1461016.0
Florida,1994-06-01,601445.0,1458885.0
Florida,1994-07-01,596535.0,1444831.0
Florida,1994-08-01,602487.0,1455885.0
Florida,1994-09-01,603829.0,1453184.0
Florida,1994-10-01,598826.0,1433642.0
Florida,1994-11-01,603195.0,1443008.0
Florida,1994-12-01,603203.0,1439973.0
Florida,1995-01-01,590798.0,1404469.0
Florida,1995-02-01,578476.0,1373868.0
Florida,1995-03-01,587341.0,1391959.0
Florida,1995-04-01,576193.0,1367260.0
Florida,1995-05-01,580169.0,1375349.0
Florida,1995-06-01,578673.0,1368897.0
Florida,1995-07-01,575351.0,1357497.0
Florida,1995-08-01,590734.0,1392363.0
Florida,1995-09-01,592639.0,1395266.0
Florida,1995-10-01,604186.0,1415832.0
Florida,1995-11-01,600502.0,1405575.0
Florida,1995-12-01,600082.0,1401472.0
Florida,1996-01-01,595543.0,1385337.0
Florida,1996-02-01,590765.0,1370501.0
Florida,1996-03-01,590761.0,1367290.0
Florida,1996-04-01,588410.0,1360768.0
Florida,1996-05-01,584263.0,1352158.0
Florida,1996-06-01,578430.0,1338407.0
Florida,1996-07-01,586601.0,1355316.0
Florida,1996-08-01,582734.0,1356120.0
Florida,1996-09-01,582734.0,1347443.0
Florida,1996-10-01,580577.0,1342000.0
Florida,1996-11-01,565529.0,1311147.0
Florida,1996-12-01,559435.0,1295006.0
Florida,1997-01-01,542741.0,1254370.0
Florida,1997-02-01,528167.0,1220646.0
Florida,1997-03-01,513919.0,1193306.0
Florida,1997-04-01,497669.0,1138264.0
Florida,1997-05-01,488501.0,1138264.0
Florida,1997-06-01,484615.0,1130137.0
Florida,1997-07-01,479630.0,1119191.0
Florida,1997-08-01,474271.0,1108047.0
Florida,1997-09-01,450356.0,1049593.0
Florida,1997-10-01,463030.0,1080616.0
Florida,1997-11-01,453868.0,1059002.0
Florida,1997-12-01,456022.0,1061159.0
Florida,1998-01-01,434454.0,1004225.0
Florida,1998-02-01,427991.0,986558.0
Florida,1998-03-01,426017.0,978735.0
Florida,1998-04-01,418904.0,959772.0
Florida,1998-05-01,419677.0,954461.0
Florida,1998-06-01,418112.0,950802.0
Florida,1998-07-01,418368.0,946660.0
Florida,1998-08-01,422000.0,952083.0
Florida,1998-09-01,422562.0,952782.0
Florida,1998-10-01,428372.0,962447.0
Florida,1998-11-01,430029.0,957530.0
Florida,1998-12-01,436579.0,967349.0
Florida,1999-01-01,431235.0,949852.0
Florida,1999-02-01,427948.0,938196.0
Florida,1999-03-01,428702.0,936827.0
Florida,1999-04-01,422871.0,920029.0
Florida,1999-05-01,420424.0,910722.0
Florida,1999-06-01,421222.0,912234.0
Florida,1999-07-01,423256.0,914584.0
Florida,1999-08-01,424698.0,918143.0
Florida,1999-09-01,423775.0,913310.0
Florida,1999-10-01,425406.0,915419.0
Florida,1999-11-01,421308.0,906072.0
Florida,1999-12-01,424804.0,912351.0
Florida,2000-01-01,414951.0,885434.0
Florida,2000-02-01,411685.0,873987.0
Florida,2000-03-01,414360.0,877556.0
Florida,2000-04-01,410061.0,864800.0
Florida,2000-05-01,408015.0,858798.0
Florida,2000-06-01,412897.0,870263.0
Florida,2000-07-01,410738.0,864227.0
Florida,2000-08-01,416450.0,877879.0
Florida,2000-09-01,418780.0,881306.0
Florida,2000-10-01,421256.0,886973.0
Florida,2000-11-01,419617.0,882738.0
Florida,2000-12-01,423443.0,888665.0
Florida,2001-01-01,414618.0,864798.0
Florida,2001-02-01,406204.0,838546.0
Florida,2001-03-01,411598.0,854957.0
Florida,2001-04-01,420628.0,868857.0
Florida,2001-05-01,429102.0,889732.0
Florida,2001-06-01,434432.0,901185.0
Florida,2001-07-01,435997.0,904072.0
Florida,2001-08-01,447352.0,933448.0
Florida,2001-09-01,447212.0,933099.0
Florida,2001-10-01,462600.0,968063.0
Florida,2001-11-01,463982.0,973449.0
Florida,2001-12-01,472107.0,989257.0
Florida,2002-01-01,466402.0,970562.0
Florida,2002-02-01,463676.0,961913.0
Florida,2002-03-01,472729.0,978149.0
Florida,2002-04-01,466232.0,965276.0
Florida,2002-05-01,473975.0,987236.0
Florida,2002-06-01,479410.0,1001630.0
Florida,2002-07-01,464128.0,959737.0
Florida,2002-08-01,494586.0,1037482.0
Florida,2002-09-01,492536.0,1028804.0
Florida,2002-10-01,508054.0,1063697.0
Florida,2002-11-01,506749.0,1059453.0
Florida,2002-12-01,504833.0,1050695.0
Florida,2003-01-01,499266.0,1034807.0
Florida,2003-02-01,499549.0,1032787.0
Florida,2003-03-01,504832.0,1041130.0
Florida,2003-04-01,484555.0,991578.0
Florida,2003-05-01,491608.0,1012016.0
Florida,2003-06-01,497584.0,1027530.0
Florida,2003-07-01,502658.0,1039590.0
Florida,2003-08-01,512552.0,1063264.0
Florida,2003-09-01,519787.0,1079231.0
Florida,2003-10-01,532810.0,1107839.0
Florida,2003-11-01,547563.0,1139853.0
Florida,2003-12-01,566542.0,1179393.0
Florida,2004-01-01,578103.0,1199925.0
Florida,2004-02-01,572320.0,1180273.0
Florida,2004-03-01,571786.0,1174012.0
Florida,2004-04-01,569044.0,1166685.0
Florida,2004-05-01,577489.0,1184419.0
Florida,2004-06-01,589565.0,1213617.0
Florida,2004-07-01,600962.0,1239824.0
Florida,2004-08-01,603967.0,1246023.0
Florida,2004-09-01,649185.0,1394862.0
Florida,2004-10-01,1003852.0,2474348.0
Florida,2004-11-01,647338.0,1340278.0
Florida,2004-12-01,670320.0,1385961.0
Florida,2005-01-01,644220.0,1325491.0
Florida,2005-02-01,616015.0,1259644.0
Florida,2005-03-01,609690.0,1242766.0
Florida,2005-04-01,602339.0,1226093.0
Florida,2005-05-01,611887.0,1249673.0
Florida,2005-06-01,617857.0,1264328.0
Florida,2005-07-01,620094.0,1268620.0
Florida,2005-08-01,617138.0,1259562.0
Florida,2005-09-01,630165.0,1284886.0
Florida,2005-10-01,631232.0,1284958.0
Florida,2005-11-01,1286688.0,3361916.0
Florida,2005-12-01,654639.0,1340114.0
Florida,2006-01-01,628241.0,1274384.0
Florida,2006-02-01,611079.0,1226385.0
Florida,2006-03-01,609766.0,1219161.0
Florida,2006-04-01,603718.0,1205865.0
Florida,2006-05-01,609283.0,1220014.0
Florida,2006-06-01,614469.0,1232111.0
Florida,2006-07-01,611161.0,1222353.0
Florida,2006-08-01,610811.0,1217679.0
Florida,2006-09-01,608498.0,1208053.0
Florida,2006-10-01,611817.0,1214308.0
Florida,2006-11-01,615686.0,1224329.0
Florida,2006-12-01,619205.0,1228022.0
Florida,2007-01-01,614845.0,1216090.0
Florida,2007-02-01,607580.0,1193991.0
Florida,2007-03-01,614015.0,1200508.0
Florida,2007-04-01,610854.0,1190171.0
Florida,2007-05-01,624413.0,1218894.0
Florida,2007-06-01,642644.0,1254115.0
Florida,2007-07-01,647811.0,1263801.0
Florida,2007-08-01,659957.0,1288658.0
Florida,2007-09-01,667019.0,1300754.0
Florida,2007-10-01,682482.0,1332076.0
Florida,2007-11-01,695573.0,1359634.0
Florida,2007-12-01,707984.0,1384111.0
Florida,2008-01-01,714471.0,1395527.0
Florida,2008-02-01,722334.0,1407409.0
Florida,2008-03-01,734925.0,1428125.0
Florida,2008-04-01,741165.0,1441093.0
Florida,2008-05-01,757983.0,1475659.0
Florida,2008-06-01,772656.0,1505590.0
Florida,2008-07-01,788777.0,1540999.0
Florida,2008-08-01,806278.0,1576981.0
Florida,2008-09-01,825531.0,1611934.0
Florida,2008-10-01,857082.0,1676025.0
Florida,2008-11-01,881143.0,1725389.0
Florida,2008-12-01,910972.0,1781760.0
Florida,2009-01-01,922220.0,1802316.0
Florida,2009-02-01,945026.0,1842181.0
Florida,2009-03-01,968718.0,1886647.0
Florida,2009-04-01,991992.0,1933427.0
Florida,2009-05-01,1033355.0,2014728.0
Florida,2009-06-01,1070307.0,2086298.0
Florida,2009-07-01,1109971.0,2160887.0
Florida,2009-08-01,1146941.0,2228281.0
Florida,2009-09-01,1182806.0,2290410.0
Florida,2009-10-01,1231226.0,2382421.0
Florida,2009-11-01,1258772.0,2430767.0
Florida,2009-12-01,1296324.0,2490034.0
Florida,2010-01-01,1305942.0,2497511.0
Florida,2010-02-01,1323665.0,2523454.0
Florida,2010-03-01,1350674.0,2564690.0
Florida,2010-04-01,1369200.0,2590665.0
Florida,2010-05-01,1396335.0,2637425.0
Florida,2010-06-01,1422837.0,2681377.0
Florida,2010-07-01,1461340.0,2749224.0
Florida,2010-08-01,1493682.0,2809636.0
Florida,2010-09-01,1536762.0,2881019.0
Florida,2010-10-01,1576162.0,2951682.0
Florida,2010-11-01,1601560.0,2994413.0
Florida,2010-12-01,1631430.0,3043115.0
Florida,2011-01-01,1639050.0,3045847.0
Florida,2011-02-01,1640232.0,3043704.0
Florida,2011-03-01,1660612.0,3072800.0
Florida,2011-04-01,1658023.0,3064160.0
Florida,2011-05-01,1671018.0,3086696.0
Florida,2011-06-01,1690512.0,3117913.0
Florida,2011-07-01,1694948.0,3125331.0
Florida,2011-08-01,1715740.0,3163228.0
Florida,2011-09-01,1729471.0,3187157.0
Florida,2011-10-01,1750037.0,3225957.0
Florida,2011-11-01,1769675.0,3260561.0
Florida,2011-12-01,1791776.0,3297834.0
Florida,2012-01-01,1793619.0,3293516.0
Florida,2012-02-01,1799179.0,3302790.0
Florida,2012-03-01,1824243.0,3346145.0
Florida,2012-04-01,1823623.0,3343861.0
Florida,2012-05-01,1844224.0,3384489.0
Florida,2012-06-01,1864183.0,3419492.0
Florida,2012-07-01,1866562.0,3426193.0
Florida,2012-08-01,1886839.0,3461158.0
Florida,2012-09-01,1895801.0,3474773.0
Florida,2012-10-01,1919666.0,3521938.0
Florida,2012-11-01,1930259.0,3541637.0
Florida,2012-12-01,1942245.0,3562318.0
Florida,2013-01-01,1954717.0,3573410.0
Florida,2013-02-01,1943112.0,3548832.0
Florida,2013-03-01,1956662.0,3566784.0
Florida,2013-04-01,1949078.0,3548465.0
Florida,2013-05-01,1948578.0,3556098.0
Florida,2013-06-01,1952890.0,3568672.0
Florida,2013-07-01,1943579.0,3558254.0
Florida,2013-08-01,1945408.0,3570722.0
Florida,2013-09-01,1940625.0,3560545.0
Florida,2013-10-01,1932006.0,3565296.0
Florida,2013-11-01,1912768.0,3536728.0
Florida,2013-12-01,1905774.0,3522173.0
Florida,2014-01-01,1894943.0,3493264.0
Florida,2014-02-01,1879048.0,3461816.0
Florida,2014-03-01,1883340.0,3451122.0
Florida,2014-04-01,1889608.0,3454704.0
Florida,2014-05-01,1909113.0,3487797.0
Florida,2014-06-01,1930106.0,3526356.0
Florida,2014-07-01,1944048.0,3555983.0
Florida,2014-08-01,1973852.0,3612131.0
Florida,2014-09-01,1993762.0,3648365.0
Florida,2014-10-01,2018928.0,3695060.0
Florida,2014-11-01,2014801.0,3686064.0
Florida,2014-12-01,2020053.0,3689976.0
Florida,2015-01-01,2013299.0,3668493.0
Florida,2015-02-01,1999238.0,3642572.0
Florida,2015-03-01,1993985.0,3624900.0
Florida,2015-04-01,1986052.0,3607878.0
Florida,2015-05-01,2000595.0,3630463.0
Florida,2015-06-01,2011166.0,3646571.0
Florida,2015-07-01,2013221.0,3650705.0
Florida,2015-08-01,2014845.0,3653696.0
Florida,2015-09-01,2028944.0,3677655.0
Florida,2015-10-01,2047063.0,3708499.0
Florida,2015-11-01,2045050.0,3699420.0
Florida,2015-12-01,2050271.0,3698548.0
Florida,2016-01-01,2034555.0,3664055.0
Florida,2016-02-01,1961239.0,3560168.0
Florida,2016-03-01,1962423.0,3560060.0
Florida,2016-04-01,1728623.0,3259847.0
Florida,2016-05-01,1707519.0,3225922.0
Florida,2016-06-01,1712005.0,3239056.0
Florida,2016-07-01,1726079.0,3262475.0
Florida,2016-08-01,1736950.0,3288860.0
Florida,2016-09-01,1737092.0,3287446.0
Florida,2016-10-01,1737074.0,3279009.0
Florida,2016-11-01,1729089.0,3265019.0
Florida,2016-12-01,1736177.0,3274938.0
Florida,2017-01-01,1716631.0,3232682.0
Florida,2017-02-01,1687290.0,3176287.0
Florida,2017-03-01,1689271.0,3178027.0
Florida,2017-04-01,1662199.0,3126089.0
Florida,2017-05-01,1653545.0,3110913.0
Florida,2017-06-01,1662374.0,3129822.0
Florida,2017-07-01,1654489.0,3115778.0
Florida,2017-08-01,1660595.0,3132728.0
Florida,2017-09-01,1702377.0,3217150.0
Florida,2017-10-01,2661585.0,5797835.0
Florida,2017-11-01,1990863.0,3938018.0
Florida,2017-12-01,1747930.0,3272989.0
Florida,2018-01-01,1718639.0,3205617.0
Florida,2018-02-01,1590707.0,2958565.0
Florida,2018-03-01,1611043.0,2998889.0
Florida,2018-04-01,1615827.0,3018378.0
Florida,2018-05-01,1626535.0,3042303.0
Florida,2018-06-01,1628111.0,3042160.0
Florida,2018-07-01,1611450.0,3005762.0
Florida,2018-08-01,1587429.0,2947869.0
Florida,2018-09-01,1584118.0,2941835.0
Florida,2018-10-01,1606761.0,2996302.0
Florida,2018-11-01,1644826.0,3073877.0
Florida,2018-12-01,1585037.0,2944370.0
Florida,2019-01-01,1559702.0,2888654.0
Florida,2019-02-01,214313.0,473190.0
Florida,2019-03-01,1509558.0,2780799.0
Florida,2019-04-01,1499980.0,2765663.0
Florida,2019-05-01,1507038.0,2779400.0
Florida,2019-06-01,1513284.0,2789098.0
Florida,2019-07-01,1509953.0,2779754.0
Florida,2019-08-01,1507501.0,2770280.0
Florida,2019-09-01,1500656.0,2755509.0
Florida,2019-10-01,1513181.0,2779312.0
Florida,2019-11-01,1509611.0,2765924.0
Florida,2019-12-01,1491364.0,2731271.0
Florida,2020-01-01,1469913.0,2683906.0
Florida,2020-02-01,1447669.0,2634689.0
Florida,2020-03-01,1449861.0,2634892.0
Florida,2020-04-01,1748329.0,3123525.0
Florida,2020-05-01,1973073.0,3527762.0
Florida,2020-06-01,2097891.0,3731605.0
Florida,2020-07-01,2133460.0,3793271.0
Florida,2020-08-01,2164425.0,3834528.0
Florida,2020-09-01,2200841.0,3886747.0
Florida,2020-10-01,2085986.0,3672011.0
Florida,2020-11-01,1999465.0,3510072.0
Florida,2020-12-01,1969736.0,3462997.0
Florida,2021-01-01,1938666.0,3413937.0
Florida,2021-02-01,1884349.0,3343701.0
Florida,2021-03-01,1848902.0,3299396.0
Florida,2021-04-01,1829915.0,3270866.0
Florida,2021-05-01,1841815.0,3290158.0
Florida,2021-06-01,1844686.0,3297055.0
Florida,2021-07-01,1824493.0,3256616.0
Florida,2021-08-01,1770525.0,3167392.0
Florida,2021-09-01,1734490.0,3125813.0
Florida,2021-10-01,1698590.0,3043731.0
Florida,2021-11-01,1654975.0,2974930.0
Florida,2021-12-01,1615768.0,2903034.0
Florida,2022-01-01,1555494.0,2791040.0
Florida,2022-02-01,1535576.0,2760132.0
Florida,2022-03-01,1542040.0,2781226.0
Florida,2022-04-01,1540964.0,2786261.0
Florida,2022-05-01,1549749.0,2797922.0
Florida,2022-06-01,1570456.0,2835905.0
Florida,2022-07-01,1575908.0,2841401.0
Florida,2022-08-01,1572754.0,2834015.0
Florida,2022-09-01,1565863.0,2815431.0
Florida,2022-10-01,1808188.0,3384172.0
Florida,2022-11-01,1701164.0,3146796.0
Florida,2022-12-01,1754497.0,3188427.0
Florida,2023-01-01,1806409.0,3260543.0
Florida,2023-02-01,1723236.0,3082072.0
Florida,2023-03-01,1710668.0,3061883.0
Florida,2023-04-01,1673618.0,2999548.0
Florida,2023-05-01,1682373.0,3023426.0
Florida,2023-06-01,1645859.0,2969247.0
Florida,2023-07-01,1595894.0,2889222.0
Florida,2023-08-01,1656336.0,3004649.0
Florida,2023-09-01,1687945.0,3068944.0
Florida,2023-10-01,1707371.0,3112411.0
Florida,2023-11-01,1677595.0,3053347.0
Florida,2023-12-01,1660975.0,3004132.0
Florida,2024-01-01,1617734.0,2902332.0
Florida,2024-02-01,1621064.0,2913294.0
Florida,2024-03-01,1625573.0,2923520.0
Florida,2024-04-01,1614116.0,2897553.0
Florida,2024-05-01,1635660.0,2936427.0
Florida,2024-06-01,1646798.0,2960101.0
Florida,2024-07-01,1644054.0,2958202.0
Florida,2024-08-01,1629256.0,2957743.0
Florida,2024-09-01,0.0,0.0
Georgia,1988-10-01,175081.0,471271.0
Georgia,1988-11-01,176160.0,472450.0
Georgia,1988-12-01,177986.0,478666.0
Georgia,1989-01-01,180193.0,484707.0
Georgia,1989-02-01,180719.0,485068.0
Georgia,1989-03-01,185061.0,496313.0
Georgia,1989-04-01,182457.0,490636.0
Georgia,1989-05-01,181538.0,484619.0
Georgia,1989-06-01,181888.0,486210.0
Georgia,1989-07-01,181778.0,485681.0
Georgia,1989-08-01,183051.0,486762.0
Georgia,1989-09-01,184824.0,493186.0
Georgia,1989-10-01,189341.0,504119.0
Georgia,1989-11-01,191727.0,509883.0
Georgia,1989-12-01,194606.0,518892.0
Georgia,1990-01-01,198117.0,528418.0
Georgia,1990-02-01,200341.0,534438.0
Georgia,1990-03-01,203583.0,543635.0
Georgia,1990-04-01,203938.0,545113.0
Georgia,1990-05-01,202246.0,539997.0
Georgia,1990-06-01,204788.0,546112.0
Georgia,1990-07-01,205383.0,546339.0
Georgia,1990-08-01,206883.0,548932.0
Georgia,1990-09-01,210237.0,561333.0
Georgia,1990-10-01,216519.0,578105.0
Georgia,1990-11-01,221166.0,590513.0
Georgia,1990-12-01,225547.0,599955.0
Georgia,1991-01-01,230355.0,610828.0
Georgia,1991-02-01,239369.0,637663.0
Georgia,1991-03-01,247007.0,657487.0
Georgia,1991-04-01,252582.0,671868.0
Georgia,1991-05-01,252892.0,670767.0
Georgia,1991-06-01,257902.0,683440.0
Georgia,1991-07-01,256201.0,676263.0
Georgia,1991-08-01,260480.0,690272.0
Georgia,1991-09-01,265795.0,704357.0
Georgia,1991-10-01,272118.0,718391.0
Georgia,1991-11-01,275331.0,724121.0
Georgia,1991-12-01,278694.0,724604.0
Georgia,1992-01-01,282663.0,740039.0
Georgia,1992-02-01,287910.0,754324.0
Georgia,1992-03-01,292789.0,767107.0
Georgia,1992-04-01,295166.0,767431.0
Georgia,1992-05-01,295412.0,771672.0
Georgia,1992-06-01,294760.0,768492.0
Georgia,1992-07-01,294662.0,764519.0
Georgia,1992-08-01,299013.0,777194.0
Georgia,1992-09-01,298288.0,771475.0
Georgia,1992-10-01,305308.0,790448.0
Georgia,1992-11-01,312471.0,809300.0
Georgia,1992-12-01,308943.0,794887.0
Georgia,1993-01-01,313252.0,807264.0
Georgia,1993-02-01,313640.0,804284.0
Georgia,1993-03-01,319210.0,817342.0
Georgia,1993-04-01,319206.0,817336.0
Georgia,1993-05-01,318327.0,814917.0
Georgia,1993-06-01,315171.0,806838.0
Georgia,1993-07-01,316832.0,808590.0
Georgia,1993-08-01,319927.0,814669.0
Georgia,1993-09-01,316235.0,802168.0
Georgia,1993-10-01,321960.0,817564.0
Georgia,1993-11-01,324285.0,821614.0
Georgia,1993-12-01,322613.0,814425.0
Georgia,1994-01-01,324629.0,820436.0
Georgia,1994-02-01,321071.0,807514.0
Georgia,1994-03-01,327931.0,826295.0
Georgia,1994-04-01,325447.0,820244.0
Georgia,1994-05-01,324983.0,816662.0
Georgia,1994-06-01,325937.0,821361.0
Georgia,1994-07-01,367102.0,934058.0
Georgia,1994-08-01,331759.0,831693.0
Georgia,1994-09-01,331654.0,832452.0
Georgia,1994-10-01,333394.0,835164.0
Georgia,1994-11-01,332124.0,831191.0
Georgia,1994-12-01,331907.0,830431.0
Georgia,1995-01-01,331185.0,823651.0
Georgia,1995-02-01,329304.0,823919.0
Georgia,1995-03-01,332819.0,823886.0
Georgia,1995-04-01,327584.0,810370.0
Georgia,1995-05-01,326095.0,805331.0
Georgia,1995-06-01,324774.0,802563.0
Georgia,1995-07-01,322568.0,796364.0
Georgia,1995-08-01,325945.0,804348.0
Georgia,1995-09-01,326322.0,803824.0
Georgia,1995-10-01,322536.0,808415.0
Georgia,1995-11-01,327935.0,807111.0
Georgia,1995-12-01,327389.0,804446.0
Georgia,1996-01-01,327809.0,804325.0
Georgia,1996-02-01,326456.0,801059.0
Georgia,1996-03-01,326256.0,800683.0
Georgia,1996-04-01,325693.0,795621.0
Georgia,1996-05-01,324421.0,791773.0
Georgia,1996-06-01,317215.0,774501.0
Georgia,1996-07-01,318206.0,777264.0
Georgia,1996-08-01,318095.0,776793.0
Georgia,1996-09-01,315426.0,768033.0
Georgia,1996-10-01,313885.0,764335.0
Georgia,1996-11-01,309518.0,754662.0
Georgia,1996-12-01,305913.0,746116.0
Georgia,1997-01-01,300581.0,735016.0
Georgia,1997-02-01,292825.0,716771.0
Georgia,1997-03-01,282848.0,696003.0
Georgia,1997-04-01,273678.0,676725.0
Georgia,1997-05-01,269659.0,667026.0
Georgia,1997-06-01,267243.0,661439.0
Georgia,1997-07-01,264166.0,654304.0
Georgia,1997-08-01,264520.0,655893.0
Georgia,1997-09-01,264870.0,651581.0
Georgia,1997-10-01,263840.0,653777.0
Georgia,1997-11-01,264051.0,654847.0
Georgia,1997-12-01,264642.0,654482.0
Georgia,1998-01-01,261884.0,647212.0
Georgia,1998-02-01,258457.0,637298.0
Georgia,1998-03-01,262250.0,647758.0
Georgia,1998-04-01,258361.0,632984.0
Georgia,1998-05-01,248195.0,610499.0
Georgia,1998-06-01,249313.0,610817.0
Georgia,1998-07-01,251167.0,618238.0
Georgia,1998-08-01,247434.0,606213.0
Georgia,1998-09-01,247559.0,606519.0
Georgia,1998-10-01,288044.0,705708.0
Georgia,1998-11-01,264154.0,647177.0
Georgia,1998-12-01,257047.0,633555.0
Georgia,1999-01-01,253587.0,624221.0
Georgia,1999-02-01,251450.0,617862.0
Georgia,1999-03-01,250825.0,614522.0
Georgia,1999-04-01,246531.0,604025.0
Georgia,1999-05-01,243918.0,597679.0
Georgia,1999-06-01,241922.0,593119.0
Georgia,1999-07-01,239557.0,587817.0
Georgia,1999-08-01,239779.0,588854.0
Georgia,1999-09-01,238256.0,584664.0
Georgia,1999-10-01,238677.0,584759.0
Georgia,1999-11-01,237674.0,582167.0
Georgia,1999-12-01,235313.0,575581.0
Georgia,2000-01-01,232187.0,565675.0
Georgia,2000-02-01,228603.0,555826.0
Georgia,2000-03-01,228333.0,555315.0
Georgia,2000-04-01,224874.0,546686.0
Georgia,2000-05-01,224658.0,545690.0
Georgia,2000-06-01,224708.0,546725.0
Georgia,2000-07-01,223735.0,544285.0
Georgia,2000-08-01,227113.0,554259.0
Georgia,2000-09-01,228129.0,556647.0
Georgia,2000-10-01,231214.0,564199.0
Georgia,2000-11-01,230887.0,563554.0
Georgia,2000-12-01,233332.0,561475.0
Georgia,2001-01-01,233332.0,567475.0
Georgia,2001-02-01,230103.0,558451.0
Georgia,2001-03-01,232804.0,564202.0
Georgia,2001-04-01,231949.0,563146.0
Georgia,2001-05-01,235078.0,572537.0
Georgia,2001-06-01,238666.0,582345.0
Georgia,2001-07-01,239815.0,585851.0
Georgia,2001-08-01,244317.0,597893.0
Georgia,2001-09-01,246104.0,601319.0
Georgia,2001-10-01,252421.0,618568.0
Georgia,2001-11-01,256315.0,629416.0
Georgia,2001-12-01,250682.0,616645.0
Georgia,2002-01-01,262058.0,642033.0
Georgia,2002-02-01,260424.0,636631.0
Georgia,2002-03-01,262019.0,639768.0
Georgia,2002-04-01,261363.0,639748.0
Georgia,2002-05-01,263055.0,645588.0
Georgia,2002-06-01,265729.0,652166.0
Georgia,2002-07-01,268411.0,660456.0
Georgia,2002-08-01,274008.0,674572.0
Georgia,2002-09-01,280431.0,692009.0
Georgia,2002-10-01,294510.0,686637.0
Georgia,2002-11-01,302100.0,705864.0
Georgia,2002-12-01,307248.0,704239.0
Georgia,2003-01-01,310920.0,706867.0
Georgia,2003-02-01,310760.0,703234.0
Georgia,2003-03-01,312533.0,710222.0
Georgia,2003-04-01,309623.0,763971.0
Georgia,2003-05-01,316644.0,781340.0
Georgia,2003-06-01,323037.0,797866.0
Georgia,2003-07-01,325746.0,805414.0
Georgia,2003-08-01,329193.0,813080.0
Georgia,2003-09-01,333928.0,823758.0
Georgia,2003-10-01,340482.0,839718.0
Georgia,2003-11-01,343688.0,847659.0
Georgia,2003-12-01,348245.0,858774.0
Georgia,2004-01-01,350438.0,861830.0
Georgia,2004-02-01,349831.0,857440.0
Georgia,2004-03-01,352025.0,862202.0
Georgia,2004-04-01,351210.0,860817.0
Georgia,2004-05-01,353248.0,865200.0
Georgia,2004-06-01,358413.0,878739.0
Georgia,2004-07-01,359729.0,883173.0
Georgia,2004-08-01,364277.0,894452.0
Georgia,2004-09-01,364889.0,895770.0
Georgia,2004-10-01,369029.0,905510.0
Georgia,2004-11-01,373228.0,916736.0
Georgia,2004-12-01,375447.0,922312.0
Georgia,2005-01-01,375513.0,919932.0
Georgia,2005-02-01,372059.0,910390.0
Georgia,2005-03-01,371753.0,908667.0
Georgia,2005-04-01,370031.0,906613.0
Georgia,2005-05-01,372539.0,913301.0
Georgia,2005-06-01,374633.0,920022.0
Georgia,2005-07-01,374158.0,919555.0
Georgia,2005-08-01,377555.0,928479.0
Georgia,2005-09-01,402921.0,985607.0
Georgia,2005-10-01,400441.0,980779.0
Georgia,2005-11-01,404222.0,990028.0
Georgia,2005-12-01,402613.0,985992.0
Georgia,2006-01-01,386637.0,948465.0
Georgia,2006-02-01,379999.0,929647.0
Georgia,2006-03-01,379899.0,928810.0
Georgia,2006-04-01,374850.0,917938.0
Georgia,2006-05-01,376886.0,923945.0
Georgia,2006-06-01,379799.0,932955.0
Georgia,2006-07-01,379188.0,931547.0
Georgia,2006-08-01,384378.0,944787.0
Georgia,2006-09-01,385390.0,946852.0
Georgia,2006-10-01,390446.0,959286.0
Georgia,2006-11-01,391522.0,962557.0
Georgia,2006-12-01,391785.0,962272.0
Georgia,2007-01-01,389868.0,956599.0
Georgia,2007-02-01,384269.0,942215.0
Georgia,2007-03-01,384458.0,941954.0
Georgia,2007-04-01,381828.0,936106.0
Georgia,2007-05-01,383205.0,938870.0
Georgia,2007-06-01,384336.0,941642.0
Georgia,2007-07-01,385577.0,945146.0
Georgia,2007-08-01,389220.0,955498.0
Georgia,2007-09-01,390538.0,958316.0
Georgia,2007-10-01,395695.0,971241.0
Georgia,2007-11-01,400169.0,983693.0
Georgia,2007-12-01,401851.0,987659.0
Georgia,2008-01-01,402330.0,986245.0
Georgia,2008-02-01,403021.0,986643.0
Georgia,2008-03-01,406577.0,994126.0
Georgia,2008-04-01,409839.0,1002500.0
Georgia,2008-05-01,424362.0,1039417.0
Georgia,2008-06-01,427150.0,1043726.0
Georgia,2008-07-01,435804.0,1062993.0
Georgia,2008-08-01,446050.0,1086410.0
Georgia,2008-09-01,456274.0,1109201.0
Georgia,2008-10-01,468848.0,1139309.0
Georgia,2008-11-01,480103.0,1166986.0
Georgia,2008-12-01,493228.0,1197174.0
Georgia,2009-01-01,500954.0,1212668.0
Georgia,2009-02-01,509986.0,1230960.0
Georgia,2009-03-01,521253.0,1254194.0
Georgia,2009-04-01,535605.0,1286398.0
Georgia,2009-05-01,551498.0,1320839.0
Georgia,2009-06-01,568542.0,1359041.0
Georgia,2009-07-01,581709.0,1387721.0
Georgia,2009-08-01,598127.0,1422480.0
Georgia,2009-09-01,609476.0,1455171.0
Georgia,2009-10-01,624308.0,1477543.0
Georgia,2009-11-01,637514.0,1506811.0
Georgia,2009-12-01,650006.0,1533637.0
Georgia,2010-01-01,658911.0,1548158.0
Georgia,2010-02-01,666887.0,1562209.0
Georgia,2010-03-01,677505.0,1582642.0
Georgia,2010-04-01,682254.0,1597957.0
Georgia,2010-05-01,695065.0,1614920.0
Georgia,2010-06-01,705737.0,1635928.0
Georgia,2010-07-01,716749.0,1657782.0
Georgia,2010-08-01,729473.0,1681376.0
Georgia,2010-09-01,736978.0,1693976.0
Georgia,2010-10-01,747821.0,1710882.0
Georgia,2010-11-01,759279.0,1732865.0
Georgia,2010-12-01,766567.0,1743287.0
Georgia,2011-01-01,758550.0,1739838.0
Georgia,2011-02-01,771191.0,1744488.0
Georgia,2011-03-01,781489.0,1761577.0
Georgia,2011-04-01,787080.0,1771385.0
Georgia,2011-05-01,799688.0,1794537.0
Georgia,2011-06-01,812078.0,1818580.0
Georgia,2011-07-01,818832.0,1828053.0
Georgia,2011-08-01,832958.0,1851586.0
Georgia,2011-09-01,841888.0,1863393.0
Georgia,2011-10-01,848975.0,1870781.0
Georgia,2011-11-01,855332.0,1880277.0
Georgia,2011-12-01,860213.0,1885046.0
Georgia,2012-01-01,866679.0,1891322.0
Georgia,2012-02-01,867139.0,1891077.0
Georgia,2012-03-01,873090.0,1898349.0
Georgia,2012-04-01,876786.0,1905267.0
Georgia,2012-05-01,886339.0,1923169.0
Georgia,2012-06-01,894789.0,1936525.0
Georgia,2012-07-01,908470.0,1959113.0
Georgia,2012-08-01,908747.0,1959837.0
Georgia,2012-09-01,907360.0,1953302.0
Georgia,2012-10-01,913017.0,1963601.0
Georgia,2012-11-01,917567.0,1972221.0
Georgia,2012-12-01,917124.0,1969534.0
Georgia,2013-01-01,918712.0,1969696.0
Georgia,2013-02-01,914884.0,1960035.0
Georgia,2013-03-01,915542.0,1956754.0
Georgia,2013-04-01,909433.0,1945001.0
Georgia,2013-05-01,910852.0,1950577.0
Georgia,2013-06-01,910610.0,1950819.0
Georgia,2013-07-01,902066.0,1933572.0
Georgia,2013-08-01,892309.0,1918247.0
Georgia,2013-09-01,872640.0,1888206.0
Georgia,2013-10-01,874241.0,1883966.0
Georgia,2013-11-01,940662.0,2123806.0
Georgia,2013-12-01,916996.0,2075085.0
Georgia,2014-01-01,794714.0,1727545.0
Georgia,2014-02-01,900583.0,2044233.0
Georgia,2014-03-01,896220.0,2034383.0
Georgia,2014-04-01,901362.0,2044251.0
Georgia,2014-05-01,856636.0,1847395.0
Georgia,2014-06-01,872005.0,1877788.0
Georgia,2014-07-01,874132.0,1882484.0
Georgia,2014-08-01,878717.0,1889570.0
Georgia,2014-09-01,879110.0,1881761.0
Georgia,2014-10-01,868223.0,1862649.0
Georgia,2014-11-01,858614.0,1841721.0
Georgia,2014-12-01,852490.0,1829007.0
Georgia,2015-01-01,838949.0,1800006.0
Georgia,2015-02-01,832672.0,1782600.0
Georgia,2015-03-01,832202.0,1779106.0
Georgia,2015-04-01,828070.0,1775099.0
Georgia,2015-05-01,831987.0,1785403.0
Georgia,2015-06-01,836195.0,1796931.0
Georgia,2015-07-01,829262.0,1783872.0
Georgia,2015-08-01,831315.0,1787148.0
Georgia,2015-09-01,830501.0,1782829.0
Georgia,2015-10-01,827011.0,1774540.0
Georgia,2015-11-01,826270.0,1774065.0
Georgia,2015-12-01,821217.0,1766736.0
Georgia,2016-01-01,859700.0,1897350.0
Georgia,2016-02-01,806352.0,1734949.0
Georgia,2016-03-01,798666.0,1719210.0
Georgia,2016-04-01,785768.0,1697022.0
Georgia,2016-05-01,781870.0,1692442.0
Georgia,2016-06-01,778527.0,1690889.0
Georgia,2016-07-01,771834.0,1677306.0
Georgia,2016-08-01,774920.0,1688336.0
Georgia,2016-09-01,775905.0,1688832.0
Georgia,2016-10-01,776017.0,1683945.0
Georgia,2016-11-01,774463.0,1679738.0
Georgia,2016-12-01,772518.0,1673820.0
Georgia,2017-01-01,765272.0,1656234.0
Georgia,2017-02-01,756417.0,1641700.0
Georgia,2017-03-01,753684.0,1632271.0
Georgia,2017-04-01,741712.0,1608132.0
Georgia,2017-05-01,743297.0,1611668.0
Georgia,2017-06-01,741444.0,1607524.0
Georgia,2017-07-01,729372.0,1505497.0
Georgia,2017-08-01,752723.0,1616364.0
Georgia,2017-09-01,766973.0,1588084.0
Georgia,2017-10-01,740936.0,1600358.0
Georgia,2017-11-01,736447.0,1589620.0
Georgia,2017-12-01,729110.0,1555634.0
Georgia,2018-01-01,738082.0,1597214.0
Georgia,2018-02-01,724926.0,1560984.0
Georgia,2018-03-01,721797.0,1542681.0
Georgia,2018-04-01,719741.0,1543723.0
Georgia,2018-05-01,717580.0,1544054.0
Georgia,2018-06-01,719296.0,1546294.0
Georgia,2018-07-01,709773.0,1563418.0
Georgia,2018-08-01,707797.0,1529027.0
Georgia,2018-09-01,692402.0,1504422.0
Georgia,2018-10-01,683336.0,1485060.0
Georgia,2018-11-01,721447.0,1580644.0
Georgia,2018-12-01,671855.0,1453914.0
Georgia,2019-01-01,670279.0,1452314.0
Georgia,2019-02-01,133634.0,319224.0
Georgia,2019-03-01,655516.0,1414322.0
Georgia,2019-04-01,647278.0,1397447.0
Georgia,2019-05-01,644207.0,1390665.0
Georgia,2019-06-01,642604.0,1385857.0
Georgia,2019-07-01,632180.0,1365770.0
Georgia,2019-08-01,636701.0,1372252.0
Georgia,2019-09-01,637959.0,1372965.0
Georgia,2019-10-01,637219.0,1370779.0
Georgia,2019-11-01,637644.0,1369503.0
Georgia,2019-12-01,629517.0,1348944.0
Georgia,2020-01-01,625887.0,1339728.0
Georgia,2020-02-01,626808.0,1342625.0
Georgia,2020-03-01,656081.0,1408652.0
Georgia,2020-04-01,767664.0,1613967.0
Georgia,2020-05-01,825226.0,1721474.0
Georgia,2020-06-01,846816.0,1754892.0
Georgia,2020-07-01,876044.0,1806766.0
Georgia,2020-08-01,893828.0,1839348.0
Georgia,2020-09-01,911938.0,1874541.0
Georgia,2020-10-01,858359.0,1770106.0
Georgia,2020-11-01,834308.0,1725595.0
Georgia,2020-12-01,818547.0,1694533.0
Georgia,2021-01-01,839635.0,1736230.0
Georgia,2021-02-01,844280.0,1734395.0
Georgia,2021-03-01,800063.0,1644201.0
Georgia,2021-04-01,781959.0,1605345.0
Georgia,2021-05-01,766684.0,1577535.0
Georgia,2021-06-01,756703.0,1561708.0
Georgia,2021-07-01,742139.0,1539533.0
Georgia,2021-08-01,746740.0,1551156.0
Georgia,2021-09-01,747578.0,1547070.0
Georgia,2021-10-01,769296.0,1588342.0
Georgia,2021-11-01,776747.0,1603834.0
Georgia,2021-12-01,789475.0,1624871.0
Georgia,2022-01-01,785878.0,1604288.0
Georgia,2022-02-01,794598.0,1615215.0
Georgia,2022-03-01,799486.0,1619056.0
Georgia,2022-04-01,796583.0,1607936.0
Georgia,2022-05-01,791752.0,1593122.0
Georgia,2022-06-01,788707.0,1588857.0
Georgia,2022-07-01,811727.0,1636607.0
Georgia,2022-08-01,800347.0,1619121.0
Georgia,2022-09-01,789204.0,1597184.0
Georgia,2022-10-01,779930.0,1579073.0
Georgia,2022-11-01,799704.0,1613871.0
Georgia,2022-12-01,804716.0,1624379.0
Georgia,2023-01-01,804567.0,1625801.0
Georgia,2023-02-01,798603.0,1608998.0
Georgia,2023-03-01,775536.0,1560668.0
Georgia,2023-04-01,750630.0,1505624.0
Georgia,2023-05-01,730943.0,1476749.0
Georgia,2023-06-01,731546.0,1478634.0
Georgia,2023-07-01,738282.0,1495948.0
Georgia,2023-08-01,733035.0,1490167.0
Georgia,2023-09-01,716871.0,1457557.0
Georgia,2023-10-01,699626.0,1433957.0
Georgia,2023-11-01,674175.0,1395777.0
Georgia,2023-12-01,651249.0,1339647.0
Georgia,2024-01-01,687567.0,1422670.0
Georgia,2024-02-01,691902.0,1423700.0
Georgia,2024-03-01,672299.0,1385458.0
Georgia,2024-04-01,669640.0,1381904.0
Georgia,2024-05-01,674363.0,1396236.0
Georgia,2024-06-01,688348.0,1426432.0
Georgia,2024-07-01,697095.0,1448838.0
Georgia,2024-08-01,702543.0,1458685.0
Georgia,2024-09-01,0.0,0.0
Guam,1988-10-01,3396.0,12898.0
Guam,1988-11-01,3478.0,13020.0
Guam,1988-12-01,3554.0,13431.0
Guam,1989-01-01,3430.0,12708.0
Guam,1989-02-01,3344.0,12399.0
Guam,1989-03-01,4398.0,12382.0
Guam,1989-04-01,3331.0,12646.0
Guam,1989-05-01,3312.0,12112.0
Guam,1989-06-01,3375.0,12525.0
Guam,1989-07-01,3312.0,12200.0
Guam,1989-08-01,3398.0,12430.0
Guam,1989-09-01,3373.0,12162.0
Guam,1989-10-01,3379.0,12165.0
Guam,1989-11-01,3343.0,11854.0
Guam,1989-12-01,3385.0,11927.0
Guam,1990-01-01,3367.0,11833.0
Guam,1990-02-01,3340.0,11758.0
Guam,1990-03-01,3369.0,11686.0
Guam,1990-04-01,3446.0,11517.0
Guam,1990-05-01,3313.0,11338.0
Guam,1990-06-01,3361.0,11764.0
Guam,1990-07-01,3379.0,11688.0
Guam,1990-08-01,3231.0,11148.0
Guam,1990-09-01,3403.0,11692.0
Guam,1990-10-01,3387.0,11388.0
Guam,1990-11-01,3268.0,10885.0
Guam,1990-12-01,3326.0,11084.0
Guam,1991-01-01,3191.0,10538.0
Guam,1991-02-01,3246.0,10747.0
Guam,1991-03-01,3255.0,10695.0
Guam,1991-04-01,3191.0,10399.0
Guam,1991-05-01,3292.0,10764.0
Guam,1991-06-01,3310.0,10951.0
Guam,1991-07-01,3332.0,11013.0
Guam,1991-08-01,3378.0,11137.0
Guam,1991-09-01,3395.0,11040.0
Guam,1991-10-01,3484.0,11301.0
Guam,1991-11-01,3473.0,11344.0
Guam,1991-12-01,3523.0,11459.0
Guam,1992-01-01,3545.0,11400.0
Guam,1992-02-01,3566.0,11460.0
Guam,1992-03-01,3606.0,11486.0
Guam,1992-04-01,3615.0,11567.0
Guam,1992-05-01,3650.0,11670.0
Guam,1992-06-01,3622.0,11545.0
Guam,1992-07-01,3637.0,11557.0
Guam,1992-08-01,3730.0,11940.0
Guam,1992-09-01,24975.0,110939.0
Guam,1992-10-01,3754.0,11894.0
Guam,1992-11-01,3690.0,11730.0
Guam,1992-12-01,3808.0,12048.0
Guam,1993-01-01,3783.0,12061.0
Guam,1993-02-01,3857.0,12203.0
Guam,1993-03-01,3995.0,12591.0
Guam,1993-04-01,4041.0,12709.0
Guam,1993-05-01,4067.0,12724.0
Guam,1993-06-01,4167.0,13058.0
Guam,1993-07-01,4247.0,13276.0
Guam,1993-08-01,4292.0,13416.0
Guam,1993-09-01,4427.0,13813.0
Guam,1993-10-01,4493.0,14057.0
Guam,1993-11-01,4531.0,14184.0
Guam,1993-12-01,4690.0,14743.0
Guam,1994-01-01,4683.0,14647.0
Guam,1994-02-01,4721.0,14784.0
Guam,1994-03-01,4837.0,15058.0
Guam,1994-04-01,4975.0,15482.0
Guam,1994-05-01,5050.0,15629.0
Guam,1994-06-01,5101.0,15862.0
Guam,1994-07-01,5133.0,15914.0
Guam,1994-08-01,5209.0,16191.0
Guam,1994-09-01,5259.0,16347.0
Guam,1994-10-01,5263.0,16279.0
Guam,1994-11-01,5289.0,16298.0
Guam,1994-12-01,5334.0,16449.0
Guam,1995-01-01,5310.0,16358.0
Guam,1995-02-01,5314.0,16346.0
Guam,1995-03-01,5407.0,16558.0
Guam,1995-04-01,5369.0,16574.0
Guam,1995-05-01,5339.0,16515.0
Guam,1995-06-01,5398.0,16788.0
Guam,1995-07-01,5345.0,16610.0
Guam,1995-08-01,2726.0,16393.0
Guam,1995-09-01,6294.0,16361.0
Guam,1995-10-01,5373.0,16693.0
Guam,1995-11-01,5474.0,17059.0
Guam,1995-12-01,5536.0,17337.0
Guam,1996-01-01,5561.0,17412.0
Guam,1996-02-01,5558.0,17408.0
Guam,1996-03-01,5652.0,17687.0
Guam,1996-04-01,5622.0,17636.0
Guam,1996-05-01,5665.0,17728.0
Guam,1996-06-01,5717.0,17853.0
Guam,1996-07-01,5754.0,17986.0
Guam,1996-08-01,5812.0,18169.0
Guam,1996-09-01,5818.0,18214.0
Guam,1996-10-01,5853.0,18309.0
Guam,1996-11-01,5814.0,18166.0
Guam,1996-12-01,5844.0,18301.0
Guam,1997-01-01,5802.0,18281.0
Guam,1997-02-01,5673.0,18008.0
Guam,1997-03-01,5682.0,18066.0
Guam,1997-04-01,5503.0,17333.0
Guam,1997-05-01,5470.0,17320.0
Guam,1997-06-01,5487.0,17487.0
Guam,1997-07-01,5462.0,17433.0
Guam,1997-08-01,5471.0,17481.0
Guam,1997-09-01,5245.0,17215.0
Guam,1997-10-01,5338.0,17595.0
Guam,1997-11-01,5333.0,17946.0
Guam,1997-12-01,27821.0,114543.0
Guam,1998-01-01,5343.0,17779.0
Guam,1998-02-01,5059.0,16847.0
Guam,1998-03-01,5050.0,16860.0
Guam,1998-04-01,5028.0,16830.0
Guam,1998-05-01,4903.0,16456.0
Guam,1998-06-01,4980.0,16599.0
Guam,1998-07-01,5020.0,16745.0
Guam,1998-08-01,5160.0,17150.0
Guam,1998-09-01,5322.0,17637.0
Guam,1998-10-01,5450.0,18114.0
Guam,1998-11-01,5562.0,18491.0
Guam,1998-12-01,5689.0,18895.0
Guam,1999-01-01,5714.0,18919.0
Guam,1999-02-01,5812.0,19287.0
Guam,1999-03-01,6028.0,19814.0
Guam,1999-04-01,6014.0,19828.0
Guam,1999-05-01,6081.0,20257.0
Guam,1999-06-01,6207.0,20464.0
Guam,1999-07-01,6258.0,20746.0
Guam,1999-08-01,6344.0,21018.0
Guam,1999-09-01,6416.0,21266.0
Guam,1999-10-01,6417.0,21300.0
Guam,1999-11-01,6388.0,21238.0
Guam,1999-12-01,6485.0,21267.0
Guam,2000-01-01,6600.0,22031.0
Guam,2000-02-01,6765.0,22333.0
Guam,2000-03-01,6975.0,22762.0
Guam,2000-04-01,6948.0,22983.0
Guam,2000-05-01,6905.0,22928.0
Guam,2000-06-01,6839.0,22545.0
Guam,2000-07-01,6677.0,22166.0
Guam,2000-08-01,6773.0,22518.0
Guam,2000-09-01,6849.0,22733.0
Guam,2000-10-01,6849.0,22912.0
Guam,2000-11-01,6895.0,22886.0
Guam,2000-12-01,6783.0,22512.0
Guam,2001-01-01,6846.0,22677.0
Guam,2001-02-01,6741.0,22331.0
Guam,2001-03-01,6876.0,22324.0
Guam,2001-04-01,6639.0,22376.0
Guam,2001-05-01,6777.0,22408.0
Guam,2001-06-01,6875.0,22652.0
Guam,2001-07-01,6972.0,22930.0
Guam,2001-08-01,7120.0,23323.0
Guam,2001-09-01,7133.0,23350.0
Guam,2001-10-01,7154.0,23406.0
Guam,2001-11-01,7259.0,23728.0
Guam,2001-12-01,7396.0,24153.0
Guam,2002-01-01,7461.0,24387.0
Guam,2002-02-01,7547.0,24672.0
Guam,2002-03-01,7551.0,24765.0
Guam,2002-04-01,7568.0,25126.0
Guam,2002-05-01,7632.0,25023.0
Guam,2002-06-01,7529.0,24788.0
Guam,2002-07-01,7422.0,24567.0
Guam,2002-08-01,7570.0,25058.0
Guam,2002-09-01,7142.0,23815.0
Guam,2002-10-01,7209.0,24156.0
Guam,2002-11-01,7229.0,24170.0
Guam,2002-12-01,7092.0,23662.0
Guam,2003-01-01,7332.0,24510.0
Guam,2003-02-01,6953.0,23264.0
Guam,2003-03-01,6944.0,23356.0
Guam,2003-04-01,6940.0,23422.0
Guam,2003-05-01,6979.0,23664.0
Guam,2003-06-01,6994.0,23828.0
Guam,2003-07-01,7086.0,24198.0
Guam,2003-08-01,7194.0,24446.0
Guam,2003-09-01,7218.0,24534.0
Guam,2003-10-01,7219.0,24563.0
Guam,2003-11-01,7243.0,24658.0
Guam,2003-12-01,7367.0,25113.0
Guam,2004-01-01,7414.0,25260.0
Guam,2004-02-01,7615.0,25888.0
Guam,2004-03-01,7640.0,25777.0
Guam,2004-04-01,7617.0,25742.0
Guam,2004-05-01,7622.0,25831.0
Guam,2004-06-01,7813.0,26455.0
Guam,2004-07-01,7755.0,26354.0
Guam,2004-08-01,7853.0,26540.0
Guam,2004-09-01,7860.0,26515.0
Guam,2004-10-01,7895.0,26716.0
Guam,2004-11-01,7907.0,26715.0
Guam,2004-12-01,7950.0,26885.0
Guam,2005-01-01,7946.0,26929.0
Guam,2005-02-01,7967.0,27037.0
Guam,2005-03-01,8043.0,27204.0
Guam,2005-04-01,8085.0,27348.0
Guam,2005-05-01,8186.0,27615.0
Guam,2005-06-01,8173.0,27628.0
Guam,2005-07-01,8191.0,27679.0
Guam,2005-08-01,8214.0,27797.0
Guam,2005-09-01,8229.0,27772.0
Guam,2005-10-01,8224.0,27768.0
Guam,2005-11-01,8202.0,27671.0
Guam,2005-12-01,8216.0,27666.0
Guam,2006-01-01,8217.0,27735.0
Guam,2006-02-01,8217.0,27735.0
Guam,2006-03-01,8217.0,27735.0
Guam,2006-04-01,8217.0,27735.0
Guam,2006-05-01,8217.0,27735.0
Guam,2006-06-01,8217.0,27735.0
Guam,2006-07-01,8217.0,27735.0
Guam,2006-08-01,8298.0,27940.0
Guam,2006-09-01,8175.0,27494.0
Guam,2006-10-01,8175.0,27869.0
Guam,2006-11-01,8304.0,27869.0
Guam,2006-12-01,7631.0,25418.0
Guam,2007-01-01,7835.0,26304.0
Guam,2007-02-01,7824.0,26389.0
Guam,2007-03-01,7906.0,26591.0
Guam,2007-04-01,7870.0,26347.0
Guam,2007-05-01,7646.0,25824.0
Guam,2007-06-01,7766.0,26039.0
Guam,2007-07-01,7909.0,26605.0
Guam,2007-08-01,8077.0,27115.0
Guam,2007-09-01,8050.0,26993.0
Guam,2007-10-01,8044.0,27053.0
Guam,2007-11-01,8060.0,27220.0
Guam,2007-12-01,8150.0,27460.0
Guam,2008-01-01,8055.0,27125.0
Guam,2008-02-01,8136.0,27486.0
Guam,2008-03-01,8195.0,27637.0
Guam,2008-04-01,8195.0,27580.0
Guam,2008-05-01,8370.0,28011.0
Guam,2008-06-01,8502.0,28579.0
Guam,2008-07-01,8583.0,28747.0
Guam,2008-08-01,8567.0,28637.0
Guam,2008-09-01,8687.0,28947.0
Guam,2008-10-01,8780.0,29215.0
Guam,2008-11-01,8870.0,29429.0
Guam,2008-12-01,8888.0,29543.0
Guam,2009-01-01,8958.0,29646.0
Guam,2009-02-01,9056.0,30105.0
Guam,2009-03-01,9318.0,30855.0
Guam,2009-04-01,9582.0,31527.0
Guam,2009-05-01,9798.0,32242.0
Guam,2009-06-01,10135.0,33063.0
Guam,2009-07-01,10384.0,33682.0
Guam,2009-08-01,10532.0,34101.0
Guam,2009-09-01,10739.0,34729.0
Guam,2009-10-01,10665.0,34119.0
Guam,2009-11-01,10869.0,34810.0
Guam,2009-12-01,11379.0,36467.0
Guam,2010-01-01,11504.0,36838.0
Guam,2010-02-01,11556.0,36920.0
Guam,2010-03-01,11629.0,37153.0
Guam,2010-04-01,11627.0,37044.0
Guam,2010-05-01,11729.0,37293.0
Guam,2010-06-01,11832.0,37432.0
Guam,2010-07-01,11960.0,37833.0
Guam,2010-08-01,12091.0,38292.0
Guam,2010-09-01,12303.0,38908.0
Guam,2010-10-01,12217.0,39037.0
Guam,2010-11-01,12460.0,39469.0
Guam,2010-12-01,12592.0,39885.0
Guam,2011-01-01,12631.0,39947.0
Guam,2011-02-01,12709.0,40055.0
Guam,2011-03-01,12772.0,40205.0
Guam,2011-04-01,12902.0,40499.0
Guam,2011-05-01,13117.0,41016.0
Guam,2011-06-01,13168.0,41029.0
Guam,2011-07-01,13392.0,41655.0
Guam,2011-08-01,13496.0,41818.0
Guam,2011-09-01,13884.0,42960.0
Guam,2011-10-01,13707.0,42951.0
Guam,2011-11-01,14038.0,43521.0
Guam,2011-12-01,14229.0,43954.0
Guam,2012-01-01,14201.0,43769.0
Guam,2012-02-01,14208.0,43719.0
Guam,2012-03-01,14129.0,43258.0
Guam,2012-04-01,14199.0,43190.0
Guam,2012-05-01,14301.0,43277.0
Guam,2012-06-01,14442.0,43824.0
Guam,2012-07-01,14493.0,43973.0
Guam,2012-08-01,14541.0,44244.0
Guam,2012-09-01,14809.0,45043.0
Guam,2012-10-01,14485.0,44799.0
Guam,2012-11-01,14721.0,45130.0
Guam,2012-12-01,14837.0,45380.0
Guam,2013-01-01,14955.0,45620.0
Guam,2013-02-01,15139.0,45846.0
Guam,2013-03-01,15064.0,45348.0
Guam,2013-04-01,15188.0,45246.0
Guam,2013-05-01,15188.0,45324.0
Guam,2013-06-01,15310.0,45694.0
Guam,2013-07-01,15379.0,45973.0
Guam,2013-08-01,15317.0,45804.0
Guam,2013-09-01,15578.0,46489.0
Guam,2013-10-01,15363.0,46305.0
Guam,2013-11-01,16381.0,48921.0
Guam,2013-12-01,16442.0,49137.0
Guam,2014-01-01,15257.0,47129.0
Guam,2014-02-01,15520.0,47817.0
Guam,2014-03-01,14658.0,45332.0
Guam,2014-04-01,15439.0,47599.0
Guam,2014-05-01,15432.0,47403.0
Guam,2014-06-01,15405.0,47253.0
Guam,2014-07-01,15245.0,46560.0
Guam,2014-08-01,15219.0,46694.0
Guam,2014-09-01,15393.0,47321.0
Guam,2014-10-01,15482.0,47543.0
Guam,2014-11-01,15437.0,47240.0
Guam,2014-12-01,15310.0,46790.0
Guam,2015-01-01,15580.0,47480.0
Guam,2015-02-01,15718.0,47825.0
Guam,2015-03-01,15626.0,47342.0
Guam,2015-04-01,15221.0,46192.0
Guam,2015-05-01,15586.0,47023.0
Guam,2015-06-01,15665.0,47078.0
Guam,2015-07-01,15684.0,47138.0
Guam,2015-08-01,15779.0,47452.0
Guam,2015-09-01,15581.0,46885.0
Guam,2015-10-01,15537.0,46875.0
Guam,2015-11-01,15780.0,47340.0
Guam,2015-12-01,15740.0,47294.0
Guam,2016-01-01,15706.0,47060.0
Guam,2016-02-01,15702.0,47083.0
Guam,2016-03-01,15651.0,47044.0
Guam,2016-04-01,15597.0,47248.0
Guam,2016-05-01,15457.0,46356.0
Guam,2016-06-01,15508.0,46513.0
Guam,2016-07-01,15260.0,45970.0
Guam,2016-08-01,15384.0,46120.0
Guam,2016-09-01,15289.0,45648.0
Guam,2016-10-01,15270.0,45697.0
Guam,2016-11-01,15261.0,45618.0
Guam,2016-12-01,15209.0,45486.0
Guam,2017-01-01,15118.0,45202.0
Guam,2017-02-01,14927.0,44667.0
Guam,2017-03-01,15038.0,44841.0
Guam,2017-04-01,15361.0,45632.0
Guam,2017-05-01,15320.0,45346.0
Guam,2017-06-01,15319.0,45382.0
Guam,2017-07-01,15247.0,44973.0
Guam,2017-08-01,15320.0,45195.0
Guam,2017-09-01,15345.0,45117.0
Guam,2017-10-01,15299.0,45088.0
Guam,2017-11-01,15110.0,44554.0
Guam,2017-12-01,15238.0,44826.0
Guam,2018-01-01,15263.0,44805.0
Guam,2018-02-01,15188.0,44805.0
Guam,2018-03-01,15227.0,44749.0
Guam,2018-04-01,15292.0,44708.0
Guam,2018-05-01,15262.0,45499.0
Guam,2018-06-01,15715.0,45595.0
Guam,2018-07-01,15572.0,44986.0
Guam,2018-08-01,15727.0,45356.0
Guam,2018-09-01,15448.0,44722.0
Guam,2018-10-01,15624.0,45010.0
Guam,2018-11-01,15533.0,44621.0
Guam,2018-12-01,15631.0,44936.0
Guam,2019-01-01,15637.0,44909.0
Guam,2019-02-01,1413.0,4159.0
Guam,2019-03-01,15412.0,44098.0
Guam,2019-04-01,15543.0,44376.0
Guam,2019-05-01,15430.0,44170.0
Guam,2019-06-01,15335.0,43740.0
Guam,2019-07-01,15387.0,43673.0
Guam,2019-08-01,15411.0,43698.0
Guam,2019-09-01,15446.0,43773.0
Guam,2019-10-01,15392.0,43506.0
Guam,2019-11-01,15056.0,42584.0
Guam,2019-12-01,14859.0,42109.0
Guam,2020-01-01,14258.0,41477.0
Guam,2020-02-01,14207.0,40989.0
Guam,2020-03-01,14031.0,40380.0
Guam,2020-04-01,15522.0,43862.0
Guam,2020-05-01,17017.0,47266.0
Guam,2020-06-01,17000.0,47031.0
Guam,2020-07-01,17260.0,47388.0
Guam,2020-08-01,16864.0,46286.0
Guam,2020-09-01,16482.0,45615.0
Guam,2020-10-01,15451.0,42920.0
Guam,2020-11-01,14580.0,42920.0
Guam,2020-12-01,14091.0,39730.0
Guam,2021-01-01,13891.0,39625.0
Guam,2021-02-01,14296.0,40375.0
Guam,2021-03-01,13960.0,39530.0
Guam,2021-04-01,13547.0,38359.0
Guam,2021-05-01,13639.0,38685.0
Guam,2021-06-01,13938.0,39055.0
Guam,2021-07-01,13528.0,38072.0
Guam,2021-08-01,13395.0,38778.0
Guam,2021-09-01,13405.0,37246.0
Guam,2021-10-01,12707.0,35610.0
Guam,2021-11-01,12755.0,35412.0
Guam,2021-12-01,12850.0,35627.0
Guam,2022-01-01,14505.0,37266.0
Guam,2022-02-01,13771.0,37858.0
Guam,2022-03-01,12658.0,34809.0
Guam,2022-04-01,12852.0,34939.0
Guam,2022-05-01,13221.0,36305.0
Guam,2022-06-01,13273.0,36695.0
Guam,2022-07-01,13189.0,36348.0
Guam,2022-08-01,13247.0,36457.0
Guam,2022-09-01,13153.0,36476.0
Guam,2022-10-01,13027.0,35831.0
Guam,2022-11-01,12839.0,35240.0
Guam,2022-12-01,12883.0,35515.0
Guam,2023-01-01,12672.0,35127.0
Guam,2023-02-01,31957.0,105276.0
Guam,2023-03-01,13829.0,37767.0
Guam,2023-04-01,13950.0,37690.0
Guam,2023-05-01,13540.0,36694.0
Guam,2023-06-01,21634.0,57144.0
Guam,2023-07-01,39485.0,99940.0
Guam,2023-08-01,12201.0,33257.0
Guam,2023-09-01,12347.0,33656.0
Guam,2023-10-01,11737.0,32131.0
Guam,2023-11-01,11627.0,31745.0
Guam,2023-12-01,11665.0,31824.0
Guam,2024-01-01,11712.0,32012.0
Guam,2024-02-01,11862.0,32360.0
Guam,2024-03-01,11906.0,32362.0
Guam,2024-04-01,11954.0,32491.0
Guam,2024-05-01,12044.0,32661.0
Guam,2024-06-01,12166.0,32837.0
Guam,2024-07-01,14643.0,35108.0
Guam,2024-08-01,12509.0,33535.0
Guam,2024-09-01,0.0,0.0
Hawaii,1988-10-01,30652.0,78125.0
Hawaii,1988-11-01,31781.0,78178.0
Hawaii,1988-12-01,30996.0,78845.0
Hawaii,1989-01-01,31935.0,80663.0
Hawaii,1989-02-01,31514.0,79099.0
Hawaii,1989-03-01,30507.0,77324.0
Hawaii,1989-04-01,30417.0,76822.0
Hawaii,1989-05-01,30295.0,76055.0
Hawaii,1989-06-01,30657.0,76644.0
Hawaii,1989-07-01,31926.0,79510.0
Hawaii,1989-08-01,31934.0,79135.0
Hawaii,1989-09-01,30740.0,76938.0
Hawaii,1989-10-01,30879.0,76874.0
Hawaii,1989-11-01,30888.0,76646.0
Hawaii,1989-12-01,31019.0,77290.0
Hawaii,1990-01-01,32464.0,79930.0
Hawaii,1990-02-01,30743.0,75883.0
Hawaii,1990-03-01,31164.0,77080.0
Hawaii,1990-04-01,31185.0,76863.0
Hawaii,1990-05-01,30974.0,75891.0
Hawaii,1990-06-01,30910.0,76111.0
Hawaii,1990-07-01,32392.0,78894.0
Hawaii,1990-08-01,30883.0,75803.0
Hawaii,1990-09-01,31363.0,76216.0
Hawaii,1990-10-01,32934.0,79913.0
Hawaii,1990-11-01,33153.0,80565.0
Hawaii,1990-12-01,33229.0,81003.0
Hawaii,1991-01-01,33382.0,82139.0
Hawaii,1991-02-01,34157.0,82711.0
Hawaii,1991-03-01,34193.0,82666.0
Hawaii,1991-04-01,34963.0,83395.0
Hawaii,1991-05-01,35146.0,85222.0
Hawaii,1991-06-01,34880.0,84577.0
Hawaii,1991-07-01,35464.0,85113.0
Hawaii,1991-08-01,36867.0,85127.0
Hawaii,1991-09-01,35866.0,84333.0
Hawaii,1991-10-01,35501.0,85804.0
Hawaii,1991-11-01,36450.0,88427.0
Hawaii,1991-12-01,36575.0,88730.0
Hawaii,1992-01-01,37391.0,89457.0
Hawaii,1992-02-01,37909.0,90741.0
Hawaii,1992-03-01,38314.0,90859.0
Hawaii,1992-04-01,38828.0,92170.0
Hawaii,1992-05-01,39169.0,92982.0
Hawaii,1992-06-01,39195.0,93219.0
Hawaii,1992-07-01,39638.0,94390.0
Hawaii,1992-08-01,39952.0,95484.0
Hawaii,1992-09-01,51665.0,128912.0
Hawaii,1992-10-01,42898.0,102504.0
Hawaii,1992-11-01,42121.0,100137.0
Hawaii,1992-12-01,42050.0,99968.0
Hawaii,1993-01-01,42156.0,99413.0
Hawaii,1993-02-01,42119.0,99326.0
Hawaii,1993-03-01,43585.0,102416.0
Hawaii,1993-04-01,43946.0,103153.0
Hawaii,1993-05-01,44247.0,103490.0
Hawaii,1993-06-01,44572.0,104210.0
Hawaii,1993-07-01,45202.0,105810.0
Hawaii,1993-08-01,45873.0,107207.0
Hawaii,1993-09-01,46329.0,107797.0
Hawaii,1993-10-01,47375.0,110406.0
Hawaii,1993-11-01,47699.0,110737.0
Hawaii,1993-12-01,48254.0,111712.0
Hawaii,1994-01-01,48453.0,112036.0
Hawaii,1994-02-01,48499.0,111310.0
Hawaii,1994-03-01,50101.0,115461.0
Hawaii,1994-04-01,50129.0,115508.0
Hawaii,1994-05-01,50572.0,116125.0
Hawaii,1994-06-01,50170.0,115087.0
Hawaii,1994-07-01,51279.0,117924.0
Hawaii,1994-08-01,52044.0,119382.0
Hawaii,1994-09-01,52180.0,119218.0
Hawaii,1994-10-01,53224.0,121534.0
Hawaii,1994-11-01,52623.0,119808.0
Hawaii,1994-12-01,54179.0,123275.0
Hawaii,1995-01-01,54201.0,122556.0
Hawaii,1995-02-01,54079.0,121776.0
Hawaii,1995-03-01,55741.0,125514.0
Hawaii,1995-04-01,55699.0,125412.0
Hawaii,1995-05-01,56956.0,127671.0
Hawaii,1995-06-01,56820.0,127601.0
Hawaii,1995-07-01,56020.0,125701.0
Hawaii,1995-08-01,56410.0,126044.0
Hawaii,1995-09-01,57165.0,128005.0
Hawaii,1995-10-01,57858.0,129200.0
Hawaii,1995-11-01,57910.0,129145.0
Hawaii,1995-12-01,58717.0,131155.0
Hawaii,1996-01-01,58705.0,130683.0
Hawaii,1996-02-01,58339.0,129739.0
Hawaii,1996-03-01,58704.0,130758.0
Hawaii,1996-04-01,58470.0,130196.0
Hawaii,1996-05-01,58519.0,130084.0
Hawaii,1996-06-01,58402.0,129970.0
Hawaii,1996-07-01,58950.0,130884.0
Hawaii,1996-08-01,58635.0,130414.0
Hawaii,1996-09-01,59259.0,131898.0
Hawaii,1996-10-01,59603.0,132207.0
Hawaii,1996-11-01,59280.0,131620.0
Hawaii,1996-12-01,59093.0,131074.0
Hawaii,1997-01-01,58074.0,128593.0
Hawaii,1997-02-01,57893.0,128990.0
Hawaii,1997-03-01,57497.0,128052.0
Hawaii,1997-04-01,56396.0,127377.0
Hawaii,1997-05-01,55349.0,124742.0
Hawaii,1997-06-01,54530.0,123124.0
Hawaii,1997-07-01,54128.0,122053.0
Hawaii,1997-08-01,53947.0,122473.0
Hawaii,1997-09-01,54373.0,122501.0
Hawaii,1997-10-01,54503.0,122694.0
Hawaii,1997-11-01,53999.0,121895.0
Hawaii,1997-12-01,54264.0,121923.0
Hawaii,1998-01-01,54779.0,123774.0
Hawaii,1998-02-01,54260.0,122190.0
Hawaii,1998-03-01,54344.0,122124.0
Hawaii,1998-04-01,54418.0,122239.0
Hawaii,1998-05-01,54024.0,121199.0
Hawaii,1998-06-01,53933.0,121129.0
Hawaii,1998-07-01,54031.0,121388.0
Hawaii,1998-08-01,53859.0,121420.0
Hawaii,1998-09-01,54558.0,122347.0
Hawaii,1998-10-01,55425.0,124873.0
Hawaii,1998-11-01,55729.0,125225.0
Hawaii,1998-12-01,56744.0,126249.0
Hawaii,1999-01-01,56428.0,125452.0
Hawaii,1999-02-01,56402.0,124792.0
Hawaii,1999-03-01,57454.0,127332.0
Hawaii,1999-04-01,57112.0,126457.0
Hawaii,1999-05-01,56656.0,125125.0
Hawaii,1999-06-01,56323.0,124161.0
Hawaii,1999-07-01,56558.0,125248.0
Hawaii,1999-08-01,56043.0,124407.0
Hawaii,1999-09-01,55511.0,122543.0
Hawaii,1999-10-01,55554.0,122743.0
Hawaii,1999-11-01,55521.0,122248.0
Hawaii,1999-12-01,55028.0,120461.0
Hawaii,2000-01-01,54886.0,120321.0
Hawaii,2000-02-01,54323.0,118041.0
Hawaii,2000-03-01,55037.0,119830.0
Hawaii,2000-04-01,54166.0,117614.0
Hawaii,2000-05-01,54074.0,116746.0
Hawaii,2000-06-01,53406.0,115745.0
Hawaii,2000-07-01,53157.0,115219.0
Hawaii,2000-08-01,52654.0,113370.0
Hawaii,2000-09-01,52733.0,114157.0
Hawaii,2000-10-01,52472.0,112952.0
Hawaii,2000-11-01,51618.0,110808.0
Hawaii,2000-12-01,51842.0,111411.0
Hawaii,2001-01-01,51512.0,110183.0
Hawaii,2001-02-01,50421.0,107219.0
Hawaii,2001-03-01,51089.0,108235.0
Hawaii,2001-04-01,50613.0,107290.0
Hawaii,2001-05-01,50457.0,106447.0
Hawaii,2001-06-01,50392.0,106427.0
Hawaii,2001-07-01,50515.0,106594.0
Hawaii,2001-08-01,50514.0,106274.0
Hawaii,2001-09-01,50354.0,105911.0
Hawaii,2001-10-01,50561.0,105705.0
Hawaii,2001-11-01,51342.0,107619.0
Hawaii,2001-12-01,51321.0,107834.0
Hawaii,2002-01-01,51343.0,107619.0
Hawaii,2002-02-01,51464.0,108005.0
Hawaii,2002-03-01,51544.0,107689.0
Hawaii,2002-04-01,51415.0,107120.0
Hawaii,2002-05-01,50902.0,105767.0
Hawaii,2002-06-01,49137.0,101968.0
Hawaii,2002-07-01,48504.0,99934.0
Hawaii,2002-08-01,48896.0,101374.0
Hawaii,2002-09-01,48869.0,101131.0
Hawaii,2002-10-01,48827.0,100522.0
Hawaii,2002-11-01,49427.0,102396.0
Hawaii,2002-12-01,49449.0,102190.0
Hawaii,2003-01-01,48636.0,99855.0
Hawaii,2003-02-01,48726.0,100262.0
Hawaii,2003-03-01,48310.0,98539.0
Hawaii,2003-04-01,48765.0,100392.0
Hawaii,2003-05-01,48791.0,100245.0
Hawaii,2003-06-01,48579.0,99993.0
Hawaii,2003-07-01,48425.0,99353.0
Hawaii,2003-08-01,48611.0,100467.0
Hawaii,2003-09-01,48650.0,100364.0
Hawaii,2003-10-01,48637.0,100121.0
Hawaii,2003-11-01,48891.0,100871.0
Hawaii,2003-12-01,48714.0,99414.0
Hawaii,2004-01-01,48724.0,99943.0
Hawaii,2004-02-01,48624.0,99129.0
Hawaii,2004-03-01,48481.0,97896.0
Hawaii,2004-04-01,48704.0,98510.0
Hawaii,2004-05-01,48282.0,97288.0
Hawaii,2004-06-01,48088.0,96152.0
Hawaii,2004-07-01,48676.0,98146.0
Hawaii,2004-08-01,48784.0,98263.0
Hawaii,2004-09-01,48594.0,97332.0
Hawaii,2004-10-01,48067.0,96375.0
Hawaii,2004-11-01,45483.0,88485.0
Hawaii,2004-12-01,48591.0,96591.0
Hawaii,2005-01-01,48248.0,96581.0
Hawaii,2005-02-01,47283.0,93329.0
Hawaii,2005-03-01,47999.0,95181.0
Hawaii,2005-04-01,47781.0,94636.0
Hawaii,2005-05-01,47311.0,93391.0
Hawaii,2005-06-01,46869.0,92079.0
Hawaii,2005-07-01,47023.0,92944.0
Hawaii,2005-08-01,46623.0,91943.0
Hawaii,2005-09-01,46426.0,91038.0
Hawaii,2005-10-01,46539.0,91607.0
Hawaii,2005-11-01,45800.0,89608.0
Hawaii,2005-12-01,46322.0,91298.0
Hawaii,2006-01-01,45104.0,88832.0
Hawaii,2006-02-01,44132.0,85514.0
Hawaii,2006-03-01,44716.0,87401.0
Hawaii,2006-04-01,44326.0,86458.0
Hawaii,2006-05-01,43723.0,84709.0
Hawaii,2006-06-01,44057.0,86251.0
Hawaii,2006-07-01,43948.0,85960.0
Hawaii,2006-08-01,44739.0,88303.0
Hawaii,2006-09-01,45185.0,89368.0
Hawaii,2006-10-01,45249.0,89638.0
Hawaii,2006-11-01,45140.0,89482.0
Hawaii,2006-12-01,45315.0,89744.0
Hawaii,2007-01-01,45211.0,89397.0
Hawaii,2007-02-01,44886.0,88583.0
Hawaii,2007-03-01,45179.0,88763.0
Hawaii,2007-04-01,44821.0,88171.0
Hawaii,2007-05-01,45219.0,89119.0
Hawaii,2007-06-01,45437.0,89646.0
Hawaii,2007-07-01,45682.0,90192.0
Hawaii,2007-08-01,46070.0,91129.0
Hawaii,2007-09-01,46353.0,91682.0
Hawaii,2007-10-01,46754.0,92486.0
Hawaii,2007-11-01,47030.0,93190.0
Hawaii,2007-12-01,47344.0,93916.0
Hawaii,2008-01-01,47675.0,94338.0
Hawaii,2008-02-01,47885.0,94775.0
Hawaii,2008-03-01,48179.0,95017.0
Hawaii,2008-04-01,48777.0,96038.0
Hawaii,2008-05-01,49197.0,96862.0
Hawaii,2008-06-01,49599.0,97845.0
Hawaii,2008-07-01,50414.0,99635.0
Hawaii,2008-08-01,51265.0,101656.0
Hawaii,2008-09-01,51774.0,102855.0
Hawaii,2008-10-01,52889.0,105100.0
Hawaii,2008-11-01,53656.0,100114.0
Hawaii,2008-12-01,54669.0,108972.0
Hawaii,2009-01-01,54987.0,109708.0
Hawaii,2009-02-01,55582.0,110915.0
Hawaii,2009-03-01,56430.0,112521.0
Hawaii,2009-04-01,57831.0,115005.0
Hawaii,2009-05-01,59168.0,117648.0
Hawaii,2009-06-01,60440.0,120193.0
Hawaii,2009-07-01,61623.0,122704.0
Hawaii,2009-08-01,62852.0,125057.0
Hawaii,2009-09-01,64155.0,127250.0
Hawaii,2009-10-01,65114.0,129536.0
Hawaii,2009-11-01,66017.0,131361.0
Hawaii,2009-12-01,67278.0,134021.0
Hawaii,2010-01-01,67650.0,134685.0
Hawaii,2010-02-01,68093.0,135511.0
Hawaii,2010-03-01,68812.0,136594.0
Hawaii,2010-04-01,69617.0,138384.0
Hawaii,2010-05-01,70394.0,139816.0
Hawaii,2010-06-01,71077.0,141293.0
Hawaii,2010-07-01,72363.0,144006.0
Hawaii,2010-08-01,72953.0,145534.0
Hawaii,2010-09-01,73450.0,147250.0
Hawaii,2010-10-01,75134.0,150480.0
Hawaii,2010-11-01,76182.0,153018.0
Hawaii,2010-12-01,77721.0,156355.0
Hawaii,2011-01-01,78091.0,157163.0
Hawaii,2011-02-01,78748.0,158152.0
Hawaii,2011-03-01,79528.0,159404.0
Hawaii,2011-04-01,79768.0,159704.0
Hawaii,2011-05-01,80185.0,160462.0
Hawaii,2011-06-01,81174.0,162426.0
Hawaii,2011-07-01,82041.0,164325.0
Hawaii,2011-08-01,82998.0,166093.0
Hawaii,2011-09-01,83922.0,168151.0
Hawaii,2011-10-01,84635.0,169405.0
Hawaii,2011-11-01,85563.0,171436.0
Hawaii,2011-12-01,83949.0,173143.0
Hawaii,2012-01-01,85905.0,173786.0
Hawaii,2012-02-01,87863.0,175291.0
Hawaii,2012-03-01,88699.0,176729.0
Hawaii,2012-04-01,88587.0,176160.0
Hawaii,2012-05-01,89619.0,177887.0
Hawaii,2012-06-01,90534.0,179700.0
Hawaii,2012-07-01,91056.0,180733.0
Hawaii,2012-08-01,92114.0,182867.0
Hawaii,2012-09-01,92932.0,184734.0
Hawaii,2012-10-01,93919.0,186330.0
Hawaii,2012-11-01,94250.0,187034.0
Hawaii,2012-12-01,94852.0,187917.0
Hawaii,2013-01-01,95305.0,188763.0
Hawaii,2013-02-01,95646.0,188564.0
Hawaii,2013-03-01,96073.0,188933.0
Hawaii,2013-04-01,96407.0,189366.0
Hawaii,2013-05-01,96558.0,189647.0
Hawaii,2013-06-01,96677.0,189855.0
Hawaii,2013-07-01,97420.0,191509.0
Hawaii,2013-08-01,97629.0,192117.0
Hawaii,2013-09-01,97522.0,192162.0
Hawaii,2013-10-01,99081.0,194961.0
Hawaii,2013-11-01,98426.0,193936.0
Hawaii,2013-12-01,98807.0,194550.0
Hawaii,2014-01-01,98573.0,193897.0
Hawaii,2014-02-01,98204.0,193255.0
Hawaii,2014-03-01,98745.0,193930.0
Hawaii,2014-04-01,98688.0,193600.0
Hawaii,2014-05-01,98860.0,193933.0
Hawaii,2014-06-01,99320.0,194865.0
Hawaii,2014-07-01,99629.0,195703.0
Hawaii,2014-08-01,97629.0,192117.0
Hawaii,2014-09-01,99997.0,196420.0
Hawaii,2014-10-01,98153.0,196639.0
Hawaii,2014-11-01,99625.0,195626.0
Hawaii,2014-12-01,99542.0,194932.0
Hawaii,2015-01-01,98385.0,192916.0
Hawaii,2015-02-01,97854.0,191527.0
Hawaii,2015-03-01,95031.0,188085.0
Hawaii,2015-04-01,93637.0,185668.0
Hawaii,2015-05-01,93308.0,185006.0
Hawaii,2015-06-01,93518.0,185301.0
Hawaii,2015-07-01,92958.0,184465.0
Hawaii,2015-08-01,92501.0,183649.0
Hawaii,2015-09-01,92025.0,182927.0
Hawaii,2015-10-01,91546.0,182226.0
Hawaii,2015-11-01,91546.0,181275.0
Hawaii,2015-12-01,90615.0,180165.0
Hawaii,2016-01-01,89582.0,178137.0
Hawaii,2016-02-01,89281.0,177301.0
Hawaii,2016-03-01,88840.0,176105.0
Hawaii,2016-04-01,88306.0,174882.0
Hawaii,2016-05-01,88241.0,174552.0
Hawaii,2016-06-01,88069.0,174275.0
Hawaii,2016-07-01,87680.0,173739.0
Hawaii,2016-08-01,87891.0,174423.0
Hawaii,2016-09-01,87542.0,173669.0
Hawaii,2016-10-01,87429.0,173289.0
Hawaii,2016-11-01,87083.0,172434.0
Hawaii,2016-12-01,87005.0,171893.0
Hawaii,2017-01-01,85752.0,171201.0
Hawaii,2017-02-01,85995.0,169319.0
Hawaii,2017-03-01,86183.0,169038.0
Hawaii,2017-04-01,85344.0,167366.0
Hawaii,2017-05-01,85281.0,166911.0
Hawaii,2017-06-01,85238.0,166923.0
Hawaii,2017-07-01,85108.0,166807.0
Hawaii,2017-08-01,85097.0,166961.0
Hawaii,2017-09-01,84918.0,166398.0
Hawaii,2017-10-01,85125.0,166822.0
Hawaii,2017-11-01,84833.0,166146.0
Hawaii,2017-12-01,84480.0,166262.0
Hawaii,2018-01-01,84538.0,165140.0
Hawaii,2018-02-01,83692.0,163398.0
Hawaii,2018-03-01,83720.0,163222.0
Hawaii,2018-04-01,83485.0,162289.0
Hawaii,2018-05-01,83280.0,162006.0
Hawaii,2018-06-01,83472.0,162499.0
Hawaii,2018-07-01,83429.0,162384.0
Hawaii,2018-08-01,82954.0,161692.0
Hawaii,2018-09-01,82815.0,161550.0
Hawaii,2018-10-01,82806.0,161354.0
Hawaii,2018-11-01,82343.0,160334.0
Hawaii,2018-12-01,82149.0,159653.0
Hawaii,2019-01-01,81833.0,158949.0
Hawaii,2019-02-01,5547.0,7377.0
Hawaii,2019-03-01,80421.0,155902.0
Hawaii,2019-04-01,79929.0,154526.0
Hawaii,2019-05-01,79934.0,154618.0
Hawaii,2019-06-01,79702.0,154161.0
Hawaii,2019-07-01,83361.0,162260.0
Hawaii,2019-08-01,79813.0,154642.0
Hawaii,2019-09-01,79998.0,155293.0
Hawaii,2019-10-01,79960.0,155061.0
Hawaii,2019-11-01,79705.0,154517.0
Hawaii,2019-12-01,79848.0,154377.0
Hawaii,2020-01-01,79627.0,153634.0
Hawaii,2020-02-01,78954.0,152252.0
Hawaii,2020-03-01,79574.0,153047.0
Hawaii,2020-04-01,89419.0,171451.0
Hawaii,2020-05-01,96580.0,177569.0
Hawaii,2020-06-01,97680.0,180301.0
Hawaii,2020-07-01,97382.0,176519.0
Hawaii,2020-08-01,97265.0,177083.0
Hawaii,2020-09-01,97509.0,179205.0
Hawaii,2020-10-01,97281.0,177792.0
Hawaii,2020-11-01,98773.0,184713.0
Hawaii,2020-12-01,101484.0,189285.0
Hawaii,2021-01-01,103974.0,193761.0
Hawaii,2021-02-01,106310.0,197958.0
Hawaii,2021-03-01,108240.0,201193.0
Hawaii,2021-04-01,109263.0,202822.0
Hawaii,2021-05-01,110346.0,203885.0
Hawaii,2021-06-01,111251.0,205282.0
Hawaii,2021-07-01,111900.0,206226.0
Hawaii,2021-08-01,112461.0,197132.0
Hawaii,2021-09-01,108687.0,189956.0
Hawaii,2021-10-01,105712.0,182632.0
Hawaii,2021-11-01,101074.0,171219.0
Hawaii,2021-12-01,96565.0,166139.0
Hawaii,2022-01-01,93252.0,170598.0
Hawaii,2022-02-01,95190.0,171271.0
Hawaii,2022-03-01,96178.0,173054.0
Hawaii,2022-04-01,96234.0,171976.0
Hawaii,2022-05-01,96055.0,171182.0
Hawaii,2022-06-01,95437.0,170452.0
Hawaii,2022-07-01,94928.0,159234.0
Hawaii,2022-08-01,89558.0,160804.0
Hawaii,2022-09-01,89662.0,159601.0
Hawaii,2022-10-01,89098.0,158492.0
Hawaii,2022-11-01,88010.0,156708.0
Hawaii,2022-12-01,87288.0,155862.0
Hawaii,2023-01-01,86984.0,154477.0
Hawaii,2023-02-01,86154.0,154260.0
Hawaii,2023-03-01,86953.0,155789.0
Hawaii,2023-04-01,83110.0,155150.0
Hawaii,2023-05-01,83662.0,156097.0
Hawaii,2023-06-01,84241.0,157132.0
Hawaii,2023-07-01,83772.0,156352.0
Hawaii,2023-08-01,84403.0,157544.0
Hawaii,2023-09-01,91581.0,173570.0
Hawaii,2023-10-01,92286.0,172031.0
Hawaii,2023-11-01,93990.0,175060.0
Hawaii,2023-12-01,92417.0,171908.0
Hawaii,2024-01-01,88153.0,164254.0
Hawaii,2024-02-01,86894.0,162186.0
Hawaii,2024-03-01,85110.0,158876.0
Hawaii,2024-04-01,83779.0,156019.0
Hawaii,2024-05-01,83645.0,155745.0
Hawaii,2024-06-01,83442.0,155254.0
Hawaii,2024-07-01,83772.0,156352.0
Hawaii,2024-08-01,82691.0,154836.0
Hawaii,2024-09-01,0.0,0.0
Idaho,1988-10-01,20096.0,58278.0
Idaho,1988-11-01,20400.0,59160.0
Idaho,1988-12-01,21311.0,61802.0
Idaho,1989-01-01,21896.0,63498.0
Idaho,1989-02-01,22323.0,64736.0
Idaho,1989-03-01,23143.0,67114.0
Idaho,1989-04-01,22614.0,65580.0
Idaho,1989-05-01,21255.0,61640.0
Idaho,1989-06-01,20721.0,60091.0
Idaho,1989-07-01,19623.0,55153.0
Idaho,1989-08-01,19958.0,57878.0
Idaho,1989-09-01,19488.0,56516.0
Idaho,1989-10-01,19720.0,57188.0
Idaho,1989-11-01,19812.0,57455.0
Idaho,1989-12-01,20675.0,59958.0
Idaho,1990-01-01,20964.0,60794.0
Idaho,1990-02-01,21276.0,61700.0
Idaho,1990-03-01,20425.0,57044.0
Idaho,1990-04-01,21651.0,60253.0
Idaho,1990-05-01,21004.0,58558.0
Idaho,1990-06-01,20721.0,58254.0
Idaho,1990-07-01,20693.0,57766.0
Idaho,1990-08-01,20469.0,57036.0
Idaho,1990-09-01,20316.0,56702.0
Idaho,1990-10-01,20579.0,56638.0
Idaho,1990-11-01,21073.0,58438.0
Idaho,1990-12-01,22398.0,61953.0
Idaho,1991-01-01,23270.0,64406.0
Idaho,1991-02-01,24548.0,68935.0
Idaho,1991-03-01,24990.0,70260.0
Idaho,1991-04-01,25072.0,70557.0
Idaho,1991-05-01,24214.0,68002.0
Idaho,1991-06-01,23790.0,67066.0
Idaho,1991-07-01,23640.0,65937.0
Idaho,1991-08-01,23433.0,65181.0
Idaho,1991-09-01,23579.0,65317.0
Idaho,1991-10-01,23046.0,63352.0
Idaho,1991-11-01,24408.0,67207.0
Idaho,1991-12-01,25819.0,71149.0
Idaho,1992-01-01,26205.0,72270.0
Idaho,1992-02-01,26933.0,74899.0
Idaho,1992-03-01,27809.0,77445.0
Idaho,1992-04-01,27472.0,76983.0
Idaho,1992-05-01,26475.0,74046.0
Idaho,1992-06-01,26277.0,72843.0
Idaho,1992-07-01,25735.0,71007.0
Idaho,1992-08-01,25759.0,71221.0
Idaho,1992-09-01,25587.0,70029.0
Idaho,1992-10-01,26172.0,71908.0
Idaho,1992-11-01,26316.0,71963.0
Idaho,1992-12-01,28107.0,76786.0
Idaho,1993-01-01,27925.0,77265.0
Idaho,1993-02-01,28697.0,79186.0
Idaho,1993-03-01,30631.0,85178.0
Idaho,1993-04-01,29764.0,83227.0
Idaho,1993-05-01,28454.0,79198.0
Idaho,1993-06-01,29013.0,80563.0
Idaho,1993-07-01,29323.0,81304.0
Idaho,1993-08-01,29681.0,82434.0
Idaho,1993-09-01,29662.0,82292.0
Idaho,1993-10-01,29074.0,80590.0
Idaho,1993-11-01,29658.0,82209.0
Idaho,1993-12-01,30268.0,83406.0
Idaho,1994-01-01,30268.0,83275.0
Idaho,1994-02-01,28701.0,79179.0
Idaho,1994-03-01,32106.0,88094.0
Idaho,1994-04-01,30630.0,84137.0
Idaho,1994-05-01,30349.0,83021.0
Idaho,1994-06-01,29820.0,81822.0
Idaho,1994-07-01,28877.0,78055.0
Idaho,1994-08-01,29026.0,78458.0
Idaho,1994-09-01,28347.0,75796.0
Idaho,1994-10-01,28139.0,75240.0
Idaho,1994-11-01,29236.0,78296.0
Idaho,1994-12-01,30223.0,80939.0
Idaho,1995-01-01,30183.0,80902.0
Idaho,1995-02-01,30941.0,83280.0
Idaho,1995-03-01,31951.0,85792.0
Idaho,1995-04-01,30737.0,82533.0
Idaho,1995-05-01,30617.0,81917.0
Idaho,1995-06-01,30021.0,79972.0
Idaho,1995-07-01,29521.0,78080.0
Idaho,1995-08-01,29949.0,79026.0
Idaho,1995-09-01,29274.0,77083.0
Idaho,1995-10-01,29893.0,78407.0
Idaho,1995-11-01,29659.0,77816.0
Idaho,1995-12-01,30636.0,80554.0
Idaho,1996-01-01,31115.0,81814.0
Idaho,1996-02-01,31293.0,82651.0
Idaho,1996-03-01,32120.0,84780.0
Idaho,1996-04-01,31681.0,83417.0
Idaho,1996-05-01,31016.0,81641.0
Idaho,1996-06-01,30060.0,78885.0
Idaho,1996-07-01,29758.0,77818.0
Idaho,1996-08-01,29150.0,76209.0
Idaho,1996-09-01,28631.0,74266.0
Idaho,1996-10-01,28596.0,73981.0
Idaho,1996-11-01,28034.0,72737.0
Idaho,1996-12-01,28818.0,74941.0
Idaho,1997-01-01,28408.0,73883.0
Idaho,1997-02-01,28464.0,74218.0
Idaho,1997-03-01,28529.0,74810.0
Idaho,1997-04-01,27571.0,72018.0
Idaho,1997-05-01,26916.0,70323.0
Idaho,1997-06-01,25853.0,67210.0
Idaho,1997-07-01,25163.0,65104.0
Idaho,1997-08-01,24628.0,63532.0
Idaho,1997-09-01,19554.0,62201.0
Idaho,1997-10-01,24163.0,61946.0
Idaho,1997-11-01,16697.0,60413.0
Idaho,1997-12-01,24930.0,64096.0
Idaho,1998-01-01,24582.0,63356.0
Idaho,1998-02-01,25307.0,65559.0
Idaho,1998-03-01,25880.0,67166.0
Idaho,1998-04-01,25718.0,66746.0
Idaho,1998-05-01,24774.0,64282.0
Idaho,1998-06-01,24901.0,64300.0
Idaho,1998-07-01,22615.0,58368.0
Idaho,1998-08-01,22006.0,56315.0
Idaho,1998-09-01,22057.0,56167.0
Idaho,1998-10-01,22057.0,56167.0
Idaho,1998-11-01,22079.0,56160.0
Idaho,1998-12-01,22849.0,58411.0
Idaho,1999-01-01,22845.0,58287.0
Idaho,1999-02-01,23023.0,58755.0
Idaho,1999-03-01,23457.0,59716.0
Idaho,1999-04-01,23143.0,58956.0
Idaho,1999-05-01,22771.0,57715.0
Idaho,1999-06-01,22432.0,56818.0
Idaho,1999-07-01,21982.0,55502.0
Idaho,1999-08-01,21937.0,55086.0
Idaho,1999-09-01,21858.0,54836.0
Idaho,1999-10-01,21940.0,54940.0
Idaho,1999-11-01,22575.0,56659.0
Idaho,1999-12-01,23336.0,58879.0
Idaho,2000-01-01,23471.0,59244.0
Idaho,2000-02-01,23868.0,60404.0
Idaho,2000-03-01,24232.0,61103.0
Idaho,2000-04-01,23743.0,59831.0
Idaho,2000-05-01,23533.0,59246.0
Idaho,2000-06-01,23255.0,58246.0
Idaho,2000-07-01,22633.0,56530.0
Idaho,2000-08-01,22871.0,56986.0
Idaho,2000-09-01,22632.0,56222.0
Idaho,2000-10-01,22792.0,56484.0
Idaho,2000-11-01,23084.0,57299.0
Idaho,2000-12-01,23794.0,59373.0
Idaho,2001-01-01,23943.0,59744.0
Idaho,2001-02-01,24071.0,60097.0
Idaho,2001-03-01,24736.0,61519.0
Idaho,2001-04-01,24478.0,60758.0
Idaho,2001-05-01,24324.0,60758.0
Idaho,2001-06-01,24116.0,59601.0
Idaho,2001-07-01,24146.0,59494.0
Idaho,2001-08-01,24375.0,60231.0
Idaho,2001-09-01,24548.0,60642.0
Idaho,2001-10-01,25300.0,62622.0
Idaho,2001-11-01,25957.0,64614.0
Idaho,2001-12-01,27061.0,67556.0
Idaho,2002-01-01,27848.0,69718.0
Idaho,2002-02-01,28450.0,69718.0
Idaho,2002-03-01,29090.0,73153.0
Idaho,2002-04-01,29128.0,73393.0
Idaho,2002-05-01,28842.0,72529.0
Idaho,2002-06-01,28413.0,71478.0
Idaho,2002-07-01,28393.0,71084.0
Idaho,2002-08-01,28602.0,71659.0
Idaho,2002-09-01,28989.0,72455.0
Idaho,2002-10-01,29558.0,73942.0
Idaho,2002-11-01,29956.0,75305.0
Idaho,2002-12-01,31128.0,78350.0
Idaho,2003-01-01,31831.0,80168.0
Idaho,2003-02-01,32302.0,81518.0
Idaho,2003-03-01,33132.0,83334.0
Idaho,2003-04-01,33208.0,83483.0
Idaho,2003-05-01,33677.0,84666.0
Idaho,2003-06-01,33473.0,84066.0
Idaho,2003-07-01,33454.0,83964.0
Idaho,2003-08-01,33481.0,84189.0
Idaho,2003-09-01,33941.0,85302.0
Idaho,2003-10-01,34214.0,86058.0
Idaho,2003-11-01,34191.0,86369.0
Idaho,2003-12-01,35560.0,90051.0
Idaho,2004-01-01,35813.0,90907.0
Idaho,2004-02-01,36875.0,93716.0
Idaho,2004-03-01,37577.0,95519.0
Idaho,2004-04-01,37381.0,95374.0
Idaho,2004-05-01,37072.0,94436.0
Idaho,2004-06-01,36649.0,92963.0
Idaho,2004-07-01,36217.0,91667.0
Idaho,2004-08-01,35821.0,90141.0
Idaho,2004-09-01,35626.0,89543.0
Idaho,2004-10-01,35615.0,89616.0
Idaho,2004-11-01,36308.0,91505.0
Idaho,2004-12-01,37225.0,94192.0
Idaho,2005-01-01,37509.0,94699.0
Idaho,2005-02-01,37325.0,94124.0
Idaho,2005-03-01,38353.0,96744.0
Idaho,2005-04-01,37893.0,95656.0
Idaho,2005-05-01,37879.0,95502.0
Idaho,2005-06-01,37772.0,94956.0
Idaho,2005-07-01,36985.0,92936.0
Idaho,2005-08-01,36471.0,90920.0
Idaho,2005-09-01,36471.0,90446.0
Idaho,2005-10-01,36210.0,90299.0
Idaho,2005-11-01,36685.0,91453.0
Idaho,2005-12-01,37248.0,92831.0
Idaho,2006-01-01,37434.0,92926.0
Idaho,2006-02-01,37377.0,92388.0
Idaho,2006-03-01,38352.0,94663.0
Idaho,2006-04-01,37914.0,93521.0
Idaho,2006-05-01,37569.0,92375.0
Idaho,2006-06-01,37079.0,91032.0
Idaho,2006-07-01,36203.0,88510.0
Idaho,2006-08-01,36117.0,87889.0
Idaho,2006-09-01,35321.0,85379.0
Idaho,2006-10-01,35289.0,85333.0
Idaho,2006-11-01,35299.0,85475.0
Idaho,2006-12-01,35641.0,86461.0
Idaho,2007-01-01,35991.0,87450.0
Idaho,2007-02-01,35986.0,87254.0
Idaho,2007-03-01,36616.0,88693.0
Idaho,2007-04-01,36471.0,88113.0
Idaho,2007-05-01,36303.0,87741.0
Idaho,2007-06-01,36027.0,86946.0
Idaho,2007-07-01,35795.0,86343.0
Idaho,2007-08-01,36360.0,87771.0
Idaho,2007-09-01,36099.0,87232.0
Idaho,2007-10-01,37089.0,90059.0
Idaho,2007-11-01,37653.0,91768.0
Idaho,2007-12-01,38568.0,94448.0
Idaho,2008-01-01,39629.0,97378.0
Idaho,2008-02-01,40112.0,98613.0
Idaho,2008-03-01,41222.0,101402.0
Idaho,2008-04-01,41682.0,102519.0
Idaho,2008-05-01,42075.0,103611.0
Idaho,2008-06-01,42425.0,104057.0
Idaho,2008-07-01,42505.0,104536.0
Idaho,2008-08-01,43021.0,105822.0
Idaho,2008-09-01,44034.0,108157.0
Idaho,2008-10-01,45385.0,111838.0
Idaho,2008-11-01,46871.0,115946.0
Idaho,2008-12-01,49465.0,123135.0
Idaho,2009-01-01,51664.0,128809.0
Idaho,2009-02-01,53076.0,132777.0
Idaho,2009-03-01,54860.0,137293.0
Idaho,2009-04-01,55947.0,139784.0
Idaho,2009-05-01,57034.0,143300.0
Idaho,2009-06-01,58412.0,146516.0
Idaho,2009-07-01,59148.0,148745.0
Idaho,2009-08-01,60592.0,152666.0
Idaho,2009-09-01,61052.0,154106.0
Idaho,2009-10-01,64513.0,162436.0
Idaho,2009-11-01,67627.0,170962.0
Idaho,2009-12-01,71636.0,180576.0
Idaho,2010-01-01,74849.0,187692.0
Idaho,2010-02-01,76880.0,191703.0
Idaho,2010-03-01,78738.0,195699.0
Idaho,2010-04-01,80732.0,199181.0
Idaho,2010-05-01,81740.0,201228.0
Idaho,2010-06-01,83317.0,204204.0
Idaho,2010-07-01,85323.0,208458.0
Idaho,2010-08-01,86931.0,211883.0
Idaho,2010-09-01,88252.0,214378.0
Idaho,2010-10-01,89478.0,216658.0
Idaho,2010-11-01,91105.0,219271.0
Idaho,2010-12-01,93023.0,223347.0
Idaho,2011-01-01,94371.0,226604.0
Idaho,2011-02-01,95310.0,227897.0
Idaho,2011-03-01,97347.0,231047.0
Idaho,2011-04-01,98164.0,232445.0
Idaho,2011-05-01,98938.0,233526.0
Idaho,2011-06-01,99421.0,233699.0
Idaho,2011-07-01,99134.0,232349.0
Idaho,2011-08-01,99977.0,233450.0
Idaho,2011-09-01,100200.0,233254.0
Idaho,2011-10-01,100461.0,233194.0
Idaho,2011-11-01,101230.0,234331.0
Idaho,2011-12-01,102090.0,236395.0
Idaho,2012-01-01,102769.0,237816.0
Idaho,2012-02-01,102081.0,236731.0
Idaho,2012-03-01,102065.0,236641.0
Idaho,2012-04-01,100978.0,234750.0
Idaho,2012-05-01,100288.0,233077.0
Idaho,2012-06-01,99502.0,231059.0
Idaho,2012-07-01,98506.0,228432.0
Idaho,2012-08-01,98261.0,227869.0
Idaho,2012-09-01,97711.0,226111.0
Idaho,2012-10-01,98152.0,226538.0
Idaho,2012-11-01,98054.0,226759.0
Idaho,2012-12-01,98222.0,227854.0
Idaho,2013-01-01,99226.0,230569.0
Idaho,2013-02-01,99292.0,231015.0
Idaho,2013-03-01,99678.0,231301.0
Idaho,2013-04-01,99069.0,229927.0
Idaho,2013-05-01,98314.0,228311.0
Idaho,2013-06-01,97735.0,226041.0
Idaho,2013-07-01,96537.0,223398.0
Idaho,2013-08-01,95741.0,221841.0
Idaho,2013-09-01,95105.0,220521.0
Idaho,2013-10-01,94493.0,219112.0
Idaho,2013-11-01,93146.0,217219.0
Idaho,2013-12-01,92436.0,216218.0
Idaho,2014-01-01,92809.0,217399.0
Idaho,2014-02-01,91627.0,215468.0
Idaho,2014-03-01,91006.0,214339.0
Idaho,2014-04-01,89894.0,212021.0
Idaho,2014-05-01,89166.0,210450.0
Idaho,2014-06-01,88128.0,207896.0
Idaho,2014-07-01,86900.0,205160.0
Idaho,2014-08-01,86400.0,203770.0
Idaho,2014-09-01,85929.0,202318.0
Idaho,2014-10-01,85453.0,201261.0
Idaho,2014-11-01,85205.0,200532.0
Idaho,2014-12-01,85296.0,200467.0
Idaho,2015-01-01,85070.0,199944.0
Idaho,2015-02-01,84930.0,199709.0
Idaho,2015-03-01,84699.0,198878.0
Idaho,2015-04-01,84010.0,197356.0
Idaho,2015-05-01,83506.0,195814.0
Idaho,2015-06-01,82911.0,194288.0
Idaho,2015-07-01,82211.0,192455.0
Idaho,2015-08-01,81733.0,191295.0
Idaho,2015-09-01,81400.0,190459.0
Idaho,2015-10-01,81000.0,189385.0
Idaho,2015-11-01,81212.0,189896.0
Idaho,2015-12-01,81663.0,191003.0
Idaho,2016-01-01,82157.0,192272.0
Idaho,2016-02-01,81662.0,190792.0
Idaho,2016-03-01,80935.0,188833.0
Idaho,2016-04-01,80095.0,186600.0
Idaho,2016-05-01,78798.0,183597.0
Idaho,2016-06-01,77699.0,180441.0
Idaho,2016-07-01,76649.0,177701.0
Idaho,2016-08-01,76361.0,176904.0
Idaho,2016-09-01,76145.0,176217.0
Idaho,2016-10-01,76302.0,175976.0
Idaho,2016-11-01,76834.0,176875.0
Idaho,2016-12-01,75925.0,175130.0
Idaho,2017-01-01,76493.0,176682.0
Idaho,2017-02-01,76082.0,175781.0
Idaho,2017-03-01,76023.0,174920.0
Idaho,2017-04-01,74697.0,172097.0
Idaho,2017-05-01,73686.0,169401.0
Idaho,2017-06-01,72869.0,167080.0
Idaho,2017-07-01,71976.0,164675.0
Idaho,2017-08-01,71971.0,164101.0
Idaho,2017-09-01,71554.0,162292.0
Idaho,2017-10-01,71200.0,161591.0
Idaho,2017-11-01,71021.0,161011.0
Idaho,2017-12-01,71488.0,161966.0
Idaho,2018-01-01,71990.0,162945.0
Idaho,2018-02-01,72069.0,162836.0
Idaho,2018-03-01,71472.0,161420.0
Idaho,2018-04-01,70569.0,159307.0
Idaho,2018-05-01,69690.0,156933.0
Idaho,2018-06-01,69102.0,155075.0
Idaho,2018-07-01,67611.0,151046.0
Idaho,2018-08-01,67518.0,150781.0
Idaho,2018-09-01,67015.0,149387.0
Idaho,2018-10-01,66828.0,148779.0
Idaho,2018-11-01,66955.0,148842.0
Idaho,2018-12-01,67155.0,149309.0
Idaho,2019-01-01,67554.0,150376.0
Idaho,2019-02-01,8134.0,20752.0
Idaho,2019-03-01,67038.0,148378.0
Idaho,2019-04-01,66547.0,146903.0
Idaho,2019-05-01,66052.0,145542.0
Idaho,2019-06-01,65349.0,143910.0
Idaho,2019-07-01,64960.0,142933.0
Idaho,2019-08-01,65235.0,143236.0
Idaho,2019-09-01,64868.0,142105.0
Idaho,2019-10-01,64964.0,142199.0
Idaho,2019-11-01,65405.0,142817.0
Idaho,2019-12-01,66039.0,143833.0
Idaho,2020-01-01,66980.0,146233.0
Idaho,2020-02-01,67857.0,147759.0
Idaho,2020-03-01,68093.0,148022.0
Idaho,2020-04-01,69831.0,152412.0
Idaho,2020-05-01,69547.0,151239.0
Idaho,2020-06-01,70386.0,152881.0
Idaho,2020-07-01,68297.0,146807.0
Idaho,2020-08-01,66989.0,143926.0
Idaho,2020-09-01,65449.0,139833.0
Idaho,2020-10-01,63992.0,136037.0
Idaho,2020-11-01,63889.0,135458.0
Idaho,2020-12-01,64682.0,137970.0
Idaho,2021-01-01,64025.0,135957.0
Idaho,2021-02-01,63895.0,135439.0
Idaho,2021-03-01,63624.0,134259.0
Idaho,2021-04-01,62545.0,131308.0
Idaho,2021-05-01,61879.0,129650.0
Idaho,2021-06-01,62340.0,130227.0
Idaho,2021-07-01,62194.0,129667.0
Idaho,2021-08-01,61774.0,128472.0
Idaho,2021-09-01,61270.0,126843.0
Idaho,2021-10-01,61139.0,126123.0
Idaho,2021-11-01,61023.0,125222.0
Idaho,2021-12-01,61594.0,126031.0
Idaho,2022-01-01,60837.0,124631.0
Idaho,2022-02-01,60687.0,124252.0
Idaho,2022-03-01,61094.0,124668.0
Idaho,2022-04-01,61048.0,123759.0
Idaho,2022-05-01,60744.0,122853.0
Idaho,2022-06-01,60981.0,123554.0
Idaho,2022-07-01,60902.0,123089.0
Idaho,2022-08-01,60805.0,122810.0
Idaho,2022-09-01,60541.0,121941.0
Idaho,2022-10-01,60809.0,122172.0
Idaho,2022-11-01,61195.0,122760.0
Idaho,2022-12-01,61807.0,123861.0
Idaho,2023-01-01,61077.0,122667.0
Idaho,2023-02-01,61529.0,123413.0
Idaho,2023-03-01,61872.0,123891.0
Idaho,2023-04-01,62197.0,124509.0
Idaho,2023-05-01,62480.0,125305.0
Idaho,2023-06-01,62706.0,125636.0
Idaho,2023-07-01,62456.0,125267.0
Idaho,2023-08-01,62165.0,124552.0
Idaho,2023-09-01,62339.0,124486.0
Idaho,2023-10-01,62745.0,125435.0
Idaho,2023-11-01,63192.0,126574.0
Idaho,2023-12-01,63782.0,127898.0
Idaho,2024-01-01,64584.0,129895.0
Idaho,2024-02-01,65199.0,131185.0
Idaho,2024-03-01,65823.0,132490.0
Idaho,2024-04-01,66416.0,133661.0
Idaho,2024-05-01,66201.0,132881.0
Idaho,2024-06-01,66361.0,132943.0
Idaho,2024-07-01,66549.0,132956.0
Idaho,2024-08-01,66385.0,132302.0
Idaho,2024-09-01,0.0,0.0
Illinois,1988-10-01,405572.0,1001115.0
Illinois,1988-11-01,403977.0,994391.0
Illinois,1988-12-01,406688.0,1000315.0
Illinois,1989-01-01,405536.0,1000856.0
Illinois,1989-02-01,402533.0,989760.0
Illinois,1989-03-01,408940.0,1006559.0
Illinois,1989-04-01,404400.0,995251.0
Illinois,1989-05-01,401886.0,986623.0
Illinois,1989-06-01,400685.0,985369.0
Illinois,1989-07-01,395337.0,974221.0
Illinois,1989-08-01,396289.0,973376.0
Illinois,1989-09-01,393671.0,966160.0
Illinois,1989-10-01,398274.0,976283.0
Illinois,1989-11-01,403947.0,985805.0
Illinois,1989-12-01,405407.0,987582.0
Illinois,1990-01-01,412571.0,1004524.0
Illinois,1990-02-01,412751.0,1001631.0
Illinois,1990-03-01,418889.0,1015418.0
Illinois,1990-04-01,424741.0,1028327.0
Illinois,1990-05-01,424093.0,1023903.0
Illinois,1990-06-01,423971.0,1024826.0
Illinois,1990-07-01,426533.0,1032115.0
Illinois,1990-08-01,429707.0,1035866.0
Illinois,1990-09-01,432420.0,1040764.0
Illinois,1990-10-01,436550.0,1046013.0
Illinois,1990-11-01,441845.0,1057537.0
Illinois,1990-12-01,445968.0,1065189.0
Illinois,1991-01-01,453371.0,1079525.0
Illinois,1991-02-01,459454.0,1092296.0
Illinois,1991-03-01,462380.0,1099654.0
Illinois,1991-04-01,467770.0,1114803.0
Illinois,1991-05-01,467753.0,1111471.0
Illinois,1991-06-01,468297.0,1114645.0
Illinois,1991-07-01,468941.0,1114742.0
Illinois,1991-08-01,474928.0,1129526.0
Illinois,1991-09-01,476719.0,1131892.0
Illinois,1991-10-01,481966.0,1140226.0
Illinois,1991-11-01,497598.0,1146513.0
Illinois,1991-12-01,491387.0,1161362.0
Illinois,1992-01-01,491087.0,1159516.0
Illinois,1992-02-01,490320.0,1158352.0
Illinois,1992-03-01,489280.0,1158177.0
Illinois,1992-04-01,489228.0,1165012.0
Illinois,1992-05-01,485963.0,1156092.0
Illinois,1992-06-01,488524.0,1161836.0
Illinois,1992-07-01,486734.0,1157505.0
Illinois,1992-08-01,484661.0,1158311.0
Illinois,1992-09-01,483848.0,1153657.0
Illinois,1992-10-01,490054.0,1165258.0
Illinois,1992-11-01,489104.0,1164341.0
Illinois,1992-12-01,489372.0,1165101.0
Illinois,1993-01-01,492328.0,1175981.0
Illinois,1993-02-01,485633.0,1162747.0
Illinois,1993-03-01,495299.0,1185930.0
Illinois,1993-04-01,495667.0,1188595.0
Illinois,1993-05-01,494028.0,1184347.0
Illinois,1993-06-01,497431.0,1187218.0
Illinois,1993-07-01,499070.0,1197681.0
Illinois,1993-08-01,498356.0,1195083.0
Illinois,1993-09-01,494807.0,1181571.0
Illinois,1993-10-01,494916.0,1183764.0
Illinois,1993-11-01,497577.0,1187568.0
Illinois,1993-12-01,500651.0,1191619.0
Illinois,1994-01-01,501003.0,1195209.0
Illinois,1994-02-01,496594.0,1179061.0
Illinois,1994-03-01,507118.0,1207279.0
Illinois,1994-04-01,504617.0,1202900.0
Illinois,1994-05-01,500964.0,1191365.0
Illinois,1994-06-01,501074.0,1188827.0
Illinois,1994-07-01,496825.0,1182561.0
Illinois,1994-08-01,497610.0,1183576.0
Illinois,1994-09-01,494392.0,1171388.0
Illinois,1994-10-01,496073.0,1175247.0
Illinois,1994-11-01,491963.0,1160594.0
Illinois,1994-12-01,497138.0,1174797.0
Illinois,1995-01-01,492982.0,1165559.0
Illinois,1995-02-01,486349.0,1145266.0
Illinois,1995-03-01,494886.0,1168830.0
Illinois,1995-04-01,488375.0,1154614.0
Illinois,1995-05-01,483673.0,1138618.0
Illinois,1995-06-01,485056.0,1144441.0
Illinois,1995-07-01,478837.0,1130758.0
Illinois,1995-08-01,478220.0,1126088.0
Illinois,1995-09-01,477479.0,1127609.0
Illinois,1995-10-01,472323.0,1115122.0
Illinois,1995-11-01,470581.0,1107204.0
Illinois,1995-12-01,473127.0,1115503.0
Illinois,1996-01-01,473732.0,1116181.0
Illinois,1996-02-01,470570.0,1110023.0
Illinois,1996-03-01,473239.0,1114597.0
Illinois,1996-04-01,473239.0,1112635.0
Illinois,1996-05-01,469318.0,1102968.0
Illinois,1996-06-01,469256.0,1103289.0
Illinois,1996-07-01,464137.0,1088877.0
Illinois,1996-08-01,464124.0,1091297.0
Illinois,1996-09-01,461211.0,1084224.0
Illinois,1996-10-01,455057.0,1066447.0
Illinois,1996-11-01,441000.0,1035100.0
Illinois,1996-12-01,451767.0,1059386.0
Illinois,1997-01-01,445877.0,1045735.0
Illinois,1997-02-01,438263.0,1030320.0
Illinois,1997-03-01,441865.0,1031144.0
Illinois,1997-04-01,431564.0,1006701.0
Illinois,1997-05-01,426811.0,1007512.0
Illinois,1997-06-01,424741.0,1003730.0
Illinois,1997-07-01,416353.0,980129.0
Illinois,1997-08-01,418579.0,988331.0
Illinois,1997-09-01,415318.0,980663.0
Illinois,1997-10-01,408019.0,957222.0
Illinois,1997-11-01,406973.0,960211.0
Illinois,1997-12-01,409119.0,960060.0
Illinois,1998-01-01,405893.0,952705.0
Illinois,1998-02-01,400841.0,940934.0
Illinois,1998-03-01,400984.0,940758.0
Illinois,1998-04-01,396213.0,929324.0
Illinois,1998-05-01,389844.0,917364.0
Illinois,1998-06-01,383279.0,901862.0
Illinois,1998-07-01,373045.0,875297.0
Illinois,1998-08-01,372406.0,877650.0
Illinois,1998-09-01,366342.0,861736.0
Illinois,1998-10-01,359731.0,844921.0
Illinois,1998-11-01,357249.0,838524.0
Illinois,1998-12-01,359910.0,840286.0
Illinois,1999-01-01,351761.0,820972.0
Illinois,1999-02-01,348033.0,811712.0
Illinois,1999-03-01,357158.0,832464.0
Illinois,1999-04-01,353825.0,821045.0
Illinois,1999-05-01,351255.0,815902.0
Illinois,1999-06-01,353191.0,819692.0
Illinois,1999-07-01,345053.0,798638.0
Illinois,1999-08-01,344155.0,800811.0
Illinois,1999-09-01,342895.0,795445.0
Illinois,1999-10-01,342722.0,793453.0
Illinois,1999-11-01,343939.0,797400.0
Illinois,1999-12-01,362074.0,840266.0
Illinois,2000-01-01,362484.0,830203.0
Illinois,2000-02-01,346460.0,789493.0
Illinois,2000-03-01,357289.0,816536.0
Illinois,2000-04-01,354705.0,805686.0
Illinois,2000-05-01,362161.0,830431.0
Illinois,2000-06-01,366080.0,840460.0
Illinois,2000-07-01,347693.0,788051.0
Illinois,2000-08-01,364104.0,833476.0
Illinois,2000-09-01,364076.0,833396.0
Illinois,2000-10-01,350446.0,791978.0
Illinois,2000-11-01,360551.0,823218.0
Illinois,2000-12-01,367608.0,841724.0
Illinois,2001-01-01,354907.0,801413.0
Illinois,2001-02-01,359149.0,815945.0
Illinois,2001-03-01,371795.0,846295.0
Illinois,2001-04-01,352603.0,790185.0
Illinois,2001-05-01,366923.0,832483.0
Illinois,2001-06-01,372410.0,849185.0
Illinois,2001-07-01,355969.0,799632.0
Illinois,2001-08-01,373987.0,851337.0
Illinois,2001-09-01,376495.0,860150.0
Illinois,2001-10-01,376826.0,827969.0
Illinois,2001-11-01,382225.0,868994.0
Illinois,2001-12-01,392131.0,893276.0
Illinois,2002-01-01,384143.0,863004.0
Illinois,2002-02-01,388792.0,878272.0
Illinois,2002-03-01,400963.0,908218.0
Illinois,2002-04-01,386974.0,865758.0
Illinois,2002-05-01,401192.0,905751.0
Illinois,2002-06-01,402781.0,914708.0
Illinois,2002-07-01,387445.0,867387.0
Illinois,2002-08-01,405145.0,918671.0
Illinois,2002-09-01,406289.0,924124.0
Illinois,2002-10-01,400370.0,900006.0
Illinois,2002-11-01,408584.0,924213.0
Illinois,2002-12-01,417483.0,946778.0
Illinois,2003-01-01,407994.0,915313.0
Illinois,2003-02-01,414232.0,933947.0
Illinois,2003-03-01,423955.0,958798.0
Illinois,2003-04-01,417293.0,937052.0
Illinois,2003-05-01,430005.0,971183.0
Illinois,2003-06-01,433494.0,984370.0
Illinois,2003-07-01,428688.0,964424.0
Illinois,2003-08-01,440993.0,997680.0
Illinois,2003-09-01,446748.0,1013386.0
Illinois,2003-10-01,445496.0,994649.0
Illinois,2003-11-01,452322.0,1020157.0
Illinois,2003-12-01,464949.0,1050542.0
Illinois,2004-01-01,473106.0,1068205.0
Illinois,2004-02-01,468080.0,1052887.0
Illinois,2004-03-01,476752.0,1069282.0
Illinois,2004-04-01,480533.0,1078347.0
Illinois,2004-05-01,482189.0,1082344.0
Illinois,2004-06-01,482618.0,1082473.0
Illinois,2004-07-01,491909.0,1104469.0
Illinois,2004-08-01,493533.0,1106632.0
Illinois,2004-09-01,501110.0,1125162.0
Illinois,2004-10-01,502127.0,1123214.0
Illinois,2004-11-01,499817.0,1115622.0
Illinois,2004-12-01,515616.0,1153084.0
Illinois,2005-01-01,509405.0,1136683.0
Illinois,2005-02-01,509962.0,1137841.0
Illinois,2005-03-01,520411.0,1157657.0
Illinois,2005-04-01,520109.0,1154342.0
Illinois,2005-05-01,520146.0,1153470.0
Illinois,2005-06-01,529506.0,1176006.0
Illinois,2005-07-01,533165.0,1185658.0
Illinois,2005-08-01,537183.0,1192846.0
Illinois,2005-09-01,546754.0,1212827.0
Illinois,2005-10-01,548176.0,1216952.0
Illinois,2005-11-01,543737.0,1196222.0
Illinois,2005-12-01,560039.0,1237011.0
Illinois,2006-01-01,552271.0,1216433.0
Illinois,2006-02-01,553399.0,1219791.0
Illinois,2006-03-01,561058.0,1235583.0
Illinois,2006-04-01,555185.0,1218901.0
Illinois,2006-05-01,555647.0,1219795.0
Illinois,2006-06-01,561396.0,1233782.0
Illinois,2006-07-01,556648.0,1225998.0
Illinois,2006-08-01,563723.0,1239391.0
Illinois,2006-09-01,564241.0,1241259.0
Illinois,2006-10-01,560925.0,1229061.0
Illinois,2006-11-01,555994.0,1234307.0
Illinois,2006-12-01,573310.0,1257981.0
Illinois,2007-01-01,566589.0,1237020.0
Illinois,2007-02-01,562543.0,1230832.0
Illinois,2007-03-01,571148.0,1250849.0
Illinois,2007-04-01,561799.0,1226600.0
Illinois,2007-05-01,570071.0,1246913.0
Illinois,2007-06-01,575635.0,1259219.0
Illinois,2007-07-01,568935.0,1241871.0
Illinois,2007-08-01,581762.0,1273268.0
Illinois,2007-09-01,580165.0,1268876.0
Illinois,2007-10-01,581844.0,1269240.0
Illinois,2007-11-01,585751.0,1278871.0
Illinois,2007-12-01,589819.0,1288715.0
Illinois,2008-01-01,591004.0,1288460.0
Illinois,2008-02-01,589899.0,1286507.0
Illinois,2008-03-01,592390.0,1290092.0
Illinois,2008-04-01,594590.0,1294912.0
Illinois,2008-05-01,601550.0,1312933.0
Illinois,2008-06-01,598734.0,1305952.0
Illinois,2008-07-01,605662.0,1320993.0
Illinois,2008-08-01,611531.0,1335447.0
Illinois,2008-09-01,607215.0,1321197.0
Illinois,2008-10-01,640037.0,1424439.0
Illinois,2008-11-01,628723.0,1370722.0
Illinois,2008-12-01,633923.0,1371282.0
Illinois,2009-01-01,655751.0,1420865.0
Illinois,2009-02-01,663016.0,1433163.0
Illinois,2009-03-01,672138.0,1448755.0
Illinois,2009-04-01,687775.0,1481370.0
Illinois,2009-05-01,692081.0,1485963.0
Illinois,2009-06-01,702564.0,1507115.0
Illinois,2009-07-01,712041.0,1527269.0
Illinois,2009-08-01,713213.0,1528067.0
Illinois,2009-09-01,724500.0,1550043.0
Illinois,2009-10-01,739304.0,1579720.0
Illinois,2009-11-01,737443.0,1569325.0
Illinois,2009-12-01,760630.0,1624175.0
Illinois,2010-01-01,755937.0,1609560.0
Illinois,2010-02-01,756341.0,1607496.0
Illinois,2010-03-01,765758.0,1622744.0
Illinois,2010-04-01,769309.0,1625404.0
Illinois,2010-05-01,780523.0,1646813.0
Illinois,2010-06-01,786162.0,1654898.0
Illinois,2010-07-01,795746.0,1674410.0
Illinois,2010-08-01,803812.0,1695069.0
Illinois,2010-09-01,849263.0,1839051.0
Illinois,2010-10-01,817687.0,1720960.0
Illinois,2010-11-01,825059.0,1732169.0
Illinois,2010-12-01,857282.0,1802214.0
Illinois,2011-01-01,861850.0,1803223.0
Illinois,2011-02-01,860797.0,1802252.0
Illinois,2011-03-01,870640.0,1821010.0
Illinois,2011-04-01,867737.0,1805034.0
Illinois,2011-05-01,862243.0,1791653.0
Illinois,2011-06-01,872630.0,1818182.0
Illinois,2011-07-01,864369.0,1791592.0
Illinois,2011-08-01,874109.0,1811357.0
Illinois,2011-09-01,883015.0,1826991.0
Illinois,2011-10-01,887218.0,1831037.0
Illinois,2011-11-01,897371.0,1850593.0
Illinois,2011-12-01,910295.0,1879585.0
Illinois,2012-01-01,887715.0,1818122.0
Illinois,2012-02-01,892188.0,1831898.0
Illinois,2012-03-01,904902.0,1856202.0
Illinois,2012-04-01,892838.0,1820124.0
Illinois,2012-05-01,907408.0,1852926.0
Illinois,2012-06-01,918947.0,1874051.0
Illinois,2012-07-01,932742.0,1891581.0
Illinois,2012-08-01,964544.0,1957192.0
Illinois,2012-09-01,975271.0,1973243.0
Illinois,2012-10-01,993695.0,2004436.0
Illinois,2012-11-01,1000965.0,2012520.0
Illinois,2012-12-01,1019975.0,2051286.0
Illinois,2013-01-01,1012243.0,2027281.0
Illinois,2013-02-01,1011302.0,2023635.0
Illinois,2013-03-01,1023322.0,2048658.0
Illinois,2013-04-01,1016540.0,2029103.0
Illinois,2013-05-01,1025575.0,2048898.0
Illinois,2013-06-01,1053161.0,2149813.0
Illinois,2013-07-01,1019234.0,2036411.0
Illinois,2013-08-01,1020785.0,2037738.0
Illinois,2013-09-01,1009478.0,2010860.0
Illinois,2013-10-01,1018933.0,2027483.0
Illinois,2013-11-01,1007753.0,2001372.0
Illinois,2013-12-01,1013617.0,2016940.0
Illinois,2014-01-01,1006420.0,1999327.0
Illinois,2014-02-01,996277.0,1975705.0
Illinois,2014-03-01,1015021.0,2012035.0
Illinois,2014-04-01,1015826.0,2006258.0
Illinois,2014-05-01,1025636.0,2020820.0
Illinois,2014-06-01,1030544.0,2026028.0
Illinois,2014-07-01,1039095.0,2033995.0
Illinois,2014-08-01,1039852.0,2029888.0
Illinois,2014-09-01,1044824.0,2033787.0
Illinois,2014-10-01,1052548.0,2043607.0
Illinois,2014-11-01,1053277.0,2039353.0
Illinois,2014-12-01,1073279.0,2076871.0
Illinois,2015-01-01,1067345.0,2056333.0
Illinois,2015-02-01,1064507.0,2048833.0
Illinois,2015-03-01,1069312.0,2060572.0
Illinois,2015-04-01,1065865.0,2045280.0
Illinois,2015-05-01,1064622.0,2044847.0
Illinois,2015-06-01,1060040.0,2039556.0
Illinois,2015-07-01,1055063.0,2024423.0
Illinois,2015-08-01,1050530.0,2013711.0
Illinois,2015-09-01,1050682.0,2014280.0
Illinois,2015-10-01,1049384.0,2007492.0
Illinois,2015-11-01,1040174.0,1986957.0
Illinois,2015-12-01,1030253.0,1974069.0
Illinois,2016-01-01,998137.0,1909279.0
Illinois,2016-02-01,965123.0,1847703.0
Illinois,2016-03-01,973616.0,1870177.0
Illinois,2016-04-01,951933.0,1828522.0
Illinois,2016-05-01,955588.0,1838917.0
Illinois,2016-06-01,991597.0,1915113.0
Illinois,2016-07-01,996166.0,1924612.0
Illinois,2016-08-01,1002465.0,1938304.0
Illinois,2016-09-01,998672.0,1931575.0
Illinois,2016-10-01,993475.0,1907969.0
Illinois,2016-11-01,995892.0,1918930.0
Illinois,2016-12-01,995683.0,1917143.0
Illinois,2017-01-01,973205.0,1867770.0
Illinois,2017-02-01,967018.0,1856153.0
Illinois,2017-03-01,981849.0,1885248.0
Illinois,2017-04-01,960597.0,1844298.0
Illinois,2017-05-01,988529.0,1902285.0
Illinois,2017-06-01,966094.0,1859732.0
Illinois,2017-07-01,961076.0,1851718.0
Illinois,2017-08-01,970013.0,1869067.0
Illinois,2017-09-01,966633.0,1861915.0
Illinois,2017-10-01,959835.0,1850175.0
Illinois,2017-11-01,957598.0,1841385.0
Illinois,2017-12-01,951428.0,1894355.0
Illinois,2018-01-01,913562.0,1813534.0
Illinois,2018-02-01,925697.0,1840459.0
Illinois,2018-03-01,940837.0,1872619.0
Illinois,2018-04-01,909506.0,1808026.0
Illinois,2018-05-01,935528.0,1870397.0
Illinois,2018-06-01,913344.0,1826747.0
Illinois,2018-07-01,884510.0,1770840.0
Illinois,2018-08-01,878148.0,1765985.0
Illinois,2018-09-01,873264.0,1757609.0
Illinois,2018-10-01,885620.0,1783389.0
Illinois,2018-11-01,873669.0,1759510.0
Illinois,2018-12-01,883840.0,1777509.0
Illinois,2019-01-01,907953.0,1826750.0
Illinois,2019-02-01,64915.0,141914.0
Illinois,2019-03-01,875089.0,1757209.0
Illinois,2019-04-01,864878.0,1737117.0
Illinois,2019-05-01,885370.0,1780778.0
Illinois,2019-06-01,882852.0,1771527.0
Illinois,2019-07-01,889348.0,1782949.0
Illinois,2019-08-01,892071.0,1783530.0
Illinois,2019-09-01,886924.0,1770574.0
Illinois,2019-10-01,893077.0,1778953.0
Illinois,2019-11-01,897456.0,1783674.0
Illinois,2019-12-01,898666.0,1779366.0
Illinois,2020-01-01,899422.0,1775744.0
Illinois,2020-02-01,887753.0,1748374.0
Illinois,2020-03-01,891097.0,1752080.0
Illinois,2020-04-01,985911.0,1862352.0
Illinois,2020-05-01,1038613.0,1956549.0
Illinois,2020-06-01,1051706.0,1971319.0
Illinois,2020-07-01,1061701.0,2032767.0
Illinois,2020-08-01,1049017.0,1948042.0
Illinois,2020-09-01,1077021.0,2001532.0
Illinois,2020-10-01,1089945.0,2021384.0
Illinois,2020-11-01,1082016.0,2003672.0
Illinois,2020-12-01,1093868.0,2023782.0
Illinois,2021-01-01,1111197.0,2052650.0
Illinois,2021-02-01,1110034.0,2050596.0
Illinois,2021-03-01,1118687.0,2063370.0
Illinois,2021-04-01,1072123.0,2044420.0
Illinois,2021-05-01,1053131.0,1949932.0
Illinois,2021-06-01,1054629.0,1954847.0
Illinois,2021-07-01,1891322.0,2744651.0
Illinois,2021-08-01,1000611.0,1914912.0
Illinois,2021-09-01,993216.0,1824419.0
Illinois,2021-10-01,1021433.0,1883995.0
Illinois,2021-11-01,1036697.0,1918174.0
Illinois,2021-12-01,1051967.0,1949042.0
Illinois,2022-01-01,1059449.0,1965546.0
Illinois,2022-02-01,1071564.0,1988757.0
Illinois,2022-03-01,1083730.0,2010324.0
Illinois,2022-04-01,1079976.0,2003747.0
Illinois,2022-05-01,1080026.0,2003952.0
Illinois,2022-06-01,1083945.0,2010682.0
Illinois,2022-07-01,1085550.0,2012328.0
Illinois,2022-08-01,1087878.0,2015218.0
Illinois,2022-09-01,1090161.0,2018799.0
Illinois,2022-10-01,1099038.0,2032657.0
Illinois,2022-11-01,1102098.0,2036869.0
Illinois,2022-12-01,1111313.0,2052818.0
Illinois,2023-01-01,1105650.0,2047036.0
Illinois,2023-02-01,1112074.0,2058951.0
Illinois,2023-03-01,1107826.0,2048872.0
Illinois,2023-04-01,1077067.0,1990566.0
Illinois,2023-05-01,1089246.0,2012448.0
Illinois,2023-06-01,1087031.0,2006611.0
Illinois,2023-07-01,1096090.0,2019104.0
Illinois,2023-08-01,1115021.0,2109069.0
Illinois,2023-09-01,1069780.0,1961613.0
Illinois,2023-10-01,1059523.0,1939888.0
Illinois,2023-11-01,1048582.0,1919522.0
Illinois,2023-12-01,1056293.0,1936364.0
Illinois,2024-01-01,1053180.0,1923443.0
Illinois,2024-02-01,1054812.0,1924670.0
Illinois,2024-03-01,1082115.0,1967167.0
Illinois,2024-04-01,1066873.0,1943480.0
Illinois,2024-05-01,1069868.0,1948556.0
Illinois,2024-06-01,1070759.0,1946371.0
Illinois,2024-07-01,1068495.0,1946490.0
Illinois,2024-08-01,1053202.0,1916909.0
Illinois,2024-09-01,0.0,0.0
Indiana,1988-10-01,99171.0,284804.0
Indiana,1988-11-01,97659.0,278625.0
Indiana,1988-12-01,99796.0,286316.0
Indiana,1989-01-01,101160.0,289993.0
Indiana,1989-02-01,100790.0,288336.0
Indiana,1989-03-01,103223.0,296964.0
Indiana,1989-04-01,101681.0,291987.0
Indiana,1989-05-01,98203.0,280395.0
Indiana,1989-06-01,98354.0,281484.0
Indiana,1989-07-01,96816.0,276276.0
Indiana,1989-08-01,99098.0,282643.0
Indiana,1989-09-01,99476.0,283865.0
Indiana,1989-10-01,98426.0,281132.0
Indiana,1989-11-01,99626.0,284376.0
Indiana,1989-12-01,102693.0,293349.0
Indiana,1990-01-01,108411.0,310226.0
Indiana,1990-02-01,110992.0,318576.0
Indiana,1990-03-01,112853.0,323824.0
Indiana,1990-04-01,112528.0,321955.0
Indiana,1990-05-01,111963.0,320115.0
Indiana,1990-06-01,111406.0,318069.0
Indiana,1990-07-01,111548.0,317720.0
Indiana,1990-08-01,112781.0,320939.0
Indiana,1990-09-01,112434.0,319941.0
Indiana,1990-10-01,115114.0,327994.0
Indiana,1990-11-01,117929.0,335914.0
Indiana,1990-12-01,122420.0,349679.0
Indiana,1991-01-01,127493.0,364096.0
Indiana,1991-02-01,130748.0,375142.0
Indiana,1991-03-01,134254.0,385884.0
Indiana,1991-04-01,136048.0,390443.0
Indiana,1991-05-01,136262.0,390509.0
Indiana,1991-06-01,136114.0,389334.0
Indiana,1991-07-01,137611.0,393291.0
Indiana,1991-08-01,140128.0,398600.0
Indiana,1991-09-01,141219.0,401251.0
Indiana,1991-10-01,144429.0,409230.0
Indiana,1991-11-01,147712.0,417544.0
Indiana,1991-12-01,152333.0,430094.0
Indiana,1992-01-01,156957.0,442624.0
Indiana,1992-02-01,159817.0,450126.0
Indiana,1992-03-01,162691.0,457106.0
Indiana,1992-04-01,163480.0,458586.0
Indiana,1992-05-01,163002.0,455735.0
Indiana,1992-06-01,164268.0,458284.0
Indiana,1992-07-01,165791.0,461341.0
Indiana,1992-08-01,167329.0,464594.0
Indiana,1992-09-01,168609.0,466695.0
Indiana,1992-10-01,176140.0,479016.0
Indiana,1992-11-01,178477.0,483982.0
Indiana,1992-12-01,180932.0,490370.0
Indiana,1993-01-01,183481.0,496680.0
Indiana,1993-02-01,184122.0,497531.0
Indiana,1993-03-01,190568.0,513549.0
Indiana,1993-04-01,191178.0,515548.0
Indiana,1993-05-01,195862.0,527899.0
Indiana,1993-06-01,190695.0,514069.0
Indiana,1993-07-01,182196.0,488947.0
Indiana,1993-08-01,177185.0,472632.0
Indiana,1993-09-01,180532.0,479469.0
Indiana,1993-10-01,184003.0,489314.0
Indiana,1993-11-01,187343.0,503890.0
Indiana,1993-12-01,189205.0,508112.0
Indiana,1994-01-01,200742.0,538224.0
Indiana,1994-02-01,200566.0,538186.0
Indiana,1994-03-01,203560.0,543248.0
Indiana,1994-04-01,199889.0,532894.0
Indiana,1994-05-01,199458.0,529417.0
Indiana,1994-06-01,197828.0,524131.0
Indiana,1994-07-01,196079.0,518389.0
Indiana,1994-08-01,182720.0,485644.0
Indiana,1994-09-01,187343.0,503820.0
Indiana,1994-10-01,192805.0,501146.0
Indiana,1994-11-01,192789.0,499216.0
Indiana,1994-12-01,190152.0,491473.0
Indiana,1995-01-01,190668.0,492449.0
Indiana,1995-02-01,190057.0,489859.0
Indiana,1995-03-01,190012.0,488396.0
Indiana,1995-04-01,185985.0,477342.0
Indiana,1995-05-01,184018.0,470842.0
Indiana,1995-06-01,180180.0,459400.0
Indiana,1995-07-01,173975.0,442878.0
Indiana,1995-08-01,163809.0,416142.0
Indiana,1995-09-01,160321.0,406618.0
Indiana,1995-10-01,160310.0,405481.0
Indiana,1995-11-01,157924.0,399578.0
Indiana,1995-12-01,157784.0,398185.0
Indiana,1996-01-01,157883.0,398527.0
Indiana,1996-02-01,157268.0,397270.0
Indiana,1996-03-01,157608.0,397595.0
Indiana,1996-04-01,155966.0,392751.0
Indiana,1996-05-01,154057.0,387272.0
Indiana,1996-06-01,151628.0,380218.0
Indiana,1996-07-01,150798.0,378032.0
Indiana,1996-08-01,149028.0,372574.0
Indiana,1996-09-01,147104.0,366964.0
Indiana,1996-10-01,145452.0,361726.0
Indiana,1996-11-01,142835.0,355475.0
Indiana,1996-12-01,142775.0,356026.0
Indiana,1997-01-01,142851.0,355957.0
Indiana,1997-02-01,142493.0,355054.0
Indiana,1997-03-01,142712.0,354907.0
Indiana,1997-04-01,141140.0,349719.0
Indiana,1997-05-01,138833.0,343278.0
Indiana,1997-06-01,137196.0,338134.0
Indiana,1997-07-01,136511.0,336299.0
Indiana,1997-08-01,135506.0,333271.0
Indiana,1997-09-01,135664.0,333413.0
Indiana,1997-10-01,134689.0,329522.0
Indiana,1997-11-01,132784.0,324178.0
Indiana,1997-12-01,133607.0,325167.0
Indiana,1998-01-01,132199.0,320734.0
Indiana,1998-02-01,131726.0,319022.0
Indiana,1998-03-01,131423.0,317120.0
Indiana,1998-04-01,128595.0,309557.0
Indiana,1998-05-01,126484.0,304175.0
Indiana,1998-06-01,126742.0,304045.0
Indiana,1998-07-01,125890.0,301515.0
Indiana,1998-08-01,125908.0,302029.0
Indiana,1998-09-01,125685.0,300325.0
Indiana,1998-10-01,125403.0,299359.0
Indiana,1998-11-01,125355.0,298525.0
Indiana,1998-12-01,126646.0,301485.0
Indiana,1999-01-01,125912.0,300165.0
Indiana,1999-02-01,126333.0,301024.0
Indiana,1999-03-01,127645.0,303832.0
Indiana,1999-04-01,125712.0,298966.0
Indiana,1999-05-01,124874.0,296021.0
Indiana,1999-06-01,124837.0,295307.0
Indiana,1999-07-01,124345.0,293730.0
Indiana,1999-08-01,125162.0,295522.0
Indiana,1999-09-01,124894.0,294621.0
Indiana,1999-10-01,124752.0,294174.0
Indiana,1999-11-01,125380.0,295706.0
Indiana,1999-12-01,125725.0,296368.0
Indiana,2000-01-01,126013.0,296402.0
Indiana,2000-02-01,127059.0,299050.0
Indiana,2000-03-01,128468.0,302242.0
Indiana,2000-04-01,127526.0,299507.0
Indiana,2000-05-01,128083.0,300059.0
Indiana,2000-06-01,128562.0,300712.0
Indiana,2000-07-01,128972.0,301187.0
Indiana,2000-08-01,131547.0,308081.0
Indiana,2000-09-01,132415.0,310282.0
Indiana,2000-10-01,135474.0,318511.0
Indiana,2000-11-01,136743.0,322246.0
Indiana,2000-12-01,139125.0,328525.0
Indiana,2001-01-01,142685.0,337617.0
Indiana,2001-02-01,143094.0,338164.0
Indiana,2001-03-01,147060.0,347224.0
Indiana,2001-04-01,147469.0,349600.0
Indiana,2001-05-01,149925.0,354658.0
Indiana,2001-06-01,151704.0,359228.0
Indiana,2001-07-01,153476.0,363674.0
Indiana,2001-08-01,155535.0,369234.0
Indiana,2001-09-01,156461.0,371496.0
Indiana,2001-10-01,160463.0,382063.0
Indiana,2001-11-01,162177.0,387399.0
Indiana,2001-12-01,165600.0,396508.0
Indiana,2002-01-01,169841.0,407410.0
Indiana,2002-02-01,169888.0,408042.0
Indiana,2002-03-01,172537.0,414204.0
Indiana,2002-04-01,174104.0,418246.0
Indiana,2002-05-01,173906.0,417698.0
Indiana,2002-06-01,173727.0,417116.0
Indiana,2002-07-01,176342.0,423603.0
Indiana,2002-08-01,178056.0,427818.0
Indiana,2002-09-01,179321.0,430535.0
Indiana,2002-10-01,183048.0,439237.0
Indiana,2002-11-01,183808.0,441499.0
Indiana,2002-12-01,187238.0,449148.0
Indiana,2003-01-01,191243.0,458487.0
Indiana,2003-02-01,192254.0,461064.0
Indiana,2003-03-01,195247.0,467992.0
Indiana,2003-04-01,196514.0,471673.0
Indiana,2003-05-01,197494.0,473541.0
Indiana,2003-06-01,205208.0,487197.0
Indiana,2003-07-01,207800.0,493835.0
Indiana,2003-08-01,208943.0,496333.0
Indiana,2003-09-01,211465.0,502191.0
Indiana,2003-10-01,214987.0,508903.0
Indiana,2003-11-01,215597.0,509109.0
Indiana,2003-12-01,220428.0,518922.0
Indiana,2004-01-01,221856.0,521174.0
Indiana,2004-02-01,222660.0,522926.0
Indiana,2004-03-01,226071.0,530759.0
Indiana,2004-04-01,226042.0,529903.0
Indiana,2004-05-01,226679.0,529857.0
Indiana,2004-06-01,228213.0,532402.0
Indiana,2004-07-01,228936.0,534255.0
Indiana,2004-08-01,230715.0,538350.0
Indiana,2004-09-01,231269.0,539332.0
Indiana,2004-10-01,233215.0,543059.0
Indiana,2004-11-01,235027.0,547530.0
Indiana,2004-12-01,237633.0,552835.0
Indiana,2005-01-01,240070.0,557686.0
Indiana,2005-02-01,242293.0,563206.0
Indiana,2005-03-01,241469.0,558870.0
Indiana,2005-04-01,240360.0,556058.0
Indiana,2005-05-01,240721.0,556605.0
Indiana,2005-06-01,241178.0,557207.0
Indiana,2005-07-01,240285.0,554776.0
Indiana,2005-08-01,243822.0,563146.0
Indiana,2005-09-01,244465.0,564445.0
Indiana,2005-10-01,245579.0,566569.0
Indiana,2005-11-01,247332.0,570242.0
Indiana,2005-12-01,248965.0,573516.0
Indiana,2006-01-01,250093.0,575726.0
Indiana,2006-02-01,249411.0,573728.0
Indiana,2006-03-01,252172.0,579553.0
Indiana,2006-04-01,249330.0,574006.0
Indiana,2006-05-01,250364.0,576211.0
Indiana,2006-06-01,249914.0,575602.0
Indiana,2006-07-01,249080.0,573832.0
Indiana,2006-08-01,251436.0,579762.0
Indiana,2006-09-01,250301.0,577610.0
Indiana,2006-10-01,252238.0,582652.0
Indiana,2006-11-01,251533.0,581657.0
Indiana,2006-12-01,253220.0,585296.0
Indiana,2007-01-01,255106.0,589303.0
Indiana,2007-02-01,252223.0,583210.0
Indiana,2007-03-01,254254.0,587152.0
Indiana,2007-04-01,252551.0,583789.0
Indiana,2007-05-01,253233.0,585245.0
Indiana,2007-06-01,253443.0,586156.0
Indiana,2007-07-01,254557.0,589626.0
Indiana,2007-08-01,257232.0,596507.0
Indiana,2007-09-01,256484.0,595284.0
Indiana,2007-10-01,261526.0,607782.0
Indiana,2007-11-01,260330.0,605377.0
Indiana,2007-12-01,260901.0,606704.0
Indiana,2008-01-01,261914.0,608080.0
Indiana,2008-02-01,261927.0,608404.0
Indiana,2008-03-01,263483.0,611969.0
Indiana,2008-04-01,264786.0,615421.0
Indiana,2008-05-01,263188.0,611239.0
Indiana,2008-06-01,273876.0,639470.0
Indiana,2008-07-01,275272.0,641216.0
Indiana,2008-08-01,279700.0,652769.0
Indiana,2008-09-01,286726.0,672551.0
Indiana,2008-10-01,312104.0,740347.0
Indiana,2008-11-01,282622.0,659712.0
Indiana,2008-12-01,287343.0,670192.0
Indiana,2009-01-01,289304.0,675871.0
Indiana,2009-02-01,290033.0,679420.0
Indiana,2009-03-01,296245.0,694052.0
Indiana,2009-04-01,296784.0,695135.0
Indiana,2009-05-01,301829.0,708942.0
Indiana,2009-06-01,306562.0,721155.0
Indiana,2009-07-01,311475.0,732197.0
Indiana,2009-08-01,317502.0,745955.0
Indiana,2009-09-01,322539.0,757360.0
Indiana,2009-10-01,329544.0,774776.0
Indiana,2009-11-01,332333.0,781420.0
Indiana,2009-12-01,338287.0,794209.0
Indiana,2010-01-01,341456.0,800959.0
Indiana,2010-02-01,342960.0,804477.0
Indiana,2010-03-01,346813.0,810986.0
Indiana,2010-04-01,345446.0,805969.0
Indiana,2010-05-01,349641.0,814069.0
Indiana,2010-06-01,352598.0,823818.0
Indiana,2010-07-01,359968.0,839080.0
Indiana,2010-08-01,366057.0,853086.0
Indiana,2010-09-01,368913.0,857992.0
Indiana,2010-10-01,370919.0,860911.0
Indiana,2010-11-01,372486.0,863489.0
Indiana,2010-12-01,376700.0,871666.0
Indiana,2011-01-01,377040.0,872037.0
Indiana,2011-02-01,377104.0,871500.0
Indiana,2011-03-01,381386.0,878389.0
Indiana,2011-04-01,381191.0,876142.0
Indiana,2011-05-01,382708.0,878259.0
Indiana,2011-06-01,384867.0,882664.0
Indiana,2011-07-01,386316.0,884325.0
Indiana,2011-08-01,391571.0,895008.0
Indiana,2011-09-01,392310.0,896328.0
Indiana,2011-10-01,395327.0,901967.0
Indiana,2011-11-01,395321.0,900760.0
Indiana,2011-12-01,398604.0,906446.0
Indiana,2012-01-01,400104.0,909866.0
Indiana,2012-02-01,399169.0,906552.0
Indiana,2012-03-01,400223.0,906894.0
Indiana,2012-04-01,398315.0,901265.0
Indiana,2012-05-01,400506.0,904686.0
Indiana,2012-06-01,402931.0,908458.0
Indiana,2012-07-01,405247.0,911977.0
Indiana,2012-08-01,410267.0,922382.0
Indiana,2012-09-01,410961.0,923201.0
Indiana,2012-10-01,412820.0,925574.0
Indiana,2012-11-01,411830.0,922564.0
Indiana,2012-12-01,412719.0,923750.0
Indiana,2013-01-01,415066.0,927030.0
Indiana,2013-02-01,414279.0,925554.0
Indiana,2013-03-01,415731.0,926959.0
Indiana,2013-04-01,415325.0,924463.0
Indiana,2013-05-01,416540.0,926574.0
Indiana,2013-06-01,416138.0,924122.0
Indiana,2013-07-01,416777.0,925265.0
Indiana,2013-08-01,419988.0,931675.0
Indiana,2013-09-01,419005.0,928601.0
Indiana,2013-10-01,418649.0,926155.0
Indiana,2013-11-01,414892.0,917743.0
Indiana,2013-12-01,411046.0,908732.0
Indiana,2014-01-01,406364.0,898362.0
Indiana,2014-02-01,405169.0,896095.0
Indiana,2014-03-01,405171.0,894673.0
Indiana,2014-04-01,400719.0,883826.0
Indiana,2014-05-01,400556.0,882724.0
Indiana,2014-06-01,399298.0,879279.0
Indiana,2014-07-01,398768.0,877617.0
Indiana,2014-08-01,398034.0,875833.0
Indiana,2014-09-01,396235.0,871344.0
Indiana,2014-10-01,396497.0,871178.0
Indiana,2014-11-01,389893.0,854791.0
Indiana,2014-12-01,388679.0,851242.0
Indiana,2015-01-01,387226.0,847287.0
Indiana,2015-02-01,384064.0,839656.0
Indiana,2015-03-01,383015.0,836108.0
Indiana,2015-04-01,377195.0,822483.0
Indiana,2015-05-01,375118.0,818856.0
Indiana,2015-06-01,373232.0,814915.0
Indiana,2015-07-01,371396.0,813123.0
Indiana,2015-08-01,368148.0,808064.0
Indiana,2015-09-01,364690.0,803182.0
Indiana,2015-10-01,362377.0,799663.0
Indiana,2015-11-01,340027.0,764670.0
Indiana,2015-12-01,336097.0,758446.0
Indiana,2016-01-01,335382.0,757243.0
Indiana,2016-02-01,331932.0,749927.0
Indiana,2016-03-01,329937.0,745505.0
Indiana,2016-04-01,325865.0,736345.0
Indiana,2016-05-01,319545.0,723371.0
Indiana,2016-06-01,318151.0,720795.0
Indiana,2016-07-01,315471.0,714806.0
Indiana,2016-08-01,316369.0,717811.0
Indiana,2016-09-01,313106.0,710738.0
Indiana,2016-10-01,312214.0,708476.0
Indiana,2016-11-01,307780.0,697626.0
Indiana,2016-12-01,305574.0,691962.0
Indiana,2017-01-01,301508.0,682077.0
Indiana,2017-02-01,300195.0,679246.0
Indiana,2017-03-01,300241.0,678003.0
Indiana,2017-04-01,293390.0,661257.0
Indiana,2017-05-01,291902.0,657932.0
Indiana,2017-06-01,290461.0,654685.0
Indiana,2017-07-01,288332.0,649370.0
Indiana,2017-08-01,290248.0,654076.0
Indiana,2017-09-01,287987.0,649118.0
Indiana,2017-10-01,285441.0,642328.0
Indiana,2017-11-01,282864.0,636499.0
Indiana,2017-12-01,280739.0,630576.0
Indiana,2018-01-01,278730.0,625188.0
Indiana,2018-02-01,277463.0,622559.0
Indiana,2018-03-01,276349.0,619119.0
Indiana,2018-04-01,273075.0,611377.0
Indiana,2018-05-01,270630.0,606232.0
Indiana,2018-06-01,268109.0,601044.0
Indiana,2018-07-01,269076.0,601227.0
Indiana,2018-08-01,271690.0,606211.0
Indiana,2018-09-01,270249.0,602029.0
Indiana,2018-10-01,269024.0,599613.0
Indiana,2018-11-01,265027.0,590807.0
Indiana,2018-12-01,263014.0,584631.0
Indiana,2019-01-01,270851.0,603782.0
Indiana,2019-02-01,18695.0,44078.0
Indiana,2019-03-01,263930.0,586395.0
Indiana,2019-04-01,254030.0,566081.0
Indiana,2019-05-01,257025.0,570171.0
Indiana,2019-06-01,252565.0,559775.0
Indiana,2019-07-01,231554.0,519230.0
Indiana,2019-08-01,254886.0,565743.0
Indiana,2019-09-01,259037.0,574304.0
Indiana,2019-10-01,260085.0,576112.0
Indiana,2019-11-01,257459.0,570688.0
Indiana,2019-12-01,256294.0,567698.0
Indiana,2020-01-01,252176.0,556423.0
Indiana,2020-02-01,256449.0,566149.0
Indiana,2020-03-01,257999.0,568655.0
Indiana,2020-04-01,288092.0,631055.0
Indiana,2020-05-01,302872.0,664068.0
Indiana,2020-06-01,307900.0,673433.0
Indiana,2020-07-01,256055.0,559381.0
Indiana,2020-08-01,289261.0,637154.0
Indiana,2020-09-01,300326.0,646193.0
Indiana,2020-10-01,296730.0,643454.0
Indiana,2020-11-01,294168.0,638340.0
Indiana,2020-12-01,306899.0,666161.0
Indiana,2021-01-01,313590.0,677873.0
Indiana,2021-02-01,309855.0,669397.0
Indiana,2021-03-01,306255.0,659377.0
Indiana,2021-04-01,301214.0,646349.0
Indiana,2021-05-01,299210.0,642595.0
Indiana,2021-06-01,296740.0,635954.0
Indiana,2021-07-01,293789.0,627069.0
Indiana,2021-08-01,291435.0,619772.0
Indiana,2021-09-01,292275.0,622712.0
Indiana,2021-10-01,292969.0,624284.0
Indiana,2021-11-01,292710.0,624002.0
Indiana,2021-12-01,287824.0,614553.0
Indiana,2022-01-01,284837.0,608495.0
Indiana,2022-02-01,289456.0,618584.0
Indiana,2022-03-01,292997.0,625513.0
Indiana,2022-04-01,293347.0,625128.0
Indiana,2022-05-01,292094.0,621490.0
Indiana,2022-06-01,289890.0,617191.0
Indiana,2022-07-01,289548.0,615289.0
Indiana,2022-08-01,290172.0,614575.0
Indiana,2022-09-01,284992.0,602455.0
Indiana,2022-10-01,283891.0,599932.0
Indiana,2022-11-01,282679.0,597005.0
Indiana,2022-12-01,284407.0,600644.0
Indiana,2023-01-01,280821.0,594401.0
Indiana,2023-02-01,280918.0,594891.0
Indiana,2023-03-01,284706.0,601442.0
Indiana,2023-04-01,281556.0,593550.0
Indiana,2023-05-01,282324.0,593995.0
Indiana,2023-06-01,285018.0,598996.0
Indiana,2023-07-01,285100.0,599055.0
Indiana,2023-08-01,288578.0,605560.0
Indiana,2023-09-01,288751.0,605487.0
Indiana,2023-10-01,292101.0,613137.0
Indiana,2023-11-01,292620.0,614140.0
Indiana,2023-12-01,295526.0,618859.0
Indiana,2024-01-01,293992.0,614546.0
Indiana,2024-02-01,294335.0,614679.0
Indiana,2024-03-01,293368.0,611113.0
Indiana,2024-04-01,288131.0,601132.0
Indiana,2024-05-01,287453.0,601789.0
Indiana,2024-06-01,288513.0,604551.0
Indiana,2024-07-01,289873.0,606785.0
Indiana,2024-08-01,293970.0,614912.0
Indiana,2024-09-01,0.0,0.0
Iowa,1988-10-01,66597.0,167517.0
Iowa,1988-11-01,66374.0,166294.0
Iowa,1988-12-01,67416.0,169327.0
Iowa,1989-01-01,68101.0,171114.0
Iowa,1989-02-01,68155.0,170432.0
Iowa,1989-03-01,69337.0,174279.0
Iowa,1989-04-01,68915.0,173384.0
Iowa,1989-05-01,66947.0,167238.0
Iowa,1989-06-01,66225.0,165806.0
Iowa,1989-07-01,65615.0,164508.0
Iowa,1989-08-01,65432.0,163210.0
Iowa,1989-09-01,65424.0,163431.0
Iowa,1989-10-01,65744.0,163901.0
Iowa,1989-11-01,65998.0,164009.0
Iowa,1989-12-01,67262.0,167671.0
Iowa,1990-01-01,68736.0,171661.0
Iowa,1990-02-01,69590.0,173455.0
Iowa,1990-03-01,70303.0,176156.0
Iowa,1990-04-01,70294.0,176317.0
Iowa,1990-05-01,68539.0,171057.0
Iowa,1990-06-01,68169.0,171061.0
Iowa,1990-07-01,67920.0,170877.0
Iowa,1990-08-01,67587.0,169450.0
Iowa,1990-09-01,67651.0,169791.0
Iowa,1990-10-01,67407.0,167961.0
Iowa,1990-11-01,68612.0,171560.0
Iowa,1990-12-01,69654.0,174408.0
Iowa,1991-01-01,70877.0,177590.0
Iowa,1991-02-01,73094.0,183793.0
Iowa,1991-03-01,72921.0,183474.0
Iowa,1991-04-01,73883.0,186181.0
Iowa,1991-05-01,72752.0,182839.0
Iowa,1991-06-01,72673.0,183115.0
Iowa,1991-07-01,71802.0,180126.0
Iowa,1991-08-01,72745.0,183461.0
Iowa,1991-09-01,72745.0,183046.0
Iowa,1991-10-01,73250.0,183550.0
Iowa,1991-11-01,74725.0,188069.0
Iowa,1991-12-01,75893.0,191023.0
Iowa,1992-01-01,76898.0,193381.0
Iowa,1992-02-01,78789.0,198439.0
Iowa,1992-03-01,78296.0,196353.0
Iowa,1992-04-01,78509.0,198294.0
Iowa,1992-05-01,77327.0,195139.0
Iowa,1992-06-01,76835.0,193276.0
Iowa,1992-07-01,75903.0,190191.0
Iowa,1992-08-01,76173.0,191727.0
Iowa,1992-09-01,75188.0,188025.0
Iowa,1992-10-01,76248.0,191465.0
Iowa,1992-11-01,76693.0,192331.0
Iowa,1992-12-01,76827.0,191189.0
Iowa,1993-01-01,78135.0,196216.0
Iowa,1993-02-01,78698.0,197120.0
Iowa,1993-03-01,79987.0,200894.0
Iowa,1993-04-01,80447.0,202447.0
Iowa,1993-05-01,79511.0,199681.0
Iowa,1993-06-01,77710.0,193650.0
Iowa,1993-07-01,81794.0,202172.0
Iowa,1993-08-01,78747.0,196385.0
Iowa,1993-09-01,76536.0,189717.0
Iowa,1993-10-01,77715.0,193509.0
Iowa,1993-11-01,77933.0,194018.0
Iowa,1993-12-01,78218.0,193946.0
Iowa,1994-01-01,79324.0,197939.0
Iowa,1994-02-01,79441.0,197585.0
Iowa,1994-03-01,81563.0,203883.0
Iowa,1994-04-01,81306.0,203514.0
Iowa,1994-05-01,79710.0,198483.0
Iowa,1994-06-01,77904.0,193109.0
Iowa,1994-07-01,77642.0,193139.0
Iowa,1994-08-01,76957.0,191457.0
Iowa,1994-09-01,76086.0,187885.0
Iowa,1994-10-01,76611.0,189272.0
Iowa,1994-11-01,75931.0,186063.0
Iowa,1994-12-01,76661.0,187985.0
Iowa,1995-01-01,76132.0,186536.0
Iowa,1995-02-01,75860.0,184660.0
Iowa,1995-03-01,77346.0,189228.0
Iowa,1995-04-01,75962.0,186332.0
Iowa,1995-05-01,75018.0,182029.0
Iowa,1995-06-01,74346.0,181595.0
Iowa,1995-07-01,73610.0,179818.0
Iowa,1995-08-01,72970.0,176757.0
Iowa,1995-09-01,73275.0,178030.0
Iowa,1995-10-01,73307.0,177617.0
Iowa,1995-11-01,73056.0,176593.0
Iowa,1995-12-01,73865.0,178467.0
Iowa,1996-01-01,73996.0,178561.0
Iowa,1996-02-01,74466.0,179109.0
Iowa,1996-03-01,75169.0,181699.0
Iowa,1996-04-01,74982.0,180996.0
Iowa,1996-05-01,73882.0,177199.0
Iowa,1996-06-01,73494.0,176895.0
Iowa,1996-07-01,72506.0,173428.0
Iowa,1996-08-01,72531.0,174606.0
Iowa,1996-09-01,71781.0,172227.0
Iowa,1996-10-01,70664.0,168238.0
Iowa,1996-11-01,70442.0,168732.0
Iowa,1996-12-01,70053.0,167446.0
Iowa,1997-01-01,69191.0,165363.0
Iowa,1997-02-01,70053.0,168377.0
Iowa,1997-03-01,68146.0,164330.0
Iowa,1997-04-01,67343.0,163660.0
Iowa,1997-05-01,65629.0,159742.0
Iowa,1997-06-01,64392.0,156472.0
Iowa,1997-07-01,62670.0,151024.0
Iowa,1997-08-01,62605.0,151629.0
Iowa,1997-09-01,61898.0,149189.0
Iowa,1997-10-01,61246.0,147012.0
Iowa,1997-11-01,60507.0,145765.0
Iowa,1997-12-01,59852.0,142673.0
Iowa,1998-01-01,60371.0,145349.0
Iowa,1998-02-01,60511.0,145463.0
Iowa,1998-03-01,60043.0,143737.0
Iowa,1998-04-01,60021.0,144643.0
Iowa,1998-05-01,58875.0,141912.0
Iowa,1998-06-01,57419.0,137421.0
Iowa,1998-07-01,56293.0,134046.0
Iowa,1998-08-01,56099.0,134379.0
Iowa,1998-09-01,54992.0,130402.0
Iowa,1998-10-01,55518.0,132400.0
Iowa,1998-11-01,55147.0,131513.0
Iowa,1998-12-01,54453.0,128493.0
Iowa,1999-01-01,54960.0,130967.0
Iowa,1999-02-01,54740.0,129574.0
Iowa,1999-03-01,53344.0,126785.0
Iowa,1999-04-01,55522.0,132627.0
Iowa,1999-05-01,54531.0,130170.0
Iowa,1999-06-01,52974.0,125087.0
Iowa,1999-07-01,54005.0,127068.0
Iowa,1999-08-01,53213.0,126692.0
Iowa,1999-09-01,52638.0,124105.0
Iowa,1999-10-01,53042.0,125715.0
Iowa,1999-11-01,52724.0,124425.0
Iowa,1999-12-01,52288.0,122458.0
Iowa,2000-01-01,52502.0,123665.0
Iowa,2000-02-01,52723.0,123087.0
Iowa,2000-03-01,53472.0,125985.0
Iowa,2000-04-01,53033.0,125259.0
Iowa,2000-05-01,52030.0,121224.0
Iowa,2000-06-01,52384.0,122921.0
Iowa,2000-07-01,52160.0,122248.0
Iowa,2000-08-01,51989.0,120775.0
Iowa,2000-09-01,52233.0,122100.0
Iowa,2000-10-01,53019.0,123278.0
Iowa,2000-11-01,52378.0,120868.0
Iowa,2000-12-01,53273.0,123673.0
Iowa,2001-01-01,54031.0,125546.0
Iowa,2001-02-01,53831.0,124557.0
Iowa,2001-03-01,54848.0,127427.0
Iowa,2001-04-01,55255.0,128745.0
Iowa,2001-05-01,54576.0,126176.0
Iowa,2001-06-01,55038.0,128311.0
Iowa,2001-07-01,55445.0,129139.0
Iowa,2001-08-01,55406.0,128635.0
Iowa,2001-09-01,56140.0,131568.0
Iowa,2001-10-01,56779.0,132115.0
Iowa,2001-11-01,57999.0,135773.0
Iowa,2001-12-01,59450.0,138604.0
Iowa,2002-01-01,59979.0,139175.0
Iowa,2002-02-01,61363.0,143211.0
Iowa,2002-03-01,62043.0,144237.0
Iowa,2002-04-01,62697.0,146099.0
Iowa,2002-05-01,60618.0,140098.0
Iowa,2002-06-01,61291.0,142420.0
Iowa,2002-07-01,60411.0,139137.0
Iowa,2002-08-01,61621.0,143164.0
Iowa,2002-09-01,62339.0,144718.0
Iowa,2002-10-01,62745.0,144553.0
Iowa,2002-11-01,64402.0,149146.0
Iowa,2002-12-01,65250.0,150470.0
Iowa,2003-01-01,65034.0,149032.0
Iowa,2003-02-01,66663.0,153736.0
Iowa,2003-03-01,66689.0,152103.0
Iowa,2003-04-01,68067.0,158019.0
Iowa,2003-05-01,67873.0,158189.0
Iowa,2003-06-01,67592.0,157655.0
Iowa,2003-07-01,66616.0,154325.0
Iowa,2003-08-01,67852.0,158742.0
Iowa,2003-09-01,68453.0,159817.0
Iowa,2003-10-01,68844.0,159522.0
Iowa,2003-11-01,70087.0,163156.0
Iowa,2003-12-01,70447.0,161723.0
Iowa,2004-01-01,73116.0,170100.0
Iowa,2004-02-01,75793.0,177012.0
Iowa,2004-03-01,77972.0,182239.0
Iowa,2004-04-01,79136.0,185115.0
Iowa,2004-05-01,79848.0,186840.0
Iowa,2004-06-01,80168.0,187215.0
Iowa,2004-07-01,81339.0,189667.0
Iowa,2004-08-01,82536.0,192707.0
Iowa,2004-09-01,83627.0,194857.0
Iowa,2004-10-01,85213.0,198188.0
Iowa,2004-11-01,85676.0,199336.0
Iowa,2004-12-01,85213.0,198188.0
Iowa,2005-01-01,87881.0,203524.0
Iowa,2005-02-01,88604.0,204992.0
Iowa,2005-03-01,90212.0,208138.0
Iowa,2005-04-01,90733.0,209328.0
Iowa,2005-05-01,90862.0,209189.0
Iowa,2005-06-01,91159.0,209331.0
Iowa,2005-07-01,91978.0,210660.0
Iowa,2005-08-01,93418.0,213650.0
Iowa,2005-09-01,94905.0,215833.0
Iowa,2005-10-01,96279.0,218848.0
Iowa,2005-11-01,97090.0,219593.0
Iowa,2005-12-01,96279.0,218848.0
Iowa,2006-01-01,99555.0,223584.0
Iowa,2006-02-01,100041.0,224237.0
Iowa,2006-03-01,101221.0,226976.0
Iowa,2006-04-01,101534.0,227390.0
Iowa,2006-05-01,102326.0,228705.0
Iowa,2006-06-01,103004.0,229199.0
Iowa,2006-07-01,102713.0,228227.0
Iowa,2006-08-01,104202.0,230978.0
Iowa,2006-09-01,104793.0,232024.0
Iowa,2006-10-01,105474.0,233000.0
Iowa,2006-11-01,105663.0,233211.0
Iowa,2006-12-01,106984.0,235877.0
Iowa,2007-01-01,107185.0,236103.0
Iowa,2007-02-01,107258.0,236336.0
Iowa,2007-03-01,108493.0,239167.0
Iowa,2007-04-01,108552.0,239277.0
Iowa,2007-05-01,108854.0,240022.0
Iowa,2007-06-01,109573.0,241112.0
Iowa,2007-07-01,109099.0,239957.0
Iowa,2007-08-01,110148.0,242343.0
Iowa,2007-09-01,110707.0,243783.0
Iowa,2007-10-01,111520.0,245282.0
Iowa,2007-11-01,111861.0,245674.0
Iowa,2007-12-01,112647.0,247203.0
Iowa,2008-01-01,113657.0,249108.0
Iowa,2008-02-01,114556.0,250999.0
Iowa,2008-03-01,115658.0,253102.0
Iowa,2008-04-01,116649.0,255566.0
Iowa,2008-05-01,117420.0,256548.0
Iowa,2008-06-01,126281.0,279253.0
Iowa,2008-07-01,123197.0,268734.0
Iowa,2008-08-01,124070.0,270829.0
Iowa,2008-09-01,124070.0,275774.0
Iowa,2008-10-01,127179.0,276177.0
Iowa,2008-11-01,128453.0,279069.0
Iowa,2008-12-01,129817.0,281801.0
Iowa,2009-01-01,131467.0,285318.0
Iowa,2009-02-01,132953.0,289286.0
Iowa,2009-03-01,133650.0,291209.0
Iowa,2009-04-01,135876.0,296098.0
Iowa,2009-05-01,137552.0,299938.0
Iowa,2009-06-01,139141.0,303429.0
Iowa,2009-07-01,141279.0,308192.0
Iowa,2009-08-01,143438.0,313186.0
Iowa,2009-09-01,145887.0,317571.0
Iowa,2009-10-01,148976.0,324758.0
Iowa,2009-11-01,150300.0,327486.0
Iowa,2009-12-01,152274.0,331335.0
Iowa,2010-01-01,153794.0,334991.0
Iowa,2010-02-01,154770.0,337169.0
Iowa,2010-03-01,156528.0,340595.0
Iowa,2010-04-01,157422.0,342517.0
Iowa,2010-05-01,158731.0,344477.0
Iowa,2010-06-01,159680.0,346551.0
Iowa,2010-07-01,161149.0,349609.0
Iowa,2010-08-01,162265.0,351992.0
Iowa,2010-09-01,162461.0,352164.0
Iowa,2010-10-01,163090.0,352981.0
Iowa,2010-11-01,163055.0,351898.0
Iowa,2010-12-01,164841.0,354552.0
Iowa,2011-01-01,167412.0,360546.0
Iowa,2011-02-01,169427.0,365749.0
Iowa,2011-03-01,173097.0,373505.0
Iowa,2011-04-01,175483.0,379147.0
Iowa,2011-05-01,177067.0,382412.0
Iowa,2011-06-01,178827.0,386153.0
Iowa,2011-07-01,180015.0,388973.0
Iowa,2011-08-01,182184.0,393624.0
Iowa,2011-09-01,183734.0,396727.0
Iowa,2011-10-01,184833.0,398574.0
Iowa,2011-11-01,185479.0,399430.0
Iowa,2011-12-01,187775.0,403116.0
Iowa,2012-01-01,187849.0,402829.0
Iowa,2012-02-01,189240.0,405317.0
Iowa,2012-03-01,191043.0,408614.0
Iowa,2012-04-01,191574.0,409261.0
Iowa,2012-05-01,192483.0,410761.0
Iowa,2012-06-01,193588.0,412889.0
Iowa,2012-07-01,193407.0,412187.0
Iowa,2012-08-01,195154.0,415718.0
Iowa,2012-09-01,196222.0,417898.0
Iowa,2012-10-01,197323.0,419315.0
Iowa,2012-11-01,197154.0,418440.0
Iowa,2012-12-01,197540.0,417418.0
Iowa,2013-01-01,198028.0,418533.0
Iowa,2013-02-01,197947.0,419296.0
Iowa,2013-03-01,198796.0,420704.0
Iowa,2013-04-01,198555.0,420360.0
Iowa,2013-05-01,198843.0,420914.0
Iowa,2013-06-01,199538.0,422004.0
Iowa,2013-07-01,198846.0,421082.0
Iowa,2013-08-01,199849.0,423428.0
Iowa,2013-09-01,199584.0,422639.0
Iowa,2013-10-01,199540.0,421634.0
Iowa,2013-11-01,197118.0,416270.0
Iowa,2013-12-01,196216.0,413543.0
Iowa,2014-01-01,195303.0,411462.0
Iowa,2014-02-01,194411.0,410210.0
Iowa,2014-03-01,193488.0,408195.0
Iowa,2014-04-01,193096.0,407506.0
Iowa,2014-05-01,192638.0,406150.0
Iowa,2014-06-01,191341.0,403934.0
Iowa,2014-07-01,189665.0,400241.0
Iowa,2014-08-01,189258.0,399826.0
Iowa,2014-09-01,188394.0,397866.0
Iowa,2014-10-01,188723.0,398748.0
Iowa,2014-11-01,187882.0,396004.0
Iowa,2014-12-01,188554.0,397086.0
Iowa,2015-01-01,188407.0,395994.0
Iowa,2015-02-01,188610.0,396501.0
Iowa,2015-03-01,186164.0,392714.0
Iowa,2015-04-01,184519.0,390277.0
Iowa,2015-05-01,182923.0,387794.0
Iowa,2015-06-01,181913.0,386392.0
Iowa,2015-07-01,180612.0,384643.0
Iowa,2015-08-01,180177.0,384595.0
Iowa,2015-09-01,179712.0,383937.0
Iowa,2015-10-01,180092.0,384685.0
Iowa,2015-11-01,179639.0,383140.0
Iowa,2015-12-01,179582.0,382703.0
Iowa,2016-01-01,179813.0,382437.0
Iowa,2016-02-01,179443.0,381743.0
Iowa,2016-03-01,179657.0,381641.0
Iowa,2016-04-01,179096.0,380909.0
Iowa,2016-05-01,178090.0,378776.0
Iowa,2016-06-01,177797.0,377888.0
Iowa,2016-07-01,177424.0,377379.0
Iowa,2016-08-01,178039.0,378682.0
Iowa,2016-09-01,177813.0,378478.0
Iowa,2016-10-01,177226.0,377126.0
Iowa,2016-11-01,176131.0,374227.0
Iowa,2016-12-01,175626.0,372404.0
Iowa,2017-01-01,175033.0,370106.0
Iowa,2017-02-01,173701.0,367477.0
Iowa,2017-03-01,173157.0,365773.0
Iowa,2017-04-01,171789.0,363062.0
Iowa,2017-05-01,170772.0,360942.0
Iowa,2017-06-01,170829.0,361000.0
Iowa,2017-07-01,169722.0,358638.0
Iowa,2017-08-01,170526.0,360754.0
Iowa,2017-09-01,169917.0,359201.0
Iowa,2017-10-01,169509.0,357780.0
Iowa,2017-11-01,168519.0,354756.0
Iowa,2017-12-01,169046.0,354235.0
Iowa,2018-01-01,169139.0,353019.0
Iowa,2018-02-01,168245.0,350491.0
Iowa,2018-03-01,166415.0,347508.0
Iowa,2018-04-01,164332.0,343191.0
Iowa,2018-05-01,162985.0,340638.0
Iowa,2018-06-01,162698.0,339878.0
Iowa,2018-07-01,160291.0,334918.0
Iowa,2018-08-01,160514.0,335057.0
Iowa,2018-09-01,159699.0,333402.0
Iowa,2018-10-01,159549.0,332595.0
Iowa,2018-11-01,158362.0,329869.0
Iowa,2018-12-01,157716.0,327915.0
Iowa,2019-01-01,158181.0,327902.0
Iowa,2019-02-01,12752.0,28798.0
Iowa,2019-03-01,154548.0,320036.0
Iowa,2019-04-01,153470.0,317878.0
Iowa,2019-05-01,152351.0,315622.0
Iowa,2019-06-01,151910.0,314300.0
Iowa,2019-07-01,150822.0,311638.0
Iowa,2019-08-01,150920.0,312501.0
Iowa,2019-09-01,149444.0,309126.0
Iowa,2019-10-01,148694.0,306940.0
Iowa,2019-11-01,147597.0,304507.0
Iowa,2019-12-01,146820.0,302073.0
Iowa,2020-01-01,144049.0,295306.0
Iowa,2020-02-01,142176.0,290914.0
Iowa,2020-03-01,141217.0,287997.0
Iowa,2020-04-01,158591.0,323637.0
Iowa,2020-05-01,164694.0,335309.0
Iowa,2020-06-01,153003.0,304571.0
Iowa,2020-07-01,150663.0,296408.0
Iowa,2020-08-01,152280.0,302232.0
Iowa,2020-09-01,179417.0,376876.0
Iowa,2020-10-01,150996.0,303379.0
Iowa,2020-11-01,146213.0,294511.0
Iowa,2020-12-01,144670.0,292604.0
Iowa,2021-01-01,141682.0,287243.0
Iowa,2021-02-01,142656.0,290046.0
Iowa,2021-03-01,140557.0,286830.0
Iowa,2021-04-01,138782.0,282357.0
Iowa,2021-05-01,138024.0,280366.0
Iowa,2021-06-01,137158.0,279123.0
Iowa,2021-07-01,138202.0,279860.0
Iowa,2021-08-01,138070.0,278407.0
Iowa,2021-09-01,138347.0,277879.0
Iowa,2021-10-01,138892.0,279123.0
Iowa,2021-11-01,139047.0,279950.0
Iowa,2021-12-01,140329.0,282742.0
Iowa,2022-01-01,139458.0,282565.0
Iowa,2022-02-01,140020.0,283815.0
Iowa,2022-03-01,140403.0,284803.0
Iowa,2022-04-01,139067.0,281951.0
Iowa,2022-05-01,137782.0,278713.0
Iowa,2022-06-01,137242.0,276964.0
Iowa,2022-07-01,136037.0,273844.0
Iowa,2022-08-01,135312.0,272128.0
Iowa,2022-09-01,134270.0,269323.0
Iowa,2022-10-01,133626.0,267682.0
Iowa,2022-11-01,132926.0,265512.0
Iowa,2022-12-01,133096.0,265239.0
Iowa,2023-01-01,131373.0,262182.0
Iowa,2023-02-01,130859.0,262046.0
Iowa,2023-03-01,131422.0,263725.0
Iowa,2023-04-01,130786.0,262186.0
Iowa,2023-05-01,130561.0,262228.0
Iowa,2023-06-01,130934.0,262826.0
Iowa,2023-07-01,129410.0,259071.0
Iowa,2023-08-01,129790.0,260029.0
Iowa,2023-09-01,128841.0,258629.0
Iowa,2023-10-01,129268.0,259949.0
Iowa,2023-11-01,128889.0,259583.0
Iowa,2023-12-01,129472.0,260253.0
Iowa,2024-01-01,128209.0,257380.0
Iowa,2024-02-01,128134.0,257068.0
Iowa,2024-03-01,127733.0,257074.0
Iowa,2024-04-01,127719.0,257442.0
Iowa,2024-05-01,128054.0,258850.0
Iowa,2024-06-01,128504.0,260172.0
Iowa,2024-07-01,128930.0,261629.0
Iowa,2024-08-01,128847.0,261341.0
Iowa,2024-09-01,0.0,0.0
Kansas,1988-10-01,47310.0,119434.0
Kansas,1988-11-01,45928.0,120319.0
Kansas,1988-12-01,45928.0,123308.0
Kansas,1989-01-01,50390.0,124673.0
Kansas,1989-02-01,48464.0,126991.0
Kansas,1989-03-01,50312.0,132343.0
Kansas,1989-04-01,49547.0,130660.0
Kansas,1989-05-01,49765.0,130304.0
Kansas,1989-06-01,50678.0,130347.0
Kansas,1989-07-01,50043.0,130767.0
Kansas,1989-08-01,51009.0,132794.0
Kansas,1989-09-01,51332.0,133758.0
Kansas,1989-10-01,52175.0,135934.0
Kansas,1989-11-01,52645.0,136903.0
Kansas,1989-12-01,53545.0,139698.0
Kansas,1990-01-01,54273.0,141828.0
Kansas,1990-02-01,54804.0,143348.0
Kansas,1990-03-01,55408.0,145233.0
Kansas,1990-04-01,55593.0,145787.0
Kansas,1990-05-01,55019.0,143479.0
Kansas,1990-06-01,54853.0,143262.0
Kansas,1990-07-01,55100.0,144017.0
Kansas,1990-08-01,55166.0,143654.0
Kansas,1990-09-01,55405.0,144694.0
Kansas,1990-10-01,56668.0,147126.0
Kansas,1990-11-01,56916.0,148172.0
Kansas,1990-12-01,57221.0,148988.0
Kansas,1991-01-01,58510.0,152221.0
Kansas,1991-02-01,60538.0,158713.0
Kansas,1991-03-01,61085.0,159615.0
Kansas,1991-04-01,61394.0,160292.0
Kansas,1991-05-01,61010.0,158030.0
Kansas,1991-06-01,60916.0,158299.0
Kansas,1991-07-01,61014.0,158080.0
Kansas,1991-08-01,62415.0,161584.0
Kansas,1991-09-01,63111.0,163362.0
Kansas,1991-10-01,64391.0,166895.0
Kansas,1991-11-01,64391.0,166895.0
Kansas,1991-12-01,66060.0,170892.0
Kansas,1992-01-01,66393.0,171577.0
Kansas,1992-02-01,68203.0,176680.0
Kansas,1992-03-01,68396.0,176188.0
Kansas,1992-04-01,69220.0,178787.0
Kansas,1992-05-01,68310.0,175719.0
Kansas,1992-06-01,69180.0,177386.0
Kansas,1992-07-01,68742.0,175824.0
Kansas,1992-08-01,69778.0,179183.0
Kansas,1992-09-01,69779.0,178192.0
Kansas,1992-10-01,70970.0,181396.0
Kansas,1992-11-01,70970.0,181396.0
Kansas,1992-12-01,71356.0,182192.0
Kansas,1993-01-01,71848.0,184960.0
Kansas,1993-02-01,73619.0,189396.0
Kansas,1993-03-01,75171.0,193367.0
Kansas,1993-04-01,75204.0,193796.0
Kansas,1993-05-01,74349.0,191261.0
Kansas,1993-06-01,74216.0,189645.0
Kansas,1993-07-01,73915.0,189169.0
Kansas,1993-08-01,75477.0,193202.0
Kansas,1993-09-01,74685.0,189883.0
Kansas,1993-10-01,75087.0,190461.0
Kansas,1993-11-01,75072.0,190313.0
Kansas,1993-12-01,75121.0,189665.0
Kansas,1994-01-01,75954.0,192353.0
Kansas,1994-02-01,75994.0,191892.0
Kansas,1994-03-01,77945.0,197340.0
Kansas,1994-04-01,77389.0,196221.0
Kansas,1994-05-01,76387.0,192466.0
Kansas,1994-06-01,76198.0,191640.0
Kansas,1994-07-01,75464.0,190433.0
Kansas,1994-08-01,76278.0,190892.0
Kansas,1994-09-01,75062.0,187317.0
Kansas,1994-10-01,75772.0,188598.0
Kansas,1994-11-01,74797.0,185600.0
Kansas,1994-12-01,75625.0,187511.0
Kansas,1995-01-01,75197.0,186322.0
Kansas,1995-02-01,74818.0,184783.0
Kansas,1995-03-01,76543.0,189057.0
Kansas,1995-04-01,75149.0,185198.0
Kansas,1995-05-01,73997.0,180431.0
Kansas,1995-06-01,74657.0,183003.0
Kansas,1995-07-01,74087.0,181642.0
Kansas,1995-08-01,73697.0,179543.0
Kansas,1995-09-01,73620.0,179208.0
Kansas,1995-10-01,73527.0,177748.0
Kansas,1995-11-01,72054.0,173422.0
Kansas,1995-12-01,72326.0,174058.0
Kansas,1996-01-01,72500.0,173925.0
Kansas,1996-02-01,72727.0,174760.0
Kansas,1996-03-01,73514.0,177401.0
Kansas,1996-04-01,73102.0,175436.0
Kansas,1996-05-01,71463.0,169882.0
Kansas,1996-06-01,70925.0,168856.0
Kansas,1996-07-01,70272.0,165832.0
Kansas,1996-08-01,70405.0,167481.0
Kansas,1996-09-01,68859.0,163172.0
Kansas,1996-10-01,67791.0,159563.0
Kansas,1996-11-01,67508.0,159665.0
Kansas,1996-12-01,66768.0,157571.0
Kansas,1997-01-01,65845.0,155062.0
Kansas,1997-02-01,67001.0,158420.0
Kansas,1997-03-01,65818.0,154672.0
Kansas,1997-04-01,64644.0,151979.0
Kansas,1997-05-01,62713.0,146459.0
Kansas,1997-06-01,60564.0,140655.0
Kansas,1997-07-01,58712.0,134567.0
Kansas,1997-08-01,58657.0,135011.0
Kansas,1997-09-01,57268.0,131189.0
Kansas,1997-10-01,56153.0,128056.0
Kansas,1997-11-01,55558.0,126503.0
Kansas,1997-12-01,53639.0,120881.0
Kansas,1998-01-01,54066.0,122573.0
Kansas,1998-02-01,53916.0,121749.0
Kansas,1998-03-01,52748.0,117833.0
Kansas,1998-04-01,52661.0,118454.0
Kansas,1998-05-01,51620.0,115844.0
Kansas,1998-06-01,51349.0,114940.0
Kansas,1998-07-01,50972.0,113625.0
Kansas,1998-08-01,51700.0,116331.0
Kansas,1998-09-01,51097.0,113826.0
Kansas,1998-10-01,51776.0,115497.0
Kansas,1998-11-01,51636.0,114587.0
Kansas,1998-12-01,51324.0,113104.0
Kansas,1999-01-01,51932.0,114867.0
Kansas,1999-02-01,51888.0,114458.0
Kansas,1999-03-01,52090.0,114889.0
Kansas,1999-04-01,51996.0,115113.0
Kansas,1999-05-01,52636.0,116606.0
Kansas,1999-06-01,51329.0,112260.0
Kansas,1999-07-01,52422.0,115444.0
Kansas,1999-08-01,52742.0,116438.0
Kansas,1999-09-01,52323.0,115197.0
Kansas,1999-10-01,52779.0,116388.0
Kansas,1999-11-01,52561.0,115561.0
Kansas,1999-12-01,52183.0,113643.0
Kansas,2000-01-01,52561.0,114615.0
Kansas,2000-02-01,52673.0,113770.0
Kansas,2000-03-01,53913.0,117617.0
Kansas,2000-04-01,53591.0,116812.0
Kansas,2000-05-01,52430.0,113090.0
Kansas,2000-06-01,53751.0,117283.0
Kansas,2000-07-01,53880.0,118242.0
Kansas,2000-08-01,54258.0,118338.0
Kansas,2000-09-01,55568.0,122775.0
Kansas,2000-10-01,55279.0,121628.0
Kansas,2000-11-01,54948.0,120156.0
Kansas,2000-12-01,55520.0,122135.0
Kansas,2001-01-01,55791.0,122705.0
Kansas,2001-02-01,55696.0,121832.0
Kansas,2001-03-01,56765.0,124926.0
Kansas,2001-04-01,57031.0,125908.0
Kansas,2001-05-01,56184.0,122630.0
Kansas,2001-06-01,57238.0,126204.0
Kansas,2001-07-01,57285.0,126076.0
Kansas,2001-08-01,57788.0,127359.0
Kansas,2001-09-01,58470.0,129863.0
Kansas,2001-10-01,58351.0,128185.0
Kansas,2001-11-01,59638.0,132232.0
Kansas,2001-12-01,61252.0,136656.0
Kansas,2002-01-01,60812.0,134785.0
Kansas,2002-02-01,61845.0,137142.0
Kansas,2002-03-01,62677.0,139345.0
Kansas,2002-04-01,63209.0,140893.0
Kansas,2002-05-01,63781.0,142695.0
Kansas,2002-06-01,64266.0,144248.0
Kansas,2002-07-01,65600.0,147667.0
Kansas,2002-08-01,66327.0,149804.0
Kansas,2002-09-01,66998.0,151187.0
Kansas,2002-10-01,67176.0,151476.0
Kansas,2002-11-01,67998.0,154028.0
Kansas,2002-12-01,68178.0,154206.0
Kansas,2003-01-01,69160.0,156229.0
Kansas,2003-02-01,70216.0,158532.0
Kansas,2003-03-01,71732.0,161839.0
Kansas,2003-04-01,71376.0,161576.0
Kansas,2003-05-01,71896.0,163108.0
Kansas,2003-06-01,72259.0,164472.0
Kansas,2003-07-01,72687.0,165968.0
Kansas,2003-08-01,73543.0,168241.0
Kansas,2003-09-01,73913.0,168787.0
Kansas,2003-10-01,74153.0,169518.0
Kansas,2003-11-01,72155.0,163257.0
Kansas,2003-12-01,73022.0,166329.0
Kansas,2004-01-01,73848.0,168241.0
Kansas,2004-02-01,73988.0,168493.0
Kansas,2004-03-01,73847.0,167949.0
Kansas,2004-04-01,74168.0,169557.0
Kansas,2004-05-01,73817.0,169103.0
Kansas,2004-06-01,74680.0,171686.0
Kansas,2004-07-01,75071.0,172600.0
Kansas,2004-08-01,75886.0,174418.0
Kansas,2004-09-01,75676.0,173182.0
Kansas,2004-10-01,77115.0,176621.0
Kansas,2004-11-01,77081.0,176276.0
Kansas,2004-12-01,77479.0,176713.0
Kansas,2005-01-01,77598.0,176801.0
Kansas,2005-02-01,77524.0,176385.0
Kansas,2005-03-01,77431.0,175779.0
Kansas,2005-04-01,77953.0,176923.0
Kansas,2005-05-01,78079.0,176929.0
Kansas,2005-06-01,78297.0,177503.0
Kansas,2005-07-01,79101.0,179643.0
Kansas,2005-08-01,79837.0,181355.0
Kansas,2005-09-01,80479.0,182461.0
Kansas,2005-10-01,81862.0,185385.0
Kansas,2005-11-01,81474.0,184080.0
Kansas,2005-12-01,81715.0,184492.0
Kansas,2006-01-01,81932.0,184268.0
Kansas,2006-02-01,81665.0,183103.0
Kansas,2006-03-01,81254.0,181935.0
Kansas,2006-04-01,81446.0,182323.0
Kansas,2006-05-01,81090.0,181315.0
Kansas,2006-06-01,80719.0,180105.0
Kansas,2006-07-01,81404.0,182022.0
Kansas,2006-08-01,82205.0,183710.0
Kansas,2006-09-01,82728.0,184110.0
Kansas,2006-10-01,82660.0,182896.0
Kansas,2006-11-01,81958.0,181151.0
Kansas,2006-12-01,82114.0,181472.0
Kansas,2007-01-01,82019.0,180618.0
Kansas,2007-02-01,81686.0,179518.0
Kansas,2007-03-01,82625.0,181491.0
Kansas,2007-04-01,82673.0,181562.0
Kansas,2007-05-01,82893.0,181956.0
Kansas,2007-06-01,83591.0,183614.0
Kansas,2007-07-01,84125.0,185130.0
Kansas,2007-08-01,83944.0,184248.0
Kansas,2007-09-01,84281.0,185224.0
Kansas,2007-10-01,84187.0,184443.0
Kansas,2007-11-01,83992.0,183816.0
Kansas,2007-12-01,84038.0,183860.0
Kansas,2008-01-01,84472.0,184180.0
Kansas,2008-02-01,84509.0,183902.0
Kansas,2008-03-01,85747.0,186942.0
Kansas,2008-04-01,86149.0,187616.0
Kansas,2008-05-01,86625.0,188873.0
Kansas,2008-06-01,87173.0,190341.0
Kansas,2008-07-01,87355.0,190636.0
Kansas,2008-08-01,87105.0,191580.0
Kansas,2008-09-01,88057.0,194638.0
Kansas,2008-10-01,88971.0,195544.0
Kansas,2008-11-01,90819.0,200002.0
Kansas,2008-12-01,91403.0,201172.0
Kansas,2009-01-01,94339.0,207217.0
Kansas,2009-02-01,96205.0,210524.0
Kansas,2009-03-01,98219.0,214955.0
Kansas,2009-04-01,99931.0,219168.0
Kansas,2009-05-01,102564.0,225633.0
Kansas,2009-06-01,104828.0,230503.0
Kansas,2009-07-01,106788.0,235367.0
Kansas,2009-08-01,110497.0,244424.0
Kansas,2009-09-01,111814.0,246668.0
Kansas,2009-10-01,114251.0,252255.0
Kansas,2009-11-01,115550.0,254669.0
Kansas,2009-12-01,116377.0,256321.0
Kansas,2010-01-01,119119.0,262622.0
Kansas,2010-02-01,120142.0,264227.0
Kansas,2010-03-01,121262.0,266189.0
Kansas,2010-04-01,122155.0,267840.0
Kansas,2010-05-01,124397.0,272550.0
Kansas,2010-06-01,126427.0,276349.0
Kansas,2010-07-01,129447.0,282968.0
Kansas,2010-08-01,132455.0,289399.0
Kansas,2010-09-01,133738.0,291126.0
Kansas,2010-10-01,135807.0,294947.0
Kansas,2010-11-01,136708.0,295787.0
Kansas,2010-12-01,136701.0,295080.0
Kansas,2011-01-01,138374.0,298200.0
Kansas,2011-02-01,137944.0,296961.0
Kansas,2011-03-01,138406.0,296988.0
Kansas,2011-04-01,139873.0,300333.0
Kansas,2011-05-01,139774.0,299552.0
Kansas,2011-06-01,140051.0,299944.0
Kansas,2011-07-01,140840.0,301926.0
Kansas,2011-08-01,141850.0,303667.0
Kansas,2011-09-01,140586.0,300320.0
Kansas,2011-10-01,141760.0,302633.0
Kansas,2011-11-01,140216.0,298842.0
Kansas,2011-12-01,140624.0,299591.0
Kansas,2012-01-01,141649.0,302020.0
Kansas,2012-02-01,141043.0,299661.0
Kansas,2012-03-01,142064.0,301567.0
Kansas,2012-04-01,142801.0,303106.0
Kansas,2012-05-01,143374.0,304240.0
Kansas,2012-06-01,144918.0,307886.0
Kansas,2012-07-01,145699.0,309715.0
Kansas,2012-08-01,146895.0,312630.0
Kansas,2012-09-01,147855.0,314742.0
Kansas,2012-10-01,148943.0,316506.0
Kansas,2012-11-01,148286.0,314932.0
Kansas,2012-12-01,148472.0,315394.0
Kansas,2013-01-01,148947.0,315953.0
Kansas,2013-02-01,147869.0,313906.0
Kansas,2013-03-01,148681.0,315220.0
Kansas,2013-04-01,149226.0,316523.0
Kansas,2013-05-01,149766.0,317892.0
Kansas,2013-06-01,150477.0,319827.0
Kansas,2013-07-01,150182.0,319275.0
Kansas,2013-08-01,150633.0,320638.0
Kansas,2013-09-01,149314.0,317725.0
Kansas,2013-10-01,147912.0,315171.0
Kansas,2013-11-01,146090.0,311672.0
Kansas,2013-12-01,143674.0,307507.0
Kansas,2014-01-01,131906.0,292420.0
Kansas,2014-02-01,129963.0,289502.0
Kansas,2014-03-01,129236.0,288331.0
Kansas,2014-04-01,128423.0,286829.0
Kansas,2014-05-01,128115.0,286915.0
Kansas,2014-06-01,127780.0,286930.0
Kansas,2014-07-01,127179.0,285537.0
Kansas,2014-08-01,127196.0,286294.0
Kansas,2014-09-01,126431.0,284365.0
Kansas,2014-10-01,125424.0,282027.0
Kansas,2014-11-01,124811.0,280755.0
Kansas,2014-12-01,123737.0,277806.0
Kansas,2015-01-01,123441.0,276863.0
Kansas,2015-02-01,122854.0,275885.0
Kansas,2015-03-01,122355.0,274479.0
Kansas,2015-04-01,121699.0,272697.0
Kansas,2015-05-01,121149.0,271883.0
Kansas,2015-06-01,120660.0,270870.0
Kansas,2015-07-01,119139.0,267753.0
Kansas,2015-08-01,119886.0,269842.0
Kansas,2015-09-01,118739.0,266830.0
Kansas,2015-10-01,118489.0,265478.0
Kansas,2015-11-01,117324.0,262259.0
Kansas,2015-12-01,115619.0,257742.0
Kansas,2016-01-01,115772.0,257823.0
Kansas,2016-02-01,115312.0,255947.0
Kansas,2016-03-01,114226.0,253183.0
Kansas,2016-04-01,113674.0,251580.0
Kansas,2016-05-01,112916.0,249940.0
Kansas,2016-06-01,112663.0,249276.0
Kansas,2016-07-01,112241.0,247976.0
Kansas,2016-08-01,112619.0,248611.0
Kansas,2016-09-01,111844.0,246179.0
Kansas,2016-10-01,112929.0,247281.0
Kansas,2016-11-01,112290.0,244137.0
Kansas,2016-12-01,111994.0,241963.0
Kansas,2017-01-01,110173.0,238385.0
Kansas,2017-02-01,109179.0,236370.0
Kansas,2017-03-01,108082.0,233285.0
Kansas,2017-04-01,107738.0,232278.0
Kansas,2017-05-01,107209.0,231395.0
Kansas,2017-06-01,107487.0,231888.0
Kansas,2017-07-01,107061.0,231244.0
Kansas,2017-08-01,107055.0,231234.0
Kansas,2017-09-01,96231.0,205870.0
Kansas,2017-10-01,105737.0,228305.0
Kansas,2017-11-01,104695.0,224961.0
Kansas,2017-12-01,103406.0,221892.0
Kansas,2018-01-01,102313.0,219365.0
Kansas,2018-02-01,101523.0,217503.0
Kansas,2018-03-01,101075.0,216080.0
Kansas,2018-04-01,100481.0,214560.0
Kansas,2018-05-01,99814.0,213163.0
Kansas,2018-06-01,99693.0,213466.0
Kansas,2018-07-01,99660.0,213577.0
Kansas,2018-08-01,99778.0,213641.0
Kansas,2018-09-01,99175.0,212522.0
Kansas,2018-10-01,98652.0,211005.0
Kansas,2018-11-01,97745.0,208579.0
Kansas,2018-12-01,96432.0,205387.0
Kansas,2019-01-01,95855.0,203960.0
Kansas,2019-02-01,5046.0,10754.0
Kansas,2019-03-01,93169.0,197577.0
Kansas,2019-04-01,92922.0,196818.0
Kansas,2019-05-01,92383.0,195859.0
Kansas,2019-06-01,92763.0,197142.0
Kansas,2019-07-01,93953.0,198962.0
Kansas,2019-08-01,93754.0,199622.0
Kansas,2019-09-01,93217.0,198285.0
Kansas,2019-10-01,93728.0,198426.0
Kansas,2019-11-01,93635.0,197186.0
Kansas,2019-12-01,93229.0,195064.0
Kansas,2020-01-01,90957.0,190300.0
Kansas,2020-02-01,90654.0,189765.0
Kansas,2020-03-01,90280.0,189527.0
Kansas,2020-04-01,95764.0,201869.0
Kansas,2020-05-01,99109.0,209302.0
Kansas,2020-06-01,101156.0,213387.0
Kansas,2020-07-01,99119.0,207916.0
Kansas,2020-08-01,98813.0,207124.0
Kansas,2020-09-01,97896.0,205451.0
Kansas,2020-10-01,95806.0,200686.0
Kansas,2020-11-01,95076.0,199125.0
Kansas,2020-12-01,95915.0,201120.0
Kansas,2021-01-01,96422.0,201980.0
Kansas,2021-02-01,97640.0,203800.0
Kansas,2021-03-01,97781.0,203215.0
Kansas,2021-04-01,96757.0,200394.0
Kansas,2021-05-01,96674.0,200014.0
Kansas,2021-06-01,97297.0,201554.0
Kansas,2021-07-01,96241.0,198343.0
Kansas,2021-08-01,95780.0,196913.0
Kansas,2021-09-01,96003.0,196987.0
Kansas,2021-10-01,96683.0,197195.0
Kansas,2021-11-01,96688.0,195535.0
Kansas,2021-12-01,96895.0,195616.0
Kansas,2022-01-01,97343.0,196788.0
Kansas,2022-02-01,96380.0,195478.0
Kansas,2022-03-01,96232.0,194897.0
Kansas,2022-04-01,96424.0,195234.0
Kansas,2022-05-01,96923.0,196273.0
Kansas,2022-06-01,97223.0,196976.0
Kansas,2022-07-01,96777.0,195864.0
Kansas,2022-08-01,97107.0,196273.0
Kansas,2022-09-01,95846.0,193457.0
Kansas,2022-10-01,94651.0,191440.0
Kansas,2022-11-01,94384.0,190020.0
Kansas,2022-12-01,92907.0,185432.0
Kansas,2023-01-01,92163.0,183256.0
Kansas,2023-02-01,91360.0,181500.0
Kansas,2023-03-01,92018.0,182522.0
Kansas,2023-04-01,92555.0,183739.0
Kansas,2023-05-01,94005.0,187065.0
Kansas,2023-06-01,95008.0,190206.0
Kansas,2023-07-01,94832.0,190074.0
Kansas,2023-08-01,94686.0,189849.0
Kansas,2023-09-01,94268.0,188720.0
Kansas,2023-10-01,91879.0,186878.0
Kansas,2023-11-01,91927.0,186894.0
Kansas,2023-12-01,92023.0,187058.0
Kansas,2024-01-01,92026.0,186356.0
Kansas,2024-02-01,91768.0,185214.0
Kansas,2024-03-01,91935.0,185389.0
Kansas,2024-04-01,92536.0,186601.0
Kansas,2024-05-01,92886.0,187537.0
Kansas,2024-06-01,93170.0,188214.0
Kansas,2024-07-01,93156.0,187888.0
Kansas,2024-08-01,93408.0,188632.0
Kansas,2024-09-01,0.0,0.0
Kentucky,1988-10-01,164938.0,459197.0
Kentucky,1988-11-01,166995.0,462370.0
Kentucky,1988-12-01,159539.0,439995.0
Kentucky,1989-01-01,161102.0,445493.0
Kentucky,1989-02-01,159827.0,445242.0
Kentucky,1989-03-01,161043.0,447854.0
Kentucky,1989-04-01,157576.0,435621.0
Kentucky,1989-05-01,163795.0,454845.0
Kentucky,1989-06-01,155399.0,428771.0
Kentucky,1989-07-01,162103.0,448071.0
Kentucky,1989-08-01,162502.0,446171.0
Kentucky,1989-09-01,162454.0,445038.0
Kentucky,1989-10-01,169595.0,458714.0
Kentucky,1989-11-01,170300.0,459200.0
Kentucky,1989-12-01,165621.0,451341.0
Kentucky,1990-01-01,169953.0,464204.0
Kentucky,1990-02-01,169096.0,462276.0
Kentucky,1990-03-01,171802.0,469680.0
Kentucky,1990-04-01,169791.0,463376.0
Kentucky,1990-05-01,167904.0,455812.0
Kentucky,1990-06-01,167591.0,455885.0
Kentucky,1990-07-01,167626.0,455359.0
Kentucky,1990-08-01,167552.0,453979.0
Kentucky,1990-09-01,162737.0,448543.0
Kentucky,1990-10-01,171333.0,462404.0
Kentucky,1990-11-01,173895.0,470907.0
Kentucky,1990-12-01,177850.0,480808.0
Kentucky,1991-01-01,183771.0,496563.0
Kentucky,1991-02-01,186564.0,505791.0
Kentucky,1991-03-01,188302.0,511433.0
Kentucky,1991-04-01,188130.0,510990.0
Kentucky,1991-05-01,186432.0,505063.0
Kentucky,1991-06-01,185250.0,502312.0
Kentucky,1991-07-01,185462.0,500848.0
Kentucky,1991-08-01,186455.0,504229.0
Kentucky,1991-09-01,187186.0,505242.0
Kentucky,1991-10-01,189354.0,509063.0
Kentucky,1991-11-01,192757.0,518235.0
Kentucky,1991-12-01,196637.0,527782.0
Kentucky,1992-01-01,199618.0,535341.0
Kentucky,1992-02-01,200006.0,537474.0
Kentucky,1992-03-01,201856.0,540917.0
Kentucky,1992-04-01,200023.0,537136.0
Kentucky,1992-05-01,198527.0,532404.0
Kentucky,1992-06-01,198210.0,531134.0
Kentucky,1992-07-01,197189.0,526420.0
Kentucky,1992-08-01,197235.0,527608.0
Kentucky,1992-09-01,196023.0,521832.0
Kentucky,1992-10-01,190415.0,506414.0
Kentucky,1992-11-01,198746.0,529356.0
Kentucky,1992-12-01,200482.0,531482.0
Kentucky,1993-01-01,202587.0,538905.0
Kentucky,1993-02-01,200949.0,534731.0
Kentucky,1993-03-01,204422.0,543785.0
Kentucky,1993-04-01,203001.0,541177.0
Kentucky,1993-05-01,201845.0,537521.0
Kentucky,1993-06-01,199794.0,530158.0
Kentucky,1993-07-01,198142.0,526112.0
Kentucky,1993-08-01,199201.0,528097.0
Kentucky,1993-09-01,196239.0,518191.0
Kentucky,1993-10-01,197353.0,520977.0
Kentucky,1993-11-01,198715.0,523715.0
Kentucky,1993-12-01,198699.0,522487.0
Kentucky,1994-01-01,201072.0,530264.0
Kentucky,1994-02-01,199987.0,525944.0
Kentucky,1994-03-01,203405.0,536337.0
Kentucky,1994-04-01,200607.0,530471.0
Kentucky,1994-05-01,198580.0,526065.0
Kentucky,1994-06-01,189847.0,513764.0
Kentucky,1994-07-01,187953.0,511277.0
Kentucky,1994-08-01,188518.0,514418.0
Kentucky,1994-09-01,187108.0,512349.0
Kentucky,1994-10-01,188655.0,517464.0
Kentucky,1994-11-01,187822.0,516314.0
Kentucky,1994-12-01,188966.0,520969.0
Kentucky,1995-01-01,191489.0,528001.0
Kentucky,1995-02-01,189184.0,528029.0
Kentucky,1995-03-01,191733.0,533075.0
Kentucky,1995-04-01,188318.0,524311.0
Kentucky,1995-05-01,186358.0,518703.0
Kentucky,1995-06-01,184649.0,515127.0
Kentucky,1995-07-01,183834.0,512444.0
Kentucky,1995-08-01,184399.0,514065.0
Kentucky,1995-09-01,184035.0,512556.0
Kentucky,1995-10-01,185179.0,510983.0
Kentucky,1995-11-01,185685.0,496879.0
Kentucky,1995-12-01,185318.0,481535.0
Kentucky,1996-01-01,189301.0,491339.0
Kentucky,1996-02-01,186732.0,485859.0
Kentucky,1996-03-01,189732.0,492952.0
Kentucky,1996-04-01,188460.0,488873.0
Kentucky,1996-05-01,186632.0,482608.0
Kentucky,1996-06-01,184677.0,477918.0
Kentucky,1996-07-01,184923.0,477114.0
Kentucky,1996-08-01,183124.0,472625.0
Kentucky,1996-09-01,182006.0,468845.0
Kentucky,1996-10-01,181215.0,465654.0
Kentucky,1996-11-01,179266.0,460948.0
Kentucky,1996-12-01,178911.0,459433.0
Kentucky,1997-01-01,179994.0,461884.0
Kentucky,1997-02-01,177291.0,455201.0
Kentucky,1997-03-01,177499.0,456779.0
Kentucky,1997-04-01,172752.0,445256.0
Kentucky,1997-05-01,169995.0,433087.0
Kentucky,1997-06-01,168434.0,430699.0
Kentucky,1997-07-01,166607.0,423930.0
Kentucky,1997-08-01,165346.0,421147.0
Kentucky,1997-09-01,164880.0,419043.0
Kentucky,1997-10-01,164902.0,419111.0
Kentucky,1997-11-01,164378.0,417776.0
Kentucky,1997-12-01,165648.0,420947.0
Kentucky,1998-01-01,166399.0,422844.0
Kentucky,1998-02-01,164446.0,418336.0
Kentucky,1998-03-01,165373.0,420257.0
Kentucky,1998-04-01,163579.0,411630.0
Kentucky,1998-05-01,161483.0,409202.0
Kentucky,1998-06-01,160778.0,406650.0
Kentucky,1998-07-01,159041.0,402139.0
Kentucky,1998-08-01,158947.0,398896.0
Kentucky,1998-09-01,157391.0,396542.0
Kentucky,1998-10-01,157659.0,396880.0
Kentucky,1998-11-01,157542.0,395307.0
Kentucky,1998-12-01,158373.0,396813.0
Kentucky,1999-01-01,160384.0,401135.0
Kentucky,1999-02-01,159195.0,397864.0
Kentucky,1999-03-01,160420.0,400034.0
Kentucky,1999-04-01,159270.0,396503.0
Kentucky,1999-05-01,158137.0,394237.0
Kentucky,1999-06-01,159675.0,394239.0
Kentucky,1999-07-01,159021.0,391876.0
Kentucky,1999-08-01,161256.0,396605.0
Kentucky,1999-09-01,161234.0,395783.0
Kentucky,1999-10-01,168105.0,404665.0
Kentucky,1999-11-01,169073.0,406644.0
Kentucky,1999-12-01,168842.0,406207.0
Kentucky,2000-01-01,169707.0,407648.0
Kentucky,2000-02-01,168147.0,404922.0
Kentucky,2000-03-01,169413.0,407259.0
Kentucky,2000-04-01,167312.0,401939.0
Kentucky,2000-05-01,166941.0,400518.0
Kentucky,2000-06-01,166888.0,400551.0
Kentucky,2000-07-01,166280.0,398901.0
Kentucky,2000-08-01,167626.0,401868.0
Kentucky,2000-09-01,167321.0,400623.0
Kentucky,2000-10-01,168805.0,403077.0
Kentucky,2000-11-01,169430.0,404799.0
Kentucky,2000-12-01,170829.0,407659.0
Kentucky,2001-01-01,174826.0,417243.0
Kentucky,2001-02-01,172227.0,410668.0
Kentucky,2001-03-01,175530.0,418602.0
Kentucky,2001-04-01,173886.0,413781.0
Kentucky,2001-05-01,173784.0,413079.0
Kentucky,2001-06-01,174235.0,414531.0
Kentucky,2001-07-01,175841.0,418926.0
Kentucky,2001-08-01,172984.0,409590.0
Kentucky,2001-09-01,174841.0,420206.0
Kentucky,2001-10-01,180520.0,431036.0
Kentucky,2001-11-01,181913.0,435063.0
Kentucky,2001-12-01,183550.0,439305.0
Kentucky,2002-01-01,187743.0,449201.0
Kentucky,2002-02-01,185280.0,443946.0
Kentucky,2002-03-01,187114.0,448399.0
Kentucky,2002-04-01,187335.0,449627.0
Kentucky,2002-05-01,187175.0,448862.0
Kentucky,2002-06-01,188099.0,450593.0
Kentucky,2002-07-01,190099.0,458203.0
Kentucky,2002-08-01,195413.0,473497.0
Kentucky,2002-09-01,195413.0,473497.0
Kentucky,2002-10-01,198958.0,479526.0
Kentucky,2002-11-01,199245.0,480454.0
Kentucky,2002-12-01,200692.0,483922.0
Kentucky,2003-01-01,204262.0,487231.0
Kentucky,2003-02-01,207799.0,494303.0
Kentucky,2003-03-01,208644.0,502150.0
Kentucky,2003-04-01,207582.0,500390.0
Kentucky,2003-05-01,211922.0,509945.0
Kentucky,2003-06-01,214832.0,515900.0
Kentucky,2003-07-01,218103.0,522509.0
Kentucky,2003-08-01,220761.0,528090.0
Kentucky,2003-09-01,221584.0,527701.0
Kentucky,2003-10-01,222450.0,528587.0
Kentucky,2003-11-01,223350.0,529775.0
Kentucky,2003-12-01,225634.0,535709.0
Kentucky,2004-01-01,228536.0,541432.0
Kentucky,2004-02-01,229259.0,542637.0
Kentucky,2004-03-01,231327.0,546496.0
Kentucky,2004-04-01,230639.0,544364.0
Kentucky,2004-05-01,231715.0,546274.0
Kentucky,2004-06-01,234271.0,551475.0
Kentucky,2004-07-01,235480.0,553949.0
Kentucky,2004-08-01,238083.0,559661.0
Kentucky,2004-09-01,237403.0,556565.0
Kentucky,2004-10-01,239265.0,559929.0
Kentucky,2004-11-01,241200.0,561350.0
Kentucky,2004-12-01,242351.0,565121.0
Kentucky,2005-01-01,245289.0,570871.0
Kentucky,2005-02-01,243843.0,566601.0
Kentucky,2005-03-01,246014.0,570155.0
Kentucky,2005-04-01,244781.0,567410.0
Kentucky,2005-05-01,245676.0,569180.0
Kentucky,2005-06-01,247233.0,571980.0
Kentucky,2005-07-01,247883.0,573731.0
Kentucky,2005-08-01,251613.0,582231.0
Kentucky,2005-09-01,253331.0,584770.0
Kentucky,2005-10-01,255229.0,587343.0
Kentucky,2005-11-01,256470.0,589236.0
Kentucky,2005-12-01,257808.0,590955.0
Kentucky,2006-01-01,260086.0,595320.0
Kentucky,2006-02-01,256243.0,586216.0
Kentucky,2006-03-01,259051.0,591410.0
Kentucky,2006-04-01,255734.0,583959.0
Kentucky,2006-05-01,257041.0,586429.0
Kentucky,2006-06-01,258039.0,587274.0
Kentucky,2006-07-01,257065.0,587224.0
Kentucky,2006-08-01,259405.0,592516.0
Kentucky,2006-09-01,259089.0,591340.0
Kentucky,2006-10-01,259089.0,593875.0
Kentucky,2006-11-01,261744.0,596078.0
Kentucky,2006-12-01,262467.0,596484.0
Kentucky,2007-01-01,266126.0,603053.0
Kentucky,2007-02-01,261308.0,592103.0
Kentucky,2007-03-01,265884.0,599975.0
Kentucky,2007-04-01,266080.0,598768.0
Kentucky,2007-05-01,266942.0,600082.0
Kentucky,2007-06-01,270560.0,606433.0
Kentucky,2007-07-01,272211.0,610231.0
Kentucky,2007-08-01,273861.0,614128.0
Kentucky,2007-09-01,273798.0,613048.0
Kentucky,2007-10-01,277412.0,620114.0
Kentucky,2007-11-01,277699.0,621675.0
Kentucky,2007-12-01,278716.0,623019.0
Kentucky,2008-01-01,282257.0,629513.0
Kentucky,2008-02-01,279928.0,624424.0
Kentucky,2008-03-01,281986.0,628737.0
Kentucky,2008-04-01,283005.0,630607.0
Kentucky,2008-05-01,284327.0,633997.0
Kentucky,2008-06-01,286876.0,639394.0
Kentucky,2008-07-01,288032.0,642244.0
Kentucky,2008-08-01,290497.0,648602.0
Kentucky,2008-09-01,294294.0,655999.0
Kentucky,2008-10-01,298098.0,663591.0
Kentucky,2008-11-01,300020.0,667479.0
Kentucky,2008-12-01,306491.0,680959.0
Kentucky,2009-01-01,307530.0,682794.0
Kentucky,2009-02-01,310182.0,689088.0
Kentucky,2009-03-01,313386.0,695408.0
Kentucky,2009-04-01,315740.0,701021.0
Kentucky,2009-05-01,319926.0,710670.0
Kentucky,2009-06-01,325578.0,723193.0
Kentucky,2009-07-01,327361.0,727117.0
Kentucky,2009-08-01,332579.0,739307.0
Kentucky,2009-09-01,333729.0,740451.0
Kentucky,2009-10-01,339291.0,752244.0
Kentucky,2009-11-01,342028.0,757651.0
Kentucky,2009-12-01,345797.0,764669.0
Kentucky,2010-01-01,349316.0,770753.0
Kentucky,2010-02-01,348872.0,768927.0
Kentucky,2010-03-01,352782.0,776550.0
Kentucky,2010-04-01,352487.0,776062.0
Kentucky,2010-05-01,354087.0,778968.0
Kentucky,2010-06-01,358121.0,787147.0
Kentucky,2010-07-01,361832.0,794818.0
Kentucky,2010-08-01,366838.0,805040.0
Kentucky,2010-09-01,367268.0,804538.0
Kentucky,2010-10-01,370672.0,808308.0
Kentucky,2010-11-01,373822.0,813041.0
Kentucky,2010-12-01,374531.0,812779.0
Kentucky,2011-01-01,379518.0,820738.0
Kentucky,2011-02-01,376651.0,814144.0
Kentucky,2011-03-01,381265.0,821931.0
Kentucky,2011-04-01,379771.0,818109.0
Kentucky,2011-05-01,383559.0,825184.0
Kentucky,2011-06-01,387018.0,831476.0
Kentucky,2011-07-01,387387.0,832178.0
Kentucky,2011-08-01,393080.0,842499.0
Kentucky,2011-09-01,393601.0,841275.0
Kentucky,2011-10-01,395614.0,842885.0
Kentucky,2011-11-01,396398.0,841996.0
Kentucky,2011-12-01,398157.0,844144.0
Kentucky,2012-01-01,401866.0,849312.0
Kentucky,2012-02-01,397633.0,840590.0
Kentucky,2012-03-01,401389.0,846211.0
Kentucky,2012-04-01,401340.0,844461.0
Kentucky,2012-05-01,403614.0,847901.0
Kentucky,2012-06-01,406689.0,853820.0
Kentucky,2012-07-01,408752.0,857677.0
Kentucky,2012-08-01,410475.0,861376.0
Kentucky,2012-09-01,410877.0,860599.0
Kentucky,2012-10-01,415498.0,867676.0
Kentucky,2012-11-01,414599.0,865540.0
Kentucky,2012-12-01,416316.0,867345.0
Kentucky,2013-01-01,421513.0,876465.0
Kentucky,2013-02-01,417952.0,869765.0
Kentucky,2013-03-01,421036.0,874094.0
Kentucky,2013-04-01,421665.0,873899.0
Kentucky,2013-05-01,422704.0,875644.0
Kentucky,2013-06-01,424192.0,878344.0
Kentucky,2013-07-01,425222.0,879771.0
Kentucky,2013-08-01,422092.0,873683.0
Kentucky,2013-09-01,419741.0,867037.0
Kentucky,2013-10-01,414737.0,856784.0
Kentucky,2013-11-01,408474.0,845094.0
Kentucky,2013-12-01,406074.0,840047.0
Kentucky,2014-01-01,402249.0,832518.0
Kentucky,2014-02-01,398545.0,825684.0
Kentucky,2014-03-01,400366.0,828244.0
Kentucky,2014-04-01,398160.0,824254.0
Kentucky,2014-05-01,396523.0,822231.0
Kentucky,2014-06-01,395929.0,822619.0
Kentucky,2014-07-01,391879.0,816024.0
Kentucky,2014-08-01,389287.0,812783.0
Kentucky,2014-09-01,388258.0,810628.0
Kentucky,2014-10-01,386312.0,806012.0
Kentucky,2014-11-01,381604.0,796518.0
Kentucky,2014-12-01,381629.0,795379.0
Kentucky,2015-01-01,378382.0,788177.0
Kentucky,2015-02-01,373355.0,777300.0
Kentucky,2015-03-01,372128.0,774763.0
Kentucky,2015-04-01,366447.0,763927.0
Kentucky,2015-05-01,365261.0,761750.0
Kentucky,2015-06-01,363535.0,758560.0
Kentucky,2015-07-01,356407.0,744583.0
Kentucky,2015-08-01,352367.0,737149.0
Kentucky,2015-09-01,345730.0,722464.0
Kentucky,2015-10-01,341858.0,713911.0
Kentucky,2015-11-01,338758.0,708026.0
Kentucky,2015-12-01,333500.0,697056.0
Kentucky,2016-01-01,328812.0,686488.0
Kentucky,2016-02-01,325287.0,679819.0
Kentucky,2016-03-01,288977.0,598535.0
Kentucky,2016-04-01,302400.0,650708.0
Kentucky,2016-05-01,295896.0,643094.0
Kentucky,2016-06-01,302996.0,659155.0
Kentucky,2016-07-01,306113.0,649388.0
Kentucky,2016-08-01,297559.0,651604.0
Kentucky,2016-09-01,299554.0,657389.0
Kentucky,2016-10-01,314512.0,671628.0
Kentucky,2016-11-01,310346.0,660242.0
Kentucky,2016-12-01,311019.0,659371.0
Kentucky,2017-01-01,311068.0,658252.0
Kentucky,2017-02-01,308453.0,651889.0
Kentucky,2017-03-01,310540.0,655629.0
Kentucky,2017-04-01,308032.0,650772.0
Kentucky,2017-05-01,306453.0,648195.0
Kentucky,2017-06-01,307598.0,652133.0
Kentucky,2017-07-01,305204.0,650275.0
Kentucky,2017-08-01,304968.0,651028.0
Kentucky,2017-09-01,303301.0,649065.0
Kentucky,2017-10-01,302613.0,649299.0
Kentucky,2017-11-01,299079.0,640636.0
Kentucky,2017-12-01,299030.0,639618.0
Kentucky,2018-01-01,298235.0,636423.0
Kentucky,2018-02-01,292350.0,613772.0
Kentucky,2018-03-01,295345.0,629226.0
Kentucky,2018-04-01,277404.0,603201.0
Kentucky,2018-05-01,273564.0,596564.0
Kentucky,2018-06-01,285923.0,611081.0
Kentucky,2018-07-01,279320.0,600770.0
Kentucky,2018-08-01,264429.0,583875.0
Kentucky,2018-09-01,261868.0,579199.0
Kentucky,2018-10-01,261676.0,577565.0
Kentucky,2018-11-01,258169.0,568814.0
Kentucky,2018-12-01,257469.0,566810.0
Kentucky,2019-01-01,258445.0,566900.0
Kentucky,2019-02-01,31058.0,75734.0
Kentucky,2019-03-01,244916.0,539847.0
Kentucky,2019-04-01,241584.0,533922.0
Kentucky,2019-05-01,238679.0,529143.0
Kentucky,2019-06-01,237323.0,527256.0
Kentucky,2019-07-01,233270.0,518431.0
Kentucky,2019-08-01,231839.0,515693.0
Kentucky,2019-09-01,227556.0,506778.0
Kentucky,2019-10-01,226525.0,504584.0
Kentucky,2019-11-01,223282.0,497548.0
Kentucky,2019-12-01,220463.0,491172.0
Kentucky,2020-01-01,218060.0,484952.0
Kentucky,2020-02-01,216436.0,482283.0
Kentucky,2020-03-01,228581.0,510411.0
Kentucky,2020-04-01,265158.0,592538.0
Kentucky,2020-05-01,280490.0,623796.0
Kentucky,2020-06-01,295546.0,653279.0
Kentucky,2020-07-01,274376.0,602156.0
Kentucky,2020-08-01,277136.0,606216.0
Kentucky,2020-09-01,281413.0,616169.0
Kentucky,2020-10-01,264023.0,575446.0
Kentucky,2020-11-01,271609.0,591650.0
Kentucky,2020-12-01,284423.0,616578.0
Kentucky,2021-01-01,289840.0,624724.0
Kentucky,2021-02-01,290506.0,625364.0
Kentucky,2021-03-01,289844.0,622817.0
Kentucky,2021-04-01,292748.0,626855.0
Kentucky,2021-05-01,281712.0,603132.0
Kentucky,2021-06-01,295986.0,625938.0
Kentucky,2021-07-01,271611.0,582008.0
Kentucky,2021-08-01,259456.0,556795.0
Kentucky,2021-09-01,244269.0,521657.0
Kentucky,2021-10-01,241883.0,519712.0
Kentucky,2021-11-01,244254.0,528388.0
Kentucky,2021-12-01,246289.0,533908.0
Kentucky,2022-01-01,244396.0,531692.0
Kentucky,2022-02-01,256330.0,543989.0
Kentucky,2022-03-01,250789.0,543483.0
Kentucky,2022-04-01,253593.0,548412.0
Kentucky,2022-05-01,251060.0,543444.0
Kentucky,2022-06-01,252129.0,547582.0
Kentucky,2022-07-01,251565.0,547431.0
Kentucky,2022-08-01,256062.0,559402.0
Kentucky,2022-09-01,253154.0,552037.0
Kentucky,2022-10-01,252139.0,549001.0
Kentucky,2022-11-01,253131.0,551185.0
Kentucky,2022-12-01,254545.0,553493.0
Kentucky,2023-01-01,254976.0,553710.0
Kentucky,2023-02-01,256014.0,555591.0
Kentucky,2023-03-01,258820.0,560255.0
Kentucky,2023-04-01,260140.0,563830.0
Kentucky,2023-05-01,256061.0,555992.0
Kentucky,2023-06-01,254969.0,555176.0
Kentucky,2023-07-01,251348.0,548010.0
Kentucky,2023-08-01,249009.0,552404.0
Kentucky,2023-09-01,252980.0,552006.0
Kentucky,2023-10-01,257625.0,561185.0
Kentucky,2023-11-01,261220.0,566054.0
Kentucky,2023-12-01,267445.0,578548.0
Kentucky,2024-01-01,272493.0,587805.0
Kentucky,2024-02-01,274301.0,590188.0
Kentucky,2024-03-01,280778.0,602521.0
Kentucky,2024-04-01,282793.0,605342.0
Kentucky,2024-05-01,256061.0,555976.0
Kentucky,2024-06-01,288333.0,618035.0
Kentucky,2024-07-01,290352.0,621951.0
Kentucky,2024-08-01,293458.0,629123.0
Kentucky,2024-09-01,0.0,0.0
Louisiana,1988-10-01,238761.0,715230.0
Louisiana,1988-11-01,238872.0,713634.0
Louisiana,1988-12-01,241531.0,720203.0
Louisiana,1989-01-01,242883.0,723017.0
Louisiana,1989-02-01,244664.0,727862.0
Louisiana,1989-03-01,248113.0,736607.0
Louisiana,1989-04-01,246664.0,732198.0
Louisiana,1989-05-01,247284.0,731321.0
Louisiana,1989-06-01,246992.0,728601.0
Louisiana,1989-07-01,245356.0,722324.0
Louisiana,1989-08-01,247433.0,725832.0
Louisiana,1989-09-01,246283.0,719985.0
Louisiana,1989-10-01,248242.0,721941.0
Louisiana,1989-11-01,249308.0,723042.0
Louisiana,1989-12-01,250376.0,725293.0
Louisiana,1990-01-01,252013.0,729363.0
Louisiana,1990-02-01,252089.0,729554.0
Louisiana,1990-03-01,255080.0,736587.0
Louisiana,1990-04-01,254016.0,732363.0
Louisiana,1990-05-01,253840.0,730607.0
Louisiana,1990-06-01,253160.0,726690.0
Louisiana,1990-07-01,252908.0,724595.0
Louisiana,1990-08-01,254033.0,726410.0
Louisiana,1990-09-01,252313.0,721330.0
Louisiana,1990-10-01,255032.0,726388.0
Louisiana,1990-11-01,255066.0,726056.0
Louisiana,1990-12-01,258058.0,733952.0
Louisiana,1991-01-01,260424.0,739792.0
Louisiana,1991-02-01,261754.0,744660.0
Louisiana,1991-03-01,263704.0,749275.0
Louisiana,1991-04-01,264735.0,750954.0
Louisiana,1991-05-01,264235.0,749546.0
Louisiana,1991-06-01,262961.0,745727.0
Louisiana,1991-07-01,263502.0,746119.0
Louisiana,1991-08-01,263745.0,745784.0
Louisiana,1991-09-01,263990.0,745415.0
Louisiana,1991-10-01,266956.0,751399.0
Louisiana,1991-11-01,266767.0,750227.0
Louisiana,1991-12-01,270122.0,758628.0
Louisiana,1992-01-01,272588.0,764232.0
Louisiana,1992-02-01,273895.0,769299.0
Louisiana,1992-03-01,277104.0,776734.0
Louisiana,1992-04-01,276691.0,776008.0
Louisiana,1992-05-01,276473.0,774817.0
Louisiana,1992-06-01,278369.0,777766.0
Louisiana,1992-07-01,278501.0,777136.0
Louisiana,1992-08-01,277374.0,773535.0
Louisiana,1992-09-01,321053.0,901696.0
Louisiana,1992-10-01,281265.0,779620.0
Louisiana,1992-11-01,280359.0,776561.0
Louisiana,1992-12-01,282848.0,777811.0
Louisiana,1993-01-01,280650.0,775971.0
Louisiana,1993-02-01,281959.0,779762.0
Louisiana,1993-03-01,285461.0,786966.0
Louisiana,1993-04-01,283401.0,782083.0
Louisiana,1993-05-01,282385.0,779149.0
Louisiana,1993-06-01,283126.0,780143.0
Louisiana,1993-07-01,281531.0,775203.0
Louisiana,1993-08-01,282848.0,777811.0
Louisiana,1993-09-01,281598.0,773822.0
Louisiana,1993-10-01,281493.0,771108.0
Louisiana,1993-11-01,281493.0,769190.0
Louisiana,1993-12-01,282586.0,771522.0
Louisiana,1994-01-01,280310.0,764392.0
Louisiana,1994-02-01,278303.0,759306.0
Louisiana,1994-03-01,280610.0,763280.0
Louisiana,1994-04-01,276553.0,753148.0
Louisiana,1994-05-01,277288.0,753284.0
Louisiana,1994-06-01,275793.0,748739.0
Louisiana,1994-07-01,272915.0,740175.0
Louisiana,1994-08-01,275470.0,745279.0
Louisiana,1994-09-01,273429.0,737828.0
Louisiana,1994-10-01,268891.0,720876.0
Louisiana,1994-11-01,255005.0,684505.0
Louisiana,1994-12-01,273700.0,732402.0
Louisiana,1995-01-01,271920.0,726019.0
Louisiana,1995-02-01,269315.0,719820.0
Louisiana,1995-03-01,273643.0,727676.0
Louisiana,1995-04-01,268103.0,713805.0
Louisiana,1995-05-01,269814.0,718611.0
Louisiana,1995-06-01,265524.0,705263.0
Louisiana,1995-07-01,262734.0,695762.0
Louisiana,1995-08-01,263250.0,695434.0
Louisiana,1995-09-01,260442.0,686988.0
Louisiana,1995-10-01,260975.0,685719.0
Louisiana,1995-11-01,259300.0,680681.0
Louisiana,1995-12-01,258152.0,677300.0
Louisiana,1996-01-01,255568.0,666186.0
Louisiana,1996-02-01,252893.0,662032.0
Louisiana,1996-03-01,252722.0,660997.0
Louisiana,1996-04-01,252722.0,660997.0
Louisiana,1996-05-01,295844.0,776535.0
Louisiana,1996-06-01,249923.0,645323.0
Louisiana,1996-07-01,247071.0,644205.0
Louisiana,1996-08-01,246908.0,644074.0
Louisiana,1996-09-01,244501.0,636356.0
Louisiana,1996-10-01,243250.0,632416.0
Louisiana,1996-11-01,236015.0,615812.0
Louisiana,1996-12-01,233935.0,610840.0
Louisiana,1997-01-01,227102.0,588510.0
Louisiana,1997-02-01,219761.0,577606.0
Louisiana,1997-03-01,217031.0,571388.0
Louisiana,1997-04-01,213550.0,563126.0
Louisiana,1997-05-01,210511.0,555449.0
Louisiana,1997-06-01,211797.0,557772.0
Louisiana,1997-07-01,210335.0,550763.0
Louisiana,1997-08-01,207100.0,543924.0
Louisiana,1997-09-01,204173.0,537326.0
Louisiana,1997-10-01,200334.0,525320.0
Louisiana,1997-11-01,198518.0,522664.0
Louisiana,1997-12-01,208352.0,564161.0
Louisiana,1998-01-01,207748.0,575275.0
Louisiana,1998-02-01,203719.0,534872.0
Louisiana,1998-03-01,203310.0,533032.0
Louisiana,1998-04-01,201751.0,530788.0
Louisiana,1998-05-01,200676.0,527782.0
Louisiana,1998-06-01,198597.0,547558.0
Louisiana,1998-07-01,200117.0,525729.0
Louisiana,1998-08-01,200254.0,526318.0
Louisiana,1998-09-01,201186.0,528505.0
Louisiana,1998-10-01,206911.0,541442.0
Louisiana,1998-11-01,199195.0,522287.0
Louisiana,1998-12-01,202461.0,531415.0
Louisiana,1999-01-01,198026.0,517593.0
Louisiana,1999-02-01,196278.0,513066.0
Louisiana,1999-03-01,195569.0,509970.0
Louisiana,1999-04-01,195209.0,510399.0
Louisiana,1999-05-01,194960.0,509587.0
Louisiana,1999-06-01,193574.0,504336.0
Louisiana,1999-07-01,195917.0,511871.0
Louisiana,1999-08-01,194881.0,508477.0
Louisiana,1999-09-01,197264.0,514978.0
Louisiana,1999-10-01,197848.0,516025.0
Louisiana,1999-11-01,194910.0,507249.0
Louisiana,1999-12-01,197565.0,515550.0
Louisiana,2000-01-01,191063.0,496039.0
Louisiana,2000-02-01,191963.0,499520.0
Louisiana,2000-03-01,191367.0,497597.0
Louisiana,2000-04-01,188640.0,491021.0
Louisiana,2000-05-01,186612.0,484627.0
Louisiana,2000-06-01,189381.0,493698.0
Louisiana,2000-07-01,188514.0,491938.0
Louisiana,2000-08-01,191893.0,501004.0
Louisiana,2000-09-01,192933.0,503939.0
Louisiana,2000-10-01,191850.0,499339.0
Louisiana,2000-11-01,194068.0,507250.0
Louisiana,2000-12-01,197137.0,516254.0
Louisiana,2001-01-01,194798.0,508551.0
Louisiana,2001-02-01,193648.0,506568.0
Louisiana,2001-03-01,197053.0,514804.0
Louisiana,2001-04-01,194454.0,509325.0
Louisiana,2001-05-01,197573.0,517202.0
Louisiana,2001-06-01,201069.0,526096.0
Louisiana,2001-07-01,201637.0,526993.0
Louisiana,2001-08-01,206296.0,539685.0
Louisiana,2001-09-01,209388.0,548540.0
Louisiana,2001-10-01,213633.0,558527.0
Louisiana,2001-11-01,217974.0,571556.0
Louisiana,2001-12-01,221224.0,579500.0
Louisiana,2002-01-01,221146.0,578736.0
Louisiana,2002-02-01,220940.0,580073.0
Louisiana,2002-03-01,223584.0,585867.0
Louisiana,2002-04-01,222429.0,581951.0
Louisiana,2002-05-01,225287.0,590888.0
Louisiana,2002-06-01,227884.0,597762.0
Louisiana,2002-07-01,228716.0,600375.0
Louisiana,2002-08-01,235103.0,617761.0
Louisiana,2002-09-01,235485.0,618504.0
Louisiana,2002-10-01,266511.0,704115.0
Louisiana,2002-11-01,243925.0,640081.0
Louisiana,2002-12-01,242192.0,634043.0
Louisiana,2003-01-01,244189.0,638578.0
Louisiana,2003-02-01,243415.0,638071.0
Louisiana,2003-03-01,245101.0,641215.0
Louisiana,2003-04-01,246321.0,644395.0
Louisiana,2003-05-01,249614.0,652568.0
Louisiana,2003-06-01,250096.0,652834.0
Louisiana,2003-07-01,255749.0,667604.0
Louisiana,2003-08-01,258404.0,674659.0
Louisiana,2003-09-01,259138.0,675439.0
Louisiana,2003-10-01,265406.0,689219.0
Louisiana,2003-11-01,267077.0,692731.0
Louisiana,2003-12-01,269841.0,696374.0
Louisiana,2004-01-01,271644.0,700142.0
Louisiana,2004-02-01,269235.0,694047.0
Louisiana,2004-03-01,271113.0,697117.0
Louisiana,2004-04-01,272454.0,700606.0
Louisiana,2004-05-01,276424.0,709828.0
Louisiana,2004-06-01,278441.0,714038.0
Louisiana,2004-07-01,282689.0,724845.0
Louisiana,2004-08-01,281746.0,722508.0
Louisiana,2004-09-01,283484.0,726948.0
Louisiana,2004-10-01,287006.0,734384.0
Louisiana,2004-11-01,286383.0,731511.0
Louisiana,2004-12-01,290286.0,740312.0
Louisiana,2005-01-01,288097.0,733299.0
Louisiana,2005-02-01,287331.0,731438.0
Louisiana,2005-03-01,289010.0,733769.0
Louisiana,2005-04-01,288611.0,732432.0
Louisiana,2005-05-01,288380.0,731103.0
Louisiana,2005-06-01,292507.0,740440.0
Louisiana,2005-07-01,293808.0,743772.0
Louisiana,2005-08-01,294454.0,744230.0
Louisiana,2005-09-01,631644.0,1598059.0
Louisiana,2005-10-01,695594.0,1752897.0
Louisiana,2005-11-01,639505.0,1611553.0
Louisiana,2005-12-01,294965.0,734463.0
Louisiana,2006-01-01,273496.0,678770.0
Louisiana,2006-02-01,269908.0,668391.0
Louisiana,2006-03-01,269474.0,665065.0
Louisiana,2006-04-01,264815.0,653662.0
Louisiana,2006-05-01,262276.0,646994.0
Louisiana,2006-06-01,257938.0,636371.0
Louisiana,2006-07-01,253341.0,625697.0
Louisiana,2006-08-01,258525.0,639087.0
Louisiana,2006-09-01,260957.0,645636.0
Louisiana,2006-10-01,263291.0,650381.0
Louisiana,2006-11-01,264815.0,654777.0
Louisiana,2006-12-01,261668.0,645408.0
Louisiana,2007-01-01,259322.0,636032.0
Louisiana,2007-02-01,257824.0,633110.0
Louisiana,2007-03-01,265252.0,645986.0
Louisiana,2007-04-01,263068.0,639951.0
Louisiana,2007-05-01,267992.0,651785.0
Louisiana,2007-06-01,274807.0,668087.0
Louisiana,2007-07-01,268715.0,651760.0
Louisiana,2007-08-01,272796.0,662968.0
Louisiana,2007-09-01,273353.0,664034.0
Louisiana,2007-10-01,273815.0,663740.0
Louisiana,2007-11-01,275860.0,669124.0
Louisiana,2007-12-01,276247.0,669442.0
Louisiana,2008-01-01,273545.0,660714.0
Louisiana,2008-02-01,271169.0,655828.0
Louisiana,2008-03-01,271571.0,656123.0
Louisiana,2008-04-01,270580.0,653510.0
Louisiana,2008-05-01,272661.0,658314.0
Louisiana,2008-06-01,270875.0,653096.0
Louisiana,2008-07-01,274475.0,662331.0
Louisiana,2008-08-01,277193.0,668572.0
Louisiana,2008-09-01,890654.0,2217997.0
Louisiana,2008-10-01,293455.0,701764.0
Louisiana,2008-11-01,296702.0,712397.0
Louisiana,2008-12-01,293743.0,702768.0
Louisiana,2009-01-01,294398.0,702803.0
Louisiana,2009-02-01,291036.0,693954.0
Louisiana,2009-03-01,291419.0,693217.0
Louisiana,2009-04-01,294936.0,704065.0
Louisiana,2009-05-01,301146.0,719632.0
Louisiana,2009-06-01,309042.0,737124.0
Louisiana,2009-07-01,318578.0,760022.0
Louisiana,2009-08-01,324983.0,773684.0
Louisiana,2009-09-01,330001.0,783424.0
Louisiana,2009-10-01,337711.0,798740.0
Louisiana,2009-11-01,339727.0,802409.0
Louisiana,2009-12-01,346880.0,817671.0
Louisiana,2010-01-01,345423.0,811696.0
Louisiana,2010-02-01,345543.0,810457.0
Louisiana,2010-03-01,347494.0,811430.0
Louisiana,2010-04-01,351753.0,821300.0
Louisiana,2010-05-01,356652.0,831060.0
Louisiana,2010-06-01,359005.0,833950.0
Louisiana,2010-07-01,367096.0,851744.0
Louisiana,2010-08-01,370314.0,856446.0
Louisiana,2010-09-01,374339.0,864112.0
Louisiana,2010-10-01,378560.0,871159.0
Louisiana,2010-11-01,377716.0,866905.0
Louisiana,2010-12-01,382997.0,877189.0
Louisiana,2011-01-01,378976.0,865377.0
Louisiana,2011-02-01,381927.0,871591.0
Louisiana,2011-03-01,385068.0,876510.0
Louisiana,2011-04-01,386106.0,878616.0
Louisiana,2011-05-01,388090.0,881585.0
Louisiana,2011-06-01,395457.0,897846.0
Louisiana,2011-07-01,399336.0,905323.0
Louisiana,2011-08-01,401461.0,906938.0
Louisiana,2011-09-01,406496.0,915185.0
Louisiana,2011-10-01,406436.0,916060.0
Louisiana,2011-11-01,405943.0,914423.0
Louisiana,2011-12-01,404879.0,911130.0
Louisiana,2012-01-01,397685.0,894400.0
Louisiana,2012-02-01,395505.0,890395.0
Louisiana,2012-03-01,397384.0,892347.0
Louisiana,2012-04-01,392175.0,880069.0
Louisiana,2012-05-01,396640.0,890253.0
Louisiana,2012-06-01,401943.0,901586.0
Louisiana,2012-07-01,402526.0,901593.0
Louisiana,2012-08-01,408174.0,913420.0
Louisiana,2012-09-01,662865.0,1479423.0
Louisiana,2012-10-01,426961.0,948475.0
Louisiana,2012-11-01,437341.0,969609.0
Louisiana,2012-12-01,446404.0,986234.0
Louisiana,2013-01-01,438921.0,967731.0
Louisiana,2013-02-01,435630.0,961253.0
Louisiana,2013-03-01,431556.0,951535.0
Louisiana,2013-04-01,416539.0,919032.0
Louisiana,2013-05-01,413505.0,914196.0
Louisiana,2013-06-01,415174.0,917053.0
Louisiana,2013-07-01,411767.0,908502.0
Louisiana,2013-08-01,418405.0,922845.0
Louisiana,2013-09-01,415572.0,914731.0
Louisiana,2013-10-01,412020.0,909245.0
Louisiana,2013-11-01,408545.0,902984.0
Louisiana,2013-12-01,403022.0,891260.0
Louisiana,2014-01-01,396392.0,876550.0
Louisiana,2014-02-01,396049.0,877140.0
Louisiana,2014-03-01,392944.0,870227.0
Louisiana,2014-04-01,389247.0,862432.0
Louisiana,2014-05-01,391116.0,866941.0
Louisiana,2014-06-01,389894.0,863320.0
Louisiana,2014-07-01,390812.0,865798.0
Louisiana,2014-08-01,394546.0,873993.0
Louisiana,2014-09-01,392546.0,868192.0
Louisiana,2014-10-01,395096.0,873547.0
Louisiana,2014-11-01,391846.0,866483.0
Louisiana,2014-12-01,390016.0,860472.0
Louisiana,2015-01-01,387684.0,856114.0
Louisiana,2015-02-01,383191.0,845883.0
Louisiana,2015-03-01,382789.0,843459.0
Louisiana,2015-04-01,383568.0,846775.0
Louisiana,2015-05-01,386738.0,854073.0
Louisiana,2015-06-01,388269.0,855741.0
Louisiana,2015-07-01,392306.0,865685.0
Louisiana,2015-08-01,395122.0,871708.0
Louisiana,2015-09-01,397606.0,876911.0
Louisiana,2015-10-01,398790.0,879541.0
Louisiana,2015-11-01,394419.0,869943.0
Louisiana,2015-12-01,397297.0,878364.0
Louisiana,2016-01-01,393211.0,864632.0
Louisiana,2016-02-01,396485.0,872223.0
Louisiana,2016-03-01,451469.0,989811.0
Louisiana,2016-04-01,405909.0,887770.0
Louisiana,2016-05-01,415910.0,912045.0
Louisiana,2016-06-01,422989.0,926178.0
Louisiana,2016-07-01,423816.0,925861.0
Louisiana,2016-08-01,488464.0,1076773.0
Louisiana,2016-09-01,476315.0,1042876.0
Louisiana,2016-10-01,552603.0,1185797.0
Louisiana,2016-11-01,440317.0,953258.0
Louisiana,2016-12-01,431142.0,933029.0
Louisiana,2017-01-01,426146.0,921521.0
Louisiana,2017-02-01,428924.0,926213.0
Louisiana,2017-03-01,424528.0,913850.0
Louisiana,2017-04-01,412411.0,892484.0
Louisiana,2017-05-01,404245.0,874669.0
Louisiana,2017-06-01,406439.0,880530.0
Louisiana,2017-07-01,405891.0,880083.0
Louisiana,2017-08-01,411731.0,891796.0
Louisiana,2017-09-01,413360.0,894313.0
Louisiana,2017-10-01,411688.0,889052.0
Louisiana,2017-11-01,411360.0,887559.0
Louisiana,2017-12-01,411453.0,886196.0
Louisiana,2018-01-01,404012.0,868105.0
Louisiana,2018-02-01,405225.0,871728.0
Louisiana,2018-03-01,407406.0,874486.0
Louisiana,2018-04-01,401750.0,861897.0
Louisiana,2018-05-01,400904.0,860352.0
Louisiana,2018-06-01,400091.0,858879.0
Louisiana,2018-07-01,394958.0,848378.0
Louisiana,2018-08-01,396721.0,852608.0
Louisiana,2018-09-01,395087.0,848859.0
Louisiana,2018-10-01,391248.0,838611.0
Louisiana,2018-11-01,389175.0,835613.0
Louisiana,2018-12-01,386735.0,829177.0
Louisiana,2019-01-01,378562.0,811065.0
Louisiana,2019-02-01,42546.0,95008.0
Louisiana,2019-03-01,375788.0,808037.0
Louisiana,2019-04-01,369236.0,794152.0
Louisiana,2019-05-01,369692.0,795810.0
Louisiana,2019-06-01,369465.0,795990.0
Louisiana,2019-07-01,367554.0,791070.0
Louisiana,2019-08-01,372335.0,801655.0
Louisiana,2019-09-01,371381.0,798536.0
Louisiana,2019-10-01,374728.0,804561.0
Louisiana,2019-11-01,370697.0,795739.0
Louisiana,2019-12-01,369290.0,790742.0
Louisiana,2020-01-01,363941.0,778279.0
Louisiana,2020-02-01,364769.0,781763.0
Louisiana,2020-03-01,362395.0,774468.0
Louisiana,2020-04-01,385251.0,812957.0
Louisiana,2020-05-01,401612.0,845228.0
Louisiana,2020-06-01,406485.0,852164.0
Louisiana,2020-07-01,411585.0,861262.0
Louisiana,2020-08-01,411534.0,858903.0
Louisiana,2020-09-01,481359.0,1012935.0
Louisiana,2020-10-01,473008.0,988329.0
Louisiana,2020-11-01,488388.0,975770.0
Louisiana,2020-12-01,435108.0,961545.0
Louisiana,2021-01-01,477530.0,987599.0
Louisiana,2021-02-01,490740.0,1007436.0
Louisiana,2021-03-01,448857.0,922784.0
Louisiana,2021-04-01,428651.0,882910.0
Louisiana,2021-05-01,416201.0,857954.0
Louisiana,2021-06-01,421492.0,872619.0
Louisiana,2021-07-01,405492.0,843981.0
Louisiana,2021-08-01,397147.0,823113.0
Louisiana,2021-09-01,470949.0,972648.0
Louisiana,2021-10-01,442430.0,906353.0
Louisiana,2021-11-01,419179.0,861821.0
Louisiana,2021-12-01,428896.0,880904.0
Louisiana,2022-01-01,414484.0,847396.0
Louisiana,2022-02-01,400772.0,818504.0
Louisiana,2022-03-01,379561.0,774366.0
Louisiana,2022-04-01,377682.0,774444.0
Louisiana,2022-05-01,377282.0,775559.0
Louisiana,2022-06-01,383883.0,791429.0
Louisiana,2022-07-01,387541.0,798669.0
Louisiana,2022-08-01,390042.0,801103.0
Louisiana,2022-09-01,408869.0,841236.0
Louisiana,2022-10-01,425898.0,872683.0
Louisiana,2022-11-01,438954.0,896844.0
Louisiana,2022-12-01,450843.0,917815.0
Louisiana,2023-01-01,459905.0,932439.0
Louisiana,2023-02-01,468160.0,948368.0
Louisiana,2023-03-01,458012.0,926160.0
Louisiana,2023-04-01,447581.0,907254.0
Louisiana,2023-05-01,440152.0,891540.0
Louisiana,2023-06-01,440436.0,892048.0
Louisiana,2023-07-01,428870.0,866107.0
Louisiana,2023-08-01,423135.0,854595.0
Louisiana,2023-09-01,421678.0,852755.0
Louisiana,2023-10-01,425423.0,861619.0
Louisiana,2023-11-01,429129.0,869570.0
Louisiana,2023-12-01,430228.0,871676.0
Louisiana,2024-01-01,418339.0,850023.0
Louisiana,2024-02-01,417307.0,848550.0
Louisiana,2024-03-01,415707.0,843419.0
Louisiana,2024-04-01,410385.0,830334.0
Louisiana,2024-05-01,411398.0,834136.0
Louisiana,2024-06-01,414880.0,842491.0
Louisiana,2024-07-01,413068.0,837893.0
Louisiana,2024-08-01,414239.0,841329.0
Louisiana,2024-09-01,0.0,0.0
Maine,1988-10-01,35691.0,80656.0
Maine,1988-11-01,35523.0,79715.0
Maine,1988-12-01,36521.0,82620.0
Maine,1989-01-01,37527.0,85204.0
Maine,1989-02-01,38190.0,87143.0
Maine,1989-03-01,38831.0,88446.0
Maine,1989-04-01,37810.0,86138.0
Maine,1989-05-01,37962.0,87082.0
Maine,1989-06-01,37246.0,84467.0
Maine,1989-07-01,37044.0,84003.0
Maine,1989-08-01,37248.0,84185.0
Maine,1989-09-01,36679.0,82356.0
Maine,1989-10-01,37373.0,83971.0
Maine,1989-11-01,37742.0,85161.0
Maine,1989-12-01,39204.0,88391.0
Maine,1990-01-01,40581.0,92171.0
Maine,1990-02-01,41171.0,93824.0
Maine,1990-03-01,42638.0,97484.0
Maine,1990-04-01,42566.0,97378.0
Maine,1990-05-01,42661.0,97893.0
Maine,1990-06-01,42454.0,97335.0
Maine,1990-07-01,42466.0,96675.0
Maine,1990-08-01,43111.0,98160.0
Maine,1990-09-01,42963.0,97669.0
Maine,1990-10-01,43804.0,99400.0
Maine,1990-11-01,45100.0,102775.0
Maine,1990-12-01,47500.0,108357.0
Maine,1991-01-01,50024.0,114742.0
Maine,1991-02-01,51273.0,118007.0
Maine,1991-03-01,52943.0,122085.0
Maine,1991-04-01,52846.0,122257.0
Maine,1991-05-01,52469.0,121398.0
Maine,1991-06-01,52428.0,121403.0
Maine,1991-07-01,52066.0,119827.0
Maine,1991-08-01,52487.0,120868.0
Maine,1991-09-01,53256.0,122356.0
Maine,1991-10-01,54068.0,124156.0
Maine,1991-11-01,54710.0,125589.0
Maine,1991-12-01,56001.0,127907.0
Maine,1992-01-01,57148.0,131110.0
Maine,1992-02-01,58094.0,133644.0
Maine,1992-03-01,60051.0,138491.0
Maine,1992-04-01,59695.0,137439.0
Maine,1992-05-01,59471.0,136575.0
Maine,1992-06-01,59531.0,136626.0
Maine,1992-07-01,58473.0,133821.0
Maine,1992-08-01,58409.0,133530.0
Maine,1992-09-01,57653.0,131216.0
Maine,1992-10-01,59783.0,136019.0
Maine,1992-11-01,58967.0,133935.0
Maine,1992-12-01,60545.0,137466.0
Maine,1993-01-01,61150.0,139060.0
Maine,1993-02-01,61946.0,141054.0
Maine,1993-03-01,63344.0,144381.0
Maine,1993-04-01,62216.0,141623.0
Maine,1993-05-01,62117.0,141200.0
Maine,1993-06-01,61406.0,139546.0
Maine,1993-07-01,60484.0,136757.0
Maine,1993-08-01,60414.0,136481.0
Maine,1993-09-01,59592.0,134386.0
Maine,1993-10-01,59406.0,133379.0
Maine,1993-11-01,59885.0,134663.0
Maine,1993-12-01,60297.0,134984.0
Maine,1994-01-01,61067.0,137049.0
Maine,1994-02-01,61521.0,138273.0
Maine,1994-03-01,62956.0,141742.0
Maine,1994-04-01,62246.0,139265.0
Maine,1994-05-01,61893.0,138384.0
Maine,1994-06-01,60554.0,135022.0
Maine,1994-07-01,59719.0,132769.0
Maine,1994-08-01,59880.0,132831.0
Maine,1994-09-01,59170.0,131048.0
Maine,1994-10-01,58831.0,129696.0
Maine,1994-11-01,59374.0,130923.0
Maine,1994-12-01,60008.0,131896.0
Maine,1995-01-01,61271.0,134518.0
Maine,1995-02-01,61158.0,134476.0
Maine,1995-03-01,62626.0,137186.0
Maine,1995-04-01,61584.0,134840.0
Maine,1995-05-01,61392.0,134207.0
Maine,1995-06-01,60213.0,131430.0
Maine,1995-07-01,59410.0,129016.0
Maine,1995-08-01,59190.0,128412.0
Maine,1995-09-01,58591.0,126857.0
Maine,1995-10-01,58650.0,126508.0
Maine,1995-11-01,58735.0,126809.0
Maine,1995-12-01,59435.0,131789.0
Maine,1996-01-01,60679.0,131321.0
Maine,1996-02-01,61065.0,131915.0
Maine,1996-03-01,62345.0,134721.0
Maine,1996-04-01,62483.0,134454.0
Maine,1996-05-01,62076.0,133271.0
Maine,1996-06-01,61409.0,131635.0
Maine,1996-07-01,61103.0,130539.0
Maine,1996-08-01,60746.0,129608.0
Maine,1996-09-01,60229.0,127892.0
Maine,1996-10-01,59302.0,125684.0
Maine,1996-11-01,59496.0,125854.0
Maine,1996-12-01,60030.0,126823.0
Maine,1997-01-01,60399.0,128034.0
Maine,1997-02-01,60793.0,129169.0
Maine,1997-03-01,59849.0,127975.0
Maine,1997-04-01,59057.0,125641.0
Maine,1997-05-01,58496.0,124260.0
Maine,1997-06-01,57464.0,122278.0
Maine,1997-07-01,56097.0,118284.0
Maine,1997-08-01,55470.0,116604.0
Maine,1997-09-01,54938.0,114592.0
Maine,1997-10-01,54653.0,113714.0
Maine,1997-11-01,54352.0,112480.0
Maine,1997-12-01,55121.0,114017.0
Maine,1998-01-01,58573.0,123906.0
Maine,1998-02-01,58737.0,123589.0
Maine,1998-03-01,57057.0,118651.0
Maine,1998-04-01,56337.0,116796.0
Maine,1998-05-01,55799.0,115174.0
Maine,1998-06-01,54917.0,112764.0
Maine,1998-07-01,54194.0,110764.0
Maine,1998-08-01,53846.0,110162.0
Maine,1998-09-01,53600.0,109166.0
Maine,1998-10-01,53541.0,108927.0
Maine,1998-11-01,53192.0,107637.0
Maine,1998-12-01,53192.0,109656.0
Maine,1999-01-01,54375.0,110535.0
Maine,1999-02-01,54706.0,111537.0
Maine,1999-03-01,55316.0,112477.0
Maine,1999-04-01,54745.0,111047.0
Maine,1999-05-01,54515.0,110356.0
Maine,1999-06-01,53709.0,108234.0
Maine,1999-07-01,52890.0,106058.0
Maine,1999-08-01,52467.0,105126.0
Maine,1999-09-01,51981.0,103393.0
Maine,1999-10-01,51524.0,101881.0
Maine,1999-11-01,51652.0,102205.0
Maine,1999-12-01,52099.0,102912.0
Maine,2000-01-01,52214.0,103183.0
Maine,2000-02-01,52340.0,103446.0
Maine,2000-03-01,52592.0,103968.0
Maine,2000-04-01,52005.0,102182.0
Maine,2000-05-01,52214.0,102492.0
Maine,2000-06-01,51362.0,100235.0
Maine,2000-07-01,50804.0,98812.0
Maine,2000-08-01,51031.0,99388.0
Maine,2000-09-01,50693.0,98471.0
Maine,2000-10-01,51389.0,100000.0
Maine,2000-11-01,51554.0,100596.0
Maine,2000-12-01,52245.0,101829.0
Maine,2001-01-01,52897.0,103883.0
Maine,2001-02-01,52898.0,104470.0
Maine,2001-03-01,53881.0,106570.0
Maine,2001-04-01,53666.0,105901.0
Maine,2001-05-01,54221.0,106977.0
Maine,2001-06-01,53826.0,105778.0
Maine,2001-07-01,53718.0,105459.0
Maine,2001-08-01,53922.0,106260.0
Maine,2001-09-01,53590.0,104868.0
Maine,2001-10-01,54472.0,107234.0
Maine,2001-11-01,54778.0,107995.0
Maine,2001-12-01,55365.0,109030.0
Maine,2002-01-01,56324.0,111280.0
Maine,2002-02-01,56367.0,111666.0
Maine,2002-03-01,57397.0,113256.0
Maine,2002-04-01,56907.0,112160.0
Maine,2002-05-01,57034.0,112469.0
Maine,2002-06-01,57118.0,112245.0
Maine,2002-07-01,57335.0,113000.0
Maine,2002-08-01,57118.0,112572.0
Maine,2002-09-01,56296.0,110861.0
Maine,2002-10-01,60097.0,119880.0
Maine,2002-11-01,61643.0,122501.0
Maine,2002-12-01,63413.0,126812.0
Maine,2003-01-01,64873.0,130511.0
Maine,2003-02-01,65596.0,131683.0
Maine,2003-03-01,67057.0,134762.0
Maine,2003-04-01,66979.0,141091.0
Maine,2003-05-01,67775.0,144370.0
Maine,2003-06-01,67642.0,134877.0
Maine,2003-07-01,69085.0,137508.0
Maine,2003-08-01,65699.0,129456.0
Maine,2003-09-01,69265.0,137527.0
Maine,2003-10-01,69537.0,137479.0
Maine,2003-11-01,69646.0,137761.0
Maine,2003-12-01,70981.0,140465.0
Maine,2004-01-01,71987.0,142798.0
Maine,2004-02-01,72907.0,144383.0
Maine,2004-03-01,74085.0,147013.0
Maine,2004-04-01,74529.0,146819.0
Maine,2004-05-01,74954.0,147689.0
Maine,2004-06-01,73014.0,142645.0
Maine,2004-07-01,70181.0,135514.0
Maine,2004-08-01,71517.0,138741.0
Maine,2004-09-01,73023.0,141843.0
Maine,2004-10-01,75206.0,146518.0
Maine,2004-11-01,76035.0,147944.0
Maine,2004-12-01,76699.0,149192.0
Maine,2005-01-01,76059.0,148927.0
Maine,2005-02-01,77764.0,152705.0
Maine,2005-03-01,78882.0,154652.0
Maine,2005-04-01,78800.0,154498.0
Maine,2005-05-01,78835.0,153654.0
Maine,2005-06-01,78931.0,154104.0
Maine,2005-07-01,79756.0,157266.0
Maine,2005-08-01,80400.0,157470.0
Maine,2005-09-01,80674.0,157991.0
Maine,2005-10-01,80829.0,158100.0
Maine,2005-11-01,81158.0,160113.0
Maine,2005-12-01,81671.0,159502.0
Maine,2006-01-01,82019.0,160976.0
Maine,2006-02-01,81558.0,160084.0
Maine,2006-03-01,82389.0,162134.0
Maine,2006-04-01,81593.0,161782.0
Maine,2006-05-01,81960.0,160832.0
Maine,2006-06-01,81325.0,159760.0
Maine,2006-07-01,81592.0,160220.0
Maine,2006-08-01,81483.0,160501.0
Maine,2006-09-01,81112.0,159521.0
Maine,2006-10-01,81929.0,158547.0
Maine,2006-11-01,78902.0,160631.0
Maine,2006-12-01,79758.0,157177.0
Maine,2007-01-01,81576.0,161663.0
Maine,2007-02-01,81931.0,163193.0
Maine,2007-03-01,82814.0,164709.0
Maine,2007-04-01,82432.0,164538.0
Maine,2007-05-01,82763.0,164729.0
Maine,2007-06-01,82608.0,164841.0
Maine,2007-07-01,82511.0,164347.0
Maine,2007-08-01,82382.0,164403.0
Maine,2007-09-01,81599.0,162443.0
Maine,2007-10-01,82639.0,164920.0
Maine,2007-11-01,82775.0,165116.0
Maine,2007-12-01,83059.0,165188.0
Maine,2008-01-01,85311.0,170819.0
Maine,2008-02-01,86481.0,173932.0
Maine,2008-03-01,87225.0,174620.0
Maine,2008-04-01,87337.0,174834.0
Maine,2008-05-01,86967.0,173910.0
Maine,2008-06-01,89397.0,179373.0
Maine,2008-07-01,88358.0,176902.0
Maine,2008-08-01,88678.0,177638.0
Maine,2008-09-01,89283.0,179217.0
Maine,2008-10-01,90894.0,183515.0
Maine,2008-11-01,91658.0,184762.0
Maine,2008-12-01,93998.0,189441.0
Maine,2009-01-01,95937.0,194181.0
Maine,2009-02-01,96916.0,196006.0
Maine,2009-03-01,99421.0,201067.0
Maine,2009-04-01,100913.0,204927.0
Maine,2009-05-01,102479.0,206968.0
Maine,2009-06-01,104333.0,210997.0
Maine,2009-07-01,104893.0,211780.0
Maine,2009-08-01,106197.0,214702.0
Maine,2009-09-01,107041.0,216632.0
Maine,2009-10-01,108003.0,218264.0
Maine,2009-11-01,108945.0,219862.0
Maine,2009-12-01,110917.0,224068.0
Maine,2010-01-01,111799.0,225496.0
Maine,2010-02-01,112662.0,227110.0
Maine,2010-03-01,114805.0,231666.0
Maine,2010-04-01,114985.0,230914.0
Maine,2010-05-01,116181.0,232768.0
Maine,2010-06-01,117148.0,235455.0
Maine,2010-07-01,117772.0,236262.0
Maine,2010-08-01,118372.0,237377.0
Maine,2010-09-01,118937.0,237530.0
Maine,2010-10-01,121848.0,242806.0
Maine,2010-11-01,121421.0,241117.0
Maine,2010-12-01,122619.0,242824.0
Maine,2011-01-01,124767.0,246812.0
Maine,2011-02-01,124550.0,245172.0
Maine,2011-03-01,126964.0,250082.0
Maine,2011-04-01,126836.0,248254.0
Maine,2011-05-01,128396.0,251007.0
Maine,2011-06-01,128791.0,251630.0
Maine,2011-07-01,128919.0,251630.0
Maine,2011-08-01,129536.0,252223.0
Maine,2011-09-01,129559.0,251762.0
Maine,2011-10-01,129541.0,251189.0
Maine,2011-11-01,129610.0,250864.0
Maine,2011-12-01,130838.0,253278.0
Maine,2012-01-01,131285.0,253961.0
Maine,2012-02-01,131043.0,253135.0
Maine,2012-03-01,131950.0,254498.0
Maine,2012-04-01,131752.0,253496.0
Maine,2012-05-01,132116.0,254363.0
Maine,2012-06-01,132061.0,253903.0
Maine,2012-07-01,131784.0,253305.0
Maine,2012-08-01,131201.0,252244.0
Maine,2012-09-01,130659.0,250084.0
Maine,2012-10-01,130700.0,250912.0
Maine,2012-11-01,130150.0,249099.0
Maine,2012-12-01,130415.0,249792.0
Maine,2013-01-01,131489.0,252482.0
Maine,2013-02-01,130544.0,250189.0
Maine,2013-03-01,131246.0,251418.0
Maine,2013-04-01,131126.0,250434.0
Maine,2013-05-01,131042.0,249920.0
Maine,2013-06-01,130678.0,248730.0
Maine,2013-07-01,129947.0,247565.0
Maine,2013-08-01,128799.0,244855.0
Maine,2013-09-01,128355.0,244026.0
Maine,2013-10-01,127274.0,241371.0
Maine,2013-11-01,125728.0,237780.0
Maine,2013-12-01,124599.0,235842.0
Maine,2014-01-01,124143.0,235771.0
Maine,2014-02-01,123212.0,233609.0
Maine,2014-03-01,122601.0,232610.0
Maine,2014-04-01,121190.0,229516.0
Maine,2014-05-01,131784.0,228069.0
Maine,2014-06-01,119336.0,225815.0
Maine,2014-07-01,120960.0,227666.0
Maine,2014-08-01,116558.0,221263.0
Maine,2014-09-01,114900.0,217115.0
Maine,2014-10-01,113489.0,215430.0
Maine,2014-11-01,111679.0,211545.0
Maine,2014-12-01,111327.0,211513.0
Maine,2015-01-01,103803.0,201557.0
Maine,2015-02-01,103315.0,199850.0
Maine,2015-03-01,103933.0,202099.0
Maine,2015-04-01,103336.0,201151.0
Maine,2015-05-01,103013.0,199508.0
Maine,2015-06-01,102544.0,199815.0
Maine,2015-07-01,102491.0,197987.0
Maine,2015-08-01,101644.0,196771.0
Maine,2015-09-01,100330.0,193720.0
Maine,2015-10-01,99781.0,192404.0
Maine,2015-11-01,99413.0,190203.0
Maine,2015-12-01,99712.0,190434.0
Maine,2016-01-01,99315.0,190609.0
Maine,2016-02-01,99722.0,191586.0
Maine,2016-03-01,98701.0,190803.0
Maine,2016-04-01,98523.0,189996.0
Maine,2016-05-01,98586.0,190759.0
Maine,2016-06-01,97994.0,188367.0
Maine,2016-07-01,97619.0,186542.0
Maine,2016-08-01,97333.0,185940.0
Maine,2016-09-01,95890.0,183299.0
Maine,2016-10-01,95570.0,182095.0
Maine,2016-11-01,94504.0,179398.0
Maine,2016-12-01,94412.0,179737.0
Maine,2017-01-01,95757.0,188058.0
Maine,2017-02-01,94662.0,185153.0
Maine,2017-03-01,93640.0,181209.0
Maine,2017-04-01,92788.0,179151.0
Maine,2017-05-01,92996.0,179397.0
Maine,2017-06-01,92479.0,178020.0
Maine,2017-07-01,91761.0,175883.0
Maine,2017-08-01,91407.0,175642.0
Maine,2017-09-01,90710.0,173067.0
Maine,2017-10-01,90529.0,173171.0
Maine,2017-11-01,90300.0,173318.0
Maine,2017-12-01,90228.0,172285.0
Maine,2018-01-01,89310.0,171025.0
Maine,2018-02-01,89295.0,171064.0
Maine,2018-03-01,89865.0,172274.0
Maine,2018-04-01,89397.0,165936.0
Maine,2018-05-01,89398.0,165811.0
Maine,2018-06-01,88606.0,164278.0
Maine,2018-07-01,88020.0,163357.0
Maine,2018-08-01,87381.0,161686.0
Maine,2018-09-01,86740.0,160087.0
Maine,2018-10-01,86368.0,159320.0
Maine,2018-11-01,85990.0,158401.0
Maine,2018-12-01,85243.0,157026.0
Maine,2019-01-01,85308.0,157160.0
Maine,2019-02-01,5313.0,10078.0
Maine,2019-03-01,84826.0,155564.0
Maine,2019-04-01,85139.0,155769.0
Maine,2019-05-01,85445.0,156166.0
Maine,2019-06-01,85564.0,156232.0
Maine,2019-07-01,85292.0,155749.0
Maine,2019-08-01,85862.0,156079.0
Maine,2019-09-01,85996.0,155648.0
Maine,2019-10-01,86519.0,156450.0
Maine,2019-11-01,85974.0,155073.0
Maine,2019-12-01,86268.0,155325.0
Maine,2020-01-01,85905.0,154069.0
Maine,2020-02-01,85566.0,154047.0
Maine,2020-03-01,86222.0,153770.0
Maine,2020-04-01,93984.0,173241.0
Maine,2020-05-01,93845.0,168712.0
Maine,2020-06-01,94113.0,168393.0
Maine,2020-07-01,92073.0,161589.0
Maine,2020-08-01,91786.0,161975.0
Maine,2020-09-01,89837.0,157300.0
Maine,2020-10-01,88453.0,154604.0
Maine,2020-11-01,88146.0,153835.0
Maine,2020-12-01,89024.0,155609.0
Maine,2021-01-01,89795.0,159136.0
Maine,2021-02-01,89686.0,158524.0
Maine,2021-03-01,90238.0,158530.0
Maine,2021-04-01,90083.0,157806.0
Maine,2021-05-01,90246.0,157907.0
Maine,2021-06-01,90883.0,158772.0
Maine,2021-07-01,92256.0,163452.0
Maine,2021-08-01,91818.0,161526.0
Maine,2021-09-01,90729.0,157458.0
Maine,2021-10-01,92435.0,163358.0
Maine,2021-11-01,91115.0,157968.0
Maine,2021-12-01,91706.0,159234.0
Maine,2022-01-01,91249.0,158573.0
Maine,2022-02-01,91806.0,159728.0
Maine,2022-03-01,92749.0,161066.0
Maine,2022-04-01,93052.0,161581.0
Maine,2022-05-01,94094.0,163275.0
Maine,2022-06-01,94820.0,164604.0
Maine,2022-07-01,94820.0,164604.0
Maine,2022-08-01,96146.0,166683.0
Maine,2022-09-01,95927.0,165233.0
Maine,2022-10-01,96740.0,167793.0
Maine,2022-11-01,97258.0,168314.0
Maine,2022-12-01,98213.0,170373.0
Maine,2023-01-01,96630.0,167399.0
Maine,2023-02-01,97153.0,168290.0
Maine,2023-03-01,96932.0,167152.0
Maine,2023-04-01,96345.0,165743.0
Maine,2023-05-01,97149.0,167002.0
Maine,2023-06-01,97783.0,167887.0
Maine,2023-07-01,97983.0,168117.0
Maine,2023-08-01,98014.0,167728.0
Maine,2023-09-01,98003.0,167416.0
Maine,2023-10-01,98473.0,168704.0
Maine,2023-11-01,98866.0,169391.0
Maine,2023-12-01,99493.0,170285.0
Maine,2024-01-01,100250.0,171355.0
Maine,2024-02-01,100550.0,171488.0
Maine,2024-03-01,101544.0,172725.0
Maine,2024-04-01,101728.0,172809.0
Maine,2024-05-01,102152.0,173259.0
Maine,2024-06-01,102806.0,174410.0
Maine,2024-07-01,102757.0,174391.0
Maine,2024-08-01,102801.0,174294.0
Maine,2024-09-01,0.0,0.0
Maryland,1988-10-01,104553.0,246116.0
Maryland,1988-11-01,105092.0,247080.0
Maryland,1988-12-01,106723.0,250104.0
Maryland,1989-01-01,106689.0,249662.0
Maryland,1989-02-01,106667.0,249456.0
Maryland,1989-03-01,108075.0,252499.0
Maryland,1989-04-01,106635.0,249777.0
Maryland,1989-05-01,106310.0,249038.0
Maryland,1989-06-01,105978.0,248137.0
Maryland,1989-07-01,105399.0,246939.0
Maryland,1989-08-01,106331.0,248688.0
Maryland,1989-09-01,106060.0,248276.0
Maryland,1989-10-01,106827.0,249978.0
Maryland,1989-11-01,106895.0,250140.0
Maryland,1989-12-01,107051.0,250399.0
Maryland,1990-01-01,106485.0,249107.0
Maryland,1990-02-01,106701.0,249688.0
Maryland,1990-03-01,108729.0,253882.0
Maryland,1990-04-01,108388.0,253608.0
Maryland,1990-05-01,109777.0,256554.0
Maryland,1990-06-01,109932.0,257050.0
Maryland,1990-07-01,109705.0,256521.0
Maryland,1990-08-01,113082.0,264400.0
Maryland,1990-09-01,113258.0,264606.0
Maryland,1990-10-01,119704.0,279524.0
Maryland,1990-11-01,120438.0,281466.0
Maryland,1990-12-01,123309.0,287850.0
Maryland,1991-01-01,125487.0,293600.0
Maryland,1991-02-01,127937.0,299372.0
Maryland,1991-03-01,131219.0,307145.0
Maryland,1991-04-01,132440.0,310119.0
Maryland,1991-05-01,133186.0,312043.0
Maryland,1991-06-01,133126.0,312210.0
Maryland,1991-07-01,135116.0,316716.0
Maryland,1991-08-01,137382.0,321000.0
Maryland,1991-09-01,138411.0,323158.0
Maryland,1991-10-01,140663.0,328446.0
Maryland,1991-11-01,142112.0,331540.0
Maryland,1991-12-01,143931.0,336489.0
Maryland,1992-01-01,145102.0,338334.0
Maryland,1992-02-01,146065.0,342013.0
Maryland,1992-03-01,147982.0,346446.0
Maryland,1992-04-01,149267.0,347295.0
Maryland,1992-05-01,147256.0,345384.0
Maryland,1992-06-01,146670.0,344077.0
Maryland,1992-07-01,141651.0,332830.0
Maryland,1992-08-01,151185.0,355947.0
Maryland,1992-09-01,151977.0,357977.0
Maryland,1992-10-01,153429.0,360828.0
Maryland,1992-11-01,154014.0,362932.0
Maryland,1992-12-01,156595.0,370330.0
Maryland,1993-01-01,157246.0,371316.0
Maryland,1993-02-01,158465.0,373836.0
Maryland,1993-03-01,160500.0,378091.0
Maryland,1993-04-01,161387.0,380310.0
Maryland,1993-05-01,161332.0,378951.0
Maryland,1993-06-01,161844.0,380071.0
Maryland,1993-07-01,161250.0,379017.0
Maryland,1993-08-01,161770.0,380532.0
Maryland,1993-09-01,160873.0,378045.0
Maryland,1993-10-01,161241.0,378309.0
Maryland,1993-11-01,162000.0,387500.0
Maryland,1993-12-01,149292.0,387155.0
Maryland,1994-01-01,162058.0,381953.0
Maryland,1994-02-01,164849.0,387441.0
Maryland,1994-03-01,170074.0,399877.0
Maryland,1994-04-01,168346.0,394912.0
Maryland,1994-05-01,168321.0,391662.0
Maryland,1994-06-01,167859.0,394231.0
Maryland,1994-07-01,167356.0,392040.0
Maryland,1994-08-01,168570.0,395154.0
Maryland,1994-09-01,167554.0,392215.0
Maryland,1994-10-01,168778.0,396747.0
Maryland,1994-11-01,168653.0,396506.0
Maryland,1994-12-01,170787.0,401714.0
Maryland,1995-01-01,170809.0,402724.0
Maryland,1995-02-01,170682.0,402454.0
Maryland,1995-03-01,173147.0,408147.0
Maryland,1995-04-01,170024.0,400825.0
Maryland,1995-05-01,169435.0,408119.0
Maryland,1995-06-01,168957.0,397702.0
Maryland,1995-07-01,166809.0,392330.0
Maryland,1995-08-01,168269.0,395306.0
Maryland,1995-09-01,166934.0,382151.0
Maryland,1995-10-01,168061.0,383924.0
Maryland,1995-11-01,166785.0,380029.0
Maryland,1995-12-01,167314.0,380557.0
Maryland,1996-01-01,165685.0,376336.0
Maryland,1996-02-01,165438.0,375839.0
Maryland,1996-03-01,167091.0,379281.0
Maryland,1996-04-01,165689.0,376075.0
Maryland,1996-05-01,164762.0,376075.0
Maryland,1996-06-01,163403.0,371249.0
Maryland,1996-07-01,162701.0,369279.0
Maryland,1996-08-01,160828.0,364642.0
Maryland,1996-09-01,158959.0,360858.0
Maryland,1996-10-01,159002.0,360327.0
Maryland,1996-11-01,156667.0,354289.0
Maryland,1996-12-01,157152.0,354647.0
Maryland,1997-01-01,156097.0,353049.0
Maryland,1997-02-01,153578.0,360165.0
Maryland,1997-03-01,152609.0,360028.0
Maryland,1997-04-01,150910.0,354956.0
Maryland,1997-05-01,150121.0,375840.0
Maryland,1997-06-01,148474.0,349178.0
Maryland,1997-07-01,147483.0,346786.0
Maryland,1997-08-01,146595.0,344656.0
Maryland,1997-09-01,144231.0,339310.0
Maryland,1997-10-01,143764.0,338070.0
Maryland,1997-11-01,140810.0,331041.0
Maryland,1997-12-01,140980.0,331555.0
Maryland,1998-01-01,140168.0,329562.0
Maryland,1998-02-01,138160.0,324953.0
Maryland,1998-03-01,138185.0,324858.0
Maryland,1998-04-01,137905.0,323799.0
Maryland,1998-05-01,139801.0,328219.0
Maryland,1998-06-01,133855.0,314213.0
Maryland,1998-07-01,133815.0,314126.0
Maryland,1998-08-01,131211.0,307399.0
Maryland,1998-09-01,129768.0,304036.0
Maryland,1998-10-01,128808.0,299632.0
Maryland,1998-11-01,126562.0,294420.0
Maryland,1998-12-01,126275.0,295722.0
Maryland,1999-01-01,122004.0,275073.0
Maryland,1999-02-01,120536.0,270697.0
Maryland,1999-03-01,118958.0,265812.0
Maryland,1999-04-01,116706.0,259899.0
Maryland,1999-05-01,113816.0,253056.0
Maryland,1999-06-01,111517.0,247177.0
Maryland,1999-07-01,109431.0,241719.0
Maryland,1999-08-01,107509.0,237320.0
Maryland,1999-09-01,105613.0,232194.0
Maryland,1999-10-01,104958.0,230569.0
Maryland,1999-11-01,104173.0,228468.0
Maryland,1999-12-01,103807.0,226959.0
Maryland,2000-01-01,101730.0,221234.0
Maryland,2000-02-01,101012.0,218911.0
Maryland,2000-03-01,101789.0,220061.0
Maryland,2000-04-01,100325.0,216692.0
Maryland,2000-05-01,99439.0,214360.0
Maryland,2000-06-01,99345.0,214207.0
Maryland,2000-07-01,98399.0,212491.0
Maryland,2000-08-01,99113.0,213884.0
Maryland,2000-09-01,98487.0,212329.0
Maryland,2000-10-01,97820.0,210678.0
Maryland,2000-11-01,97116.0,208649.0
Maryland,2000-12-01,97723.0,210027.0
Maryland,2001-01-01,96699.0,206821.0
Maryland,2001-02-01,95397.0,203271.0
Maryland,2001-03-01,96490.0,205764.0
Maryland,2001-04-01,96014.0,205180.0
Maryland,2001-05-01,96290.0,206458.0
Maryland,2001-06-01,97122.0,208732.0
Maryland,2001-07-01,97095.0,209732.0
Maryland,2001-08-01,98727.0,213701.0
Maryland,2001-09-01,97815.0,212097.0
Maryland,2001-10-01,99890.0,216826.0
Maryland,2001-11-01,100864.0,219007.0
Maryland,2001-12-01,101995.0,222015.0
Maryland,2002-01-01,103497.0,224999.0
Maryland,2002-02-01,103986.0,226296.0
Maryland,2002-03-01,106193.0,231205.0
Maryland,2002-04-01,105779.0,230493.0
Maryland,2002-05-01,105915.0,230900.0
Maryland,2002-06-01,105925.0,230900.0
Maryland,2002-07-01,106292.0,231999.0
Maryland,2002-08-01,108464.0,236959.0
Maryland,2002-09-01,108741.0,238354.0
Maryland,2002-10-01,110820.0,242879.0
Maryland,2002-11-01,111330.0,244593.0
Maryland,2002-12-01,111785.0,245642.0
Maryland,2003-01-01,114360.0,250135.0
Maryland,2003-02-01,113367.0,248456.0
Maryland,2003-03-01,114719.0,251271.0
Maryland,2003-04-01,115122.0,252364.0
Maryland,2003-05-01,115867.0,254160.0
Maryland,2003-06-01,116441.0,255425.0
Maryland,2003-07-01,117858.0,259090.0
Maryland,2003-08-01,119336.0,262907.0
Maryland,2003-09-01,118884.0,261674.0
Maryland,2003-10-01,123939.0,276124.0
Maryland,2003-11-01,120696.0,266758.0
Maryland,2003-12-01,122022.0,269525.0
Maryland,2004-01-01,121706.0,268313.0
Maryland,2004-02-01,122068.0,268562.0
Maryland,2004-03-01,123462.0,271349.0
Maryland,2004-04-01,124477.0,273827.0
Maryland,2004-05-01,124516.0,274197.0
Maryland,2004-06-01,125200.0,275938.0
Maryland,2004-07-01,126130.0,278324.0
Maryland,2004-08-01,127368.0,281438.0
Maryland,2004-09-01,127707.0,282109.0
Maryland,2004-10-01,128884.0,285125.0
Maryland,2004-11-01,129054.0,285177.0
Maryland,2004-12-01,130066.0,286913.0
Maryland,2005-01-01,129822.0,285809.0
Maryland,2005-02-01,128778.0,282878.0
Maryland,2005-03-01,130153.0,284512.0
Maryland,2005-04-01,130464.0,285183.0
Maryland,2005-05-01,131337.0,287225.0
Maryland,2005-06-01,133554.0,292340.0
Maryland,2005-07-01,133577.0,292994.0
Maryland,2005-08-01,135206.0,297101.0
Maryland,2005-09-01,137774.0,302063.0
Maryland,2005-10-01,138286.0,303546.0
Maryland,2005-11-01,139178.0,305223.0
Maryland,2005-12-01,140392.0,307293.0
Maryland,2006-01-01,140378.0,306073.0
Maryland,2006-02-01,138823.0,301658.0
Maryland,2006-03-01,140347.0,303950.0
Maryland,2006-04-01,139525.0,302340.0
Maryland,2006-05-01,139924.0,302665.0
Maryland,2006-06-01,141137.0,305595.0
Maryland,2006-07-01,140890.0,306009.0
Maryland,2006-08-01,143020.0,310424.0
Maryland,2006-09-01,142822.0,309960.0
Maryland,2006-10-01,147825.0,320512.0
Maryland,2006-11-01,142755.0,310027.0
Maryland,2006-12-01,143776.0,312282.0
Maryland,2007-01-01,144389.0,312287.0
Maryland,2007-02-01,143114.0,308367.0
Maryland,2007-03-01,144702.0,311027.0
Maryland,2007-04-01,145558.0,313257.0
Maryland,2007-05-01,146499.0,314830.0
Maryland,2007-06-01,148760.0,320171.0
Maryland,2007-07-01,150348.0,324245.0
Maryland,2007-08-01,153968.0,332353.0
Maryland,2007-09-01,154600.0,334543.0
Maryland,2007-10-01,158125.0,342126.0
Maryland,2007-11-01,159373.0,344700.0
Maryland,2007-12-01,160154.0,346265.0
Maryland,2008-01-01,162028.0,349195.0
Maryland,2008-02-01,163079.0,350997.0
Maryland,2008-03-01,164694.0,354037.0
Maryland,2008-04-01,166983.0,358818.0
Maryland,2008-05-01,168982.0,363035.0
Maryland,2008-06-01,170589.0,366595.0
Maryland,2008-07-01,173608.0,372695.0
Maryland,2008-08-01,177556.0,382063.0
Maryland,2008-09-01,180922.0,389298.0
Maryland,2008-10-01,187172.0,402892.0
Maryland,2008-11-01,191184.0,411862.0
Maryland,2008-12-01,196721.0,422373.0
Maryland,2009-01-01,199608.0,427599.0
Maryland,2009-02-01,203057.0,434339.0
Maryland,2009-03-01,207291.0,442687.0
Maryland,2009-04-01,213807.0,456526.0
Maryland,2009-05-01,218342.0,466946.0
Maryland,2009-06-01,223554.0,478023.0
Maryland,2009-07-01,230155.0,491262.0
Maryland,2009-08-01,236053.0,504168.0
Maryland,2009-09-01,240174.0,511673.0
Maryland,2009-10-01,245549.0,522010.0
Maryland,2009-11-01,247928.0,527111.0
Maryland,2009-12-01,252148.0,535403.0
Maryland,2010-01-01,255424.0,541413.0
Maryland,2010-02-01,254519.0,538394.0
Maryland,2010-03-01,260500.0,549908.0
Maryland,2010-04-01,264603.0,558731.0
Maryland,2010-05-01,267613.0,565237.0
Maryland,2010-06-01,275206.0,580252.0
Maryland,2010-07-01,279977.0,588726.0
Maryland,2010-08-01,290444.0,606893.0
Maryland,2010-09-01,295644.0,616102.0
Maryland,2010-10-01,303759.0,630341.0
Maryland,2010-11-01,311476.0,643651.0
Maryland,2010-12-01,317394.0,653293.0
Maryland,2011-01-01,319704.0,654721.0
Maryland,2011-02-01,322160.0,657518.0
Maryland,2011-03-01,326713.0,653618.0
Maryland,2011-04-01,333530.0,676770.0
Maryland,2011-05-01,330786.0,670605.0
Maryland,2011-06-01,337265.0,681949.0
Maryland,2011-07-01,340941.0,688816.0
Maryland,2011-08-01,346926.0,698969.0
Maryland,2011-09-01,349277.0,702604.0
Maryland,2011-10-01,353242.0,709681.0
Maryland,2011-11-01,354110.0,709254.0
Maryland,2011-12-01,355275.0,710675.0
Maryland,2012-01-01,356557.0,709754.0
Maryland,2012-02-01,356682.0,708889.0
Maryland,2012-03-01,357590.0,709305.0
Maryland,2012-04-01,358965.0,711720.0
Maryland,2012-05-01,360299.0,712757.0
Maryland,2012-06-01,363433.0,719507.0
Maryland,2012-07-01,365565.0,722629.0
Maryland,2012-08-01,371186.0,733869.0
Maryland,2012-09-01,373372.0,738510.0
Maryland,2012-10-01,378116.0,747316.0
Maryland,2012-11-01,380139.0,750784.0
Maryland,2012-12-01,381713.0,754171.0
Maryland,2013-01-01,386397.0,760830.0
Maryland,2013-02-01,387924.0,762890.0
Maryland,2013-03-01,390689.0,766599.0
Maryland,2013-04-01,394312.0,773137.0
Maryland,2013-05-01,396443.0,776725.0
Maryland,2013-06-01,399175.0,782926.0
Maryland,2013-07-01,401323.0,787382.0
Maryland,2013-08-01,404314.0,793693.0
Maryland,2013-09-01,405658.0,795796.0
Maryland,2013-10-01,408103.0,800022.0
Maryland,2013-11-01,406022.0,794933.0
Maryland,2013-12-01,402761.0,788442.0
Maryland,2014-01-01,401137.0,783592.0
Maryland,2014-02-01,400323.0,781927.0
Maryland,2014-03-01,400738.0,781441.0
Maryland,2014-04-01,402864.0,784864.0
Maryland,2014-05-01,403554.0,785557.0
Maryland,2014-06-01,405458.0,788806.0
Maryland,2014-07-01,405601.0,788843.0
Maryland,2014-08-01,404832.0,787477.0
Maryland,2014-09-01,403983.0,785263.0
Maryland,2014-10-01,406148.0,789349.0
Maryland,2014-11-01,404626.0,786347.0
Maryland,2014-12-01,405712.0,786745.0
Maryland,2015-01-01,403788.0,781136.0
Maryland,2015-02-01,403097.0,778493.0
Maryland,2015-03-01,403066.0,776006.0
Maryland,2015-04-01,402834.0,775307.0
Maryland,2015-05-01,406276.0,781337.0
Maryland,2015-06-01,404041.0,777387.0
Maryland,2015-07-01,404632.0,778671.0
Maryland,2015-08-01,406245.0,781497.0
Maryland,2015-09-01,406025.0,780140.0
Maryland,2015-10-01,406209.0,779303.0
Maryland,2015-11-01,405131.0,776164.0
Maryland,2015-12-01,401618.0,768057.0
Maryland,2016-01-01,395615.0,755752.0
Maryland,2016-02-01,393227.0,749467.0
Maryland,2016-03-01,391674.0,745125.0
Maryland,2016-04-01,383712.0,734542.0
Maryland,2016-05-01,381614.0,730875.0
Maryland,2016-06-01,378841.0,725871.0
Maryland,2016-07-01,376619.0,722288.0
Maryland,2016-08-01,377503.0,724104.0
Maryland,2016-09-01,375724.0,720566.0
Maryland,2016-10-01,373911.0,716620.0
Maryland,2016-11-01,370767.0,709987.0
Maryland,2016-12-01,367095.0,701358.0
Maryland,2017-01-01,365297.0,696120.0
Maryland,2017-02-01,360325.0,686967.0
Maryland,2017-03-01,357191.0,679315.0
Maryland,2017-04-01,354043.0,672732.0
Maryland,2017-05-01,353807.0,672438.0
Maryland,2017-06-01,352612.0,670430.0
Maryland,2017-07-01,350409.0,666351.0
Maryland,2017-08-01,352798.0,670849.0
Maryland,2017-09-01,351092.0,668216.0
Maryland,2017-10-01,351191.0,666577.0
Maryland,2017-11-01,349712.0,663109.0
Maryland,2017-12-01,347556.0,657260.0
Maryland,2018-01-01,346528.0,652437.0
Maryland,2018-02-01,345491.0,649631.0
Maryland,2018-03-01,343352.0,643615.0
Maryland,2018-04-01,341188.0,639117.0
Maryland,2018-05-01,340106.0,637129.0
Maryland,2018-06-01,339795.0,636784.0
Maryland,2018-07-01,339411.0,635098.0
Maryland,2018-08-01,342016.0,639567.0
Maryland,2018-09-01,340855.0,637475.0
Maryland,2018-10-01,341809.0,637966.0
Maryland,2018-11-01,339964.0,633655.0
Maryland,2018-12-01,337043.0,626738.0
Maryland,2019-01-01,337895.0,627002.0
Maryland,2019-02-01,16327.0,30774.0
Maryland,2019-03-01,333753.0,616315.0
Maryland,2019-04-01,332146.0,612581.0
Maryland,2019-05-01,331601.0,611598.0
Maryland,2019-06-01,330887.0,610677.0
Maryland,2019-07-01,331092.0,610523.0
Maryland,2019-08-01,333459.0,615096.0
Maryland,2019-09-01,332027.0,612399.0
Maryland,2019-10-01,332343.0,612751.0
Maryland,2019-11-01,331108.0,610581.0
Maryland,2019-12-01,328342.0,604287.0
Maryland,2020-01-01,325982.0,598415.0
Maryland,2020-02-01,322413.0,591474.0
Maryland,2020-03-01,325328.0,594828.0
Maryland,2020-04-01,374439.0,689530.0
Maryland,2020-05-01,426724.0,781868.0
Maryland,2020-06-01,460297.0,844933.0
Maryland,2020-07-01,469129.0,854133.0
Maryland,2020-08-01,459185.0,833691.0
Maryland,2020-09-01,439353.0,795255.0
Maryland,2020-10-01,386540.0,697144.0
Maryland,2020-11-01,420031.0,759660.0
Maryland,2020-12-01,441302.0,797909.0
Maryland,2021-01-01,457289.0,824762.0
Maryland,2021-02-01,468756.0,843794.0
Maryland,2021-03-01,476405.0,857165.0
Maryland,2021-04-01,473066.0,850513.0
Maryland,2021-05-01,473907.0,848382.0
Maryland,2021-06-01,470844.0,835449.0
Maryland,2021-07-01,482784.0,854993.0
Maryland,2021-08-01,479822.0,854592.0
Maryland,2021-09-01,489487.0,857652.0
Maryland,2021-10-01,492942.0,864649.0
Maryland,2021-11-01,496186.0,871002.0
Maryland,2021-12-01,501384.0,881719.0
Maryland,2022-01-01,498509.0,871410.0
Maryland,2022-02-01,503320.0,881093.0
Maryland,2022-03-01,490039.0,859848.0
Maryland,2022-04-01,434238.0,763047.0
Maryland,2022-05-01,395624.0,701036.0
Maryland,2022-06-01,367309.0,657523.0
Maryland,2022-07-01,341059.0,618938.0
Maryland,2022-08-01,362811.0,662640.0
Maryland,2022-09-01,350402.0,639869.0
Maryland,2022-10-01,353781.0,645467.0
Maryland,2022-11-01,359393.0,656507.0
Maryland,2022-12-01,361520.0,661172.0
Maryland,2023-01-01,363431.0,664429.0
Maryland,2023-02-01,371873.0,682021.0
Maryland,2023-03-01,370704.0,678153.0
Maryland,2023-04-01,367832.0,673642.0
Maryland,2023-05-01,366047.0,670867.0
Maryland,2023-06-01,365213.0,670333.0
Maryland,2023-07-01,359957.0,661883.0
Maryland,2023-08-01,365779.0,714404.0
Maryland,2023-09-01,366217.0,674706.0
Maryland,2023-10-01,371107.0,682038.0
Maryland,2023-11-01,375065.0,712697.0
Maryland,2023-12-01,377110.0,689267.0
Maryland,2024-01-01,378251.0,689214.0
Maryland,2024-02-01,381287.0,694931.0
Maryland,2024-03-01,384006.0,696735.0
Maryland,2024-04-01,384628.0,695859.0
Maryland,2024-05-01,386556.0,697963.0
Maryland,2024-06-01,380745.0,689592.0
Maryland,2024-07-01,381048.0,689026.0
Maryland,2024-08-01,382077.0,691241.0
Maryland,2024-09-01,0.0,0.0
Massachusetts,1988-10-01,132536.0,307086.0
Massachusetts,1988-11-01,134248.0,310775.0
Massachusetts,1988-12-01,134235.0,310443.0
Massachusetts,1989-01-01,134952.0,312101.0
Massachusetts,1989-02-01,135869.0,313456.0
Massachusetts,1989-03-01,137442.0,316444.0
Massachusetts,1989-04-01,136394.0,313306.0
Massachusetts,1989-05-01,135932.0,312177.0
Massachusetts,1989-06-01,138951.0,319111.0
Massachusetts,1989-07-01,137767.0,316846.0
Massachusetts,1989-08-01,138948.0,319841.0
Massachusetts,1989-09-01,139995.0,322345.0
Massachusetts,1989-10-01,148936.0,337882.0
Massachusetts,1989-11-01,145292.0,333444.0
Massachusetts,1989-12-01,146675.0,336567.0
Massachusetts,1990-01-01,148936.0,341550.0
Massachusetts,1990-02-01,149739.0,343391.0
Massachusetts,1990-03-01,152515.0,349955.0
Massachusetts,1990-04-01,152819.0,350749.0
Massachusetts,1990-05-01,154431.0,354147.0
Massachusetts,1990-06-01,153936.0,353392.0
Massachusetts,1990-07-01,155499.0,357263.0
Massachusetts,1990-08-01,156975.0,361267.0
Massachusetts,1990-09-01,157953.0,348097.0
Massachusetts,1990-10-01,161564.0,371812.0
Massachusetts,1990-11-01,163110.0,374396.0
Massachusetts,1990-12-01,164741.0,379644.0
Massachusetts,1991-01-01,167789.0,387235.0
Massachusetts,1991-02-01,170497.0,392571.0
Massachusetts,1991-03-01,174064.0,401570.0
Massachusetts,1991-04-01,176078.0,405075.0
Massachusetts,1991-05-01,176314.0,406259.0
Massachusetts,1991-06-01,174819.0,403072.0
Massachusetts,1991-07-01,177305.0,409119.0
Massachusetts,1991-08-01,179871.0,415833.0
Massachusetts,1991-09-01,179465.0,415775.0
Massachusetts,1991-10-01,185025.0,428647.0
Massachusetts,1991-11-01,183645.0,426075.0
Massachusetts,1991-12-01,184243.0,427738.0
Massachusetts,1992-01-01,182763.0,424540.0
Massachusetts,1992-02-01,182680.0,427690.0
Massachusetts,1992-03-01,182754.0,430861.0
Massachusetts,1992-04-01,183141.0,431773.0
Massachusetts,1992-05-01,181715.0,428393.0
Massachusetts,1992-06-01,181393.0,427852.0
Massachusetts,1992-07-01,180783.0,426576.0
Massachusetts,1992-08-01,182318.0,430034.0
Massachusetts,1992-09-01,184241.0,434993.0
Massachusetts,1992-10-01,184359.0,435272.0
Massachusetts,1992-11-01,187003.0,440261.0
Massachusetts,1992-12-01,188759.0,444112.0
Massachusetts,1993-01-01,186994.0,438670.0
Massachusetts,1993-02-01,189472.0,444482.0
Massachusetts,1993-03-01,191957.0,450312.0
Massachusetts,1993-04-01,190848.0,447710.0
Massachusetts,1993-05-01,189912.0,444012.0
Massachusetts,1993-06-01,189252.0,442476.0
Massachusetts,1993-07-01,188153.0,439907.0
Massachusetts,1993-08-01,188514.0,440346.0
Massachusetts,1993-09-01,190636.0,445303.0
Massachusetts,1993-10-01,189333.0,441278.0
Massachusetts,1993-11-01,190175.0,443241.0
Massachusetts,1993-12-01,193457.0,448783.0
Massachusetts,1994-01-01,190397.0,441072.0
Massachusetts,1994-02-01,192401.0,445714.0
Massachusetts,1994-03-01,194831.0,451344.0
Massachusetts,1994-04-01,192051.0,444356.0
Massachusetts,1994-05-01,191588.0,443285.0
Massachusetts,1994-06-01,190359.0,440441.0
Massachusetts,1994-07-01,186261.0,430960.0
Massachusetts,1994-08-01,189348.0,438102.0
Massachusetts,1994-09-01,187120.0,432947.0
Massachusetts,1994-10-01,185144.0,426050.0
Massachusetts,1994-11-01,186082.0,428208.0
Massachusetts,1994-12-01,185448.0,426749.0
Massachusetts,1995-01-01,181934.0,418663.0
Massachusetts,1995-02-01,182384.0,419698.0
Massachusetts,1995-03-01,183741.0,422821.0
Massachusetts,1995-04-01,176321.0,405746.0
Massachusetts,1995-05-01,175753.0,402600.0
Massachusetts,1995-06-01,173074.0,397565.0
Massachusetts,1995-07-01,169041.0,388301.0
Massachusetts,1995-08-01,171211.0,393285.0
Massachusetts,1995-09-01,169237.0,388751.0
Massachusetts,1995-10-01,167815.0,385484.0
Massachusetts,1995-11-01,161273.0,370457.0
Massachusetts,1995-12-01,163338.0,373608.0
Massachusetts,1996-01-01,165236.0,377950.0
Massachusetts,1996-02-01,167086.0,382184.0
Massachusetts,1996-03-01,163672.0,374394.0
Massachusetts,1996-04-01,165120.0,377723.0
Massachusetts,1996-05-01,164401.0,376094.0
Massachusetts,1996-06-01,161290.0,368988.0
Massachusetts,1996-07-01,160125.0,366347.0
Massachusetts,1996-08-01,160774.0,367839.0
Massachusetts,1996-09-01,159250.0,362114.0
Massachusetts,1996-10-01,159526.0,363117.0
Massachusetts,1996-11-01,157949.0,359534.0
Massachusetts,1996-12-01,155454.0,353910.0
Massachusetts,1997-01-01,154337.0,351396.0
Massachusetts,1997-02-01,153632.0,349793.0
Massachusetts,1997-03-01,153352.0,349171.0
Massachusetts,1997-04-01,149999.0,341542.0
Massachusetts,1997-05-01,149928.0,341381.0
Massachusetts,1997-06-01,141002.0,321085.0
Massachusetts,1997-07-01,144726.0,329551.0
Massachusetts,1997-08-01,136419.0,310643.0
Massachusetts,1997-09-01,133038.0,302932.0
Massachusetts,1997-10-01,144216.0,328360.0
Massachusetts,1997-11-01,143751.0,327293.0
Massachusetts,1997-12-01,136670.0,299268.0
Massachusetts,1998-01-01,135540.0,296791.0
Massachusetts,1998-02-01,134820.0,294181.0
Massachusetts,1998-03-01,134945.0,293774.0
Massachusetts,1998-04-01,132590.0,288656.0
Massachusetts,1998-05-01,130667.0,284446.0
Massachusetts,1998-06-01,129267.0,280165.0
Massachusetts,1998-07-01,127810.0,276984.0
Massachusetts,1998-08-01,127068.0,275359.0
Massachusetts,1998-09-01,124924.0,270681.0
Massachusetts,1998-10-01,123752.0,268349.0
Massachusetts,1998-11-01,126148.0,273572.0
Massachusetts,1998-12-01,126710.0,274751.0
Massachusetts,1999-01-01,122895.0,266473.0
Massachusetts,1999-02-01,123818.0,264177.0
Massachusetts,1999-03-01,123804.0,263002.0
Massachusetts,1999-04-01,121065.0,258301.0
Massachusetts,1999-05-01,120295.0,256653.0
Massachusetts,1999-06-01,119355.0,254649.0
Massachusetts,1999-07-01,119233.0,254383.0
Massachusetts,1999-08-01,117351.0,249584.0
Massachusetts,1999-09-01,116777.0,248359.0
Massachusetts,1999-10-01,115949.0,247099.0
Massachusetts,1999-11-01,114437.0,243873.0
Massachusetts,1999-12-01,114364.0,240300.0
Massachusetts,2000-01-01,112312.0,236876.0
Massachusetts,2000-02-01,111619.0,234240.0
Massachusetts,2000-03-01,112107.0,235511.0
Massachusetts,2000-04-01,108676.0,227261.0
Massachusetts,2000-05-01,107918.0,226069.0
Massachusetts,2000-06-01,107500.0,225029.0
Massachusetts,2000-07-01,105561.0,220526.0
Massachusetts,2000-08-01,106208.0,222394.0
Massachusetts,2000-09-01,106162.0,222770.0
Massachusetts,2000-10-01,105785.0,222719.0
Massachusetts,2000-11-01,105458.0,221726.0
Massachusetts,2000-12-01,105467.0,221783.0
Massachusetts,2001-01-01,105280.0,220731.0
Massachusetts,2001-02-01,104228.0,217659.0
Massachusetts,2001-03-01,104661.0,218503.0
Massachusetts,2001-04-01,102735.0,213894.0
Massachusetts,2001-05-01,104041.0,216651.0
Massachusetts,2001-06-01,105231.0,219074.0
Massachusetts,2001-07-01,104049.0,216713.0
Massachusetts,2001-08-01,104747.0,218709.0
Massachusetts,2001-09-01,106372.0,222519.0
Massachusetts,2001-10-01,110207.0,231535.0
Massachusetts,2001-11-01,112594.0,235449.0
Massachusetts,2001-12-01,112127.0,236677.0
Massachusetts,2002-01-01,116591.0,245457.0
Massachusetts,2002-02-01,113673.0,238140.0
Massachusetts,2002-03-01,117437.0,246608.0
Massachusetts,2002-04-01,115106.0,242287.0
Massachusetts,2002-05-01,115491.0,243577.0
Massachusetts,2002-06-01,115527.0,244368.0
Massachusetts,2002-07-01,115600.0,244489.0
Massachusetts,2002-08-01,117153.0,250794.0
Massachusetts,2002-09-01,116797.0,251119.0
Massachusetts,2002-10-01,118439.0,254402.0
Massachusetts,2002-11-01,122851.0,266505.0
Massachusetts,2002-12-01,123711.0,268889.0
Massachusetts,2003-01-01,133267.0,284495.0
Massachusetts,2003-02-01,134686.0,287917.0
Massachusetts,2003-03-01,138304.0,295756.0
Massachusetts,2003-04-01,138990.0,300935.0
Massachusetts,2003-05-01,139733.0,302760.0
Massachusetts,2003-06-01,140076.0,303762.0
Massachusetts,2003-07-01,141847.0,308109.0
Massachusetts,2003-08-01,143820.0,313183.0
Massachusetts,2003-09-01,146618.0,319682.0
Massachusetts,2003-10-01,148631.0,324231.0
Massachusetts,2003-11-01,149130.0,325697.0
Massachusetts,2003-12-01,149257.0,325603.0
Massachusetts,2004-01-01,152010.0,330126.0
Massachusetts,2004-02-01,152924.0,331356.0
Massachusetts,2004-03-01,153725.0,333284.0
Massachusetts,2004-04-01,154426.0,334183.0
Massachusetts,2004-05-01,155016.0,335339.0
Massachusetts,2004-06-01,156355.0,337977.0
Massachusetts,2004-07-01,158598.0,342372.0
Massachusetts,2004-08-01,161178.0,347343.0
Massachusetts,2004-09-01,163267.0,351753.0
Massachusetts,2004-10-01,164399.0,353670.0
Massachusetts,2004-11-01,165093.0,355005.0
Massachusetts,2004-12-01,165442.0,355609.0
Massachusetts,2005-01-01,166895.0,357406.0
Massachusetts,2005-02-01,167429.0,357238.0
Massachusetts,2005-03-01,168655.0,358773.0
Massachusetts,2005-04-01,169811.0,359667.0
Massachusetts,2005-05-01,171385.0,361990.0
Massachusetts,2005-06-01,172425.0,364363.0
Massachusetts,2005-07-01,197562.0,392052.0
Massachusetts,2005-08-01,200994.0,398392.0
Massachusetts,2005-09-01,203358.0,403304.0
Massachusetts,2005-10-01,204670.0,406054.0
Massachusetts,2005-11-01,225526.0,427840.0
Massachusetts,2005-12-01,226646.0,428862.0
Massachusetts,2006-01-01,228318.0,431181.0
Massachusetts,2006-02-01,228064.0,430378.0
Massachusetts,2006-03-01,228850.0,431600.0
Massachusetts,2006-04-01,228341.0,430752.0
Massachusetts,2006-05-01,228946.0,432063.0
Massachusetts,2006-06-01,229753.0,434201.0
Massachusetts,2006-07-01,231085.0,437525.0
Massachusetts,2006-08-01,232882.0,442377.0
Massachusetts,2006-09-01,234078.0,445381.0
Massachusetts,2006-10-01,236011.0,449184.0
Massachusetts,2006-11-01,235798.0,449111.0
Massachusetts,2006-12-01,236006.0,449359.0
Massachusetts,2007-01-01,238032.0,452130.0
Massachusetts,2007-02-01,237554.0,450838.0
Massachusetts,2007-03-01,239283.0,453756.0
Massachusetts,2007-04-01,238371.0,452344.0
Massachusetts,2007-05-01,239366.0,454647.0
Massachusetts,2007-06-01,240457.0,457509.0
Massachusetts,2007-07-01,243037.0,463002.0
Massachusetts,2007-08-01,245480.0,468422.0
Massachusetts,2007-09-01,248231.0,473998.0
Massachusetts,2007-10-01,250949.0,479248.0
Massachusetts,2007-11-01,253048.0,483335.0
Massachusetts,2007-12-01,254061.0,484823.0
Massachusetts,2008-01-01,258234.0,491696.0
Massachusetts,2008-02-01,259728.0,493498.0
Massachusetts,2008-03-01,263267.0,499276.0
Massachusetts,2008-04-01,265313.0,502455.0
Massachusetts,2008-05-01,267886.0,507157.0
Massachusetts,2008-06-01,271718.0,514298.0
Massachusetts,2008-07-01,278694.0,527000.0
Massachusetts,2008-08-01,283818.0,537675.0
Massachusetts,2008-09-01,290442.0,548920.0
Massachusetts,2008-10-01,298740.0,563068.0
Massachusetts,2008-11-01,305243.0,574818.0
Massachusetts,2008-12-01,309636.0,582645.0
Massachusetts,2009-01-01,318286.0,597295.0
Massachusetts,2009-02-01,324452.0,607512.0
Massachusetts,2009-03-01,331986.0,620271.0
Massachusetts,2009-04-01,337467.0,629651.0
Massachusetts,2009-05-01,343027.0,640247.0
Massachusetts,2009-06-01,350226.0,653932.0
Massachusetts,2009-07-01,364490.0,674552.0
Massachusetts,2009-08-01,371032.0,687117.0
Massachusetts,2009-09-01,378018.0,700219.0
Massachusetts,2009-10-01,384781.0,712389.0
Massachusetts,2009-11-01,389675.0,720511.0
Massachusetts,2009-12-01,392999.0,726541.0
Massachusetts,2010-01-01,399757.0,737061.0
Massachusetts,2010-02-01,402247.0,740985.0
Massachusetts,2010-03-01,406277.0,747150.0
Massachusetts,2010-04-01,409181.0,751393.0
Massachusetts,2010-05-01,411991.0,755739.0
Massachusetts,2010-06-01,415582.0,762323.0
Massachusetts,2010-07-01,421620.0,771886.0
Massachusetts,2010-08-01,424783.0,778033.0
Massachusetts,2010-09-01,428753.0,785435.0
Massachusetts,2010-10-01,433613.0,793872.0
Massachusetts,2010-11-01,436957.0,799770.0
Massachusetts,2010-12-01,439138.0,802456.0
Massachusetts,2011-01-01,439836.0,801902.0
Massachusetts,2011-02-01,442656.0,805949.0
Massachusetts,2011-03-01,445998.0,810776.0
Massachusetts,2011-04-01,446579.0,810900.0
Massachusetts,2011-05-01,449180.0,815538.0
Massachusetts,2011-06-01,457014.0,832768.0
Massachusetts,2011-07-01,454985.0,825084.0
Massachusetts,2011-08-01,458283.0,830593.0
Massachusetts,2011-09-01,460552.0,833963.0
Massachusetts,2011-10-01,463858.0,838603.0
Massachusetts,2011-11-01,466579.0,843231.0
Massachusetts,2011-12-01,468363.0,845334.0
Massachusetts,2012-01-01,472313.0,850393.0
Massachusetts,2012-02-01,474807.0,853862.0
Massachusetts,2012-03-01,478312.0,858616.0
Massachusetts,2012-04-01,481499.0,862959.0
Massachusetts,2012-05-01,485279.0,868872.0
Massachusetts,2012-06-01,488334.0,873891.0
Massachusetts,2012-07-01,490836.0,877542.0
Massachusetts,2012-08-01,493241.0,881951.0
Massachusetts,2012-09-01,494536.0,883565.0
Massachusetts,2012-10-01,495475.0,884453.0
Massachusetts,2012-11-01,496634.0,886055.0
Massachusetts,2012-12-01,496759.0,885564.0
Massachusetts,2013-01-01,499221.0,888527.0
Massachusetts,2013-02-01,497816.0,885956.0
Massachusetts,2013-03-01,499305.0,887990.0
Massachusetts,2013-04-01,500041.0,888531.0
Massachusetts,2013-05-01,497352.0,885701.0
Massachusetts,2013-06-01,499181.0,888377.0
Massachusetts,2013-07-01,498164.0,887184.0
Massachusetts,2013-08-01,501108.0,891502.0
Massachusetts,2013-09-01,501905.0,891584.0
Massachusetts,2013-10-01,501212.0,889565.0
Massachusetts,2013-11-01,499467.0,885920.0
Massachusetts,2013-12-01,494376.0,876992.0
Massachusetts,2014-01-01,493650.0,874104.0
Massachusetts,2014-02-01,490931.0,869489.0
Massachusetts,2014-03-01,491487.0,867968.0
Massachusetts,2014-04-01,489466.0,863113.0
Massachusetts,2014-05-01,486807.0,857127.0
Massachusetts,2014-06-01,485281.0,853866.0
Massachusetts,2014-07-01,484041.0,850697.0
Massachusetts,2014-08-01,481507.0,845395.0
Massachusetts,2014-09-01,470248.0,826707.0
Massachusetts,2014-10-01,464798.0,817015.0
Massachusetts,2014-11-01,461413.0,810400.0
Massachusetts,2014-12-01,456084.0,799848.0
Massachusetts,2015-01-01,449125.0,785945.0
Massachusetts,2015-02-01,445626.0,778558.0
Massachusetts,2015-03-01,440372.0,769780.0
Massachusetts,2015-04-01,438953.0,766820.0
Massachusetts,2015-05-01,442697.0,772458.0
Massachusetts,2015-06-01,445361.0,776941.0
Massachusetts,2015-07-01,447926.0,781015.0
Massachusetts,2015-08-01,450079.0,784678.0
Massachusetts,2015-09-01,451178.0,785879.0
Massachusetts,2015-10-01,452108.0,786492.0
Massachusetts,2015-11-01,452734.0,786705.0
Massachusetts,2015-12-01,451915.0,784469.0
Massachusetts,2016-01-01,454694.0,787411.0
Massachusetts,2016-02-01,454117.0,784324.0
Massachusetts,2016-03-01,454184.0,782988.0
Massachusetts,2016-04-01,448713.0,774788.0
Massachusetts,2016-05-01,447883.0,774051.0
Massachusetts,2016-06-01,446922.0,772479.0
Massachusetts,2016-07-01,447078.0,772553.0
Massachusetts,2016-08-01,447221.0,772604.0
Massachusetts,2016-09-01,446793.0,771436.0
Massachusetts,2016-10-01,447364.0,771512.0
Massachusetts,2016-11-01,446118.0,768910.0
Massachusetts,2016-12-01,445325.0,766876.0
Massachusetts,2017-01-01,462190.0,793460.0
Massachusetts,2017-02-01,443297.0,762077.0
Massachusetts,2017-03-01,442480.0,759573.0
Massachusetts,2017-04-01,441807.0,758144.0
Massachusetts,2017-05-01,442160.0,758767.0
Massachusetts,2017-06-01,442934.0,760063.0
Massachusetts,2017-07-01,444034.0,761847.0
Massachusetts,2017-08-01,445728.0,765353.0
Massachusetts,2017-09-01,446640.0,766805.0
Massachusetts,2017-10-01,449184.0,771002.0
Massachusetts,2017-11-01,450517.0,772997.0
Massachusetts,2017-12-01,450172.0,772002.0
Massachusetts,2018-01-01,452823.0,775079.0
Massachusetts,2018-02-01,452517.0,773446.0
Massachusetts,2018-03-01,449249.0,765428.0
Massachusetts,2018-04-01,451824.0,770424.0
Massachusetts,2018-05-01,450584.0,768281.0
Massachusetts,2018-06-01,451028.0,769179.0
Massachusetts,2018-07-01,452750.0,771705.0
Massachusetts,2018-08-01,452619.0,771602.0
Massachusetts,2018-09-01,449592.0,765641.0
Massachusetts,2018-10-01,451379.0,768374.0
Massachusetts,2018-11-01,451033.0,767420.0
Massachusetts,2018-12-01,448876.0,762672.0
Massachusetts,2019-01-01,447729.0,759254.0
Massachusetts,2019-02-01,49078.0,83104.0
Massachusetts,2019-03-01,446236.0,754623.0
Massachusetts,2019-04-01,445664.0,752757.0
Massachusetts,2019-05-01,446143.0,752862.0
Massachusetts,2019-06-01,447612.0,754843.0
Massachusetts,2019-07-01,450879.0,759398.0
Massachusetts,2019-08-01,453658.0,762684.0
Massachusetts,2019-09-01,455252.0,764203.0
Massachusetts,2019-10-01,456617.0,764525.0
Massachusetts,2019-11-01,456230.0,762699.0
Massachusetts,2019-12-01,455739.0,760469.0
Massachusetts,2020-01-01,458378.0,763475.0
Massachusetts,2020-02-01,458066.0,761339.0
Massachusetts,2020-03-01,484644.0,786814.0
Massachusetts,2020-04-01,520762.0,881787.0
Massachusetts,2020-05-01,538452.0,914328.0
Massachusetts,2020-06-01,515524.0,863321.0
Massachusetts,2020-07-01,509835.0,850765.0
Massachusetts,2020-08-01,517289.0,868410.0
Massachusetts,2020-09-01,520589.0,877118.0
Massachusetts,2020-10-01,523295.0,881314.0
Massachusetts,2020-11-01,526668.0,886834.0
Massachusetts,2020-12-01,535307.0,900624.0
Massachusetts,2021-01-01,546184.0,916806.0
Massachusetts,2021-02-01,556693.0,933727.0
Massachusetts,2021-03-01,551392.0,925152.0
Massachusetts,2021-04-01,565535.0,947324.0
Massachusetts,2021-05-01,568905.0,952856.0
Massachusetts,2021-06-01,556902.0,934657.0
Massachusetts,2021-07-01,557458.0,936275.0
Massachusetts,2021-08-01,573168.0,959000.0
Massachusetts,2021-09-01,582155.0,973777.0
Massachusetts,2021-10-01,586273.0,981368.0
Massachusetts,2021-11-01,591202.0,988831.0
Massachusetts,2021-12-01,596829.0,996444.0
Massachusetts,2022-01-01,605489.0,1009432.0
Massachusetts,2022-02-01,610263.0,1018183.0
Massachusetts,2022-03-01,618063.0,1031670.0
Massachusetts,2022-04-01,619907.0,1032580.0
Massachusetts,2022-05-01,623184.0,1037812.0
Massachusetts,2022-06-01,625069.0,1041662.0
Massachusetts,2022-07-01,628346.0,1046946.0
Massachusetts,2022-08-01,632015.0,1050682.0
Massachusetts,2022-09-01,637110.0,1057692.0
Massachusetts,2022-10-01,641088.0,1061815.0
Massachusetts,2022-11-01,643864.0,1065051.0
Massachusetts,2022-12-01,648808.0,1071174.0
Massachusetts,2023-01-01,654790.0,1079181.0
Massachusetts,2023-02-01,656778.0,1081944.0
Massachusetts,2023-03-01,659501.0,1085742.0
Massachusetts,2023-04-01,660465.0,1087259.0
Massachusetts,2023-05-01,663065.0,1091117.0
Massachusetts,2023-06-01,663150.0,1092236.0
Massachusetts,2023-07-01,664241.0,1095478.0
Massachusetts,2023-08-01,665300.0,1097544.0
Massachusetts,2023-09-01,666841.0,1099923.0
Massachusetts,2023-10-01,667750.0,1100805.0
Massachusetts,2023-11-01,664508.0,1093974.0
Massachusetts,2023-12-01,669163.0,1101421.0
Massachusetts,2024-01-01,673591.0,1106635.0
Massachusetts,2024-02-01,676900.0,1110856.0
Massachusetts,2024-03-01,680418.0,1115462.0
Massachusetts,2024-04-01,682943.0,1118906.0
Massachusetts,2024-05-01,685602.0,1122571.0
Massachusetts,2024-06-01,686814.0,1124894.0
Massachusetts,2024-07-01,687643.0,1126907.0
Massachusetts,2024-08-01,680653.0,1114538.0
Massachusetts,2024-09-01,0.0,0.0
Michigan,1988-10-01,357198.0,863842.0
Michigan,1988-11-01,356694.0,858718.0
Michigan,1988-12-01,359318.0,865772.0
Michigan,1989-01-01,363165.0,873318.0
Michigan,1989-02-01,363883.0,873772.0
Michigan,1989-03-01,369164.0,886096.0
Michigan,1989-04-01,368411.0,884499.0
Michigan,1989-05-01,365798.0,876145.0
Michigan,1989-06-01,366206.0,880957.0
Michigan,1989-07-01,363074.0,876266.0
Michigan,1989-08-01,364360.0,875425.0
Michigan,1989-09-01,363938.0,875054.0
Michigan,1989-10-01,365280.0,873882.0
Michigan,1989-11-01,367144.0,875519.0
Michigan,1989-12-01,371542.0,886293.0
Michigan,1990-01-01,379850.0,903329.0
Michigan,1990-02-01,383949.0,913245.0
Michigan,1990-03-01,391007.0,929714.0
Michigan,1990-04-01,393593.0,936591.0
Michigan,1990-05-01,390342.0,927935.0
Michigan,1990-06-01,392485.0,937606.0
Michigan,1990-07-01,391981.0,937579.0
Michigan,1990-08-01,392675.0,937603.0
Michigan,1990-09-01,392865.0,939849.0
Michigan,1990-10-01,394826.0,937979.0
Michigan,1990-11-01,400082.0,952412.0
Michigan,1990-12-01,403718.0,960971.0
Michigan,1991-01-01,410721.0,974260.0
Michigan,1991-02-01,411349.0,981791.0
Michigan,1991-03-01,419036.0,999465.0
Michigan,1991-04-01,419822.0,1005090.0
Michigan,1991-05-01,413276.0,992444.0
Michigan,1991-06-01,404106.0,975578.0
Michigan,1991-07-01,406673.0,984219.0
Michigan,1991-08-01,407877.0,990648.0
Michigan,1991-09-01,405549.0,985680.0
Michigan,1991-10-01,401572.0,976224.0
Michigan,1991-11-01,402886.0,984409.0
Michigan,1991-12-01,401003.0,982156.0
Michigan,1992-01-01,403082.0,987665.0
Michigan,1992-02-01,405751.0,997342.0
Michigan,1992-03-01,407274.0,998541.0
Michigan,1992-04-01,410003.0,1007848.0
Michigan,1992-05-01,407389.0,1003100.0
Michigan,1992-06-01,408162.0,1003796.0
Michigan,1992-07-01,405714.0,997312.0
Michigan,1992-08-01,407150.0,1002451.0
Michigan,1992-09-01,403711.0,989920.0
Michigan,1992-10-01,407006.0,998698.0
Michigan,1992-11-01,408668.0,1003527.0
Michigan,1992-12-01,406867.0,994321.0
Michigan,1993-01-01,412737.0,1012139.0
Michigan,1993-02-01,412502.0,1009921.0
Michigan,1993-03-01,421201.0,1029456.0
Michigan,1993-04-01,422604.0,1034148.0
Michigan,1993-05-01,421353.0,1031224.0
Michigan,1993-06-01,431818.0,1041938.0
Michigan,1993-07-01,433716.0,1049716.0
Michigan,1993-08-01,420111.0,1026855.0
Michigan,1993-09-01,429858.0,1033741.0
Michigan,1993-10-01,432550.0,1039718.0
Michigan,1993-11-01,431941.0,1034748.0
Michigan,1993-12-01,430434.0,1026290.0
Michigan,1994-01-01,434659.0,1037232.0
Michigan,1994-02-01,431866.0,1026422.0
Michigan,1994-03-01,440026.0,1047450.0
Michigan,1994-04-01,439320.0,1044143.0
Michigan,1994-05-01,436299.0,1033122.0
Michigan,1994-06-01,435146.0,1027095.0
Michigan,1994-07-01,435024.0,1027120.0
Michigan,1994-08-01,432964.0,1018739.0
Michigan,1994-09-01,429481.0,1005967.0
Michigan,1994-10-01,429643.0,1004841.0
Michigan,1994-11-01,424193.0,987347.0
Michigan,1994-12-01,423717.0,988106.0
Michigan,1995-01-01,423132.0,985281.0
Michigan,1995-02-01,418142.0,969596.0
Michigan,1995-03-01,418142.0,969596.0
Michigan,1995-04-01,420963.0,979704.0
Michigan,1995-05-01,414352.0,958068.0
Michigan,1995-06-01,416241.0,965497.0
Michigan,1995-07-01,412935.0,956511.0
Michigan,1995-08-01,408355.0,939472.0
Michigan,1995-09-01,409510.0,945095.0
Michigan,1995-10-01,406807.0,934943.0
Michigan,1995-11-01,402004.0,920909.0
Michigan,1995-12-01,400972.0,919381.0
Michigan,1996-01-01,448657.0,1028795.0
Michigan,1996-02-01,451129.0,1027876.0
Michigan,1996-03-01,407424.0,932227.0
Michigan,1996-04-01,405374.0,926336.0
Michigan,1996-05-01,401225.0,914701.0
Michigan,1996-06-01,402094.0,918551.0
Michigan,1996-07-01,395076.0,896689.0
Michigan,1996-08-01,397932.0,906259.0
Michigan,1996-09-01,395186.0,898329.0
Michigan,1996-10-01,389109.0,878377.0
Michigan,1996-11-01,389083.0,881894.0
Michigan,1996-12-01,384647.0,870229.0
Michigan,1997-01-01,379526.0,857012.0
Michigan,1997-02-01,381003.0,863981.0
Michigan,1997-03-01,371156.0,844908.0
Michigan,1997-04-01,365446.0,840682.0
Michigan,1997-05-01,358103.0,827860.0
Michigan,1997-06-01,352306.0,817485.0
Michigan,1997-07-01,343238.0,794296.0
Michigan,1997-08-01,344010.0,800848.0
Michigan,1997-09-01,339340.0,789432.0
Michigan,1997-10-01,333786.0,774866.0
Michigan,1997-11-01,332642.0,775735.0
Michigan,1997-12-01,320413.0,761217.0
Michigan,1998-01-01,335877.0,786090.0
Michigan,1998-02-01,338100.0,791879.0
Michigan,1998-03-01,338533.0,792754.0
Michigan,1998-04-01,335021.0,784281.0
Michigan,1998-05-01,342109.0,796262.0
Michigan,1998-06-01,327951.0,762677.0
Michigan,1998-07-01,322019.0,755230.0
Michigan,1998-08-01,317932.0,743566.0
Michigan,1998-09-01,314904.0,734400.0
Michigan,1998-10-01,311405.0,723307.0
Michigan,1998-11-01,307139.0,711141.0
Michigan,1998-12-01,314939.0,723807.0
Michigan,1999-01-01,310845.0,713485.0
Michigan,1999-02-01,308657.0,707387.0
Michigan,1999-03-01,298293.0,686836.0
Michigan,1999-04-01,293921.0,675016.0
Michigan,1999-05-01,292110.0,672303.0
Michigan,1999-06-01,284805.0,650511.0
Michigan,1999-07-01,280428.0,639854.0
Michigan,1999-08-01,290262.0,659030.0
Michigan,1999-09-01,276772.0,629481.0
Michigan,1999-10-01,271964.0,616913.0
Michigan,1999-11-01,258894.0,574626.0
Michigan,1999-12-01,260939.0,577655.0
Michigan,2000-01-01,271692.0,612095.0
Michigan,2000-02-01,271769.0,609426.0
Michigan,2000-03-01,269370.0,603266.0
Michigan,2000-04-01,266202.0,597971.0
Michigan,2000-05-01,266205.0,595400.0
Michigan,2000-06-01,275507.0,612909.0
Michigan,2000-07-01,277893.0,620096.0
Michigan,2000-08-01,267475.0,599428.0
Michigan,2000-09-01,275251.0,614499.0
Michigan,2000-10-01,265122.0,593271.0
Michigan,2000-11-01,278059.0,620699.0
Michigan,2000-12-01,278666.0,622269.0
Michigan,2001-01-01,275001.0,617054.0
Michigan,2001-02-01,276684.0,620437.0
Michigan,2001-03-01,288976.0,646174.0
Michigan,2001-04-01,284028.0,638216.0
Michigan,2001-05-01,285795.0,643522.0
Michigan,2001-06-01,301701.0,680630.0
Michigan,2001-07-01,292796.0,662072.0
Michigan,2001-08-01,297145.0,672565.0
Michigan,2001-09-01,299354.0,678313.0
Michigan,2001-10-01,306292.0,695272.0
Michigan,2001-11-01,311803.0,710024.0
Michigan,2001-12-01,319588.0,730455.0
Michigan,2002-01-01,328926.0,753836.0
Michigan,2002-02-01,333014.0,763303.0
Michigan,2002-03-01,334976.0,766111.0
Michigan,2002-04-01,334057.0,762516.0
Michigan,2002-05-01,333124.0,761842.0
Michigan,2002-06-01,331756.0,760156.0
Michigan,2002-07-01,331985.0,762105.0
Michigan,2002-08-01,333740.0,766233.0
Michigan,2002-09-01,334974.0,768592.0
Michigan,2002-10-01,338827.0,775801.0
Michigan,2002-11-01,341866.0,783596.0
Michigan,2002-12-01,348963.0,799820.0
Michigan,2003-01-01,357325.0,818141.0
Michigan,2003-02-01,363431.0,830736.0
Michigan,2003-03-01,366008.0,839215.0
Michigan,2003-04-01,368455.0,846008.0
Michigan,2003-05-01,371357.0,855415.0
Michigan,2003-06-01,373668.0,862284.0
Michigan,2003-07-01,376224.0,871100.0
Michigan,2003-08-01,379945.0,879820.0
Michigan,2003-09-01,383925.0,889606.0
Michigan,2003-10-01,387618.0,896004.0
Michigan,2003-11-01,388362.0,898191.0
Michigan,2003-12-01,391667.0,906354.0
Michigan,2004-01-01,392039.0,907178.0
Michigan,2004-02-01,396860.0,917969.0
Michigan,2004-03-01,408992.0,940091.0
Michigan,2004-04-01,416925.0,952173.0
Michigan,2004-05-01,421950.0,960556.0
Michigan,2004-06-01,428419.0,972588.0
Michigan,2004-07-01,433670.0,980573.0
Michigan,2004-08-01,440780.0,993714.0
Michigan,2004-09-01,444715.0,999170.0
Michigan,2004-10-01,448856.0,1004488.0
Michigan,2004-11-01,454017.0,1014253.0
Michigan,2004-12-01,458301.0,1022977.0
Michigan,2005-01-01,463488.0,1032892.0
Michigan,2005-02-01,466243.0,1037966.0
Michigan,2005-03-01,468714.0,1046617.0
Michigan,2005-04-01,471426.0,1051803.0
Michigan,2005-05-01,474309.0,1057950.0
Michigan,2005-06-01,477266.0,1063550.0
Michigan,2005-07-01,479565.0,1067795.0
Michigan,2005-08-01,486248.0,1081270.0
Michigan,2005-09-01,491274.0,1089572.0
Michigan,2005-10-01,497814.0,1101788.0
Michigan,2005-11-01,498935.0,1101523.0
Michigan,2005-12-01,502981.0,1109791.0
Michigan,2006-01-01,506506.0,1117547.0
Michigan,2006-02-01,508552.0,1120252.0
Michigan,2006-03-01,512000.0,1127623.0
Michigan,2006-04-01,514262.0,1131879.0
Michigan,2006-05-01,519202.0,1142648.0
Michigan,2006-06-01,523055.0,1149212.0
Michigan,2006-07-01,526209.0,1156311.0
Michigan,2006-08-01,533185.0,1170394.0
Michigan,2006-09-01,537654.0,1176547.0
Michigan,2006-10-01,543328.0,1185400.0
Michigan,2006-11-01,545158.0,1186358.0
Michigan,2006-12-01,550235.0,1196830.0
Michigan,2007-01-01,552135.0,1199323.0
Michigan,2007-02-01,551981.0,1197856.0
Michigan,2007-03-01,555438.0,1205126.0
Michigan,2007-04-01,557439.0,1208166.0
Michigan,2007-05-01,559535.0,1210925.0
Michigan,2007-06-01,560724.0,1212513.0
Michigan,2007-07-01,562080.0,1213879.0
Michigan,2007-08-01,565291.0,1219200.0
Michigan,2007-09-01,565588.0,1217334.0
Michigan,2007-10-01,570276.0,1225285.0
Michigan,2007-11-01,572769.0,1228992.0
Michigan,2007-12-01,575711.0,1234035.0
Michigan,2008-01-01,580679.0,1242897.0
Michigan,2008-02-01,586024.0,1251724.0
Michigan,2008-03-01,590615.0,1259608.0
Michigan,2008-04-01,594381.0,1266669.0
Michigan,2008-05-01,599089.0,1276347.0
Michigan,2008-06-01,602323.0,1283157.0
Michigan,2008-07-01,607152.0,1271510.0
Michigan,2008-08-01,609359.0,1278720.0
Michigan,2008-09-01,602778.0,1257526.0
Michigan,2008-10-01,623769.0,1304013.0
Michigan,2008-11-01,632470.0,1315408.0
Michigan,2008-12-01,646665.0,1347326.0
Michigan,2009-01-01,656178.0,1368124.0
Michigan,2009-02-01,668308.0,1395668.0
Michigan,2009-03-01,679669.0,1419141.0
Michigan,2009-04-01,695168.0,1450554.0
Michigan,2009-05-01,718277.0,1499440.0
Michigan,2009-06-01,731175.0,1527902.0
Michigan,2009-07-01,747855.0,1566574.0
Michigan,2009-08-01,751922.0,1573044.0
Michigan,2009-09-01,780634.0,1636073.0
Michigan,2009-10-01,790220.0,1650505.0
Michigan,2009-11-01,805575.0,1679746.0
Michigan,2009-12-01,816056.0,1696692.0
Michigan,2010-01-01,837028.0,1735139.0
Michigan,2010-02-01,848429.0,1747094.0
Michigan,2010-03-01,864712.0,1775174.0
Michigan,2010-04-01,877126.0,1796909.0
Michigan,2010-05-01,884072.0,1805981.0
Michigan,2010-06-01,894013.0,1822418.0
Michigan,2010-07-01,907118.0,1844919.0
Michigan,2010-08-01,926340.0,1877087.0
Michigan,2010-09-01,935410.0,1884751.0
Michigan,2010-10-01,947985.0,1901600.0
Michigan,2010-11-01,960620.0,1920330.0
Michigan,2010-12-01,967944.0,1926594.0
Michigan,2011-01-01,980321.0,1946040.0
Michigan,2011-02-01,981931.0,1945982.0
Michigan,2011-03-01,984205.0,1948044.0
Michigan,2011-04-01,960268.0,1920552.0
Michigan,2011-05-01,963021.0,1926072.0
Michigan,2011-06-01,963569.0,1924272.0
Michigan,2011-07-01,965647.0,1928071.0
Michigan,2011-08-01,969117.0,1931821.0
Michigan,2011-09-01,966160.0,1922354.0
Michigan,2011-10-01,948058.0,1884542.0
Michigan,2011-11-01,933974.0,1851697.0
Michigan,2011-12-01,929610.0,1843646.0
Michigan,2012-01-01,927375.0,1838439.0
Michigan,2012-02-01,926802.0,1834577.0
Michigan,2012-03-01,924674.0,1828826.0
Michigan,2012-04-01,921081.0,1820669.0
Michigan,2012-05-01,918360.0,1813788.0
Michigan,2012-06-01,915811.0,1806925.0
Michigan,2012-07-01,915142.0,1805450.0
Michigan,2012-08-01,916797.0,1806365.0
Michigan,2012-09-01,918035.0,1805687.0
Michigan,2012-10-01,920122.0,1807567.0
Michigan,2012-11-01,915237.0,1796122.0
Michigan,2012-12-01,912446.0,1790024.0
Michigan,2013-01-01,911303.0,1784755.0
Michigan,2013-02-01,909552.0,1779085.0
Michigan,2013-03-01,907868.0,1773290.0
Michigan,2013-04-01,909848.0,1773173.0
Michigan,2013-05-01,909168.0,1768141.0
Michigan,2013-06-01,907432.0,1764866.0
Michigan,2013-07-01,905617.0,1760433.0
Michigan,2013-08-01,905308.0,1757800.0
Michigan,2013-09-01,903267.0,1752492.0
Michigan,2013-10-01,895067.0,1735759.0
Michigan,2013-11-01,883486.0,1707665.0
Michigan,2013-12-01,877409.0,1692720.0
Michigan,2014-01-01,874508.0,1685232.0
Michigan,2014-02-01,875150.0,1686312.0
Michigan,2014-03-01,874669.0,1684253.0
Michigan,2014-04-01,872877.0,1678883.0
Michigan,2014-05-01,873956.0,1681322.0
Michigan,2014-06-01,868424.0,1669334.0
Michigan,2014-07-01,863485.0,1656802.0
Michigan,2014-08-01,857925.0,1642746.0
Michigan,2014-09-01,853504.0,1632020.0
Michigan,2014-10-01,845599.0,1613544.0
Michigan,2014-11-01,845898.0,1602319.0
Michigan,2014-12-01,834614.0,1593345.0
Michigan,2015-01-01,832755.0,1587586.0
Michigan,2015-02-01,831767.0,1583866.0
Michigan,2015-03-01,828677.0,1578381.0
Michigan,2015-04-01,823255.0,1569228.0
Michigan,2015-05-01,820586.0,1564370.0
Michigan,2015-06-01,815469.0,1554285.0
Michigan,2015-07-01,811481.0,1544844.0
Michigan,2015-08-01,807555.0,1538126.0
Michigan,2015-09-01,802001.0,1526238.0
Michigan,2015-10-01,794717.0,1513129.0
Michigan,2015-11-01,791355.0,1506532.0
Michigan,2015-12-01,786725.0,1495634.0
Michigan,2016-01-01,785966.0,1492286.0
Michigan,2016-02-01,784109.0,1487079.0
Michigan,2016-03-01,780685.0,1480044.0
Michigan,2016-04-01,775899.0,1470703.0
Michigan,2016-05-01,772107.0,1463523.0
Michigan,2016-06-01,767655.0,1455946.0
Michigan,2016-07-01,761703.0,1445487.0
Michigan,2016-08-01,758085.0,1438458.0
Michigan,2016-09-01,775869.0,1434550.0
Michigan,2016-10-01,750000.0,1423008.0
Michigan,2016-11-01,744232.0,1411654.0
Michigan,2016-12-01,739271.0,1401458.0
Michigan,2017-01-01,739138.0,1399290.0
Michigan,2017-02-01,751152.0,1393563.0
Michigan,2017-03-01,732906.0,1383576.0
Michigan,2017-04-01,726446.0,1370584.0
Michigan,2017-05-01,717595.0,1356766.0
Michigan,2017-06-01,713427.0,1348126.0
Michigan,2017-07-01,710617.0,1342081.0
Michigan,2017-08-01,711458.0,1342722.0
Michigan,2017-09-01,706794.0,1332382.0
Michigan,2017-10-01,703442.0,1324462.0
Michigan,2017-11-01,701794.0,1321240.0
Michigan,2017-12-01,694970.0,1307451.0
Michigan,2018-01-01,695407.0,1306298.0
Michigan,2018-02-01,691259.0,1297048.0
Michigan,2018-03-01,687713.0,1288365.0
Michigan,2018-04-01,682588.0,1276898.0
Michigan,2018-05-01,678317.0,1267931.0
Michigan,2018-06-01,673317.0,1259588.0
Michigan,2018-07-01,672544.0,1258177.0
Michigan,2018-08-01,666695.0,1244328.0
Michigan,2018-09-01,659967.0,1230552.0
Michigan,2018-10-01,652916.0,1217499.0
Michigan,2018-11-01,646153.0,1204984.0
Michigan,2018-12-01,642827.0,1198801.0
Michigan,2019-01-01,1233970.0,2301979.0
Michigan,2019-02-01,56328.0,107779.0
Michigan,2019-03-01,633266.0,1182623.0
Michigan,2019-04-01,628885.0,1175365.0
Michigan,2019-05-01,624064.0,1167928.0
Michigan,2019-06-01,620166.0,1162808.0
Michigan,2019-07-01,617618.0,1160246.0
Michigan,2019-08-01,614381.0,1155683.0
Michigan,2019-09-01,609812.0,1147972.0
Michigan,2019-10-01,608410.0,1143900.0
Michigan,2019-11-01,604229.0,1138222.0
Michigan,2019-12-01,611076.0,1149965.0
Michigan,2020-01-01,624163.0,1171772.0
Michigan,2020-02-01,628909.0,1175901.0
Michigan,2020-03-01,666495.0,1247923.0
Michigan,2020-04-01,792669.0,1498658.0
Michigan,2020-05-01,811099.0,1528379.0
Michigan,2020-06-01,741309.0,1344470.0
Michigan,2020-07-01,696773.0,1234935.0
Michigan,2020-08-01,676272.0,1195967.0
Michigan,2020-09-01,682272.0,1223611.0
Michigan,2020-10-01,686598.0,1243376.0
Michigan,2020-11-01,693433.0,1264302.0
Michigan,2020-12-01,703123.0,1288627.0
Michigan,2021-01-01,707158.0,1299040.0
Michigan,2021-02-01,715635.0,1316634.0
Michigan,2021-03-01,710904.0,1308226.0
Michigan,2021-04-01,685860.0,1263496.0
Michigan,2021-05-01,678417.0,1250159.0
Michigan,2021-06-01,679213.0,1252750.0
Michigan,2021-07-01,701050.0,1340469.0
Michigan,2021-08-01,677800.0,1250392.0
Michigan,2021-09-01,682234.0,1261080.0
Michigan,2021-10-01,720095.0,1332844.0
Michigan,2021-11-01,708692.0,1329643.0
Michigan,2021-12-01,709182.0,1329628.0
Michigan,2022-01-01,711124.0,1335123.0
Michigan,2022-02-01,712516.0,1345633.0
Michigan,2022-03-01,721705.0,1360482.0
Michigan,2022-04-01,715768.0,1348861.0
Michigan,2022-05-01,717095.0,1350305.0
Michigan,2022-06-01,718328.0,1353650.0
Michigan,2022-07-01,741237.0,1387346.0
Michigan,2022-08-01,733005.0,1376870.0
Michigan,2022-09-01,728887.0,1365336.0
Michigan,2022-10-01,753970.0,1406035.0
Michigan,2022-11-01,741225.0,1394717.0
Michigan,2022-12-01,749757.0,1410956.0
Michigan,2023-01-01,757323.0,1421161.0
Michigan,2023-02-01,758667.0,1430665.0
Michigan,2023-03-01,761879.0,1433399.0
Michigan,2023-04-01,756965.0,1425331.0
Michigan,2023-05-01,763299.0,1437588.0
Michigan,2023-06-01,762709.0,1435014.0
Michigan,2023-07-01,781796.0,1461238.0
Michigan,2023-08-01,776761.0,1462132.0
Michigan,2023-09-01,769130.0,1443849.0
Michigan,2023-10-01,787625.0,1478749.0
Michigan,2023-11-01,786465.0,1480217.0
Michigan,2023-12-01,791550.0,1483517.0
Michigan,2024-01-01,801111.0,1504350.0
Michigan,2024-02-01,794310.0,1488992.0
Michigan,2024-03-01,794995.0,1486093.0
Michigan,2024-04-01,786432.0,1469577.0
Michigan,2024-05-01,780292.0,1460465.0
Michigan,2024-06-01,749755.0,1439309.0
Michigan,2024-07-01,802398.0,1496900.0
Michigan,2024-08-01,773559.0,1452055.0
Michigan,2024-09-01,0.0,0.0
Minnesota,1988-10-01,95653.0,240926.0
Minnesota,1988-11-01,95378.0,239645.0
Minnesota,1988-12-01,96031.0,240262.0
Minnesota,1989-01-01,96301.0,239177.0
Minnesota,1989-02-01,97514.0,241824.0
Minnesota,1989-03-01,99474.0,249897.0
Minnesota,1989-04-01,99496.0,249690.0
Minnesota,1989-05-01,99120.0,248014.0
Minnesota,1989-06-01,99754.0,250032.0
Minnesota,1989-07-01,98198.0,246246.0
Minnesota,1989-08-01,99301.0,248854.0
Minnesota,1989-09-01,99092.0,248234.0
Minnesota,1989-10-01,99857.0,250060.0
Minnesota,1989-11-01,99974.0,250254.0
Minnesota,1989-12-01,102237.0,255611.0
Minnesota,1990-01-01,104696.0,255001.0
Minnesota,1990-02-01,109712.0,267268.0
Minnesota,1990-03-01,108978.0,265310.0
Minnesota,1990-04-01,110097.0,268014.0
Minnesota,1990-05-01,109743.0,266993.0
Minnesota,1990-06-01,111003.0,270218.0
Minnesota,1990-07-01,110055.0,266159.0
Minnesota,1990-08-01,112341.0,271227.0
Minnesota,1990-09-01,111152.0,268189.0
Minnesota,1990-10-01,111132.0,267972.0
Minnesota,1990-11-01,113670.0,273941.0
Minnesota,1990-12-01,114279.0,275569.0
Minnesota,1991-01-01,116447.0,276830.0
Minnesota,1991-02-01,118694.0,281768.0
Minnesota,1991-03-01,121261.0,287933.0
Minnesota,1991-04-01,122666.0,291269.0
Minnesota,1991-05-01,122468.0,290571.0
Minnesota,1991-06-01,124288.0,295378.0
Minnesota,1991-07-01,123971.0,299228.0
Minnesota,1991-08-01,124294.0,300138.0
Minnesota,1991-09-01,121220.0,292140.0
Minnesota,1991-10-01,122664.0,297284.0
Minnesota,1991-11-01,123621.0,298382.0
Minnesota,1991-12-01,125285.0,299799.0
Minnesota,1992-01-01,125760.0,302258.0
Minnesota,1992-02-01,128515.0,310150.0
Minnesota,1992-03-01,128953.0,308369.0
Minnesota,1992-04-01,130416.0,314296.0
Minnesota,1992-05-01,130028.0,314379.0
Minnesota,1992-06-01,130936.0,318606.0
Minnesota,1992-07-01,129923.0,316601.0
Minnesota,1992-08-01,130094.0,317241.0
Minnesota,1992-09-01,128009.0,309193.0
Minnesota,1992-10-01,129153.0,310862.0
Minnesota,1992-11-01,128133.0,309970.0
Minnesota,1992-12-01,128514.0,309062.0
Minnesota,1993-01-01,128500.0,310872.0
Minnesota,1993-02-01,130399.0,314049.0
Minnesota,1993-03-01,133398.0,321561.0
Minnesota,1993-04-01,133648.0,321445.0
Minnesota,1993-05-01,133466.0,321630.0
Minnesota,1993-06-01,133338.0,321804.0
Minnesota,1993-07-01,133745.0,324418.0
Minnesota,1993-08-01,133677.0,323530.0
Minnesota,1993-09-01,131176.0,314456.0
Minnesota,1993-10-01,131799.0,316556.0
Minnesota,1993-11-01,131511.0,314739.0
Minnesota,1993-12-01,131235.0,312475.0
Minnesota,1994-01-01,132682.0,317421.0
Minnesota,1994-02-01,132423.0,314798.0
Minnesota,1994-03-01,136055.0,323939.0
Minnesota,1994-04-01,134951.0,321987.0
Minnesota,1994-05-01,134321.0,319699.0
Minnesota,1994-06-01,134310.0,320622.0
Minnesota,1994-07-01,134074.0,321124.0
Minnesota,1994-08-01,134015.0,319545.0
Minnesota,1994-09-01,131604.0,311730.0
Minnesota,1994-10-01,132181.0,312444.0
Minnesota,1994-11-01,130235.0,306107.0
Minnesota,1994-12-01,131035.0,308128.0
Minnesota,1995-01-01,131269.0,308589.0
Minnesota,1995-02-01,130693.0,305680.0
Minnesota,1995-03-01,133668.0,312722.0
Minnesota,1995-04-01,132371.0,310822.0
Minnesota,1995-05-01,131281.0,306020.0
Minnesota,1995-06-01,132596.0,313347.0
Minnesota,1995-07-01,131077.0,310282.0
Minnesota,1995-08-01,129320.0,303729.0
Minnesota,1995-09-01,127788.0,300600.0
Minnesota,1995-10-01,126449.0,295789.0
Minnesota,1995-11-01,124281.0,290054.0
Minnesota,1995-12-01,124363.0,291830.0
Minnesota,1996-01-01,125041.0,292966.0
Minnesota,1996-02-01,124036.0,290284.0
Minnesota,1996-03-01,126426.0,296422.0
Minnesota,1996-04-01,127324.0,297765.0
Minnesota,1996-05-01,142863.0,335528.0
Minnesota,1996-06-01,123782.0,292670.0
Minnesota,1996-07-01,121823.0,286537.0
Minnesota,1996-08-01,122381.0,287505.0
Minnesota,1996-09-01,119457.0,280550.0
Minnesota,1996-10-01,117912.0,275822.0
Minnesota,1996-11-01,116347.0,273328.0
Minnesota,1996-12-01,114986.0,270236.0
Minnesota,1997-01-01,113837.0,267286.0
Minnesota,1997-02-01,113970.0,268593.0
Minnesota,1997-03-01,111867.0,263334.0
Minnesota,1997-04-01,110699.0,262433.0
Minnesota,1997-05-01,109721.0,261374.0
Minnesota,1997-06-01,107206.0,255186.0
Minnesota,1997-07-01,104993.0,249124.0
Minnesota,1997-08-01,103936.0,247615.0
Minnesota,1997-09-01,99260.0,231386.0
Minnesota,1997-10-01,97629.0,226839.0
Minnesota,1997-11-01,96125.0,224162.0
Minnesota,1997-12-01,94453.0,218748.0
Minnesota,1998-01-01,96887.0,223457.0
Minnesota,1998-02-01,98778.0,222532.0
Minnesota,1998-03-01,99291.0,220985.0
Minnesota,1998-04-01,99970.0,222643.0
Minnesota,1998-05-01,98272.0,218294.0
Minnesota,1998-06-01,97461.0,217104.0
Minnesota,1998-07-01,96345.0,214964.0
Minnesota,1998-08-01,96632.0,217904.0
Minnesota,1998-09-01,93939.0,209297.0
Minnesota,1998-10-01,94663.0,211655.0
Minnesota,1998-11-01,95744.0,212893.0
Minnesota,1998-12-01,94377.0,207608.0
Minnesota,1999-01-01,95536.0,211627.0
Minnesota,1999-02-01,94287.0,207095.0
Minnesota,1999-03-01,95789.0,211396.0
Minnesota,1999-04-01,95534.0,210799.0
Minnesota,1999-05-01,94408.0,207666.0
Minnesota,1999-06-01,93309.0,204226.0
Minnesota,1999-07-01,94010.0,206953.0
Minnesota,1999-08-01,93616.0,205315.0
Minnesota,1999-09-01,91966.0,199514.0
Minnesota,1999-10-01,92627.0,201996.0
Minnesota,1999-11-01,91380.0,198492.0
Minnesota,1999-12-01,90239.0,194066.0
Minnesota,2000-01-01,91185.0,197673.0
Minnesota,2000-02-01,90265.0,193006.0
Minnesota,2000-03-01,91830.0,197771.0
Minnesota,2000-04-01,91406.0,196843.0
Minnesota,2000-05-01,90531.0,192165.0
Minnesota,2000-06-01,91614.0,197740.0
Minnesota,2000-07-01,90863.0,195678.0
Minnesota,2000-08-01,90560.0,192601.0
Minnesota,2000-09-01,90781.0,194846.0
Minnesota,2000-10-01,91081.0,194295.0
Minnesota,2000-11-01,90552.0,191492.0
Minnesota,2000-12-01,90545.0,193141.0
Minnesota,2001-01-01,91442.0,193156.0
Minnesota,2001-02-01,91299.0,192073.0
Minnesota,2001-03-01,92528.0,196249.0
Minnesota,2001-04-01,93239.0,198365.0
Minnesota,2001-05-01,93373.0,196694.0
Minnesota,2001-06-01,95113.0,203748.0
Minnesota,2001-07-01,95643.0,204436.0
Minnesota,2001-08-01,96062.0,203685.0
Minnesota,2001-09-01,96159.0,205387.0
Minnesota,2001-10-01,97289.0,206706.0
Minnesota,2001-11-01,98268.0,209824.0
Minnesota,2001-12-01,98820.0,210696.0
Minnesota,2002-01-01,100624.0,213639.0
Minnesota,2002-02-01,101927.0,216837.0
Minnesota,2002-03-01,102577.0,218256.0
Minnesota,2002-04-01,103699.0,221075.0
Minnesota,2002-05-01,102960.0,218725.0
Minnesota,2002-06-01,102613.0,219071.0
Minnesota,2002-07-01,103121.0,218879.0
Minnesota,2002-08-01,104679.0,224293.0
Minnesota,2002-09-01,105259.0,225516.0
Minnesota,2002-10-01,106299.0,226253.0
Minnesota,2002-11-01,106548.0,227574.0
Minnesota,2002-12-01,106169.0,226105.0
Minnesota,2003-01-01,108269.0,230037.0
Minnesota,2003-02-01,109136.0,232067.0
Minnesota,2003-03-01,109851.0,232551.0
Minnesota,2003-04-01,111440.0,237806.0
Minnesota,2003-05-01,111631.0,238552.0
Minnesota,2003-06-01,112138.0,240367.0
Minnesota,2003-07-01,112839.0,240720.0
Minnesota,2003-08-01,113296.0,241895.0
Minnesota,2003-09-01,113441.0,241641.0
Minnesota,2003-10-01,114069.0,241752.0
Minnesota,2003-11-01,113628.0,241791.0
Minnesota,2003-12-01,113542.0,240032.0
Minnesota,2004-01-01,115433.0,245291.0
Minnesota,2004-02-01,115518.0,244485.0
Minnesota,2004-03-01,117173.0,247207.0
Minnesota,2004-04-01,118016.0,250275.0
Minnesota,2004-05-01,118046.0,250431.0
Minnesota,2004-06-01,118561.0,251048.0
Minnesota,2004-07-01,119039.0,252117.0
Minnesota,2004-08-01,119960.0,253635.0
Minnesota,2004-09-01,119486.0,251517.0
Minnesota,2004-10-01,124203.0,257523.0
Minnesota,2004-11-01,124113.0,257397.0
Minnesota,2004-12-01,124129.0,257688.0
Minnesota,2005-01-01,125581.0,261396.0
Minnesota,2005-02-01,124274.0,256439.0
Minnesota,2005-03-01,126183.0,261327.0
Minnesota,2005-04-01,125752.0,258289.0
Minnesota,2005-05-01,123588.0,261057.0
Minnesota,2005-06-01,123130.0,260095.0
Minnesota,2005-07-01,123738.0,263242.0
Minnesota,2005-08-01,124310.0,263718.0
Minnesota,2005-09-01,123776.0,261067.0
Minnesota,2005-10-01,125473.0,265616.0
Minnesota,2005-11-01,123835.0,259244.0
Minnesota,2005-12-01,125548.0,264854.0
Minnesota,2006-01-01,125375.0,263918.0
Minnesota,2006-02-01,123224.0,255638.0
Minnesota,2006-03-01,126696.0,265655.0
Minnesota,2006-04-01,126271.0,265911.0
Minnesota,2006-05-01,125680.0,262142.0
Minnesota,2006-06-01,127333.0,268483.0
Minnesota,2006-07-01,126544.0,266479.0
Minnesota,2006-08-01,126011.0,262467.0
Minnesota,2006-09-01,127176.0,267419.0
Minnesota,2006-10-01,128032.0,268336.0
Minnesota,2006-11-01,126423.0,263307.0
Minnesota,2006-12-01,127613.0,268071.0
Minnesota,2007-01-01,128863.0,269723.0
Minnesota,2007-02-01,127020.0,263735.0
Minnesota,2007-03-01,132561.0,278049.0
Minnesota,2007-04-01,133574.0,280923.0
Minnesota,2007-05-01,134741.0,283762.0
Minnesota,2007-06-01,135018.0,284638.0
Minnesota,2007-07-01,135635.0,285543.0
Minnesota,2007-08-01,136157.0,286167.0
Minnesota,2007-09-01,135534.0,284710.0
Minnesota,2007-10-01,133208.0,275746.0
Minnesota,2007-11-01,137344.0,288124.0
Minnesota,2007-12-01,137948.0,289654.0
Minnesota,2008-01-01,140209.0,293306.0
Minnesota,2008-02-01,139542.0,291674.0
Minnesota,2008-03-01,141297.0,295082.0
Minnesota,2008-04-01,139217.0,290691.0
Minnesota,2008-05-01,142593.0,299062.0
Minnesota,2008-06-01,142957.0,300204.0
Minnesota,2008-07-01,143239.0,300540.0
Minnesota,2008-08-01,143377.0,301389.0
Minnesota,2008-09-01,144193.0,301665.0
Minnesota,2008-10-01,146324.0,305681.0
Minnesota,2008-11-01,147008.0,307655.0
Minnesota,2008-12-01,150239.0,314511.0
Minnesota,2009-01-01,154568.0,323225.0
Minnesota,2009-02-01,156946.0,327354.0
Minnesota,2009-03-01,162301.0,336381.0
Minnesota,2009-04-01,168026.0,350008.0
Minnesota,2009-05-01,172458.0,359523.0
Minnesota,2009-06-01,177400.0,369377.0
Minnesota,2009-07-01,180456.0,375884.0
Minnesota,2009-08-01,182728.0,381243.0
Minnesota,2009-09-01,187943.0,389072.0
Minnesota,2009-10-01,196312.0,401429.0
Minnesota,2009-11-01,198301.0,406313.0
Minnesota,2009-12-01,202109.0,414137.0
Minnesota,2010-01-01,203944.0,418390.0
Minnesota,2010-02-01,205535.0,421081.0
Minnesota,2010-03-01,209909.0,430419.0
Minnesota,2010-04-01,211289.0,434243.0
Minnesota,2010-05-01,213425.0,438209.0
Minnesota,2010-06-01,216313.0,443834.0
Minnesota,2010-07-01,217852.0,447540.0
Minnesota,2010-08-01,220476.0,452603.0
Minnesota,2010-09-01,222321.0,455951.0
Minnesota,2010-10-01,224344.0,459160.0
Minnesota,2010-11-01,230368.0,473803.0
Minnesota,2010-12-01,235341.0,485516.0
Minnesota,2011-01-01,240635.0,496729.0
Minnesota,2011-02-01,242499.0,501132.0
Minnesota,2011-03-01,248210.0,512100.0
Minnesota,2011-04-01,249656.0,515766.0
Minnesota,2011-05-01,253244.0,521715.0
Minnesota,2011-06-01,255522.0,526376.0
Minnesota,2011-07-01,253681.0,522258.0
Minnesota,2011-08-01,256671.0,528289.0
Minnesota,2011-09-01,256853.0,528180.0
Minnesota,2011-10-01,259233.0,531781.0
Minnesota,2011-11-01,260572.0,533562.0
Minnesota,2011-12-01,262365.0,536546.0
Minnesota,2012-01-01,262077.0,535308.0
Minnesota,2012-02-01,262431.0,535455.0
Minnesota,2012-03-01,265125.0,539710.0
Minnesota,2012-04-01,265114.0,539415.0
Minnesota,2012-05-01,267222.0,542735.0
Minnesota,2012-06-01,266971.0,541786.0
Minnesota,2012-07-01,268103.0,542945.0
Minnesota,2012-08-01,269099.0,544835.0
Minnesota,2012-09-01,268555.0,542348.0
Minnesota,2012-10-01,271500.0,547774.0
Minnesota,2012-11-01,270314.0,545690.0
Minnesota,2012-12-01,270457.0,545613.0
Minnesota,2013-01-01,273480.0,551209.0
Minnesota,2013-02-01,272813.0,550644.0
Minnesota,2013-03-01,275192.0,554321.0
Minnesota,2013-04-01,275671.0,555092.0
Minnesota,2013-05-01,276333.0,556621.0
Minnesota,2013-06-01,275819.0,555029.0
Minnesota,2013-07-01,277275.0,560132.0
Minnesota,2013-08-01,276308.0,557037.0
Minnesota,2013-09-01,275673.0,555978.0
Minnesota,2013-10-01,276092.0,556655.0
Minnesota,2013-11-01,273085.0,551045.0
Minnesota,2013-12-01,272361.0,549612.0
Minnesota,2014-01-01,271579.0,548682.0
Minnesota,2014-02-01,259874.0,533213.0
Minnesota,2014-03-01,258457.0,531552.0
Minnesota,2014-04-01,256112.0,528763.0
Minnesota,2014-05-01,254770.0,527118.0
Minnesota,2014-06-01,253031.0,524072.0
Minnesota,2014-07-01,251940.0,522512.0
Minnesota,2014-08-01,249643.0,517785.0
Minnesota,2014-09-01,248300.0,513911.0
Minnesota,2014-10-01,247346.0,511415.0
Minnesota,2014-11-01,243312.0,502782.0
Minnesota,2014-12-01,243355.0,502393.0
Minnesota,2015-01-01,242257.0,499523.0
Minnesota,2015-02-01,240050.0,494770.0
Minnesota,2015-03-01,240891.0,495801.0
Minnesota,2015-04-01,239755.0,493929.0
Minnesota,2015-05-01,238885.0,492264.0
Minnesota,2015-06-01,239502.0,493625.0
Minnesota,2015-07-01,237995.0,491267.0
Minnesota,2015-08-01,235990.0,487815.0
Minnesota,2015-09-01,235582.0,486694.0
Minnesota,2015-10-01,234913.0,485317.0
Minnesota,2015-11-01,232865.0,480912.0
Minnesota,2015-12-01,232982.0,485776.0
Minnesota,2016-01-01,231975.0,483198.0
Minnesota,2016-02-01,231419.0,480628.0
Minnesota,2016-03-01,232960.0,482901.0
Minnesota,2016-04-01,231135.0,479106.0
Minnesota,2016-05-01,231381.0,479006.0
Minnesota,2016-06-01,230721.0,478933.0
Minnesota,2016-07-01,229661.0,476393.0
Minnesota,2016-08-01,228369.0,468011.0
Minnesota,2016-09-01,226349.0,465211.0
Minnesota,2016-10-01,225828.0,463421.0
Minnesota,2016-11-01,224378.0,459662.0
Minnesota,2016-12-01,224333.0,458952.0
Minnesota,2017-01-01,223657.0,456771.0
Minnesota,2017-02-01,222640.0,454645.0
Minnesota,2017-03-01,224234.0,455995.0
Minnesota,2017-04-01,221213.0,450154.0
Minnesota,2017-05-01,221744.0,450494.0
Minnesota,2017-06-01,221402.0,449873.0
Minnesota,2017-07-01,221088.0,448207.0
Minnesota,2017-08-01,221684.0,449054.0
Minnesota,2017-09-01,219886.0,445535.0
Minnesota,2017-10-01,220692.0,445575.0
Minnesota,2017-11-01,216930.0,438561.0
Minnesota,2017-12-01,216284.0,436308.0
Minnesota,2018-01-01,216851.0,436161.0
Minnesota,2018-02-01,213732.0,429868.0
Minnesota,2018-03-01,208211.0,424124.0
Minnesota,2018-04-01,206074.0,419592.0
Minnesota,2018-05-01,206611.0,420061.0
Minnesota,2018-06-01,206036.0,418456.0
Minnesota,2018-07-01,214119.0,430583.0
Minnesota,2018-08-01,212839.0,426388.0
Minnesota,2018-09-01,211060.0,422155.0
Minnesota,2018-10-01,211897.0,422573.0
Minnesota,2018-11-01,210009.0,418183.0
Minnesota,2018-12-01,208354.0,413125.0
Minnesota,2019-01-01,211448.0,418348.0
Minnesota,2019-02-01,34852.0,78770.0
Minnesota,2019-03-01,207210.0,406302.0
Minnesota,2019-04-01,207153.0,405566.0
Minnesota,2019-05-01,207303.0,405773.0
Minnesota,2019-06-01,206345.0,403555.0
Minnesota,2019-07-01,206968.0,404059.0
Minnesota,2019-08-01,207053.0,404212.0
Minnesota,2019-09-01,205610.0,400877.0
Minnesota,2019-10-01,203860.0,398706.0
Minnesota,2019-11-01,201739.0,393885.0
Minnesota,2019-12-01,201247.0,392140.0
Minnesota,2020-01-01,201237.0,391756.0
Minnesota,2020-02-01,200779.0,391164.0
Minnesota,2020-03-01,200956.0,391236.0
Minnesota,2020-04-01,211307.0,417889.0
Minnesota,2020-05-01,214149.0,426725.0
Minnesota,2020-06-01,214215.0,428107.0
Minnesota,2020-07-01,210983.0,417449.0
Minnesota,2020-08-01,215284.0,427558.0
Minnesota,2020-09-01,217112.0,434679.0
Minnesota,2020-10-01,217056.0,436693.0
Minnesota,2020-11-01,216283.0,436362.0
Minnesota,2020-12-01,220310.0,444096.0
Minnesota,2021-01-01,240199.0,469979.0
Minnesota,2021-02-01,227665.0,459561.0
Minnesota,2021-03-01,229521.0,462770.0
Minnesota,2021-04-01,230190.0,463231.0
Minnesota,2021-05-01,233722.0,464714.0
Minnesota,2021-06-01,234789.0,465318.0
Minnesota,2021-07-01,229728.0,452449.0
Minnesota,2021-08-01,225301.0,441656.0
Minnesota,2021-09-01,222577.0,434990.0
Minnesota,2021-10-01,221740.0,433511.0
Minnesota,2021-11-01,220203.0,430741.0
Minnesota,2021-12-01,217425.0,423724.0
Minnesota,2022-01-01,220039.0,428739.0
Minnesota,2022-02-01,221267.0,432607.0
Minnesota,2022-03-01,224840.0,438521.0
Minnesota,2022-04-01,224454.0,436853.0
Minnesota,2022-05-01,225220.0,437306.0
Minnesota,2022-06-01,226477.0,439503.0
Minnesota,2022-07-01,226970.0,440315.0
Minnesota,2022-08-01,228592.0,442403.0
Minnesota,2022-09-01,230194.0,446696.0
Minnesota,2022-10-01,233021.0,454504.0
Minnesota,2022-11-01,234376.0,458765.0
Minnesota,2022-12-01,235647.0,461854.0
Minnesota,2023-01-01,238453.0,468346.0
Minnesota,2023-02-01,239096.0,470288.0
Minnesota,2023-03-01,241052.0,474423.0
Minnesota,2023-04-01,231901.0,454524.0
Minnesota,2023-05-01,234608.0,459439.0
Minnesota,2023-06-01,234645.0,458363.0
Minnesota,2023-07-01,234501.0,457212.0
Minnesota,2023-08-01,234920.0,457064.0
Minnesota,2023-09-01,232663.0,452035.0
Minnesota,2023-10-01,234533.0,456032.0
Minnesota,2023-11-01,233962.0,454998.0
Minnesota,2023-12-01,232925.0,452292.0
Minnesota,2024-01-01,231772.0,451575.0
Minnesota,2024-02-01,232323.0,452735.0
Minnesota,2024-03-01,232317.0,451824.0
Minnesota,2024-04-01,234498.0,453821.0
Minnesota,2024-05-01,235862.0,454581.0
Minnesota,2024-06-01,235777.0,453482.0
Minnesota,2024-07-01,236154.0,453918.0
Minnesota,2024-08-01,237115.0,455604.0
Minnesota,2024-09-01,0.0,0.0
Mississippi,1988-10-01,169841.0,500756.0
Mississippi,1988-11-01,168030.0,484082.0
Mississippi,1988-12-01,171032.0,493742.0
Mississippi,1989-01-01,171771.0,496345.0
Mississippi,1989-02-01,170071.0,488052.0
Mississippi,1989-03-01,173583.0,503603.0
Mississippi,1989-04-01,173336.0,500030.0
Mississippi,1989-05-01,171655.0,487295.0
Mississippi,1989-06-01,172452.0,493098.0
Mississippi,1989-07-01,172264.0,491564.0
Mississippi,1989-08-01,170625.0,483489.0
Mississippi,1989-09-01,173351.0,492254.0
Mississippi,1989-10-01,173917.0,491863.0
Mississippi,1989-11-01,173539.0,489489.0
Mississippi,1989-12-01,176152.0,497371.0
Mississippi,1990-01-01,177573.0,500860.0
Mississippi,1990-02-01,177523.0,500286.0
Mississippi,1990-03-01,181010.0,511589.0
Mississippi,1990-04-01,180242.0,509853.0
Mississippi,1990-05-01,176918.0,497211.0
Mississippi,1990-06-01,178345.0,503077.0
Mississippi,1990-07-01,177130.0,498537.0
Mississippi,1990-08-01,175481.0,490395.0
Mississippi,1990-09-01,178352.0,500247.0
Mississippi,1990-10-01,177344.0,493432.0
Mississippi,1990-11-01,181074.0,505351.0
Mississippi,1990-12-01,183254.0,510924.0
Mississippi,1991-01-01,183688.0,510179.0
Mississippi,1991-02-01,188040.0,524446.0
Mississippi,1991-03-01,189861.0,529518.0
Mississippi,1991-04-01,191045.0,533115.0
Mississippi,1991-05-01,188613.0,523095.0
Mississippi,1991-06-01,191277.0,532493.0
Mississippi,1991-07-01,188075.0,520389.0
Mississippi,1991-08-01,190758.0,528230.0
Mississippi,1991-09-01,190945.0,527713.0
Mississippi,1991-10-01,190659.0,523645.0
Mississippi,1991-11-01,193786.0,533563.0
Mississippi,1991-12-01,194515.0,533261.0
Mississippi,1992-01-01,194714.0,532167.0
Mississippi,1992-02-01,197881.0,542375.0
Mississippi,1992-03-01,197004.0,538388.0
Mississippi,1992-04-01,198828.0,544597.0
Mississippi,1992-05-01,197973.0,541616.0
Mississippi,1992-06-01,197616.0,539530.0
Mississippi,1992-07-01,195347.0,530661.0
Mississippi,1992-08-01,198393.0,540061.0
Mississippi,1992-09-01,196293.0,531184.0
Mississippi,1992-10-01,200227.0,542346.0
Mississippi,1992-11-01,200050.0,541085.0
Mississippi,1992-12-01,197928.0,531051.0
Mississippi,1993-01-01,201787.0,543829.0
Mississippi,1993-02-01,199158.0,535533.0
Mississippi,1993-03-01,202501.0,544667.0
Mississippi,1993-04-01,202042.0,543537.0
Mississippi,1993-05-01,200836.0,539870.0
Mississippi,1993-06-01,197699.0,528520.0
Mississippi,1993-07-01,200252.0,536304.0
Mississippi,1993-08-01,200115.0,535016.0
Mississippi,1993-09-01,196102.0,521001.0
Mississippi,1993-10-01,199173.0,529302.0
Mississippi,1993-11-01,198368.0,525798.0
Mississippi,1993-12-01,195731.0,515688.0
Mississippi,1994-01-01,198126.0,523278.0
Mississippi,1994-02-01,192272.0,506282.0
Mississippi,1994-03-01,196608.0,519006.0
Mississippi,1994-04-01,194417.0,514008.0
Mississippi,1994-05-01,191959.0,505495.0
Mississippi,1994-06-01,189798.0,499436.0
Mississippi,1994-07-01,189834.0,500391.0
Mississippi,1994-08-01,189531.0,497767.0
Mississippi,1994-09-01,187347.0,490021.0
Mississippi,1994-10-01,189106.0,494684.0
Mississippi,1994-11-01,185266.0,480929.0
Mississippi,1994-12-01,189100.0,491789.0
Mississippi,1995-01-01,189044.0,490139.0
Mississippi,1995-02-01,184570.0,476826.0
Mississippi,1995-03-01,188799.0,489602.0
Mississippi,1995-04-01,186025.0,483713.0
Mississippi,1995-05-01,181738.0,469204.0
Mississippi,1995-06-01,184046.0,477566.0
Mississippi,1995-07-01,182124.0,472207.0
Mississippi,1995-08-01,179704.0,462779.0
Mississippi,1995-09-01,181770.0,469765.0
Mississippi,1995-10-01,181749.0,468072.0
Mississippi,1995-11-01,179695.0,460617.0
Mississippi,1995-12-01,182543.0,468914.0
Mississippi,1996-01-01,182674.0,468277.0
Mississippi,1996-02-01,179358.0,459011.0
Mississippi,1996-03-01,181549.0,465408.0
Mississippi,1996-04-01,179871.0,460764.0
Mississippi,1996-05-01,176914.0,451290.0
Mississippi,1996-06-01,177170.0,453558.0
Mississippi,1996-07-01,173507.0,441101.0
Mississippi,1996-08-01,175723.0,447742.0
Mississippi,1996-09-01,173253.0,440523.0
Mississippi,1996-10-01,169214.0,428708.0
Mississippi,1996-11-01,168085.0,428514.0
Mississippi,1996-12-01,166290.0,423956.0
Mississippi,1997-01-01,162096.0,413465.0
Mississippi,1997-02-01,159965.0,410645.0
Mississippi,1997-03-01,156236.0,401328.0
Mississippi,1997-04-01,154286.0,398744.0
Mississippi,1997-05-01,151479.0,392750.0
Mississippi,1997-06-01,148548.0,384979.0
Mississippi,1997-07-01,144009.0,370830.0
Mississippi,1997-08-01,143717.0,370775.0
Mississippi,1997-09-01,141663.0,364046.0
Mississippi,1997-10-01,139598.0,356961.0
Mississippi,1997-11-01,138717.0,354981.0
Mississippi,1997-12-01,134798.0,342119.0
Mississippi,1998-01-01,134605.0,342814.0
Mississippi,1998-02-01,131896.0,334331.0
Mississippi,1998-03-01,130428.0,329879.0
Mississippi,1998-04-01,129251.0,327143.0
Mississippi,1998-05-01,126724.0,319576.0
Mississippi,1998-06-01,125859.0,317402.0
Mississippi,1998-07-01,123131.0,309173.0
Mississippi,1998-08-01,123966.0,312388.0
Mississippi,1998-09-01,120771.0,301924.0
Mississippi,1998-10-01,123238.0,306584.0
Mississippi,1998-11-01,120667.0,302666.0
Mississippi,1998-12-01,118121.0,295042.0
Mississippi,1999-01-01,117399.0,294178.0
Mississippi,1999-02-01,114396.0,285308.0
Mississippi,1999-03-01,115053.0,287880.0
Mississippi,1999-04-01,113659.0,284826.0
Mississippi,1999-05-01,112592.0,281911.0
Mississippi,1999-06-01,110846.0,277070.0
Mississippi,1999-07-01,111989.0,280869.0
Mississippi,1999-08-01,112738.0,282498.0
Mississippi,1999-09-01,111417.0,277854.0
Mississippi,1999-10-01,113252.0,283871.0
Mississippi,1999-11-01,112838.0,282781.0
Mississippi,1999-12-01,111943.0,280332.0
Mississippi,2000-01-01,109422.0,275995.0
Mississippi,2000-02-01,105442.0,266009.0
Mississippi,2000-03-01,105178.0,269179.0
Mississippi,2000-04-01,105137.0,268593.0
Mississippi,2000-05-01,105475.0,267784.0
Mississippi,2000-06-01,108575.0,277132.0
Mississippi,2000-07-01,108338.0,275437.0
Mississippi,2000-08-01,109645.0,277269.0
Mississippi,2000-09-01,112667.0,285901.0
Mississippi,2000-10-01,114354.0,289952.0
Mississippi,2000-11-01,115422.0,292328.0
Mississippi,2000-12-01,117099.0,297698.0
Mississippi,2001-01-01,115114.0,294009.0
Mississippi,2001-02-01,111648.0,285972.0
Mississippi,2001-03-01,111900.0,290400.0
Mississippi,2001-04-01,114551.0,296758.0
Mississippi,2001-05-01,114200.0,294000.0
Mississippi,2001-06-01,117663.0,304385.0
Mississippi,2001-07-01,118785.0,305796.0
Mississippi,2001-08-01,119586.0,308434.0
Mississippi,2001-09-01,121601.0,313933.0
Mississippi,2001-10-01,122857.0,315749.0
Mississippi,2001-11-01,126365.0,326286.0
Mississippi,2001-12-01,127107.0,328097.0
Mississippi,2002-01-01,125294.0,322599.0
Mississippi,2002-02-01,125933.0,325033.0
Mississippi,2002-03-01,124603.0,321667.0
Mississippi,2002-04-01,128985.0,325257.0
Mississippi,2002-05-01,124841.0,321139.0
Mississippi,2002-06-01,126917.0,327410.0
Mississippi,2002-07-01,125418.0,321815.0
Mississippi,2002-08-01,127892.0,328304.0
Mississippi,2002-09-01,130450.0,334870.0
Mississippi,2002-10-01,130306.0,333966.0
Mississippi,2002-11-01,133945.0,344513.0
Mississippi,2002-12-01,143393.0,354410.0
Mississippi,2003-01-01,141931.0,350130.0
Mississippi,2003-02-01,142203.0,352066.0
Mississippi,2003-03-01,140588.0,347353.0
Mississippi,2003-04-01,143419.0,355891.0
Mississippi,2003-05-01,144790.0,359613.0
Mississippi,2003-06-01,147063.0,366511.0
Mississippi,2003-07-01,145615.0,361168.0
Mississippi,2003-08-01,149674.0,373498.0
Mississippi,2003-09-01,148764.0,370271.0
Mississippi,2003-10-01,151739.0,377676.0
Mississippi,2003-11-01,152379.0,378366.0
Mississippi,2003-12-01,149248.0,369873.0
Mississippi,2004-01-01,151183.0,377006.0
Mississippi,2004-02-01,150279.0,373188.0
Mississippi,2004-03-01,149144.0,369234.0
Mississippi,2004-04-01,150947.0,375123.0
Mississippi,2004-05-01,151685.0,376876.0
Mississippi,2004-06-01,150271.0,372256.0
Mississippi,2004-07-01,154010.0,383175.0
Mississippi,2004-08-01,154398.0,384228.0
Mississippi,2004-09-01,154851.0,385366.0
Mississippi,2004-10-01,155853.0,385716.0
Mississippi,2004-11-01,156253.0,386678.0
Mississippi,2004-12-01,155015.0,382022.0
Mississippi,2005-01-01,155439.0,384360.0
Mississippi,2005-02-01,150607.0,369314.0
Mississippi,2005-03-01,152674.0,376151.0
Mississippi,2005-04-01,153102.0,376987.0
Mississippi,2005-05-01,154222.0,379911.0
Mississippi,2005-06-01,159157.0,393445.0
Mississippi,2005-07-01,162404.0,402158.0
Mississippi,2005-08-01,164882.0,408513.0
Mississippi,2005-09-01,374393.0,974243.0
Mississippi,2005-10-01,263397.0,678038.0
Mississippi,2005-11-01,221159.0,568060.0
Mississippi,2005-12-01,189247.0,462176.0
Mississippi,2006-01-01,177704.0,433951.0
Mississippi,2006-02-01,169312.0,412731.0
Mississippi,2006-03-01,161652.0,393750.0
Mississippi,2006-04-01,158472.0,388050.0
Mississippi,2006-05-01,161665.0,397452.0
Mississippi,2006-06-01,164084.0,404165.0
Mississippi,2006-07-01,166041.0,406651.0
Mississippi,2006-08-01,169754.0,412856.0
Mississippi,2006-09-01,171721.0,414636.0
Mississippi,2006-10-01,174488.0,419365.0
Mississippi,2006-11-01,177900.0,426061.0
Mississippi,2006-12-01,180422.0,430092.0
Mississippi,2007-01-01,178548.0,425009.0
Mississippi,2007-02-01,175639.0,417346.0
Mississippi,2007-03-01,176184.0,416683.0
Mississippi,2007-04-01,175919.0,417008.0
Mississippi,2007-05-01,177543.0,422095.0
Mississippi,2007-06-01,180414.0,430516.0
Mississippi,2007-07-01,181197.0,432712.0
Mississippi,2007-08-01,183339.0,438005.0
Mississippi,2007-09-01,183707.0,438494.0
Mississippi,2007-10-01,185158.0,442007.0
Mississippi,2007-11-01,185866.0,444261.0
Mississippi,2007-12-01,201694.0,446121.0
Mississippi,2008-01-01,185317.0,441922.0
Mississippi,2008-02-01,184360.0,439373.0
Mississippi,2008-03-01,182880.0,436002.0
Mississippi,2008-04-01,184012.0,439293.0
Mississippi,2008-05-01,186508.0,445873.0
Mississippi,2008-06-01,188576.0,451103.0
Mississippi,2008-07-01,190211.0,454840.0
Mississippi,2008-08-01,193343.0,462074.0
Mississippi,2008-09-01,194053.0,463307.0
Mississippi,2008-10-01,198116.0,472498.0
Mississippi,2008-11-01,201370.0,480474.0
Mississippi,2008-12-01,204114.0,486892.0
Mississippi,2009-01-01,204427.0,487245.0
Mississippi,2009-02-01,205232.0,488264.0
Mississippi,2009-03-01,207324.0,491346.0
Mississippi,2009-04-01,211265.0,498956.0
Mississippi,2009-05-01,216762.0,510606.0
Mississippi,2009-06-01,222580.0,522305.0
Mississippi,2009-07-01,228421.0,534567.0
Mississippi,2009-08-01,232844.0,544657.0
Mississippi,2009-09-01,236781.0,553226.0
Mississippi,2009-10-01,241164.0,563402.0
Mississippi,2009-11-01,243594.0,569352.0
Mississippi,2009-12-01,245662.0,573545.0
Mississippi,2010-01-01,244376.0,569700.0
Mississippi,2010-02-01,243433.0,566261.0
Mississippi,2010-03-01,243869.0,566216.0
Mississippi,2010-04-01,244804.0,567724.0
Mississippi,2010-05-01,246752.0,571542.0
Mississippi,2010-06-01,249677.0,578040.0
Mississippi,2010-07-01,253399.0,586090.0
Mississippi,2010-08-01,257647.0,594788.0
Mississippi,2010-09-01,260991.0,601432.0
Mississippi,2010-10-01,264439.0,607556.0
Mississippi,2010-11-01,267423.0,612889.0
Mississippi,2010-12-01,269496.0,616748.0
Mississippi,2011-01-01,269289.0,615375.0
Mississippi,2011-02-01,268822.0,614090.0
Mississippi,2011-03-01,269716.0,615510.0
Mississippi,2011-04-01,271567.0,619598.0
Mississippi,2011-05-01,273716.0,623371.0
Mississippi,2011-06-01,277037.0,630250.0
Mississippi,2011-07-01,278832.0,633764.0
Mississippi,2011-08-01,282028.0,639609.0
Mississippi,2011-09-01,283988.0,642397.0
Mississippi,2011-10-01,286026.0,645220.0
Mississippi,2011-11-01,288095.0,647215.0
Mississippi,2011-12-01,291330.0,651696.0
Mississippi,2012-01-01,291881.0,650774.0
Mississippi,2012-02-01,292747.0,651171.0
Mississippi,2012-03-01,293780.0,651812.0
Mississippi,2012-04-01,293957.0,651721.0
Mississippi,2012-05-01,295218.0,654029.0
Mississippi,2012-06-01,297992.0,659191.0
Mississippi,2012-07-01,299116.0,660743.0
Mississippi,2012-08-01,302145.0,666220.0
Mississippi,2012-09-01,325804.0,728675.0
Mississippi,2012-10-01,305001.0,669930.0
Mississippi,2012-11-01,305983.0,672441.0
Mississippi,2012-12-01,306062.0,672339.0
Mississippi,2013-01-01,304724.0,668862.0
Mississippi,2013-02-01,304347.0,668255.0
Mississippi,2013-03-01,303931.0,666700.0
Mississippi,2013-04-01,302355.0,663151.0
Mississippi,2013-05-01,303008.0,664219.0
Mississippi,2013-06-01,304632.0,667267.0
Mississippi,2013-07-01,304952.0,667575.0
Mississippi,2013-08-01,307367.0,671774.0
Mississippi,2013-09-01,307697.0,670979.0
Mississippi,2013-10-01,308251.0,671463.0
Mississippi,2013-11-01,307230.0,669599.0
Mississippi,2013-12-01,305042.0,664936.0
Mississippi,2014-01-01,303023.0,660320.0
Mississippi,2014-02-01,301741.0,657672.0
Mississippi,2014-03-01,300309.0,653779.0
Mississippi,2014-04-01,299299.0,650774.0
Mississippi,2014-05-01,299694.0,650853.0
Mississippi,2014-06-01,299728.0,650144.0
Mississippi,2014-07-01,299969.0,649948.0
Mississippi,2014-08-01,301099.0,652057.0
Mississippi,2014-09-01,301036.0,650911.0
Mississippi,2014-10-01,302294.0,652120.0
Mississippi,2014-11-01,302270.0,651409.0
Mississippi,2014-12-01,301115.0,648814.0
Mississippi,2015-01-01,298998.0,643651.0
Mississippi,2015-02-01,296687.0,638502.0
Mississippi,2015-03-01,293714.0,631050.0
Mississippi,2015-04-01,292244.0,628098.0
Mississippi,2015-05-01,292349.0,628737.0
Mississippi,2015-06-01,292430.0,628633.0
Mississippi,2015-07-01,292718.0,628303.0
Mississippi,2015-08-01,293913.0,629081.0
Mississippi,2015-09-01,294400.0,627469.0
Mississippi,2015-10-01,295623.0,628354.0
Mississippi,2015-11-01,294899.0,625332.0
Mississippi,2015-12-01,293025.0,621722.0
Mississippi,2016-01-01,287966.0,611476.0
Mississippi,2016-02-01,280519.0,598865.0
Mississippi,2016-03-01,261472.0,570514.0
Mississippi,2016-04-01,254850.0,559752.0
Mississippi,2016-05-01,252207.0,554922.0
Mississippi,2016-06-01,252181.0,555306.0
Mississippi,2016-07-01,251880.0,554866.0
Mississippi,2016-08-01,252366.0,555513.0
Mississippi,2016-09-01,251995.0,555278.0
Mississippi,2016-10-01,251605.0,554225.0
Mississippi,2016-11-01,251031.0,552873.0
Mississippi,2016-12-01,249679.0,549951.0
Mississippi,2017-01-01,246970.0,543482.0
Mississippi,2017-02-01,245394.0,540106.0
Mississippi,2017-03-01,243472.0,535180.0
Mississippi,2017-04-01,241552.0,530313.0
Mississippi,2017-05-01,240788.0,528855.0
Mississippi,2017-06-01,241261.0,529860.0
Mississippi,2017-07-01,240166.0,527026.0
Mississippi,2017-08-01,241096.0,528500.0
Mississippi,2017-09-01,240863.0,528067.0
Mississippi,2017-10-01,240578.0,527023.0
Mississippi,2017-11-01,239934.0,525353.0
Mississippi,2017-12-01,238934.0,522618.0
Mississippi,2018-01-01,235729.0,513848.0
Mississippi,2018-02-01,234121.0,510050.0
Mississippi,2018-03-01,232604.0,506631.0
Mississippi,2018-04-01,229690.0,500495.0
Mississippi,2018-05-01,228585.0,498490.0
Mississippi,2018-06-01,228504.0,498290.0
Mississippi,2018-07-01,225966.0,491541.0
Mississippi,2018-08-01,225825.0,489938.0
Mississippi,2018-09-01,221698.0,479423.0
Mississippi,2018-10-01,220993.0,477166.0
Mississippi,2018-11-01,219510.0,473171.0
Mississippi,2018-12-01,217632.0,468186.0
Mississippi,2019-01-01,215458.0,463284.0
Mississippi,2019-02-01,20353.0,47674.0
Mississippi,2019-03-01,209975.0,449821.0
Mississippi,2019-04-01,207566.0,443868.0
Mississippi,2019-05-01,207248.0,444005.0
Mississippi,2019-06-01,208080.0,446617.0
Mississippi,2019-07-01,208202.0,446420.0
Mississippi,2019-08-01,208615.0,446880.0
Mississippi,2019-09-01,207204.0,443382.0
Mississippi,2019-10-01,206464.0,440496.0
Mississippi,2019-11-01,205910.0,438943.0
Mississippi,2019-12-01,203276.0,432407.0
Mississippi,2020-01-01,200776.0,425453.0
Mississippi,2020-02-01,199597.0,423981.0
Mississippi,2020-03-01,198428.0,421180.0
Mississippi,2020-04-01,216113.0,456724.0
Mississippi,2020-05-01,223086.0,471453.0
Mississippi,2020-06-01,211699.0,439388.0
Mississippi,2020-07-01,195985.0,393263.0
Mississippi,2020-08-01,197836.0,399561.0
Mississippi,2020-09-01,201659.0,411965.0
Mississippi,2020-10-01,204411.0,419494.0
Mississippi,2020-11-01,206131.0,423243.0
Mississippi,2020-12-01,207446.0,426404.0
Mississippi,2021-01-01,203277.0,418086.0
Mississippi,2021-02-01,201898.0,411421.0
Mississippi,2021-03-01,204338.0,415606.0
Mississippi,2021-04-01,202978.0,411720.0
Mississippi,2021-05-01,202631.0,411430.0
Mississippi,2021-06-01,203404.0,412366.0
Mississippi,2021-07-01,206925.0,418316.0
Mississippi,2021-08-01,210067.0,423314.0
Mississippi,2021-09-01,213559.0,430008.0
Mississippi,2021-10-01,216184.0,434322.0
Mississippi,2021-11-01,215285.0,429900.0
Mississippi,2021-12-01,213554.0,424484.0
Mississippi,2022-01-01,207736.0,412985.0
Mississippi,2022-02-01,205558.0,407164.0
Mississippi,2022-03-01,205225.0,405813.0
Mississippi,2022-04-01,203640.0,403184.0
Mississippi,2022-05-01,203878.0,404443.0
Mississippi,2022-06-01,206040.0,409158.0
Mississippi,2022-07-01,206609.0,410439.0
Mississippi,2022-08-01,206988.0,410858.0
Mississippi,2022-09-01,206863.0,411059.0
Mississippi,2022-10-01,207130.0,411035.0
Mississippi,2022-11-01,205161.0,405674.0
Mississippi,2022-12-01,203986.0,402892.0
Mississippi,2023-01-01,199684.0,394066.0
Mississippi,2023-02-01,198080.0,390045.0
Mississippi,2023-03-01,198026.0,389941.0
Mississippi,2023-04-01,205591.0,405981.0
Mississippi,2023-05-01,197476.0,390471.0
Mississippi,2023-06-01,201107.0,397753.0
Mississippi,2023-07-01,202146.0,399195.0
Mississippi,2023-08-01,203055.0,400938.0
Mississippi,2023-09-01,203367.0,402245.0
Mississippi,2023-10-01,202038.0,401539.0
Mississippi,2023-11-01,201131.0,401111.0
Mississippi,2023-12-01,199037.0,398002.0
Mississippi,2024-01-01,194042.0,389267.0
Mississippi,2024-02-01,193220.0,387100.0
Mississippi,2024-03-01,191162.0,382734.0
Mississippi,2024-04-01,188279.0,376425.0
Mississippi,2024-05-01,186152.0,373987.0
Mississippi,2024-06-01,186162.0,376302.0
Mississippi,2024-07-01,184954.0,374450.0
Mississippi,2024-08-01,186910.0,379433.0
Mississippi,2024-09-01,0.0,0.0
Missouri,1988-10-01,147793.0,392727.0
Missouri,1988-11-01,148024.0,393268.0
Missouri,1988-12-01,151347.0,402334.0
Missouri,1989-01-01,152917.0,406075.0
Missouri,1989-02-01,154205.0,408706.0
Missouri,1989-03-01,157214.0,417700.0
Missouri,1989-04-01,156991.0,413991.0
Missouri,1989-05-01,154087.0,405951.0
Missouri,1989-06-01,153530.0,403888.0
Missouri,1989-07-01,152523.0,400284.0
Missouri,1989-08-01,153776.0,402392.0
Missouri,1989-09-01,154925.0,405106.0
Missouri,1989-10-01,157173.0,409034.0
Missouri,1989-11-01,159247.0,413661.0
Missouri,1989-12-01,162821.0,423674.0
Missouri,1990-01-01,165716.0,432511.0
Missouri,1990-02-01,166392.0,433950.0
Missouri,1990-03-01,170058.0,433192.0
Missouri,1990-04-01,169646.0,441823.0
Missouri,1990-05-01,168440.0,436528.0
Missouri,1990-06-01,168393.0,436579.0
Missouri,1990-07-01,168226.0,435369.0
Missouri,1990-08-01,169835.0,439003.0
Missouri,1990-09-01,170983.0,441374.0
Missouri,1990-10-01,173790.0,447913.0
Missouri,1990-11-01,177510.0,458446.0
Missouri,1990-12-01,182103.0,470858.0
Missouri,1991-01-01,186905.0,483893.0
Missouri,1991-02-01,190055.0,493335.0
Missouri,1991-03-01,193241.0,500848.0
Missouri,1991-04-01,193148.0,498901.0
Missouri,1991-05-01,192816.0,497985.0
Missouri,1991-06-01,194215.0,501716.0
Missouri,1991-07-01,195598.0,505069.0
Missouri,1991-08-01,198030.0,510144.0
Missouri,1991-09-01,199000.0,512175.0
Missouri,1991-10-01,201622.0,518846.0
Missouri,1991-11-01,205125.0,526813.0
Missouri,1991-12-01,210055.0,540055.0
Missouri,1992-01-01,213302.0,549319.0
Missouri,1992-02-01,215103.0,551903.0
Missouri,1992-03-01,217713.0,560274.0
Missouri,1992-04-01,217649.0,558937.0
Missouri,1992-05-01,216185.0,553962.0
Missouri,1992-06-01,217381.0,555823.0
Missouri,1992-07-01,217956.0,556322.0
Missouri,1992-08-01,218536.0,558861.0
Missouri,1992-09-01,221495.0,562600.0
Missouri,1992-10-01,223495.0,566287.0
Missouri,1992-11-01,225343.0,569963.0
Missouri,1992-12-01,230236.0,582336.0
Missouri,1993-01-01,231408.0,585037.0
Missouri,1993-02-01,232729.0,589019.0
Missouri,1993-03-01,236526.0,597816.0
Missouri,1993-04-01,236122.0,595105.0
Missouri,1993-05-01,235162.0,592040.0
Missouri,1993-06-01,235162.0,589495.0
Missouri,1993-07-01,248978.0,640634.0
Missouri,1993-08-01,236509.0,593542.0
Missouri,1993-09-01,234318.0,585607.0
Missouri,1993-10-01,234812.0,585579.0
Missouri,1993-11-01,236129.0,588905.0
Missouri,1993-12-01,239819.0,596366.0
Missouri,1994-01-01,241132.0,599397.0
Missouri,1994-02-01,241469.0,599817.0
Missouri,1994-03-01,244310.0,606179.0
Missouri,1994-04-01,244310.0,600565.0
Missouri,1994-05-01,240023.0,593524.0
Missouri,1994-06-01,239671.0,591399.0
Missouri,1994-07-01,237290.0,584686.0
Missouri,1994-08-01,238247.0,585881.0
Missouri,1994-09-01,238829.0,584551.0
Missouri,1994-10-01,237396.0,580430.0
Missouri,1994-11-01,238155.0,581108.0
Missouri,1994-12-01,240361.0,585542.0
Missouri,1995-01-01,241828.0,588061.0
Missouri,1995-02-01,239860.0,583602.0
Missouri,1995-03-01,242757.0,588907.0
Missouri,1995-04-01,238053.0,577391.0
Missouri,1995-05-01,236610.0,571897.0
Missouri,1995-06-01,235006.0,567119.0
Missouri,1995-07-01,232831.0,561563.0
Missouri,1995-08-01,234676.0,565589.0
Missouri,1995-09-01,232446.0,559377.0
Missouri,1995-10-01,232780.0,558804.0
Missouri,1995-11-01,231480.0,554983.0
Missouri,1995-12-01,258698.0,613264.0
Missouri,1996-01-01,235743.0,563657.0
Missouri,1996-02-01,233461.0,559652.0
Missouri,1996-03-01,235086.0,561237.0
Missouri,1996-04-01,233594.0,527086.0
Missouri,1996-05-01,230485.0,548805.0
Missouri,1996-06-01,229038.0,545251.0
Missouri,1996-07-01,227983.0,541680.0
Missouri,1996-08-01,227090.0,539700.0
Missouri,1996-09-01,224470.0,533036.0
Missouri,1996-10-01,221720.0,526408.0
Missouri,1996-11-01,218203.0,519533.0
Missouri,1996-12-01,218521.0,522146.0
Missouri,1997-01-01,214220.0,513411.0
Missouri,1997-02-01,207921.0,498887.0
Missouri,1997-03-01,201552.0,485868.0
Missouri,1997-04-01,193589.0,466368.0
Missouri,1997-05-01,189419.0,455079.0
Missouri,1997-06-01,185931.0,446186.0
Missouri,1997-07-01,182656.0,437667.0
Missouri,1997-08-01,181126.0,433844.0
Missouri,1997-09-01,178101.0,427033.0
Missouri,1997-10-01,198041.0,422661.0
Missouri,1997-11-01,174805.0,418042.0
Missouri,1997-12-01,175965.0,422177.0
Missouri,1998-01-01,175370.0,419858.0
Missouri,1998-02-01,174173.0,416387.0
Missouri,1998-03-01,174408.0,416514.0
Missouri,1998-04-01,171946.0,408763.0
Missouri,1998-05-01,168412.0,401268.0
Missouri,1998-06-01,168649.0,401559.0
Missouri,1998-07-01,167719.0,399431.0
Missouri,1998-08-01,169194.0,403062.0
Missouri,1998-09-01,168769.0,401870.0
Missouri,1998-10-01,169097.0,402014.0
Missouri,1998-11-01,169497.0,403457.0
Missouri,1998-12-01,171473.0,408118.0
Missouri,1999-01-01,171602.0,407309.0
Missouri,1999-02-01,171588.0,406145.0
Missouri,1999-03-01,173928.0,413139.0
Missouri,1999-04-01,172790.0,408647.0
Missouri,1999-05-01,171867.0,405940.0
Missouri,1999-06-01,172853.0,408453.0
Missouri,1999-07-01,173454.0,408989.0
Missouri,1999-08-01,176259.0,412859.0
Missouri,1999-09-01,176599.0,413812.0
Missouri,1999-10-01,179240.0,419537.0
Missouri,1999-11-01,179847.0,420089.0
Missouri,1999-12-01,180487.0,420717.0
Missouri,2000-01-01,181398.0,422383.0
Missouri,2000-02-01,180223.0,418581.0
Missouri,2000-03-01,179746.0,417213.0
Missouri,2000-04-01,180668.0,419049.0
Missouri,2000-05-01,180748.0,419182.0
Missouri,2000-06-01,184335.0,427640.0
Missouri,2000-07-01,185509.0,429368.0
Missouri,2000-08-01,186486.0,431257.0
Missouri,2000-09-01,188365.0,434823.0
Missouri,2000-10-01,189328.0,437999.0
Missouri,2000-11-01,182209.0,446088.0
Missouri,2000-12-01,193350.0,447846.0
Missouri,2001-01-01,195298.0,452045.0
Missouri,2001-02-01,194625.0,449751.0
Missouri,2001-03-01,194245.0,448824.0
Missouri,2001-04-01,194242.0,448814.0
Missouri,2001-05-01,196633.0,453535.0
Missouri,2001-06-01,196586.0,453394.0
Missouri,2001-07-01,197436.0,456217.0
Missouri,2001-08-01,203959.0,473860.0
Missouri,2001-09-01,207844.0,484746.0
Missouri,2001-10-01,212794.0,498120.0
Missouri,2001-11-01,215662.0,504276.0
Missouri,2001-12-01,216982.0,505186.0
Missouri,2002-01-01,219999.0,511494.0
Missouri,2002-02-01,220359.0,512474.0
Missouri,2002-03-01,222110.0,519067.0
Missouri,2002-04-01,221935.0,519298.0
Missouri,2002-05-01,221240.0,517534.0
Missouri,2002-06-01,221338.0,516224.0
Missouri,2002-07-01,222060.0,517920.0
Missouri,2002-08-01,225819.0,527492.0
Missouri,2002-09-01,227368.0,530986.0
Missouri,2002-10-01,230264.0,538194.0
Missouri,2002-11-01,232610.0,543113.0
Missouri,2002-12-01,234887.0,548832.0
Missouri,2003-01-01,240531.0,563591.0
Missouri,2003-02-01,241082.0,565540.0
Missouri,2003-03-01,243384.0,572476.0
Missouri,2003-04-01,245809.0,580845.0
Missouri,2003-05-01,250503.0,591394.0
Missouri,2003-06-01,256254.0,603210.0
Missouri,2003-07-01,262965.0,617931.0
Missouri,2003-08-01,267528.0,628438.0
Missouri,2003-09-01,268119.0,630508.0
Missouri,2003-10-01,270309.0,634897.0
Missouri,2003-11-01,272083.0,638070.0
Missouri,2003-12-01,274110.0,642121.0
Missouri,2004-01-01,277318.0,649713.0
Missouri,2004-02-01,278853.0,650891.0
Missouri,2004-03-01,280164.0,653689.0
Missouri,2004-04-01,279818.0,651987.0
Missouri,2004-05-01,280284.0,651052.0
Missouri,2004-06-01,282924.0,656753.0
Missouri,2004-07-01,285244.0,661824.0
Missouri,2004-08-01,288646.0,669433.0
Missouri,2004-09-01,289992.0,672590.0
Missouri,2004-10-01,292910.0,676116.0
Missouri,2004-11-01,295031.0,677251.0
Missouri,2004-12-01,297114.0,679387.0
Missouri,2005-01-01,298251.0,681764.0
Missouri,2005-02-01,297453.0,678843.0
Missouri,2005-03-01,298323.0,680978.0
Missouri,2005-04-01,297273.0,677892.0
Missouri,2005-05-01,295485.0,672224.0
Missouri,2005-06-01,296733.0,674348.0
Missouri,2005-07-01,297259.0,674713.0
Missouri,2005-08-01,296721.0,673523.0
Missouri,2005-09-01,299042.0,677579.0
Missouri,2005-10-01,300779.0,679601.0
Missouri,2005-11-01,302055.0,681206.0
Missouri,2005-12-01,302363.0,680984.0
Missouri,2006-01-01,300500.0,677915.0
Missouri,2006-02-01,298949.0,671914.0
Missouri,2006-03-01,298544.0,671060.0
Missouri,2006-04-01,296725.0,665771.0
Missouri,2006-05-01,295496.0,663213.0
Missouri,2006-06-01,297296.0,666919.0
Missouri,2006-07-01,296540.0,665211.0
Missouri,2006-08-01,301168.0,675905.0
Missouri,2006-09-01,301242.0,674973.0
Missouri,2006-10-01,302637.0,676378.0
Missouri,2006-11-01,303350.0,677471.0
Missouri,2006-12-01,304217.0,679614.0
Missouri,2007-01-01,300268.0,673329.0
Missouri,2007-02-01,297126.0,666163.0
Missouri,2007-03-01,297380.0,667700.0
Missouri,2007-04-01,295558.0,662929.0
Missouri,2007-05-01,295277.0,662440.0
Missouri,2007-06-01,298019.0,668716.0
Missouri,2007-07-01,297674.0,668303.0
Missouri,2007-08-01,300944.0,676352.0
Missouri,2007-09-01,301659.0,677369.0
Missouri,2007-10-01,304825.0,683773.0
Missouri,2007-11-01,306407.0,687013.0
Missouri,2007-12-01,306651.0,687188.0
Missouri,2008-01-01,309234.0,694723.0
Missouri,2008-02-01,308787.0,692812.0
Missouri,2008-03-01,310960.0,698211.0
Missouri,2008-04-01,312463.0,701566.0
Missouri,2008-05-01,312254.0,700659.0
Missouri,2008-06-01,314335.0,705534.0
Missouri,2008-07-01,316694.0,711166.0
Missouri,2008-08-01,322435.0,724438.0
Missouri,2008-09-01,324663.0,728570.0
Missouri,2008-10-01,332156.0,741389.0
Missouri,2008-11-01,337094.0,751374.0
Missouri,2008-12-01,342661.0,763876.0
Missouri,2009-01-01,347004.0,774725.0
Missouri,2009-02-01,351848.0,785805.0
Missouri,2009-03-01,357055.0,796406.0
Missouri,2009-04-01,362837.0,806988.0
Missouri,2009-05-01,366388.0,814526.0
Missouri,2009-06-01,372365.0,827639.0
Missouri,2009-07-01,376914.0,837476.0
Missouri,2009-08-01,383058.0,850820.0
Missouri,2009-09-01,387572.0,859888.0
Missouri,2009-10-01,392484.0,870143.0
Missouri,2009-11-01,396190.0,877846.0
Missouri,2009-12-01,401304.0,888501.0
Missouri,2010-01-01,404237.0,894320.0
Missouri,2010-02-01,404902.0,894754.0
Missouri,2010-03-01,409270.0,903934.0
Missouri,2010-04-01,408775.0,901319.0
Missouri,2010-05-01,409735.0,902145.0
Missouri,2010-06-01,413240.0,909139.0
Missouri,2010-07-01,418317.0,918839.0
Missouri,2010-08-01,422415.0,927068.0
Missouri,2010-09-01,423734.0,928183.0
Missouri,2010-10-01,424684.0,927581.0
Missouri,2010-11-01,427495.0,931933.0
Missouri,2010-12-01,430481.0,938015.0
Missouri,2011-01-01,433219.0,943733.0
Missouri,2011-02-01,431728.0,940259.0
Missouri,2011-03-01,434645.0,946034.0
Missouri,2011-04-01,436662.0,949025.0
Missouri,2011-05-01,435004.0,944363.0
Missouri,2011-06-01,437211.0,949136.0
Missouri,2011-07-01,436360.0,945985.0
Missouri,2011-08-01,439195.0,951103.0
Missouri,2011-09-01,440102.0,949889.0
Missouri,2011-10-01,440881.0,950725.0
Missouri,2011-11-01,444191.0,955724.0
Missouri,2011-12-01,447561.0,961801.0
Missouri,2012-01-01,444230.0,955681.0
Missouri,2012-02-01,441023.0,948760.0
Missouri,2012-03-01,442477.0,950350.0
Missouri,2012-04-01,440349.0,945233.0
Missouri,2012-05-01,440185.0,944058.0
Missouri,2012-06-01,440673.0,943835.0
Missouri,2012-07-01,438697.0,938829.0
Missouri,2012-08-01,439685.0,940597.0
Missouri,2012-09-01,439559.0,939070.0
Missouri,2012-10-01,442404.0,942918.0
Missouri,2012-11-01,440484.0,938507.0
Missouri,2012-12-01,441535.0,940064.0
Missouri,2013-01-01,442594.0,941247.0
Missouri,2013-02-01,438495.0,932446.0
Missouri,2013-03-01,441497.0,936963.0
Missouri,2013-04-01,438782.0,931761.0
Missouri,2013-05-01,437079.0,927925.0
Missouri,2013-06-01,436873.0,927927.0
Missouri,2013-07-01,432365.0,918776.0
Missouri,2013-08-01,430870.0,915469.0
Missouri,2013-09-01,426340.0,905311.0
Missouri,2013-10-01,422033.0,896475.0
Missouri,2013-11-01,416921.0,886405.0
Missouri,2013-12-01,413953.0,881239.0
Missouri,2014-01-01,409315.0,871755.0
Missouri,2014-02-01,405982.0,864887.0
Missouri,2014-03-01,405637.0,862992.0
Missouri,2014-04-01,403677.0,857909.0
Missouri,2014-05-01,399844.0,848469.0
Missouri,2014-06-01,395887.0,839734.0
Missouri,2014-07-01,390664.0,829008.0
Missouri,2014-08-01,391679.0,831214.0
Missouri,2014-09-01,391361.0,830900.0
Missouri,2014-10-01,392593.0,833624.0
Missouri,2014-11-01,396898.0,842984.0
Missouri,2014-12-01,400327.0,849694.0
Missouri,2015-01-01,399929.0,847620.0
Missouri,2015-02-01,397836.0,842509.0
Missouri,2015-03-01,400304.0,846729.0
Missouri,2015-04-01,398881.0,844467.0
Missouri,2015-05-01,398912.0,844083.0
Missouri,2015-06-01,399196.0,844851.0
Missouri,2015-07-01,399948.0,846529.0
Missouri,2015-08-01,399843.0,846970.0
Missouri,2015-09-01,399280.0,845105.0
Missouri,2015-10-01,398954.0,843876.0
Missouri,2015-11-01,398110.0,841146.0
Missouri,2015-12-01,405358.0,854887.0
Missouri,2016-01-01,396898.0,838186.0
Missouri,2016-02-01,393852.0,832459.0
Missouri,2016-03-01,392746.0,830045.0
Missouri,2016-04-01,366109.0,792947.0
Missouri,2016-05-01,360572.0,783871.0
Missouri,2016-06-01,359186.0,782374.0
Missouri,2016-07-01,357487.0,778698.0
Missouri,2016-08-01,357197.0,778847.0
Missouri,2016-09-01,354012.0,770944.0
Missouri,2016-10-01,352900.0,767403.0
Missouri,2016-11-01,353954.0,766273.0
Missouri,2016-12-01,354483.0,766135.0
Missouri,2017-01-01,354142.0,765302.0
Missouri,2017-02-01,351198.0,758123.0
Missouri,2017-03-01,352493.0,758881.0
Missouri,2017-04-01,350201.0,753759.0
Missouri,2017-05-01,348839.0,751002.0
Missouri,2017-06-01,349962.0,754816.0
Missouri,2017-07-01,348671.0,751643.0
Missouri,2017-08-01,350767.0,757047.0
Missouri,2017-09-01,350541.0,756634.0
Missouri,2017-10-01,351465.0,758037.0
Missouri,2017-11-01,349648.0,753804.0
Missouri,2017-12-01,349670.0,753015.0
Missouri,2018-01-01,348417.0,749877.0
Missouri,2018-02-01,343346.0,738856.0
Missouri,2018-03-01,345109.0,741860.0
Missouri,2018-04-01,341956.0,734965.0
Missouri,2018-05-01,339031.0,728853.0
Missouri,2018-06-01,338113.0,727131.0
Missouri,2018-07-01,334831.0,719318.0
Missouri,2018-08-01,334059.0,719012.0
Missouri,2018-09-01,332235.0,714356.0
Missouri,2018-10-01,331701.0,713151.0
Missouri,2018-11-01,328660.0,705803.0
Missouri,2018-12-01,327740.0,703365.0
Missouri,2019-01-01,333455.0,713331.0
Missouri,2019-02-01,21323.0,49363.0
Missouri,2019-03-01,327403.0,696214.0
Missouri,2019-04-01,321512.0,684676.0
Missouri,2019-05-01,320724.0,682794.0
Missouri,2019-06-01,320683.0,682299.0
Missouri,2019-07-01,319101.0,678768.0
Missouri,2019-08-01,320592.0,683574.0
Missouri,2019-09-01,318316.0,678716.0
Missouri,2019-10-01,318537.0,678388.0
Missouri,2019-11-01,316664.0,673160.0
Missouri,2019-12-01,312125.0,663517.0
Missouri,2020-01-01,310324.0,658410.0
Missouri,2020-02-01,309923.0,657317.0
Missouri,2020-03-01,311401.0,660628.0
Missouri,2020-04-01,360937.0,752315.0
Missouri,2020-05-01,367610.0,766227.0
Missouri,2020-06-01,372799.0,773079.0
Missouri,2020-07-01,375577.0,777885.0
Missouri,2020-08-01,372464.0,771906.0
Missouri,2020-09-01,362014.0,752531.0
Missouri,2020-10-01,347363.0,726067.0
Missouri,2020-11-01,333820.0,696615.0
Missouri,2020-12-01,337321.0,702463.0
Missouri,2021-01-01,333904.0,692593.0
Missouri,2021-02-01,336602.0,699811.0
Missouri,2021-03-01,343218.0,712239.0
Missouri,2021-04-01,334364.0,693263.0
Missouri,2021-05-01,334382.0,691375.0
Missouri,2021-06-01,335887.0,695200.0
Missouri,2021-07-01,337716.0,698864.0
Missouri,2021-08-01,336186.0,692604.0
Missouri,2021-09-01,332700.0,683546.0
Missouri,2021-10-01,329598.0,675781.0
Missouri,2021-11-01,324287.0,661436.0
Missouri,2021-12-01,322390.0,656356.0
Missouri,2022-01-01,314701.0,641804.0
Missouri,2022-02-01,313432.0,640799.0
Missouri,2022-03-01,324224.0,662058.0
Missouri,2022-04-01,316925.0,646945.0
Missouri,2022-05-01,316669.0,647541.0
Missouri,2022-06-01,322521.0,656973.0
Missouri,2022-07-01,325631.0,663821.0
Missouri,2022-08-01,328861.0,670652.0
Missouri,2022-09-01,329243.0,670276.0
Missouri,2022-10-01,331637.0,673306.0
Missouri,2022-11-01,333138.0,675463.0
Missouri,2022-12-01,334568.0,676019.0
Missouri,2023-01-01,331735.0,670014.0
Missouri,2023-02-01,329491.0,664349.0
Missouri,2023-03-01,331312.0,666365.0
Missouri,2023-04-01,328021.0,660096.0
Missouri,2023-05-01,325977.0,655699.0
Missouri,2023-06-01,326361.0,655680.0
Missouri,2023-07-01,325926.0,654736.0
Missouri,2023-08-01,329896.0,663724.0
Missouri,2023-09-01,332154.0,667577.0
Missouri,2023-10-01,322638.0,654283.0
Missouri,2023-11-01,320142.0,650568.0
Missouri,2023-12-01,321734.0,653677.0
Missouri,2024-01-01,322827.0,655779.0
Missouri,2024-02-01,320806.0,651892.0
Missouri,2024-03-01,322961.0,655670.0
Missouri,2024-04-01,320661.0,650613.0
Missouri,2024-05-01,321979.0,655339.0
Missouri,2024-06-01,321979.0,655339.0
Missouri,2024-07-01,324137.0,660575.0
Missouri,2024-08-01,317671.0,668602.0
Missouri,2024-09-01,0.0,0.0
Montana,1988-10-01,19927.0,52574.0
Montana,1988-11-01,20355.0,53630.0
Montana,1988-12-01,21072.0,55971.0
Montana,1989-01-01,21397.0,56969.0
Montana,1989-02-01,21583.0,57500.0
Montana,1989-03-01,22186.0,59347.0
Montana,1989-04-01,22057.0,58987.0
Montana,1989-05-01,21486.0,58091.0
Montana,1989-06-01,21403.0,57753.0
Montana,1989-07-01,20346.0,53992.0
Montana,1989-08-01,20053.0,52813.0
Montana,1989-09-01,20920.0,52536.0
Montana,1989-10-01,19943.0,52747.0
Montana,1989-11-01,20463.0,54369.0
Montana,1989-12-01,20861.0,55572.0
Montana,1990-01-01,21346.0,56762.0
Montana,1990-02-01,21569.0,57790.0
Montana,1990-03-01,21941.0,58956.0
Montana,1990-04-01,21936.0,59285.0
Montana,1990-05-01,21752.0,58317.0
Montana,1990-06-01,21492.0,58615.0
Montana,1990-07-01,20936.0,56780.0
Montana,1990-08-01,20430.0,54714.0
Montana,1990-09-01,20262.0,55946.0
Montana,1990-10-01,20808.0,54912.0
Montana,1990-11-01,21192.0,56848.0
Montana,1990-12-01,21897.0,58880.0
Montana,1991-01-01,22853.0,59737.0
Montana,1991-02-01,23244.0,62400.0
Montana,1991-03-01,23762.0,63961.0
Montana,1991-04-01,23878.0,64089.0
Montana,1991-05-01,24220.0,65010.0
Montana,1991-06-01,23778.0,64997.0
Montana,1991-07-01,23115.0,61138.0
Montana,1991-08-01,22738.0,60054.0
Montana,1991-09-01,22674.0,59553.0
Montana,1991-10-01,23147.0,60237.0
Montana,1991-11-01,24021.0,62683.0
Montana,1991-12-01,24451.0,64012.0
Montana,1992-01-01,25199.0,66079.0
Montana,1992-02-01,25804.0,67581.0
Montana,1992-03-01,26084.0,67969.0
Montana,1992-04-01,26382.0,68767.0
Montana,1992-05-01,26272.0,68508.0
Montana,1992-06-01,26238.0,68708.0
Montana,1992-07-01,26143.0,68015.0
Montana,1992-08-01,25893.0,66965.0
Montana,1992-09-01,25634.0,65930.0
Montana,1992-10-01,25792.0,66237.0
Montana,1992-11-01,26275.0,67773.0
Montana,1992-12-01,26803.0,69269.0
Montana,1993-01-01,27576.0,71684.0
Montana,1993-02-01,27836.0,72186.0
Montana,1993-03-01,28327.0,73518.0
Montana,1993-04-01,28353.0,73479.0
Montana,1993-05-01,27792.0,72048.0
Montana,1993-06-01,27258.0,70993.0
Montana,1993-07-01,26983.0,70163.0
Montana,1993-08-01,26585.0,68923.0
Montana,1993-09-01,26197.0,67561.0
Montana,1993-10-01,26453.0,67937.0
Montana,1993-11-01,26868.0,68978.0
Montana,1993-12-01,27463.0,70564.0
Montana,1994-01-01,28065.0,72508.0
Montana,1994-02-01,28140.0,72305.0
Montana,1994-03-01,28823.0,74280.0
Montana,1994-04-01,28837.0,74354.0
Montana,1994-05-01,28562.0,73462.0
Montana,1994-06-01,28229.0,72482.0
Montana,1994-07-01,27942.0,71574.0
Montana,1994-08-01,27537.0,70091.0
Montana,1994-09-01,26930.0,67994.0
Montana,1994-10-01,27019.0,68168.0
Montana,1994-11-01,27332.0,68985.0
Montana,1994-12-01,28115.0,71151.0
Montana,1995-01-01,28490.0,72247.0
Montana,1995-02-01,28624.0,72182.0
Montana,1995-03-01,29154.0,73658.0
Montana,1995-04-01,29045.0,73360.0
Montana,1995-05-01,28461.0,71510.0
Montana,1995-06-01,28330.0,71561.0
Montana,1995-07-01,27936.0,70149.0
Montana,1995-08-01,27757.0,69198.0
Montana,1995-09-01,27452.0,68305.0
Montana,1995-10-01,27458.0,68292.0
Montana,1995-11-01,27815.0,69118.0
Montana,1995-12-01,28200.0,70607.0
Montana,1996-01-01,30803.0,72144.0
Montana,1996-02-01,29868.0,73148.0
Montana,1996-03-01,29269.0,73488.0
Montana,1996-04-01,29018.0,72914.0
Montana,1996-05-01,28728.0,71950.0
Montana,1996-06-01,28472.0,71173.0
Montana,1996-07-01,28215.0,70412.0
Montana,1996-08-01,27819.0,69165.0
Montana,1996-09-01,27043.0,66640.0
Montana,1996-10-01,26941.0,66192.0
Montana,1996-11-01,27107.0,66787.0
Montana,1996-12-01,27390.0,68052.0
Montana,1997-01-01,27720.0,69153.0
Montana,1997-02-01,27802.0,69368.0
Montana,1997-03-01,27256.0,68432.0
Montana,1997-04-01,27106.0,68017.0
Montana,1997-05-01,26687.0,66888.0
Montana,1997-06-01,26279.0,65741.0
Montana,1997-07-01,25908.0,64739.0
Montana,1997-08-01,25691.0,63924.0
Montana,1997-09-01,25113.0,61963.0
Montana,1997-10-01,25137.0,61789.0
Montana,1997-11-01,25175.0,61819.0
Montana,1997-12-01,25446.0,62614.0
Montana,1998-01-01,25647.0,63201.0
Montana,1998-02-01,25906.0,63804.0
Montana,1998-03-01,26017.0,64009.0
Montana,1998-04-01,26070.0,64075.0
Montana,1998-05-01,25598.0,62917.0
Montana,1998-06-01,25296.0,61969.0
Montana,1998-07-01,25168.0,61610.0
Montana,1998-08-01,24973.0,60796.0
Montana,1998-09-01,24586.0,59336.0
Montana,1998-10-01,24605.0,59123.0
Montana,1998-11-01,24838.0,59813.0
Montana,1998-12-01,25279.0,61069.0
Montana,1999-01-01,25504.0,61762.0
Montana,1999-02-01,25751.0,62346.0
Montana,1999-03-01,25976.0,62787.0
Montana,1999-04-01,25801.0,62283.0
Montana,1999-05-01,25519.0,61302.0
Montana,1999-06-01,25345.0,60627.0
Montana,1999-07-01,25248.0,60411.0
Montana,1999-08-01,25168.0,60148.0
Montana,1999-09-01,24970.0,59106.0
Montana,1999-10-01,24759.0,58295.0
Montana,1999-11-01,25006.0,58760.0
Montana,1999-12-01,25130.0,59213.0
Montana,2000-01-01,25380.0,59798.0
Montana,2000-02-01,25528.0,60179.0
Montana,2000-03-01,25685.0,60484.0
Montana,2000-04-01,25470.0,60060.0
Montana,2000-05-01,25481.0,60017.0
Montana,2000-06-01,25318.0,59456.0
Montana,2000-07-01,25281.0,59547.0
Montana,2000-08-01,25378.0,59633.0
Montana,2000-09-01,24940.0,58146.0
Montana,2000-10-01,25078.0,58254.0
Montana,2000-11-01,25479.0,59470.0
Montana,2000-12-01,25916.0,60809.0
Montana,2001-01-01,26359.0,62005.0
Montana,2001-02-01,26610.0,62467.0
Montana,2001-03-01,26928.0,63164.0
Montana,2001-04-01,26908.0,63140.0
Montana,2001-05-01,26961.0,62995.0
Montana,2001-06-01,27006.0,62965.0
Montana,2001-07-01,27120.0,63617.0
Montana,2001-08-01,27092.0,63479.0
Montana,2001-09-01,26315.0,61122.0
Montana,2001-10-01,26328.0,61345.0
Montana,2001-11-01,26328.0,62426.0
Montana,2001-12-01,27007.0,63243.0
Montana,2002-01-01,27471.0,64456.0
Montana,2002-02-01,25588.0,60081.0
Montana,2002-03-01,27938.0,65663.0
Montana,2002-04-01,24922.0,58849.0
Montana,2002-05-01,27613.0,65066.0
Montana,2002-06-01,27294.0,64468.0
Montana,2002-07-01,27326.0,65066.0
Montana,2002-08-01,27473.0,65531.0
Montana,2002-09-01,27088.0,63974.0
Montana,2002-10-01,27652.0,65229.0
Montana,2002-11-01,28257.0,66752.0
Montana,2002-12-01,28811.0,68014.0
Montana,2003-01-01,29579.0,69927.0
Montana,2003-02-01,29975.0,70811.0
Montana,2003-03-01,30342.0,71623.0
Montana,2003-04-01,30550.0,72179.0
Montana,2003-05-01,30928.0,72843.0
Montana,2003-06-01,31130.0,73409.0
Montana,2003-07-01,31680.0,75184.0
Montana,2003-08-01,31831.0,75359.0
Montana,2003-09-01,31762.0,74511.0
Montana,2003-10-01,31999.0,75069.0
Montana,2003-11-01,32244.0,75625.0
Montana,2003-12-01,32495.0,76488.0
Montana,2004-01-01,32626.0,76826.0
Montana,2004-02-01,32918.0,77373.0
Montana,2004-03-01,33140.0,77942.0
Montana,2004-04-01,33241.0,78115.0
Montana,2004-05-01,33171.0,77662.0
Montana,2004-06-01,33431.0,78247.0
Montana,2004-07-01,33573.0,79100.0
Montana,2004-08-01,33581.0,79017.0
Montana,2004-09-01,33389.0,78271.0
Montana,2004-10-01,33751.0,78828.0
Montana,2004-11-01,33921.0,79216.0
Montana,2004-12-01,34355.0,80176.0
Montana,2005-01-01,34663.0,80673.0
Montana,2005-02-01,34889.0,81212.0
Montana,2005-03-01,35156.0,81739.0
Montana,2005-04-01,34680.0,81317.0
Montana,2005-05-01,34742.0,81360.0
Montana,2005-06-01,34778.0,81508.0
Montana,2005-07-01,34794.0,81942.0
Montana,2005-08-01,34635.0,81581.0
Montana,2005-09-01,34514.0,80890.0
Montana,2005-10-01,34611.0,80777.0
Montana,2005-11-01,34910.0,81313.0
Montana,2005-12-01,35208.0,81753.0
Montana,2006-01-01,35453.0,81999.0
Montana,2006-02-01,35641.0,82145.0
Montana,2006-03-01,35589.0,82133.0
Montana,2006-04-01,35443.0,81756.0
Montana,2006-05-01,35358.0,81678.0
Montana,2006-06-01,35450.0,81870.0
Montana,2006-07-01,35287.0,81554.0
Montana,2006-08-01,35396.0,81717.0
Montana,2006-09-01,34875.0,80111.0
Montana,2006-10-01,34923.0,79998.0
Montana,2006-11-01,34880.0,80007.0
Montana,2006-12-01,34838.0,80037.0
Montana,2007-01-01,34909.0,80238.0
Montana,2007-02-01,34886.0,80133.0
Montana,2007-03-01,34968.0,80254.0
Montana,2007-04-01,34805.0,79884.0
Montana,2007-05-01,34778.0,79791.0
Montana,2007-06-01,34891.0,80120.0
Montana,2007-07-01,34770.0,80133.0
Montana,2007-08-01,34835.0,80205.0
Montana,2007-09-01,34475.0,78822.0
Montana,2007-10-01,34656.0,78911.0
Montana,2007-11-01,34851.0,79159.0
Montana,2007-12-01,34978.0,79592.0
Montana,2008-01-01,35249.0,80015.0
Montana,2008-02-01,35512.0,80525.0
Montana,2008-03-01,35669.0,80909.0
Montana,2008-04-01,35936.0,81417.0
Montana,2008-05-01,35779.0,80911.0
Montana,2008-06-01,35764.0,80760.0
Montana,2008-07-01,35805.0,80946.0
Montana,2008-08-01,35954.0,81240.0
Montana,2008-09-01,35780.0,80500.0
Montana,2008-10-01,36321.0,81735.0
Montana,2008-11-01,36619.0,82643.0
Montana,2008-12-01,37479.0,84863.0
Montana,2009-01-01,38463.0,86871.0
Montana,2009-02-01,39281.0,88548.0
Montana,2009-03-01,40031.0,90646.0
Montana,2009-04-01,41498.0,94113.0
Montana,2009-05-01,42414.0,96044.0
Montana,2009-06-01,43589.0,98681.0
Montana,2009-07-01,44417.0,100552.0
Montana,2009-08-01,45141.0,101940.0
Montana,2009-09-01,45823.0,102800.0
Montana,2009-10-01,46693.0,104542.0
Montana,2009-11-01,47610.0,106343.0
Montana,2009-12-01,48600.0,108617.0
Montana,2010-01-01,49668.0,110811.0
Montana,2010-02-01,50590.0,112487.0
Montana,2010-03-01,51417.0,114406.0
Montana,2010-04-01,52099.0,115798.0
Montana,2010-05-01,52528.0,116368.0
Montana,2010-06-01,53029.0,117291.0
Montana,2010-07-01,53436.0,118174.0
Montana,2010-08-01,53922.0,118958.0
Montana,2010-09-01,54186.0,119039.0
Montana,2010-10-01,54290.0,118915.0
Montana,2010-11-01,54919.0,120013.0
Montana,2010-12-01,55920.0,122155.0
Montana,2011-01-01,56605.0,123476.0
Montana,2011-02-01,57052.0,124364.0
Montana,2011-03-01,57677.0,125404.0
Montana,2011-04-01,57974.0,125945.0
Montana,2011-05-01,57677.0,125404.0
Montana,2011-06-01,58455.0,126521.0
Montana,2011-07-01,58223.0,126203.0
Montana,2011-08-01,58532.0,126723.0
Montana,2011-09-01,58266.0,125792.0
Montana,2011-10-01,58271.0,121992.0
Montana,2011-11-01,58724.0,126259.0
Montana,2011-12-01,59117.0,127185.0
Montana,2012-01-01,59165.0,127111.0
Montana,2012-02-01,59430.0,127385.0
Montana,2012-03-01,59669.0,127558.0
Montana,2012-04-01,59275.0,126536.0
Montana,2012-05-01,59209.0,126351.0
Montana,2012-06-01,59138.0,126048.0
Montana,2012-07-01,58629.0,124902.0
Montana,2012-08-01,58811.0,125226.0
Montana,2012-09-01,58414.0,123931.0
Montana,2012-10-01,58597.0,123967.0
Montana,2012-11-01,59312.0,128124.0
Montana,2012-12-01,59587.0,131681.0
Montana,2013-01-01,59119.0,129150.0
Montana,2013-02-01,59207.0,129555.0
Montana,2013-03-01,59178.0,128481.0
Montana,2013-04-01,59839.0,130952.0
Montana,2013-05-01,59691.0,129797.0
Montana,2013-06-01,59506.0,129067.0
Montana,2013-07-01,59578.0,129492.0
Montana,2013-08-01,59725.0,126095.0
Montana,2013-09-01,59435.0,126010.0
Montana,2013-10-01,59368.0,125704.0
Montana,2013-11-01,59199.0,125478.0
Montana,2013-12-01,59105.0,125487.0
Montana,2014-01-01,59297.0,125606.0
Montana,2014-02-01,59270.0,125400.0
Montana,2014-03-01,59234.0,125049.0
Montana,2014-04-01,59196.0,124803.0
Montana,2014-05-01,59358.0,125315.0
Montana,2014-06-01,59280.0,125010.0
Montana,2014-07-01,58999.0,124537.0
Montana,2014-08-01,58601.0,123825.0
Montana,2014-09-01,58257.0,122659.0
Montana,2014-10-01,58008.0,122067.0
Montana,2014-11-01,57685.0,121291.0
Montana,2014-12-01,57968.0,121879.0
Montana,2015-01-01,57934.0,121648.0
Montana,2015-02-01,57980.0,121789.0
Montana,2015-03-01,57797.0,121552.0
Montana,2015-04-01,55580.0,118791.0
Montana,2015-05-01,54894.0,117421.0
Montana,2015-06-01,54535.0,116843.0
Montana,2015-07-01,54039.0,116305.0
Montana,2015-08-01,53630.0,115139.0
Montana,2015-09-01,53288.0,114253.0
Montana,2015-10-01,52775.0,113462.0
Montana,2015-11-01,52778.0,113170.0
Montana,2015-12-01,53095.0,113918.0
Montana,2016-01-01,53467.0,114709.0
Montana,2016-02-01,54267.0,115986.0
Montana,2016-03-01,54926.0,116987.0
Montana,2016-04-01,55002.0,117214.0
Montana,2016-05-01,55395.0,117799.0
Montana,2016-06-01,55782.0,118581.0
Montana,2016-07-01,55571.0,118467.0
Montana,2016-08-01,55987.0,119353.0
Montana,2016-09-01,56294.0,119863.0
Montana,2016-10-01,56511.0,120065.0
Montana,2016-11-01,57043.0,120826.0
Montana,2016-12-01,57215.0,121061.0
Montana,2017-01-01,57900.0,122110.0
Montana,2017-02-01,58191.0,122324.0
Montana,2017-03-01,58268.0,121859.0
Montana,2017-04-01,58159.0,121490.0
Montana,2017-05-01,58077.0,121327.0
Montana,2017-06-01,57980.0,121070.0
Montana,2017-07-01,57587.0,120353.0
Montana,2017-08-01,57412.0,119880.0
Montana,2017-09-01,56729.0,118297.0
Montana,2017-10-01,56286.0,117248.0
Montana,2017-11-01,56429.0,117271.0
Montana,2017-12-01,56391.0,116995.0
Montana,2018-01-01,56817.0,117280.0
Montana,2018-02-01,57626.0,117496.0
Montana,2018-03-01,57123.0,117211.0
Montana,2018-04-01,56222.0,115442.0
Montana,2018-05-01,55828.0,114533.0
Montana,2018-06-01,55422.0,113591.0
Montana,2018-07-01,54998.0,112568.0
Montana,2018-08-01,54864.0,112123.0
Montana,2018-09-01,54289.0,110916.0
Montana,2018-10-01,53574.0,109420.0
Montana,2018-11-01,53237.0,108616.0
Montana,2018-12-01,52971.0,107818.0
Montana,2019-01-01,52996.0,107850.0
Montana,2019-02-01,5293.0,11053.0
Montana,2019-03-01,53147.0,107957.0
Montana,2019-04-01,52998.0,107433.0
Montana,2019-05-01,52906.0,106957.0
Montana,2019-06-01,52915.0,106820.0
Montana,2019-07-01,52666.0,106298.0
Montana,2019-08-01,52523.0,106146.0
Montana,2019-09-01,52460.0,106053.0
Montana,2019-10-01,52359.0,105667.0
Montana,2019-11-01,52371.0,105487.0
Montana,2019-12-01,52428.0,105269.0
Montana,2020-01-01,52712.0,105487.0
Montana,2020-02-01,52809.0,105578.0
Montana,2020-03-01,52742.0,105265.0
Montana,2020-04-01,54374.0,108458.0
Montana,2020-05-01,55465.0,110178.0
Montana,2020-06-01,55564.0,109497.0
Montana,2020-07-01,55981.0,110122.0
Montana,2020-08-01,40788.0,85636.0
Montana,2020-09-01,47512.0,96042.0
Montana,2020-10-01,52913.0,104666.0
Montana,2020-11-01,42613.0,102800.0
Montana,2020-12-01,50863.0,89896.0
Montana,2021-01-01,49323.0,98125.0
Montana,2021-02-01,49794.0,99219.0
Montana,2021-03-01,50136.0,98765.0
Montana,2021-04-01,49588.0,98500.0
Montana,2021-05-01,49085.0,97328.0
Montana,2021-06-01,48858.0,96955.0
Montana,2021-07-01,48237.0,95525.0
Montana,2021-08-01,47575.0,93396.0
Montana,2021-09-01,46618.0,91062.0
Montana,2021-10-01,45860.0,89939.0
Montana,2021-11-01,45490.0,89775.0
Montana,2021-12-01,45302.0,89504.0
Montana,2022-01-01,45089.0,89269.0
Montana,2022-02-01,45053.0,89645.0
Montana,2022-03-01,45515.0,90370.0
Montana,2022-04-01,45466.0,89987.0
Montana,2022-05-01,45445.0,89727.0
Montana,2022-06-01,45431.0,89396.0
Montana,2022-07-01,44908.0,88115.0
Montana,2022-08-01,44662.0,87629.0
Montana,2022-09-01,44295.0,86648.0
Montana,2022-10-01,43822.0,85408.0
Montana,2022-11-01,43612.0,85068.0
Montana,2022-12-01,43552.0,85220.0
Montana,2023-01-01,43385.0,84675.0
Montana,2023-02-01,43708.0,85398.0
Montana,2023-03-01,44096.0,86112.0
Montana,2023-04-01,43759.0,85382.0
Montana,2023-05-01,43581.0,84819.0
Montana,2023-06-01,43509.0,84721.0
Montana,2023-07-01,42618.0,82945.0
Montana,2023-08-01,42389.0,82541.0
Montana,2023-09-01,42038.0,82033.0
Montana,2023-10-01,41323.0,81182.0
Montana,2023-11-01,41346.0,81260.0
Montana,2023-12-01,41182.0,81011.0
Montana,2024-01-01,41363.0,81150.0
Montana,2024-02-01,41585.0,81639.0
Montana,2024-03-01,41803.0,81974.0
Montana,2024-04-01,41803.0,81632.0
Montana,2024-05-01,41982.0,81980.0
Montana,2024-06-01,42109.0,82166.0
Montana,2024-07-01,41981.0,81885.0
Montana,2024-08-01,41685.0,81294.0
Montana,2024-09-01,0.0,0.0
Nebraska,1988-10-01,33419.0,90964.0
Nebraska,1988-11-01,35468.0,90678.0
Nebraska,1988-12-01,36008.0,92264.0
Nebraska,1989-01-01,36318.0,93307.0
Nebraska,1989-02-01,36461.0,93390.0
Nebraska,1989-03-01,37100.0,95368.0
Nebraska,1989-04-01,36601.0,94141.0
Nebraska,1989-05-01,36108.0,92301.0
Nebraska,1989-06-01,35841.0,92126.0
Nebraska,1989-07-01,35595.0,91523.0
Nebraska,1989-08-01,35845.0,91587.0
Nebraska,1989-09-01,35575.0,90243.0
Nebraska,1989-10-01,35854.0,90646.0
Nebraska,1989-11-01,36145.0,91062.0
Nebraska,1989-12-01,36808.0,92604.0
Nebraska,1990-01-01,37597.0,94607.0
Nebraska,1990-02-01,37997.0,95767.0
Nebraska,1990-03-01,38445.0,96777.0
Nebraska,1990-04-01,38264.0,96474.0
Nebraska,1990-05-01,38086.0,96261.0
Nebraska,1990-06-01,37796.0,95635.0
Nebraska,1990-07-01,37652.0,95306.0
Nebraska,1990-08-01,37817.0,95351.0
Nebraska,1990-09-01,37256.0,94088.0
Nebraska,1990-10-01,37510.0,94494.0
Nebraska,1990-11-01,37667.0,94764.0
Nebraska,1990-12-01,38214.0,96064.0
Nebraska,1991-01-01,39203.0,98824.0
Nebraska,1991-02-01,39775.0,100528.0
Nebraska,1991-03-01,39962.0,101263.0
Nebraska,1991-04-01,39726.0,100578.0
Nebraska,1991-05-01,39660.0,100385.0
Nebraska,1991-06-01,39607.0,100437.0
Nebraska,1991-07-01,39814.0,100551.0
Nebraska,1991-08-01,40039.0,100980.0
Nebraska,1991-09-01,39697.0,99749.0
Nebraska,1991-10-01,40153.0,100800.0
Nebraska,1991-11-01,40677.0,102166.0
Nebraska,1991-12-01,41751.0,105045.0
Nebraska,1992-01-01,42481.0,106833.0
Nebraska,1992-02-01,43003.0,108166.0
Nebraska,1992-03-01,43591.0,109550.0
Nebraska,1992-04-01,43440.0,109263.0
Nebraska,1992-05-01,43177.0,108744.0
Nebraska,1992-06-01,43321.0,109243.0
Nebraska,1992-07-01,43527.0,109613.0
Nebraska,1992-08-01,43470.0,109253.0
Nebraska,1992-09-01,43599.0,109429.0
Nebraska,1992-10-01,43548.0,109292.0
Nebraska,1992-11-01,43721.0,109720.0
Nebraska,1992-12-01,44592.0,111960.0
Nebraska,1993-01-01,44824.0,112681.0
Nebraska,1993-02-01,45240.0,113982.0
Nebraska,1993-03-01,46098.0,115953.0
Nebraska,1993-04-01,46240.0,116113.0
Nebraska,1993-05-01,45842.0,115005.0
Nebraska,1993-06-01,45675.0,114445.0
Nebraska,1993-07-01,45342.0,113595.0
Nebraska,1993-08-01,45234.0,115945.0
Nebraska,1993-09-01,44899.0,111565.0
Nebraska,1993-10-01,44877.0,111273.0
Nebraska,1993-11-01,44756.0,110597.0
Nebraska,1993-12-01,45176.0,111658.0
Nebraska,1994-01-01,45126.0,111737.0
Nebraska,1994-02-01,45153.0,112004.0
Nebraska,1994-03-01,45838.0,113484.0
Nebraska,1994-04-01,45200.0,111968.0
Nebraska,1994-05-01,44917.0,110850.0
Nebraska,1994-06-01,44626.0,110301.0
Nebraska,1994-07-01,44235.0,109101.0
Nebraska,1994-08-01,44233.0,108757.0
Nebraska,1994-09-01,43826.0,107273.0
Nebraska,1994-10-01,43739.0,106778.0
Nebraska,1994-11-01,43636.0,106161.0
Nebraska,1994-12-01,43854.0,106727.0
Nebraska,1995-01-01,43931.0,106805.0
Nebraska,1995-02-01,43969.0,106791.0
Nebraska,1995-03-01,44216.0,107281.0
Nebraska,1995-04-01,43209.0,104974.0
Nebraska,1995-05-01,43212.0,104432.0
Nebraska,1995-06-01,42958.0,103792.0
Nebraska,1995-07-01,42742.0,103096.0
Nebraska,1995-08-01,42765.0,103087.0
Nebraska,1995-09-01,42298.0,101674.0
Nebraska,1995-10-01,42122.0,100947.0
Nebraska,1995-11-01,42042.0,100795.0
Nebraska,1995-12-01,42060.0,100696.0
Nebraska,1996-01-01,42303.0,101480.0
Nebraska,1996-02-01,42751.0,102633.0
Nebraska,1996-03-01,43324.0,104091.0
Nebraska,1996-04-01,43324.0,104091.0
Nebraska,1996-05-01,42847.0,102250.0
Nebraska,1996-06-01,42438.0,101249.0
Nebraska,1996-07-01,42593.0,101367.0
Nebraska,1996-08-01,42337.0,100950.0
Nebraska,1996-09-01,41745.0,98950.0
Nebraska,1996-10-01,41765.0,98781.0
Nebraska,1996-11-01,41212.0,97882.0
Nebraska,1996-12-01,41256.0,98088.0
Nebraska,1997-01-01,41307.0,98496.0
Nebraska,1997-02-01,41187.0,98594.0
Nebraska,1997-03-01,41187.0,98594.0
Nebraska,1997-04-01,40461.0,97045.0
Nebraska,1997-05-01,40048.0,96182.0
Nebraska,1997-06-01,39911.0,95783.0
Nebraska,1997-07-01,40066.0,96378.0
Nebraska,1997-08-01,39583.0,95645.0
Nebraska,1997-09-01,39243.0,94642.0
Nebraska,1997-10-01,39460.0,95451.0
Nebraska,1997-11-01,38946.0,94320.0
Nebraska,1997-12-01,39905.0,96146.0
Nebraska,1998-01-01,39427.0,95603.0
Nebraska,1998-02-01,38789.0,94787.0
Nebraska,1998-03-01,39168.0,95693.0
Nebraska,1998-04-01,38396.0,94378.0
Nebraska,1998-05-01,37543.0,92893.0
Nebraska,1998-06-01,36660.0,91340.0
Nebraska,1998-07-01,38716.0,95726.0
Nebraska,1998-08-01,38801.0,96059.0
Nebraska,1998-09-01,39248.0,96930.0
Nebraska,1998-10-01,40108.0,98446.0
Nebraska,1998-11-01,40128.0,98521.0
Nebraska,1998-12-01,39957.0,98019.0
Nebraska,1999-01-01,38050.0,95256.0
Nebraska,1999-02-01,37619.0,91580.0
Nebraska,1999-03-01,38071.0,92529.0
Nebraska,1999-04-01,37672.0,91600.0
Nebraska,1999-05-01,36863.0,88884.0
Nebraska,1999-06-01,36702.0,88534.0
Nebraska,1999-07-01,37164.0,89029.0
Nebraska,1999-08-01,36713.0,88595.0
Nebraska,1999-09-01,36576.0,87856.0
Nebraska,1999-10-01,36183.0,86415.0
Nebraska,1999-11-01,35949.0,85643.0
Nebraska,1999-12-01,35775.0,84882.0
Nebraska,2000-01-01,35865.0,83885.0
Nebraska,2000-02-01,35320.0,83159.0
Nebraska,2000-03-01,35584.0,83363.0
Nebraska,2000-04-01,34803.0,81384.0
Nebraska,2000-05-01,34656.0,80894.0
Nebraska,2000-06-01,34656.0,80894.0
Nebraska,2000-07-01,34214.0,79555.0
Nebraska,2000-08-01,34459.0,80036.0
Nebraska,2000-09-01,34093.0,78857.0
Nebraska,2000-10-01,33935.0,78342.0
Nebraska,2000-11-01,33993.0,78637.0
Nebraska,2000-12-01,34200.0,79265.0
Nebraska,2001-01-01,34695.0,80521.0
Nebraska,2001-02-01,34631.0,80249.0
Nebraska,2001-03-01,35201.0,81619.0
Nebraska,2001-04-01,34919.0,81170.0
Nebraska,2001-05-01,34961.0,81129.0
Nebraska,2001-06-01,34804.0,80775.0
Nebraska,2001-07-01,34995.0,81611.0
Nebraska,2001-08-01,35357.0,82643.0
Nebraska,2001-09-01,35060.0,81862.0
Nebraska,2001-10-01,35568.0,82922.0
Nebraska,2001-11-01,35906.0,83784.0
Nebraska,2001-12-01,36363.0,85054.0
Nebraska,2002-01-01,37098.0,86590.0
Nebraska,2002-02-01,39268.0,91766.0
Nebraska,2002-03-01,36020.0,88689.0
Nebraska,2002-04-01,37344.0,89982.0
Nebraska,2002-05-01,36984.0,87991.0
Nebraska,2002-06-01,38440.0,89619.0
Nebraska,2002-07-01,38852.0,90804.0
Nebraska,2002-08-01,39532.0,92292.0
Nebraska,2002-09-01,39474.0,92033.0
Nebraska,2002-10-01,40053.0,93139.0
Nebraska,2002-11-01,40183.0,93823.0
Nebraska,2002-12-01,40864.0,95574.0
Nebraska,2003-01-01,41489.0,97092.0
Nebraska,2003-02-01,41768.0,97715.0
Nebraska,2003-03-01,42668.0,98830.0
Nebraska,2003-04-01,42850.0,99998.0
Nebraska,2003-05-01,43083.0,100373.0
Nebraska,2003-06-01,43327.0,100860.0
Nebraska,2003-07-01,43909.0,102665.0
Nebraska,2003-08-01,44483.0,104364.0
Nebraska,2003-09-01,45401.0,106486.0
Nebraska,2003-10-01,45401.0,109588.0
Nebraska,2003-11-01,46490.0,111833.0
Nebraska,2003-12-01,48278.0,113895.0
Nebraska,2004-01-01,47726.0,112821.0
Nebraska,2004-02-01,47757.0,112791.0
Nebraska,2004-03-01,48491.0,114405.0
Nebraska,2004-04-01,48854.0,115466.0
Nebraska,2004-05-01,48926.0,115615.0
Nebraska,2004-06-01,48860.0,115587.0
Nebraska,2004-07-01,48537.0,114678.0
Nebraska,2004-08-01,48770.0,115026.0
Nebraska,2004-09-01,48840.0,115092.0
Nebraska,2004-10-01,49124.0,115419.0
Nebraska,2004-11-01,49350.0,116127.0
Nebraska,2004-12-01,50008.0,117811.0
Nebraska,2005-01-01,49968.0,117498.0
Nebraska,2005-02-01,49891.0,117283.0
Nebraska,2005-03-01,50354.0,118065.0
Nebraska,2005-04-01,50205.0,118028.0
Nebraska,2005-05-01,49926.0,117290.0
Nebraska,2005-06-01,49989.0,117651.0
Nebraska,2005-07-01,49906.0,117435.0
Nebraska,2005-08-01,50087.0,117648.0
Nebraska,2005-09-01,50572.0,118725.0
Nebraska,2005-10-01,50624.0,118498.0
Nebraska,2005-11-01,50785.0,118852.0
Nebraska,2005-12-01,51453.0,120303.0
Nebraska,2006-01-01,51280.0,119785.0
Nebraska,2006-02-01,51276.0,119527.0
Nebraska,2006-03-01,51794.0,120539.0
Nebraska,2006-04-01,51266.0,119668.0
Nebraska,2006-05-01,51506.0,120105.0
Nebraska,2006-06-01,51393.0,119836.0
Nebraska,2006-07-01,50941.0,119037.0
Nebraska,2006-08-01,51653.0,120299.0
Nebraska,2006-09-01,51449.0,119750.0
Nebraska,2006-10-01,51515.0,119659.0
Nebraska,2006-11-01,51598.0,120268.0
Nebraska,2006-12-01,52133.0,121207.0
Nebraska,2007-01-01,52186.0,121014.0
Nebraska,2007-02-01,51736.0,120333.0
Nebraska,2007-03-01,52376.0,121611.0
Nebraska,2007-04-01,51866.0,120782.0
Nebraska,2007-05-01,51776.0,120641.0
Nebraska,2007-06-01,51897.0,120838.0
Nebraska,2007-07-01,51660.0,120365.0
Nebraska,2007-08-01,51817.0,120951.0
Nebraska,2007-09-01,51584.0,119943.0
Nebraska,2007-10-01,51754.0,119939.0
Nebraska,2007-11-01,51831.0,120233.0
Nebraska,2007-12-01,51658.0,120000.0
Nebraska,2008-01-01,52111.0,120892.0
Nebraska,2008-02-01,52200.0,121167.0
Nebraska,2008-03-01,52351.0,121066.0
Nebraska,2008-04-01,52136.0,120651.0
Nebraska,2008-05-01,52363.0,121361.0
Nebraska,2008-06-01,52175.0,120973.0
Nebraska,2008-07-01,52516.0,121848.0
Nebraska,2008-08-01,52094.0,121105.0
Nebraska,2008-09-01,51789.0,120472.0
Nebraska,2008-10-01,52338.0,121416.0
Nebraska,2008-11-01,53002.0,123039.0
Nebraska,2008-12-01,53910.0,125167.0
Nebraska,2009-01-01,54942.0,127733.0
Nebraska,2009-02-01,55709.0,129740.0
Nebraska,2009-03-01,55672.0,131884.0
Nebraska,2009-04-01,57590.0,133873.0
Nebraska,2009-05-01,58754.0,136569.0
Nebraska,2009-06-01,59588.0,138114.0
Nebraska,2009-07-01,61316.0,142260.0
Nebraska,2009-08-01,62768.0,145747.0
Nebraska,2009-09-01,63719.0,147938.0
Nebraska,2009-10-01,65663.0,152007.0
Nebraska,2009-11-01,66723.0,154674.0
Nebraska,2009-12-01,68114.0,157922.0
Nebraska,2010-01-01,69502.0,161001.0
Nebraska,2010-02-01,70265.0,162419.0
Nebraska,2010-03-01,70530.0,163320.0
Nebraska,2010-04-01,71585.0,165177.0
Nebraska,2010-05-01,71843.0,165536.0
Nebraska,2010-06-01,71894.0,165345.0
Nebraska,2010-07-01,72978.0,167568.0
Nebraska,2010-08-01,73672.0,169445.0
Nebraska,2010-09-01,73730.0,169385.0
Nebraska,2010-10-01,74333.0,170063.0
Nebraska,2010-11-01,74662.0,170731.0
Nebraska,2010-12-01,75733.0,173040.0
Nebraska,2011-01-01,76487.0,174467.0
Nebraska,2011-02-01,76600.0,174635.0
Nebraska,2011-03-01,77261.0,175919.0
Nebraska,2011-04-01,77134.0,176299.0
Nebraska,2011-05-01,76550.0,174936.0
Nebraska,2011-06-01,76375.0,174936.0
Nebraska,2011-07-01,75738.0,173674.0
Nebraska,2011-08-01,76595.0,175754.0
Nebraska,2011-09-01,76723.0,175993.0
Nebraska,2011-10-01,76294.0,174941.0
Nebraska,2011-11-01,75380.0,173170.0
Nebraska,2011-12-01,76225.0,175414.0
Nebraska,2012-01-01,76641.0,175711.0
Nebraska,2012-02-01,77572.0,177832.0
Nebraska,2012-03-01,78331.0,178643.0
Nebraska,2012-04-01,77148.0,175613.0
Nebraska,2012-05-01,77401.0,176177.0
Nebraska,2012-06-01,77260.0,175930.0
Nebraska,2012-07-01,77485.0,176193.0
Nebraska,2012-08-01,78049.0,177958.0
Nebraska,2012-09-01,77009.0,175296.0
Nebraska,2012-10-01,76903.0,174264.0
Nebraska,2012-11-01,77156.0,175402.0
Nebraska,2012-12-01,78269.0,177523.0
Nebraska,2013-01-01,79587.0,180193.0
Nebraska,2013-02-01,79694.0,180460.0
Nebraska,2013-03-01,80147.0,180774.0
Nebraska,2013-04-01,79621.0,179816.0
Nebraska,2013-05-01,80434.0,181796.0
Nebraska,2013-06-01,80560.0,182149.0
Nebraska,2013-07-01,80672.0,182487.0
Nebraska,2013-08-01,80119.0,181484.0
Nebraska,2013-09-01,79382.0,180180.0
Nebraska,2013-10-01,78608.0,178056.0
Nebraska,2013-11-01,78487.0,177532.0
Nebraska,2013-12-01,78943.0,178631.0
Nebraska,2014-01-01,78831.0,178333.0
Nebraska,2014-02-01,77573.0,175324.0
Nebraska,2014-03-01,77632.0,175112.0
Nebraska,2014-04-01,75879.0,170710.0
Nebraska,2014-05-01,75731.0,170160.0
Nebraska,2014-06-01,74755.0,167713.0
Nebraska,2014-07-01,74558.0,167550.0
Nebraska,2014-08-01,75270.0,169845.0
Nebraska,2014-09-01,76756.0,173398.0
Nebraska,2014-10-01,77051.0,173589.0
Nebraska,2014-11-01,76901.0,173224.0
Nebraska,2014-12-01,77151.0,173296.0
Nebraska,2015-01-01,77774.0,174483.0
Nebraska,2015-02-01,77644.0,173508.0
Nebraska,2015-03-01,77808.0,173617.0
Nebraska,2015-04-01,77449.0,172752.0
Nebraska,2015-05-01,77616.0,172934.0
Nebraska,2015-06-01,77877.0,173608.0
Nebraska,2015-07-01,78264.0,174963.0
Nebraska,2015-08-01,78781.0,176663.0
Nebraska,2015-09-01,78742.0,176472.0
Nebraska,2015-10-01,78596.0,176363.0
Nebraska,2015-11-01,77976.0,174887.0
Nebraska,2015-12-01,78438.0,175888.0
Nebraska,2016-01-01,78748.0,176381.0
Nebraska,2016-02-01,78349.0,175466.0
Nebraska,2016-03-01,78376.0,175455.0
Nebraska,2016-04-01,77956.0,174420.0
Nebraska,2016-05-01,77850.0,174052.0
Nebraska,2016-06-01,78359.0,175603.0
Nebraska,2016-07-01,78474.0,176130.0
Nebraska,2016-08-01,79280.0,177651.0
Nebraska,2016-09-01,79376.0,177912.0
Nebraska,2016-10-01,79507.0,177825.0
Nebraska,2016-11-01,79469.0,177654.0
Nebraska,2016-12-01,79952.0,178490.0
Nebraska,2017-01-01,80132.0,178526.0
Nebraska,2017-02-01,79458.0,176971.0
Nebraska,2017-03-01,79819.0,177129.0
Nebraska,2017-04-01,78615.0,174556.0
Nebraska,2017-05-01,78219.0,173625.0
Nebraska,2017-06-01,78184.0,174127.0
Nebraska,2017-07-01,77740.0,173333.0
Nebraska,2017-08-01,78084.0,174460.0
Nebraska,2017-09-01,77290.0,173488.0
Nebraska,2017-10-01,77650.0,173278.0
Nebraska,2017-11-01,77407.0,172509.0
Nebraska,2017-12-01,77627.0,172592.0
Nebraska,2018-01-01,77697.0,172567.0
Nebraska,2018-02-01,76867.0,170909.0
Nebraska,2018-03-01,77340.0,171343.0
Nebraska,2018-04-01,76071.0,168573.0
Nebraska,2018-05-01,75904.0,168420.0
Nebraska,2018-06-01,75786.0,168245.0
Nebraska,2018-07-01,75277.0,166820.0
Nebraska,2018-08-01,75257.0,166981.0
Nebraska,2018-09-01,74531.0,165496.0
Nebraska,2018-10-01,74203.0,163999.0
Nebraska,2018-11-01,73788.0,162964.0
Nebraska,2018-12-01,73432.0,161713.0
Nebraska,2019-01-01,73760.0,162343.0
Nebraska,2019-02-01,6000.0,13198.0
Nebraska,2019-03-01,74425.0,163384.0
Nebraska,2019-04-01,73927.0,162585.0
Nebraska,2019-05-01,72947.0,159963.0
Nebraska,2019-06-01,73007.0,160206.0
Nebraska,2019-07-01,72832.0,159662.0
Nebraska,2019-08-01,72272.0,158755.0
Nebraska,2019-09-01,71121.0,156439.0
Nebraska,2019-10-01,71869.0,157978.0
Nebraska,2019-11-01,70821.0,155532.0
Nebraska,2019-12-01,70559.0,154534.0
Nebraska,2020-01-01,70063.0,153187.0
Nebraska,2020-02-01,69986.0,152869.0
Nebraska,2020-03-01,70664.0,153889.0
Nebraska,2020-04-01,76281.0,165801.0
Nebraska,2020-05-01,78627.0,170724.0
Nebraska,2020-06-01,75277.0,166820.0
Nebraska,2020-07-01,69047.0,146636.0
Nebraska,2020-08-01,71371.0,153128.0
Nebraska,2020-09-01,71489.0,153996.0
Nebraska,2020-10-01,72704.0,156420.0
Nebraska,2020-11-01,72575.0,156041.0
Nebraska,2020-12-01,74410.0,159842.0
Nebraska,2021-01-01,74233.0,158109.0
Nebraska,2021-02-01,75288.0,160238.0
Nebraska,2021-03-01,75212.0,159315.0
Nebraska,2021-04-01,74572.0,157698.0
Nebraska,2021-05-01,74221.0,156353.0
Nebraska,2021-06-01,73590.0,154736.0
Nebraska,2021-07-01,74306.0,156493.0
Nebraska,2021-08-01,74810.0,157482.0
Nebraska,2021-09-01,73524.0,154544.0
Nebraska,2021-10-01,74402.0,156052.0
Nebraska,2021-11-01,74507.0,155811.0
Nebraska,2021-12-01,74711.0,156022.0
Nebraska,2022-01-01,74638.0,155777.0
Nebraska,2022-02-01,74228.0,154773.0
Nebraska,2022-03-01,75142.0,156210.0
Nebraska,2022-04-01,74970.0,155696.0
Nebraska,2022-05-01,74860.0,154490.0
Nebraska,2022-06-01,75001.0,154559.0
Nebraska,2022-07-01,75331.0,154836.0
Nebraska,2022-08-01,76189.0,156229.0
Nebraska,2022-09-01,76267.0,156140.0
Nebraska,2022-10-01,76603.0,156353.0
Nebraska,2022-11-01,76880.0,156272.0
Nebraska,2022-12-01,77511.0,156757.0
Nebraska,2023-01-01,77899.0,157397.0
Nebraska,2023-02-01,77633.0,156601.0
Nebraska,2023-03-01,78405.0,158165.0
Nebraska,2023-04-01,77637.0,156764.0
Nebraska,2023-05-01,77457.0,156406.0
Nebraska,2023-06-01,77619.0,156801.0
Nebraska,2023-07-01,76787.0,155014.0
Nebraska,2023-08-01,76926.0,155435.0
Nebraska,2023-09-01,76543.0,154825.0
Nebraska,2023-10-01,75893.0,154159.0
Nebraska,2023-11-01,75933.0,154418.0
Nebraska,2023-12-01,76682.0,155718.0
Nebraska,2024-01-01,77194.0,156594.0
Nebraska,2024-02-01,77190.0,156600.0
Nebraska,2024-03-01,77415.0,156519.0
Nebraska,2024-04-01,76669.0,154841.0
Nebraska,2024-05-01,76669.0,155110.0
Nebraska,2024-06-01,76669.0,155141.0
Nebraska,2024-07-01,75594.0,153378.0
Nebraska,2024-08-01,75935.0,154438.0
Nebraska,2024-09-01,0.0,0.0
Nevada,1988-10-01,17453.0,37732.0
Nevada,1988-11-01,17804.0,38432.0
Nevada,1988-12-01,18170.0,39244.0
Nevada,1989-01-01,18589.0,40442.0
Nevada,1989-02-01,19246.0,41960.0
Nevada,1989-03-01,19498.0,42426.0
Nevada,1989-04-01,19151.0,41879.0
Nevada,1989-05-01,19166.0,41452.0
Nevada,1989-06-01,18571.0,40585.0
Nevada,1989-07-01,19177.0,41831.0
Nevada,1989-08-01,20347.0,44504.0
Nevada,1989-09-01,20621.0,45476.0
Nevada,1989-10-01,21173.0,46812.0
Nevada,1989-11-01,21616.0,47978.0
Nevada,1989-12-01,21626.0,42260.0
Nevada,1990-01-01,22373.0,49597.0
Nevada,1990-02-01,22303.0,50155.0
Nevada,1990-03-01,22847.0,51440.0
Nevada,1990-04-01,22957.0,50997.0
Nevada,1990-05-01,22753.0,51322.0
Nevada,1990-06-01,22650.0,51255.0
Nevada,1990-07-01,22563.0,50907.0
Nevada,1990-08-01,23062.0,52373.0
Nevada,1990-09-01,23148.0,52686.0
Nevada,1990-10-01,23693.0,54013.0
Nevada,1990-11-01,24540.0,55497.0
Nevada,1990-12-01,25213.0,56762.0
Nevada,1991-01-01,26653.0,60125.0
Nevada,1991-02-01,27407.0,62111.0
Nevada,1991-03-01,28462.0,64583.0
Nevada,1991-04-01,28599.0,65174.0
Nevada,1991-05-01,29209.0,66445.0
Nevada,1991-06-01,29155.0,66120.0
Nevada,1991-07-01,29872.0,67815.0
Nevada,1991-08-01,30738.0,69349.0
Nevada,1991-09-01,30377.0,68936.0
Nevada,1991-10-01,31507.0,71485.0
Nevada,1991-11-01,32587.0,73590.0
Nevada,1991-12-01,33860.0,76516.0
Nevada,1992-01-01,34983.0,78828.0
Nevada,1992-02-01,34273.0,77226.0
Nevada,1992-03-01,46601.0,82122.0
Nevada,1992-04-01,36587.0,82104.0
Nevada,1992-05-01,36220.0,81581.0
Nevada,1992-06-01,36694.0,82390.0
Nevada,1992-07-01,37052.0,83165.0
Nevada,1992-08-01,37235.0,83417.0
Nevada,1992-09-01,38387.0,84451.0
Nevada,1992-10-01,39173.0,86976.0
Nevada,1992-11-01,40114.0,88967.0
Nevada,1992-12-01,41619.0,92087.0
Nevada,1993-01-01,42766.0,94384.0
Nevada,1993-02-01,42766.0,94384.0
Nevada,1993-03-01,43782.0,96562.0
Nevada,1993-04-01,43451.0,95770.0
Nevada,1993-05-01,42748.0,94292.0
Nevada,1993-06-01,42579.0,93764.0
Nevada,1993-07-01,42934.0,94552.0
Nevada,1993-08-01,43033.0,94676.0
Nevada,1993-09-01,43042.0,94500.0
Nevada,1993-10-01,43624.0,95865.0
Nevada,1993-11-01,44058.0,96371.0
Nevada,1993-12-01,44864.0,97923.0
Nevada,1994-01-01,44912.0,97877.0
Nevada,1994-02-01,44733.0,97215.0
Nevada,1994-03-01,45543.0,98977.0
Nevada,1994-04-01,44983.0,97613.0
Nevada,1994-05-01,44669.0,96643.0
Nevada,1994-06-01,44114.0,95422.0
Nevada,1994-07-01,43917.0,95207.0
Nevada,1994-08-01,44385.0,96265.0
Nevada,1994-09-01,44165.0,95529.0
Nevada,1994-10-01,44344.0,95987.0
Nevada,1994-11-01,44817.0,97043.0
Nevada,1994-12-01,45774.0,99090.0
Nevada,1995-01-01,46552.0,100507.0
Nevada,1995-02-01,46557.0,100216.0
Nevada,1995-03-01,47304.0,101556.0
Nevada,1995-04-01,46626.0,99855.0
Nevada,1995-05-01,46071.0,98480.0
Nevada,1995-06-01,45692.0,97738.0
Nevada,1995-07-01,45115.0,96657.0
Nevada,1995-08-01,45846.0,97991.0
Nevada,1995-09-01,45514.0,97336.0
Nevada,1995-10-01,45962.0,98066.0
Nevada,1995-11-01,45880.0,97870.0
Nevada,1995-12-01,46373.0,98501.0
Nevada,1996-01-01,46742.0,99346.0
Nevada,1996-02-01,46673.0,98909.0
Nevada,1996-03-01,46822.0,98657.0
Nevada,1996-04-01,46223.0,97398.0
Nevada,1996-05-01,45923.0,96468.0
Nevada,1996-06-01,45467.0,95178.0
Nevada,1996-07-01,45118.0,94367.0
Nevada,1996-08-01,44859.0,93835.0
Nevada,1996-09-01,44148.0,91944.0
Nevada,1996-10-01,43810.0,91299.0
Nevada,1996-11-01,42924.0,89699.0
Nevada,1996-12-01,42540.0,89028.0
Nevada,1997-01-01,41840.0,87777.0
Nevada,1997-02-01,40779.0,85592.0
Nevada,1997-03-01,38514.0,82479.0
Nevada,1997-04-01,36959.0,80212.0
Nevada,1997-05-01,35769.0,78580.0
Nevada,1997-06-01,35038.0,76956.0
Nevada,1997-07-01,34921.0,76685.0
Nevada,1997-08-01,34291.0,75412.0
Nevada,1997-09-01,34210.0,75304.0
Nevada,1997-10-01,34372.0,75541.0
Nevada,1997-11-01,33939.0,74466.0
Nevada,1997-12-01,34447.0,75800.0
Nevada,1998-01-01,34324.0,75521.0
Nevada,1998-02-01,33911.0,74318.0
Nevada,1998-03-01,33591.0,73617.0
Nevada,1998-04-01,32892.0,71976.0
Nevada,1998-05-01,31969.0,69724.0
Nevada,1998-06-01,31099.0,68144.0
Nevada,1998-07-01,30990.0,67694.0
Nevada,1998-08-01,30345.0,66235.0
Nevada,1998-09-01,29961.0,65332.0
Nevada,1998-10-01,29931.0,65183.0
Nevada,1998-11-01,29684.0,64354.0
Nevada,1998-12-01,29954.0,64777.0
Nevada,1999-01-01,29311.0,63169.0
Nevada,1999-02-01,29056.0,62254.0
Nevada,1999-03-01,28981.0,62132.0
Nevada,1999-04-01,28591.0,61236.0
Nevada,1999-05-01,28262.0,60324.0
Nevada,1999-06-01,27889.0,59364.0
Nevada,1999-07-01,27603.0,58883.0
Nevada,1999-08-01,27916.0,59347.0
Nevada,1999-09-01,27651.0,59057.0
Nevada,1999-10-01,27568.0,59084.0
Nevada,1999-11-01,26701.0,57763.0
Nevada,1999-12-01,28088.0,60340.0
Nevada,2000-01-01,26886.0,58138.0
Nevada,2000-02-01,28213.0,60271.0
Nevada,2000-03-01,28796.0,61711.0
Nevada,2000-04-01,28483.0,61252.0
Nevada,2000-05-01,28886.0,62334.0
Nevada,2000-06-01,29013.0,62729.0
Nevada,2000-07-01,28866.0,62283.0
Nevada,2000-08-01,28912.0,62267.0
Nevada,2000-09-01,29084.0,62687.0
Nevada,2000-10-01,29078.0,62664.0
Nevada,2000-11-01,29691.0,64255.0
Nevada,2000-12-01,30128.0,65188.0
Nevada,2001-01-01,32277.0,70898.0
Nevada,2001-02-01,30496.0,65478.0
Nevada,2001-03-01,31477.0,68023.0
Nevada,2001-04-01,31789.0,68687.0
Nevada,2001-05-01,31977.0,69406.0
Nevada,2001-06-01,31887.0,69501.0
Nevada,2001-07-01,34597.0,75563.0
Nevada,2001-08-01,35393.0,77531.0
Nevada,2001-09-01,36437.0,80706.0
Nevada,2001-10-01,39867.0,88291.0
Nevada,2001-11-01,40714.0,90820.0
Nevada,2001-12-01,42001.0,93413.0
Nevada,2002-01-01,43797.0,96921.0
Nevada,2002-02-01,43761.0,96810.0
Nevada,2002-03-01,44535.0,98360.0
Nevada,2002-04-01,44324.0,98195.0
Nevada,2002-05-01,44260.0,98540.0
Nevada,2002-06-01,44312.0,99443.0
Nevada,2002-07-01,45050.0,101261.0
Nevada,2002-08-01,44814.0,100868.0
Nevada,2002-09-01,45238.0,101503.0
Nevada,2002-10-01,46047.0,103672.0
Nevada,2002-11-01,46081.0,104320.0
Nevada,2002-12-01,46754.0,105991.0
Nevada,2003-01-01,47437.0,107363.0
Nevada,2003-02-01,47291.0,106575.0
Nevada,2003-03-01,47985.0,108264.0
Nevada,2003-04-01,48218.0,109335.0
Nevada,2003-05-01,51472.0,116610.0
Nevada,2003-06-01,51947.0,117829.0
Nevada,2003-07-01,52503.0,118875.0
Nevada,2003-08-01,52068.0,117852.0
Nevada,2003-09-01,52762.0,119538.0
Nevada,2003-10-01,52610.0,118876.0
Nevada,2003-11-01,52027.0,117601.0
Nevada,2003-12-01,52586.0,118544.0
Nevada,2004-01-01,53167.0,119491.0
Nevada,2004-02-01,53524.0,120065.0
Nevada,2004-03-01,54490.0,122138.0
Nevada,2004-04-01,54430.0,121941.0
Nevada,2004-05-01,53884.0,121220.0
Nevada,2004-06-01,53780.0,120854.0
Nevada,2004-07-01,53593.0,120129.0
Nevada,2004-08-01,54062.0,121275.0
Nevada,2004-09-01,54040.0,121164.0
Nevada,2004-10-01,54422.0,122380.0
Nevada,2004-11-01,55148.0,124114.0
Nevada,2004-12-01,55285.0,124166.0
Nevada,2005-01-01,55329.0,123674.0
Nevada,2005-02-01,55048.0,122284.0
Nevada,2005-03-01,55131.0,121901.0
Nevada,2005-04-01,55017.0,121537.0
Nevada,2005-05-01,55021.0,121260.0
Nevada,2005-06-01,54731.0,120614.0
Nevada,2005-07-01,54060.0,118789.0
Nevada,2005-08-01,54396.0,119543.0
Nevada,2005-09-01,54935.0,120223.0
Nevada,2005-10-01,55250.0,120997.0
Nevada,2005-11-01,54972.0,120288.0
Nevada,2005-12-01,54459.0,118601.0
Nevada,2006-01-01,54335.0,117986.0
Nevada,2006-02-01,53774.0,116233.0
Nevada,2006-03-01,54080.0,116634.0
Nevada,2006-04-01,54217.0,116861.0
Nevada,2006-05-01,54441.0,117058.0
Nevada,2006-06-01,54478.0,117221.0
Nevada,2006-07-01,54530.0,117367.0
Nevada,2006-08-01,55027.0,118504.0
Nevada,2006-09-01,54646.0,117286.0
Nevada,2006-10-01,55202.0,118957.0
Nevada,2006-11-01,55271.0,119310.0
Nevada,2006-12-01,55093.0,118787.0
Nevada,2007-01-01,55737.0,119715.0
Nevada,2007-02-01,55457.0,118613.0
Nevada,2007-03-01,55951.0,119454.0
Nevada,2007-04-01,56671.0,121244.0
Nevada,2007-05-01,57317.0,122470.0
Nevada,2007-06-01,57805.0,123448.0
Nevada,2007-07-01,58819.0,125709.0
Nevada,2007-08-01,60127.0,128708.0
Nevada,2007-09-01,60827.0,130278.0
Nevada,2007-10-01,61979.0,132935.0
Nevada,2007-11-01,62609.0,134223.0
Nevada,2007-12-01,63429.0,135917.0
Nevada,2008-01-01,64614.0,138430.0
Nevada,2008-02-01,65129.0,139266.0
Nevada,2008-03-01,66278.0,141718.0
Nevada,2008-04-01,68039.0,145517.0
Nevada,2008-05-01,68842.0,147361.0
Nevada,2008-06-01,70506.0,151009.0
Nevada,2008-07-01,71468.0,153188.0
Nevada,2008-08-01,72228.0,155547.0
Nevada,2008-09-01,73442.0,158819.0
Nevada,2008-10-01,75216.0,162743.0
Nevada,2008-11-01,77255.0,167636.0
Nevada,2008-12-01,80605.0,174172.0
Nevada,2009-01-01,82977.0,178712.0
Nevada,2009-02-01,85064.0,182949.0
Nevada,2009-03-01,89847.0,192276.0
Nevada,2009-04-01,94481.0,202331.0
Nevada,2009-05-01,97779.0,209999.0
Nevada,2009-06-01,101815.0,219106.0
Nevada,2009-07-01,106027.0,228524.0
Nevada,2009-08-01,110382.0,238115.0
Nevada,2009-09-01,113172.0,244110.0
Nevada,2009-10-01,115400.0,248437.0
Nevada,2009-11-01,117965.0,254376.0
Nevada,2009-12-01,119919.0,259196.0
Nevada,2010-01-01,121385.0,262500.0
Nevada,2010-02-01,123136.0,266276.0
Nevada,2010-03-01,126198.0,272425.0
Nevada,2010-04-01,128377.0,276523.0
Nevada,2010-05-01,131615.0,283683.0
Nevada,2010-06-01,134936.0,290842.0
Nevada,2010-07-01,138861.0,299168.0
Nevada,2010-08-01,143693.0,309586.0
Nevada,2010-09-01,146266.0,314253.0
Nevada,2010-10-01,148048.0,317641.0
Nevada,2010-11-01,150561.0,322950.0
Nevada,2010-12-01,151527.0,324658.0
Nevada,2011-01-01,152810.0,326936.0
Nevada,2011-02-01,152993.0,326836.0
Nevada,2011-03-01,154532.0,329105.0
Nevada,2011-04-01,155981.0,331623.0
Nevada,2011-05-01,158378.0,336524.0
Nevada,2011-06-01,160348.0,340195.0
Nevada,2011-07-01,161488.0,342462.0
Nevada,2011-08-01,164255.0,347848.0
Nevada,2011-09-01,164908.0,348727.0
Nevada,2011-10-01,166354.0,351686.0
Nevada,2011-11-01,167445.0,353737.0
Nevada,2011-12-01,167601.0,353889.0
Nevada,2012-01-01,168023.0,354081.0
Nevada,2012-02-01,168368.0,354540.0
Nevada,2012-03-01,168603.0,353855.0
Nevada,2012-04-01,169044.0,353983.0
Nevada,2012-05-01,170031.0,355713.0
Nevada,2012-06-01,170134.0,355349.0
Nevada,2012-07-01,170556.0,355940.0
Nevada,2012-08-01,171776.0,358009.0
Nevada,2012-09-01,171830.0,358015.0
Nevada,2012-10-01,173332.0,360559.0
Nevada,2012-11-01,173401.0,360777.0
Nevada,2012-12-01,172676.0,358892.0
Nevada,2013-01-01,173005.0,358457.0
Nevada,2013-02-01,172384.0,356414.0
Nevada,2013-03-01,172193.0,355312.0
Nevada,2013-04-01,173665.0,358319.0
Nevada,2013-05-01,175120.0,360207.0
Nevada,2013-06-01,175935.0,362203.0
Nevada,2013-07-01,176364.0,363155.0
Nevada,2013-08-01,178132.0,367101.0
Nevada,2013-09-01,179454.0,370042.0
Nevada,2013-10-01,180639.0,372377.0
Nevada,2013-11-01,179516.0,369352.0
Nevada,2013-12-01,180618.0,370544.0
Nevada,2014-01-01,182660.0,373901.0
Nevada,2014-02-01,184321.0,375708.0
Nevada,2014-03-01,187080.0,379657.0
Nevada,2014-04-01,189665.0,384136.0
Nevada,2014-05-01,192062.0,388284.0
Nevada,2014-06-01,194082.0,391816.0
Nevada,2014-07-01,196004.0,395236.0
Nevada,2014-08-01,198236.0,399514.0
Nevada,2014-09-01,199985.0,402937.0
Nevada,2014-10-01,202098.0,407529.0
Nevada,2014-11-01,202470.0,408215.0
Nevada,2014-12-01,203879.0,410201.0
Nevada,2015-01-01,205203.0,412056.0
Nevada,2015-02-01,206354.0,413476.0
Nevada,2015-03-01,208258.0,416579.0
Nevada,2015-04-01,210266.0,420848.0
Nevada,2015-05-01,211663.0,423364.0
Nevada,2015-06-01,213891.0,427405.0
Nevada,2015-07-01,215896.0,431289.0
Nevada,2015-08-01,218067.0,435785.0
Nevada,2015-09-01,219394.0,438211.0
Nevada,2015-10-01,220486.0,439498.0
Nevada,2015-11-01,221624.0,441006.0
Nevada,2015-12-01,221793.0,440274.0
Nevada,2016-01-01,221443.0,439141.0
Nevada,2016-02-01,221701.0,438469.0
Nevada,2016-03-01,221907.0,438356.0
Nevada,2016-04-01,222137.0,438342.0
Nevada,2016-05-01,222616.0,439031.0
Nevada,2016-06-01,223306.0,440560.0
Nevada,2016-07-01,222680.0,439562.0
Nevada,2016-08-01,223408.0,441164.0
Nevada,2016-09-01,223933.0,441986.0
Nevada,2016-10-01,224655.0,443138.0
Nevada,2016-11-01,224932.0,442938.0
Nevada,2016-12-01,224436.0,441145.0
Nevada,2017-01-01,225575.0,442515.0
Nevada,2017-02-01,224879.0,440775.0
Nevada,2017-03-01,224551.0,438465.0
Nevada,2017-04-01,224216.0,437430.0
Nevada,2017-05-01,224800.0,437892.0
Nevada,2017-06-01,225483.0,438857.0
Nevada,2017-07-01,225126.0,438368.0
Nevada,2017-08-01,227608.0,442862.0
Nevada,2017-09-01,227781.0,442981.0
Nevada,2017-10-01,228361.0,443318.0
Nevada,2017-11-01,228322.0,442936.0
Nevada,2017-12-01,227568.0,440988.0
Nevada,2018-01-01,228620.0,441924.0
Nevada,2018-02-01,227903.0,440064.0
Nevada,2018-03-01,227811.0,438835.0
Nevada,2018-04-01,228019.0,438624.0
Nevada,2018-05-01,228121.0,438055.0
Nevada,2018-06-01,228943.0,439369.0
Nevada,2018-07-01,228458.0,438216.0
Nevada,2018-08-01,229248.0,439822.0
Nevada,2018-09-01,228100.0,437137.0
Nevada,2018-10-01,227448.0,434898.0
Nevada,2018-11-01,225371.0,430141.0
Nevada,2018-12-01,224523.0,427773.0
Nevada,2019-01-01,223565.0,425264.0
Nevada,2019-02-01,21911.0,41853.0
Nevada,2019-03-01,220731.0,418397.0
Nevada,2019-04-01,221242.0,419347.0
Nevada,2019-05-01,220650.0,418308.0
Nevada,2019-06-01,221312.0,419602.0
Nevada,2019-07-01,221819.0,420743.0
Nevada,2019-08-01,222412.0,421481.0
Nevada,2019-09-01,222216.0,421015.0
Nevada,2019-10-01,222031.0,419832.0
Nevada,2019-11-01,220804.0,416996.0
Nevada,2019-12-01,220014.0,414564.0
Nevada,2020-01-01,220255.0,414058.0
Nevada,2020-02-01,219544.0,412342.0
Nevada,2020-03-01,227106.0,426527.0
Nevada,2020-04-01,258935.0,497313.0
Nevada,2020-05-01,267991.0,511818.0
Nevada,2020-06-01,250508.0,465469.0
Nevada,2020-07-01,247657.0,465536.0
Nevada,2020-08-01,251790.0,468945.0
Nevada,2020-09-01,252316.0,470857.0
Nevada,2020-10-01,250825.0,483693.0
Nevada,2020-11-01,245881.0,477920.0
Nevada,2020-12-01,224901.0,442157.0
Nevada,2021-01-01,236076.0,464298.0
Nevada,2021-02-01,245950.0,482335.0
Nevada,2021-03-01,243796.0,477172.0
Nevada,2021-04-01,233878.0,448863.0
Nevada,2021-05-01,221666.0,427799.0
Nevada,2021-06-01,221804.0,428387.0
Nevada,2021-07-01,221431.0,426535.0
Nevada,2021-08-01,226858.0,437871.0
Nevada,2021-09-01,229892.0,441968.0
Nevada,2021-10-01,232510.0,445002.0
Nevada,2021-11-01,231446.0,439595.0
Nevada,2021-12-01,230821.0,436116.0
Nevada,2022-01-01,232533.0,439091.0
Nevada,2022-02-01,236544.0,448298.0
Nevada,2022-03-01,238611.0,452466.0
Nevada,2022-04-01,240567.0,457087.0
Nevada,2022-05-01,242928.0,461638.0
Nevada,2022-06-01,247149.0,469249.0
Nevada,2022-07-01,246305.0,467604.0
Nevada,2022-08-01,249831.0,474358.0
Nevada,2022-09-01,249055.0,472270.0
Nevada,2022-10-01,249520.0,476113.0
Nevada,2022-11-01,249560.0,475202.0
Nevada,2022-12-01,250944.0,478483.0
Nevada,2023-01-01,262498.0,499320.0
Nevada,2023-02-01,261744.0,497584.0
Nevada,2023-03-01,260914.0,495847.0
Nevada,2023-04-01,255871.0,486602.0
Nevada,2023-05-01,259584.0,493254.0
Nevada,2023-06-01,262890.0,498558.0
Nevada,2023-07-01,264832.0,501574.0
Nevada,2023-08-01,267529.0,505874.0
Nevada,2023-09-01,268386.0,507769.0
Nevada,2023-10-01,267803.0,507021.0
Nevada,2023-11-01,266516.0,504365.0
Nevada,2023-12-01,264184.0,499324.0
Nevada,2024-01-01,267001.0,502149.0
Nevada,2024-02-01,267585.0,501907.0
Nevada,2024-03-01,267601.0,501460.0
Nevada,2024-04-01,268195.0,500816.0
Nevada,2024-05-01,269793.0,503276.0
Nevada,2024-06-01,271867.0,507169.0
Nevada,2024-07-01,273824.0,510763.0
Nevada,2024-08-01,275340.0,513292.0
Nevada,2024-09-01,0.0,0.0
New Hampshire,1988-10-01,9044.0,18851.0
New Hampshire,1988-11-01,9183.0,19254.0
New Hampshire,1988-12-01,9501.0,20037.0
New Hampshire,1989-01-01,9918.0,21170.0
New Hampshire,1989-02-01,10221.0,22066.0
New Hampshire,1989-03-01,10652.0,23227.0
New Hampshire,1989-04-01,10535.0,23016.0
New Hampshire,1989-05-01,10535.0,23095.0
New Hampshire,1989-06-01,10497.0,22602.0
New Hampshire,1989-07-01,10588.0,22687.0
New Hampshire,1989-08-01,10782.0,23222.0
New Hampshire,1989-09-01,10735.0,23168.0
New Hampshire,1989-10-01,10899.0,23594.0
New Hampshire,1989-11-01,11351.0,24615.0
New Hampshire,1989-12-01,12073.0,26505.0
New Hampshire,1990-01-01,12846.0,28517.0
New Hampshire,1990-02-01,13316.0,29712.0
New Hampshire,1990-03-01,14170.0,31802.0
New Hampshire,1990-04-01,14690.0,33092.0
New Hampshire,1990-05-01,14864.0,33568.0
New Hampshire,1990-06-01,14907.0,33583.0
New Hampshire,1990-07-01,14956.0,33773.0
New Hampshire,1990-08-01,15178.0,33343.0
New Hampshire,1990-09-01,15308.0,34596.0
New Hampshire,1990-10-01,16008.0,36295.0
New Hampshire,1990-11-01,16797.0,38180.0
New Hampshire,1990-12-01,17697.0,40372.0
New Hampshire,1991-01-01,19457.0,44863.0
New Hampshire,1991-02-01,20253.0,47075.0
New Hampshire,1991-03-01,21295.0,49760.0
New Hampshire,1991-04-01,21758.0,51139.0
New Hampshire,1991-05-01,21834.0,51423.0
New Hampshire,1991-06-01,21471.0,50446.0
New Hampshire,1991-07-01,21561.0,50587.0
New Hampshire,1991-08-01,21647.0,50714.0
New Hampshire,1991-09-01,21706.0,50961.0
New Hampshire,1991-10-01,22188.0,51893.0
New Hampshire,1991-11-01,22708.0,53012.0
New Hampshire,1991-12-01,23443.0,54950.0
New Hampshire,1992-01-01,24806.0,58128.0
New Hampshire,1992-02-01,25479.0,59712.0
New Hampshire,1992-03-01,26142.0,61309.0
New Hampshire,1992-04-01,26221.0,61385.0
New Hampshire,1992-05-01,25789.0,60423.0
New Hampshire,1992-06-01,25439.0,59457.0
New Hampshire,1992-07-01,24778.0,57940.0
New Hampshire,1992-08-01,24486.0,57302.0
New Hampshire,1992-09-01,24289.0,56940.0
New Hampshire,1992-10-01,24283.0,56994.0
New Hampshire,1992-11-01,24465.0,57615.0
New Hampshire,1992-12-01,24952.0,58768.0
New Hampshire,1993-01-01,25446.0,60023.0
New Hampshire,1993-02-01,25910.0,61219.0
New Hampshire,1993-03-01,26510.0,62606.0
New Hampshire,1993-04-01,26641.0,62836.0
New Hampshire,1993-05-01,26460.0,62530.0
New Hampshire,1993-06-01,26005.0,61520.0
New Hampshire,1993-07-01,25659.0,60505.0
New Hampshire,1993-08-01,25506.0,60030.0
New Hampshire,1993-09-01,25340.0,59687.0
New Hampshire,1993-10-01,25357.0,59652.0
New Hampshire,1993-11-01,25459.0,59939.0
New Hampshire,1993-12-01,25935.0,60924.0
New Hampshire,1994-01-01,26397.0,62166.0
New Hampshire,1994-02-01,26672.0,62768.0
New Hampshire,1994-03-01,27160.0,63760.0
New Hampshire,1994-04-01,27266.0,64109.0
New Hampshire,1994-05-01,26830.0,63112.0
New Hampshire,1994-06-01,26350.0,61959.0
New Hampshire,1994-07-01,25967.0,60833.0
New Hampshire,1994-08-01,25644.0,60014.0
New Hampshire,1994-09-01,25461.0,59549.0
New Hampshire,1994-10-01,25436.0,59250.0
New Hampshire,1994-11-01,25362.0,58971.0
New Hampshire,1994-12-01,25503.0,59210.0
New Hampshire,1995-01-01,25967.0,60116.0
New Hampshire,1995-02-01,26045.0,60284.0
New Hampshire,1995-03-01,26232.0,60695.0
New Hampshire,1995-04-01,25993.0,60037.0
New Hampshire,1995-05-01,25531.0,58800.0
New Hampshire,1995-06-01,25004.0,57441.0
New Hampshire,1995-07-01,24464.0,56067.0
New Hampshire,1995-08-01,24161.0,55181.0
New Hampshire,1995-09-01,23788.0,54184.0
New Hampshire,1995-10-01,23603.0,53786.0
New Hampshire,1995-11-01,23481.0,53328.0
New Hampshire,1995-12-01,23598.0,53498.0
New Hampshire,1996-01-01,23931.0,54271.0
New Hampshire,1996-02-01,24010.0,54457.0
New Hampshire,1996-03-01,24124.0,54635.0
New Hampshire,1996-04-01,24037.0,54292.0
New Hampshire,1996-05-01,23542.0,53113.0
New Hampshire,1996-06-01,23209.0,52249.0
New Hampshire,1996-07-01,22746.0,50985.0
New Hampshire,1996-08-01,22432.0,50173.0
New Hampshire,1996-09-01,21952.0,48926.0
New Hampshire,1996-10-01,21828.0,48602.0
New Hampshire,1996-11-01,21541.0,47787.0
New Hampshire,1996-12-01,21504.0,47672.0
New Hampshire,1997-01-01,21575.0,47790.0
New Hampshire,1997-02-01,21435.0,47470.0
New Hampshire,1997-03-01,21347.0,47444.0
New Hampshire,1997-04-01,21007.0,46657.0
New Hampshire,1997-05-01,20605.0,45730.0
New Hampshire,1997-06-01,20185.0,44723.0
New Hampshire,1997-07-01,19761.0,43557.0
New Hampshire,1997-08-01,19400.0,42707.0
New Hampshire,1997-09-01,19109.0,41858.0
New Hampshire,1997-10-01,18960.0,41486.0
New Hampshire,1997-11-01,18397.0,40811.0
New Hampshire,1997-12-01,18858.0,41113.0
New Hampshire,1998-01-01,18976.0,41219.0
New Hampshire,1998-02-01,18813.0,40941.0
New Hampshire,1998-03-01,18931.0,41113.0
New Hampshire,1998-04-01,18648.0,40501.0
New Hampshire,1998-05-01,18361.0,39771.0
New Hampshire,1998-06-01,18162.0,39250.0
New Hampshire,1998-07-01,17966.0,38518.0
New Hampshire,1998-08-01,16486.0,35285.0
New Hampshire,1998-09-01,16327.0,34925.0
New Hampshire,1998-10-01,17898.0,37800.0
New Hampshire,1998-11-01,17795.0,37839.0
New Hampshire,1998-12-01,17944.0,37931.0
New Hampshire,1999-01-01,17959.0,37962.0
New Hampshire,1999-02-01,17027.0,35898.0
New Hampshire,1999-03-01,17485.0,36913.0
New Hampshire,1999-04-01,17239.0,36359.0
New Hampshire,1999-05-01,18248.0,38820.0
New Hampshire,1999-06-01,17739.0,37549.0
New Hampshire,1999-07-01,18661.0,37997.0
New Hampshire,1999-08-01,18663.0,37812.0
New Hampshire,1999-09-01,18468.0,36381.0
New Hampshire,1999-10-01,18458.0,37186.0
New Hampshire,1999-11-01,18229.0,36705.0
New Hampshire,1999-12-01,18103.0,36105.0
New Hampshire,2000-01-01,18048.0,35927.0
New Hampshire,2000-02-01,18193.0,36565.0
New Hampshire,2000-03-01,18317.0,36930.0
New Hampshire,2000-04-01,18263.0,36620.0
New Hampshire,2000-05-01,18123.0,36491.0
New Hampshire,2000-06-01,17968.0,36190.0
New Hampshire,2000-07-01,17865.0,35381.0
New Hampshire,2000-08-01,17815.0,35565.0
New Hampshire,2000-09-01,17757.0,35532.0
New Hampshire,2000-10-01,17723.0,35257.0
New Hampshire,2000-11-01,17601.0,35207.0
New Hampshire,2000-12-01,17524.0,34531.0
New Hampshire,2001-01-01,17684.0,34753.0
New Hampshire,2001-02-01,17735.0,34860.0
New Hampshire,2001-03-01,17816.0,35049.0
New Hampshire,2001-04-01,17952.0,35465.0
New Hampshire,2001-05-01,18042.0,35654.0
New Hampshire,2001-06-01,18076.0,35630.0
New Hampshire,2001-07-01,18244.0,36119.0
New Hampshire,2001-08-01,18429.0,36857.0
New Hampshire,2001-09-01,18582.0,37269.0
New Hampshire,2001-10-01,19155.0,38471.0
New Hampshire,2001-11-01,19497.0,39165.0
New Hampshire,2001-12-01,19759.0,39664.0
New Hampshire,2002-01-01,20344.0,40793.0
New Hampshire,2002-02-01,20560.0,41414.0
New Hampshire,2002-03-01,20920.0,42005.0
New Hampshire,2002-04-01,21018.0,42299.0
New Hampshire,2002-05-01,21003.0,42104.0
New Hampshire,2002-06-01,20797.0,41500.0
New Hampshire,2002-07-01,20779.0,41769.0
New Hampshire,2002-08-01,20683.0,41339.0
New Hampshire,2002-09-01,20907.0,42111.0
New Hampshire,2002-10-01,21180.0,42591.0
New Hampshire,2002-11-01,21320.0,42932.0
New Hampshire,2002-12-01,21499.0,43381.0
New Hampshire,2003-01-01,21984.0,44199.0
New Hampshire,2003-02-01,22144.0,44907.0
New Hampshire,2003-03-01,22547.0,45877.0
New Hampshire,2003-04-01,22677.0,45980.0
New Hampshire,2003-05-01,22699.0,46051.0
New Hampshire,2003-06-01,22407.0,45163.0
New Hampshire,2003-07-01,22420.0,45452.0
New Hampshire,2003-08-01,22365.0,45302.0
New Hampshire,2003-09-01,22553.0,45565.0
New Hampshire,2003-10-01,22595.0,45673.0
New Hampshire,2003-11-01,22574.0,45586.0
New Hampshire,2003-12-01,22900.0,46217.0
New Hampshire,2004-01-01,23333.0,47311.0
New Hampshire,2004-02-01,23719.0,48327.0
New Hampshire,2004-03-01,24223.0,49042.0
New Hampshire,2004-04-01,24219.0,49098.0
New Hampshire,2004-05-01,24044.0,50420.0
New Hampshire,2004-06-01,23858.0,49769.0
New Hampshire,2004-07-01,23984.0,49991.0
New Hampshire,2004-08-01,24014.0,49995.0
New Hampshire,2004-09-01,24033.0,49963.0
New Hampshire,2004-10-01,24079.0,50119.0
New Hampshire,2004-11-01,24204.0,50333.0
New Hampshire,2004-12-01,24586.0,51062.0
New Hampshire,2005-01-01,24936.0,51793.0
New Hampshire,2005-02-01,25108.0,52177.0
New Hampshire,2005-03-01,25515.0,53185.0
New Hampshire,2005-04-01,25580.0,53247.0
New Hampshire,2005-05-01,25547.0,53104.0
New Hampshire,2005-06-01,25491.0,52840.0
New Hampshire,2005-07-01,25464.0,52791.0
New Hampshire,2005-08-01,25761.0,53282.0
New Hampshire,2005-09-01,26104.0,53788.0
New Hampshire,2005-10-01,26511.0,54595.0
New Hampshire,2005-11-01,26698.0,54975.0
New Hampshire,2005-12-01,27054.0,55666.0
New Hampshire,2006-01-01,27361.0,56351.0
New Hampshire,2006-02-01,27285.0,56185.0
New Hampshire,2006-03-01,27649.0,56869.0
New Hampshire,2006-04-01,27539.0,56694.0
New Hampshire,2006-05-01,27573.0,56791.0
New Hampshire,2006-06-01,27655.0,56865.0
New Hampshire,2006-07-01,27554.0,56740.0
New Hampshire,2006-08-01,27859.0,57257.0
New Hampshire,2006-09-01,27791.0,57071.0
New Hampshire,2006-10-01,27990.0,57314.0
New Hampshire,2006-11-01,28069.0,57458.0
New Hampshire,2006-12-01,28297.0,57901.0
New Hampshire,2007-01-01,28733.0,58837.0
New Hampshire,2007-02-01,28713.0,58759.0
New Hampshire,2007-03-01,29079.0,59579.0
New Hampshire,2007-04-01,29178.0,59850.0
New Hampshire,2007-05-01,29193.0,59882.0
New Hampshire,2007-06-01,29198.0,59936.0
New Hampshire,2007-07-01,29154.0,59764.0
New Hampshire,2007-08-01,29309.0,60032.0
New Hampshire,2007-09-01,29306.0,59894.0
New Hampshire,2007-10-01,29611.0,60361.0
New Hampshire,2007-11-01,29859.0,60991.0
New Hampshire,2007-12-01,30066.0,61342.0
New Hampshire,2008-01-01,30637.0,62522.0
New Hampshire,2008-02-01,30990.0,63255.0
New Hampshire,2008-03-01,31411.0,64125.0
New Hampshire,2008-04-01,31777.0,64847.0
New Hampshire,2008-05-01,31731.0,64561.0
New Hampshire,2008-06-01,31820.0,64514.0
New Hampshire,2008-07-01,32057.0,64985.0
New Hampshire,2008-08-01,32316.0,65388.0
New Hampshire,2008-09-01,32654.0,66103.0
New Hampshire,2008-10-01,33610.0,68126.0
New Hampshire,2008-11-01,34172.0,69395.0
New Hampshire,2008-12-01,35143.0,71567.0
New Hampshire,2009-01-01,36135.0,73628.0
New Hampshire,2009-02-01,36606.0,74757.0
New Hampshire,2009-03-01,37905.0,77443.0
New Hampshire,2009-04-01,38765.0,79288.0
New Hampshire,2009-05-01,39656.0,81370.0
New Hampshire,2009-06-01,40669.0,83778.0
New Hampshire,2009-07-01,41936.0,86859.0
New Hampshire,2009-08-01,42915.0,89230.0
New Hampshire,2009-09-01,43996.0,91859.0
New Hampshire,2009-10-01,45179.0,94763.0
New Hampshire,2009-11-01,46051.0,96729.0
New Hampshire,2009-12-01,47201.0,99262.0
New Hampshire,2010-01-01,48055.0,101031.0
New Hampshire,2010-02-01,48895.0,102783.0
New Hampshire,2010-03-01,50005.0,105115.0
New Hampshire,2010-04-01,50588.0,106319.0
New Hampshire,2010-05-01,51048.0,108118.0
New Hampshire,2010-06-01,51391.0,108682.0
New Hampshire,2010-07-01,51609.0,109159.0
New Hampshire,2010-08-01,52040.0,109967.0
New Hampshire,2010-09-01,52385.0,110576.0
New Hampshire,2010-10-01,52553.0,110727.0
New Hampshire,2010-11-01,52956.0,111518.0
New Hampshire,2010-12-01,53431.0,112319.0
New Hampshire,2011-01-01,53923.0,113128.0
New Hampshire,2011-02-01,53863.0,112822.0
New Hampshire,2011-03-01,54616.0,114020.0
New Hampshire,2011-04-01,54748.0,114459.0
New Hampshire,2011-05-01,54820.0,114657.0
New Hampshire,2011-06-01,54732.0,114468.0
New Hampshire,2011-07-01,54536.0,114046.0
New Hampshire,2011-08-01,54746.0,114332.0
New Hampshire,2011-09-01,54682.0,114388.0
New Hampshire,2011-10-01,54922.0,114744.0
New Hampshire,2011-11-01,54893.0,114478.0
New Hampshire,2011-12-01,55662.0,115730.0
New Hampshire,2012-01-01,56269.0,117063.0
New Hampshire,2012-02-01,56455.0,117323.0
New Hampshire,2012-03-01,56529.0,117269.0
New Hampshire,2012-04-01,56675.0,117455.0
New Hampshire,2012-05-01,56910.0,117749.0
New Hampshire,2012-06-01,56954.0,117734.0
New Hampshire,2012-07-01,56875.0,117650.0
New Hampshire,2012-08-01,57147.0,117935.0
New Hampshire,2012-09-01,56961.0,117605.0
New Hampshire,2012-10-01,57615.0,119115.0
New Hampshire,2012-11-01,57564.0,119014.0
New Hampshire,2012-12-01,57507.0,118871.0
New Hampshire,2013-01-01,58214.0,120160.0
New Hampshire,2013-02-01,56278.0,117641.0
New Hampshire,2013-03-01,56058.0,117420.0
New Hampshire,2013-04-01,55919.0,117148.0
New Hampshire,2013-05-01,55332.0,116319.0
New Hampshire,2013-06-01,55181.0,116098.0
New Hampshire,2013-07-01,55063.0,115721.0
New Hampshire,2013-08-01,55034.0,115529.0
New Hampshire,2013-09-01,54648.0,114742.0
New Hampshire,2013-10-01,54837.0,114919.0
New Hampshire,2013-11-01,54114.0,113534.0
New Hampshire,2013-12-01,53913.0,112922.0
New Hampshire,2014-01-01,54266.0,113349.0
New Hampshire,2014-02-01,54008.0,112773.0
New Hampshire,2014-03-01,53985.0,112504.0
New Hampshire,2014-04-01,53841.0,112081.0
New Hampshire,2014-05-01,53509.0,111375.0
New Hampshire,2014-06-01,53133.0,110574.0
New Hampshire,2014-07-01,52561.0,109236.0
New Hampshire,2014-08-01,52340.0,108768.0
New Hampshire,2014-09-01,52201.0,108381.0
New Hampshire,2014-10-01,52251.0,108290.0
New Hampshire,2014-11-01,51839.0,107186.0
New Hampshire,2014-12-01,52188.0,107824.0
New Hampshire,2015-01-01,52212.0,107922.0
New Hampshire,2015-02-01,51876.0,107217.0
New Hampshire,2015-03-01,52115.0,107499.0
New Hampshire,2015-04-01,52037.0,107244.0
New Hampshire,2015-05-01,51471.0,106022.0
New Hampshire,2015-06-01,51110.0,105326.0
New Hampshire,2015-07-01,50719.0,104657.0
New Hampshire,2015-08-01,50137.0,103531.0
New Hampshire,2015-09-01,49784.0,102838.0
New Hampshire,2015-10-01,49281.0,101894.0
New Hampshire,2015-11-01,48700.0,100509.0
New Hampshire,2015-12-01,48645.0,100467.0
New Hampshire,2016-01-01,48581.0,99972.0
New Hampshire,2016-02-01,48940.0,99450.0
New Hampshire,2016-03-01,48575.0,99485.0
New Hampshire,2016-04-01,48094.0,98457.0
New Hampshire,2016-05-01,47671.0,97582.0
New Hampshire,2016-06-01,47371.0,96846.0
New Hampshire,2016-07-01,46921.0,95976.0
New Hampshire,2016-08-01,46793.0,95542.0
New Hampshire,2016-09-01,46874.0,95393.0
New Hampshire,2016-10-01,46694.0,94823.0
New Hampshire,2016-11-01,46681.0,94539.0
New Hampshire,2016-12-01,46491.0,94146.0
New Hampshire,2017-01-01,46474.0,93812.0
New Hampshire,2017-02-01,46260.0,93302.0
New Hampshire,2017-03-01,46221.0,92966.0
New Hampshire,2017-04-01,45916.0,92322.0
New Hampshire,2017-05-01,45763.0,91954.0
New Hampshire,2017-06-01,45496.0,91494.0
New Hampshire,2017-07-01,44912.0,90368.0
New Hampshire,2017-08-01,44811.0,90060.0
New Hampshire,2017-09-01,44592.0,89693.0
New Hampshire,2017-10-01,44607.0,89437.0
New Hampshire,2017-11-01,44413.0,88840.0
New Hampshire,2017-12-01,44256.0,88285.0
New Hampshire,2018-01-01,44310.0,88206.0
New Hampshire,2018-02-01,44188.0,87823.0
New Hampshire,2018-03-01,44123.0,87497.0
New Hampshire,2018-04-01,43819.0,86900.0
New Hampshire,2018-05-01,43372.0,86049.0
New Hampshire,2018-06-01,42962.0,85243.0
New Hampshire,2018-07-01,42368.0,84182.0
New Hampshire,2018-08-01,42018.0,83466.0
New Hampshire,2018-09-01,41435.0,82092.0
New Hampshire,2018-10-01,40944.0,79727.0
New Hampshire,2018-11-01,40803.0,79137.0
New Hampshire,2018-12-01,40376.0,78053.0
New Hampshire,2019-01-01,40708.0,78653.0
New Hampshire,2019-02-01,2880.0,5614.0
New Hampshire,2019-03-01,39972.0,76762.0
New Hampshire,2019-04-01,39760.0,76113.0
New Hampshire,2019-05-01,39479.0,75411.0
New Hampshire,2019-06-01,39015.0,74354.0
New Hampshire,2019-07-01,38754.0,73837.0
New Hampshire,2019-08-01,38777.0,73775.0
New Hampshire,2019-09-01,38747.0,73506.0
New Hampshire,2019-10-01,38855.0,73416.0
New Hampshire,2019-11-01,38584.0,71426.0
New Hampshire,2019-12-01,38346.0,72461.0
New Hampshire,2020-01-01,38294.0,72283.0
New Hampshire,2020-02-01,38180.0,71925.0
New Hampshire,2020-03-01,38229.0,72006.0
New Hampshire,2020-04-01,40455.0,77279.0
New Hampshire,2020-05-01,40617.0,77892.0
New Hampshire,2020-06-01,38476.0,72205.0
New Hampshire,2020-07-01,37589.0,69801.0
New Hampshire,2020-08-01,37153.0,69573.0
New Hampshire,2020-09-01,36965.0,69787.0
New Hampshire,2020-10-01,36984.0,70164.0
New Hampshire,2020-11-01,36812.0,69973.0
New Hampshire,2020-12-01,36849.0,70106.0
New Hampshire,2021-01-01,36044.0,68802.0
New Hampshire,2021-02-01,35880.0,68540.0
New Hampshire,2021-03-01,36385.0,69697.0
New Hampshire,2021-04-01,36054.0,68932.0
New Hampshire,2021-05-01,35888.0,68834.0
New Hampshire,2021-06-01,35792.0,68773.0
New Hampshire,2021-07-01,35875.0,68530.0
New Hampshire,2021-08-01,35913.0,68125.0
New Hampshire,2021-09-01,36236.0,68920.0
New Hampshire,2021-10-01,36214.0,68794.0
New Hampshire,2021-11-01,36163.0,68860.0
New Hampshire,2021-12-01,36114.0,68860.0
New Hampshire,2022-01-01,35983.0,68778.0
New Hampshire,2022-02-01,35355.0,67569.0
New Hampshire,2022-03-01,35826.0,68632.0
New Hampshire,2022-04-01,36129.0,69214.0
New Hampshire,2022-05-01,36433.0,69567.0
New Hampshire,2022-06-01,36779.0,70077.0
New Hampshire,2022-07-01,36907.0,70247.0
New Hampshire,2022-08-01,37266.0,70851.0
New Hampshire,2022-09-01,37334.0,70668.0
New Hampshire,2022-10-01,37550.0,71145.0
New Hampshire,2022-11-01,37621.0,71087.0
New Hampshire,2022-12-01,37753.0,71316.0
New Hampshire,2023-01-01,38724.0,72969.0
New Hampshire,2023-02-01,39129.0,73370.0
New Hampshire,2023-03-01,39867.0,74467.0
New Hampshire,2023-04-01,40498.0,75675.0
New Hampshire,2023-05-01,41171.0,76261.0
New Hampshire,2023-06-01,41837.0,77437.0
New Hampshire,2023-07-01,41593.0,76631.0
New Hampshire,2023-08-01,42187.0,77563.0
New Hampshire,2023-09-01,42214.0,77487.0
New Hampshire,2023-10-01,42496.0,77911.0
New Hampshire,2023-11-01,42120.0,77451.0
New Hampshire,2023-12-01,41874.0,76712.0
New Hampshire,2024-01-01,41930.0,76669.0
New Hampshire,2024-02-01,42098.0,76758.0
New Hampshire,2024-03-01,42254.0,76887.0
New Hampshire,2024-04-01,42363.0,76760.0
New Hampshire,2024-05-01,42579.0,77041.0
New Hampshire,2024-06-01,42564.0,76815.0
New Hampshire,2024-07-01,42664.0,76753.0
New Hampshire,2024-08-01,42698.0,76674.0
New Hampshire,2024-09-01,0.0,0.0
New Jersey,1988-10-01,135148.0,351533.0
New Jersey,1988-11-01,134449.0,348351.0
New Jersey,1988-12-01,139492.0,363346.0
New Jersey,1989-01-01,132807.0,341918.0
New Jersey,1989-02-01,136284.0,351673.0
New Jersey,1989-03-01,138154.0,356461.0
New Jersey,1989-04-01,136290.0,348944.0
New Jersey,1989-05-01,135211.0,345271.0
New Jersey,1989-06-01,137963.0,353913.0
New Jersey,1989-07-01,138205.0,355355.0
New Jersey,1989-08-01,139257.0,357935.0
New Jersey,1989-09-01,140617.0,361026.0
New Jersey,1989-10-01,141202.0,360896.0
New Jersey,1989-11-01,142505.0,363817.0
New Jersey,1989-12-01,147481.0,378833.0
New Jersey,1990-01-01,149642.0,384947.0
New Jersey,1990-02-01,148347.0,377058.0
New Jersey,1990-03-01,154850.0,395897.0
New Jersey,1990-04-01,151419.0,381939.0
New Jersey,1990-05-01,150644.0,379029.0
New Jersey,1990-06-01,152480.0,384961.0
New Jersey,1990-07-01,151119.0,380882.0
New Jersey,1990-08-01,155878.0,394626.0
New Jersey,1990-09-01,156970.0,396407.0
New Jersey,1990-10-01,161037.0,406352.0
New Jersey,1990-11-01,168152.0,424361.0
New Jersey,1990-12-01,174887.0,443695.0
New Jersey,1991-01-01,157715.0,391578.0
New Jersey,1991-02-01,170058.0,426703.0
New Jersey,1991-03-01,174473.0,437501.0
New Jersey,1991-04-01,177560.0,445676.0
New Jersey,1991-05-01,184318.0,461373.0
New Jersey,1991-06-01,185039.0,463144.0
New Jersey,1991-07-01,180769.0,448987.0
New Jersey,1991-08-01,206084.0,519744.0
New Jersey,1991-09-01,172008.0,420856.0
New Jersey,1991-10-01,184829.0,458376.0
New Jersey,1991-11-01,191141.0,472551.0
New Jersey,1991-12-01,196580.0,486458.0
New Jersey,1992-01-01,197076.0,487519.0
New Jersey,1992-02-01,198867.0,491439.0
New Jersey,1992-03-01,203633.0,501509.0
New Jersey,1992-04-01,204073.0,501963.0
New Jersey,1992-05-01,204510.0,502170.0
New Jersey,1992-06-01,205491.0,503821.0
New Jersey,1992-07-01,206287.0,505617.0
New Jersey,1992-08-01,211707.0,515661.0
New Jersey,1992-09-01,212749.0,518677.0
New Jersey,1992-10-01,214909.0,523243.0
New Jersey,1992-11-01,215116.0,524803.0
New Jersey,1992-12-01,217300.0,529227.0
New Jersey,1993-01-01,221080.0,536921.0
New Jersey,1993-02-01,221767.0,538448.0
New Jersey,1993-03-01,222387.0,539603.0
New Jersey,1993-04-01,222067.0,538526.0
New Jersey,1993-05-01,221693.0,537251.0
New Jersey,1993-06-01,222788.0,539074.0
New Jersey,1993-07-01,221360.0,535772.0
New Jersey,1993-08-01,223022.0,538153.0
New Jersey,1993-09-01,223016.0,537771.0
New Jersey,1993-10-01,223022.0,538153.0
New Jersey,1993-11-01,223016.0,537771.0
New Jersey,1993-12-01,225156.0,542494.0
New Jersey,1994-01-01,223903.0,540613.0
New Jersey,1994-02-01,224658.0,541932.0
New Jersey,1994-03-01,232241.0,559298.0
New Jersey,1994-04-01,227606.0,546569.0
New Jersey,1994-05-01,231543.0,555694.0
New Jersey,1994-06-01,230251.0,552123.0
New Jersey,1994-07-01,229502.0,550586.0
New Jersey,1994-08-01,230233.0,552866.0
New Jersey,1994-09-01,228594.0,544470.0
New Jersey,1994-10-01,230903.0,551267.0
New Jersey,1994-11-01,231255.0,549211.0
New Jersey,1994-12-01,232786.0,552994.0
New Jersey,1995-01-01,233425.0,554058.0
New Jersey,1995-02-01,232368.0,550947.0
New Jersey,1995-03-01,237281.0,560670.0
New Jersey,1995-04-01,232741.0,550970.0
New Jersey,1995-05-01,234056.0,552164.0
New Jersey,1995-06-01,233320.0,549747.0
New Jersey,1995-07-01,231790.0,545950.0
New Jersey,1995-08-01,230644.0,542970.0
New Jersey,1995-09-01,232487.0,546582.0
New Jersey,1995-10-01,231968.0,543542.0
New Jersey,1995-11-01,234328.0,549073.0
New Jersey,1995-12-01,234630.0,545087.0
New Jersey,1996-01-01,232236.0,542416.0
New Jersey,1996-02-01,233048.0,543228.0
New Jersey,1996-03-01,236823.0,549786.0
New Jersey,1996-04-01,234835.0,545232.0
New Jersey,1996-05-01,233065.0,539449.0
New Jersey,1996-06-01,232648.0,539321.0
New Jersey,1996-07-01,230411.0,533722.0
New Jersey,1996-08-01,228962.0,530324.0
New Jersey,1996-09-01,226446.0,524246.0
New Jersey,1996-10-01,224857.0,519632.0
New Jersey,1996-11-01,221259.0,511841.0
New Jersey,1996-12-01,220554.0,510583.0
New Jersey,1997-01-01,217550.0,503348.0
New Jersey,1997-02-01,216073.0,500215.0
New Jersey,1997-03-01,216087.0,499662.0
New Jersey,1997-04-01,212883.0,492182.0
New Jersey,1997-05-01,210297.0,486410.0
New Jersey,1997-06-01,207882.0,481146.0
New Jersey,1997-07-01,204708.0,473538.0
New Jersey,1997-08-01,202356.0,467349.0
New Jersey,1997-09-01,195176.0,450135.0
New Jersey,1997-10-01,195988.0,449789.0
New Jersey,1997-11-01,193322.0,441894.0
New Jersey,1997-12-01,192129.0,444340.0
New Jersey,1998-01-01,188379.0,433111.0
New Jersey,1998-02-01,186952.0,428837.0
New Jersey,1998-03-01,187112.0,428625.0
New Jersey,1998-04-01,184641.0,422257.0
New Jersey,1998-05-01,183061.0,418524.0
New Jersey,1998-06-01,182421.0,416953.0
New Jersey,1998-07-01,179619.0,409894.0
New Jersey,1998-08-01,177143.0,403033.0
New Jersey,1998-09-01,176408.0,399602.0
New Jersey,1998-10-01,175469.0,398797.0
New Jersey,1998-11-01,174293.0,393845.0
New Jersey,1998-12-01,174497.0,394452.0
New Jersey,1999-01-01,171726.0,387885.0
New Jersey,1999-02-01,171667.0,388411.0
New Jersey,1999-03-01,174841.0,393431.0
New Jersey,1999-04-01,171151.0,385321.0
New Jersey,1999-05-01,168715.0,382637.0
New Jersey,1999-06-01,166661.0,377786.0
New Jersey,1999-07-01,165509.0,377071.0
New Jersey,1999-08-01,163574.0,372327.0
New Jersey,1999-09-01,161190.0,366697.0
New Jersey,1999-10-01,160219.0,364525.0
New Jersey,1999-11-01,158606.0,361711.0
New Jersey,1999-12-01,156531.0,356279.0
New Jersey,2000-01-01,154883.0,353131.0
New Jersey,2000-02-01,153760.0,350214.0
New Jersey,2000-03-01,155123.0,352708.0
New Jersey,2000-04-01,152229.0,345035.0
New Jersey,2000-05-01,149751.0,336127.0
New Jersey,2000-06-01,149249.0,334822.0
New Jersey,2000-07-01,146071.0,327708.0
New Jersey,2000-08-01,147217.0,330188.0
New Jersey,2000-09-01,144659.0,323674.0
New Jersey,2000-10-01,145102.0,324122.0
New Jersey,2000-11-01,145268.0,324062.0
New Jersey,2000-12-01,145375.0,323222.0
New Jersey,2001-01-01,144746.0,320426.0
New Jersey,2001-02-01,143698.0,317150.0
New Jersey,2001-03-01,145679.0,320112.0
New Jersey,2001-04-01,142863.0,313016.0
New Jersey,2001-05-01,143248.0,313895.0
New Jersey,2001-06-01,144026.0,315412.0
New Jersey,2001-07-01,142614.0,312658.0
New Jersey,2001-08-01,143975.0,315610.0
New Jersey,2001-09-01,142213.0,311258.0
New Jersey,2001-10-01,143349.0,314449.0
New Jersey,2001-11-01,143594.0,315180.0
New Jersey,2001-12-01,145682.0,319666.0
New Jersey,2002-01-01,146859.0,322121.0
New Jersey,2002-02-01,146598.0,319238.0
New Jersey,2002-03-01,149395.0,323978.0
New Jersey,2002-04-01,147657.0,318855.0
New Jersey,2002-05-01,147430.0,318228.0
New Jersey,2002-06-01,148067.0,319807.0
New Jersey,2002-07-01,147831.0,319706.0
New Jersey,2002-08-01,150182.0,325193.0
New Jersey,2002-09-01,148275.0,321168.0
New Jersey,2002-10-01,150658.0,324938.0
New Jersey,2002-11-01,152566.0,328864.0
New Jersey,2002-12-01,152611.0,328182.0
New Jersey,2003-01-01,154407.0,331686.0
New Jersey,2003-02-01,153648.0,328916.0
New Jersey,2003-03-01,156767.0,334767.0
New Jersey,2003-04-01,159251.0,340561.0
New Jersey,2003-05-01,160847.0,344125.0
New Jersey,2003-06-01,161292.0,344841.0
New Jersey,2003-07-01,162879.0,350694.0
New Jersey,2003-08-01,162822.0,350748.0
New Jersey,2003-09-01,166736.0,360244.0
New Jersey,2003-10-01,165731.0,356635.0
New Jersey,2003-11-01,165607.0,356404.0
New Jersey,2003-12-01,166961.0,358933.0
New Jersey,2004-01-01,167829.0,359988.0
New Jersey,2004-02-01,168119.0,359809.0
New Jersey,2004-03-01,172307.0,367715.0
New Jersey,2004-04-01,173627.0,369626.0
New Jersey,2004-05-01,175461.0,373335.0
New Jersey,2004-06-01,176735.0,375775.0
New Jersey,2004-07-01,177926.0,378799.0
New Jersey,2004-08-01,179138.0,380196.0
New Jersey,2004-09-01,182252.0,387126.0
New Jersey,2004-10-01,181678.0,384338.0
New Jersey,2004-11-01,182109.0,385234.0
New Jersey,2004-12-01,184161.0,389186.0
New Jersey,2005-01-01,183555.0,386588.0
New Jersey,2005-02-01,184189.0,387570.0
New Jersey,2005-03-01,185823.0,390010.0
New Jersey,2005-04-01,188065.0,393962.0
New Jersey,2005-05-01,188148.0,393966.0
New Jersey,2005-06-01,189541.0,397142.0
New Jersey,2005-07-01,190299.0,399383.0
New Jersey,2005-08-01,190286.0,399159.0
New Jersey,2005-09-01,192072.0,402458.0
New Jersey,2005-10-01,192655.0,403741.0
New Jersey,2005-11-01,193215.0,404621.0
New Jersey,2005-12-01,194643.0,407628.0
New Jersey,2006-01-01,192901.0,402944.0
New Jersey,2006-02-01,192706.0,402079.0
New Jersey,2006-03-01,195277.0,407153.0
New Jersey,2006-04-01,193694.0,403620.0
New Jersey,2006-05-01,193846.0,404791.0
New Jersey,2006-06-01,194770.0,406670.0
New Jersey,2006-07-01,194430.0,406387.0
New Jersey,2006-08-01,195591.0,409450.0
New Jersey,2006-09-01,195571.0,408917.0
New Jersey,2006-10-01,195506.0,408969.0
New Jersey,2006-11-01,195616.0,409681.0
New Jersey,2006-12-01,197226.0,412439.0
New Jersey,2007-01-01,195618.0,408670.0
New Jersey,2007-02-01,194977.0,406638.0
New Jersey,2007-03-01,198531.0,413304.0
New Jersey,2007-04-01,197209.0,409641.0
New Jersey,2007-05-01,200035.0,416091.0
New Jersey,2007-06-01,201576.0,419349.0
New Jersey,2007-07-01,201161.0,419530.0
New Jersey,2007-08-01,204176.0,426556.0
New Jersey,2007-09-01,203072.0,423163.0
New Jersey,2007-10-01,204503.0,426547.0
New Jersey,2007-11-01,204470.0,426742.0
New Jersey,2007-12-01,206285.0,429975.0
New Jersey,2008-01-01,206432.0,429580.0
New Jersey,2008-02-01,206712.0,429344.0
New Jersey,2008-03-01,208156.0,431797.0
New Jersey,2008-04-01,210405.0,435916.0
New Jersey,2008-05-01,213072.0,441267.0
New Jersey,2008-06-01,214367.0,443143.0
New Jersey,2008-07-01,217059.0,449863.0
New Jersey,2008-08-01,219500.0,455068.0
New Jersey,2008-09-01,219448.0,455081.0
New Jersey,2008-10-01,222809.0,461963.0
New Jersey,2008-11-01,228240.0,472703.0
New Jersey,2008-12-01,232773.0,481841.0
New Jersey,2009-01-01,235098.0,485488.0
New Jersey,2009-02-01,234715.0,483832.0
New Jersey,2009-03-01,238984.0,491632.0
New Jersey,2009-04-01,242887.0,498953.0
New Jersey,2009-05-01,246715.0,507088.0
New Jersey,2009-06-01,249786.0,512268.0
New Jersey,2009-07-01,255710.0,525204.0
New Jersey,2009-08-01,260604.0,534834.0
New Jersey,2009-09-01,264590.0,542424.0
New Jersey,2009-10-01,276581.0,569557.0
New Jersey,2009-11-01,281913.0,578954.0
New Jersey,2009-12-01,287923.0,589609.0
New Jersey,2010-01-01,291890.0,597234.0
New Jersey,2010-02-01,292921.0,598151.0
New Jersey,2010-03-01,292679.0,597486.0
New Jersey,2010-04-01,302276.0,616705.0
New Jersey,2010-05-01,309422.0,632297.0
New Jersey,2010-06-01,316054.0,647262.0
New Jersey,2010-07-01,326610.0,669770.0
New Jersey,2010-08-01,330216.0,677167.0
New Jersey,2010-09-01,336693.0,690075.0
New Jersey,2010-10-01,342962.0,702119.0
New Jersey,2010-11-01,345231.0,706702.0
New Jersey,2010-12-01,353680.0,724224.0
New Jersey,2011-01-01,354357.0,725238.0
New Jersey,2011-02-01,359507.0,736360.0
New Jersey,2011-03-01,365878.0,742945.0
New Jersey,2011-04-01,370723.0,756462.0
New Jersey,2011-05-01,374332.0,761594.0
New Jersey,2011-06-01,379574.0,770909.0
New Jersey,2011-07-01,383450.0,778822.0
New Jersey,2011-08-01,387288.0,787460.0
New Jersey,2011-09-01,433663.0,916798.0
New Jersey,2011-10-01,423026.0,890859.0
New Jersey,2011-11-01,392802.0,808040.0
New Jersey,2011-12-01,394530.0,809026.0
New Jersey,2012-01-01,393792.0,800525.0
New Jersey,2012-02-01,397667.0,805529.0
New Jersey,2012-03-01,405260.0,818954.0
New Jersey,2012-04-01,402351.0,812224.0
New Jersey,2012-05-01,408526.0,824550.0
New Jersey,2012-06-01,411286.0,829584.0
New Jersey,2012-07-01,410460.0,829379.0
New Jersey,2012-08-01,417220.0,842973.0
New Jersey,2012-09-01,416790.0,841960.0
New Jersey,2012-10-01,424092.0,857605.0
New Jersey,2012-11-01,437020.0,882345.0
New Jersey,2012-12-01,441233.0,906148.0
New Jersey,2013-01-01,427849.0,867660.0
New Jersey,2013-02-01,427271.0,866157.0
New Jersey,2013-03-01,431095.0,873657.0
New Jersey,2013-04-01,430554.0,871760.0
New Jersey,2013-05-01,433734.0,877752.0
New Jersey,2013-06-01,432363.0,875437.0
New Jersey,2013-07-01,432521.0,877043.0
New Jersey,2013-08-01,436033.0,883015.0
New Jersey,2013-09-01,433469.0,876613.0
New Jersey,2013-10-01,441538.0,892606.0
New Jersey,2013-11-01,429060.0,864490.0
New Jersey,2013-12-01,435372.0,877177.0
New Jersey,2014-01-01,435842.0,877149.0
New Jersey,2014-02-01,425301.0,856916.0
New Jersey,2014-03-01,443106.0,891684.0
New Jersey,2014-04-01,446829.0,897138.0
New Jersey,2014-05-01,435799.0,872510.0
New Jersey,2014-06-01,445255.0,891560.0
New Jersey,2014-07-01,448086.0,897065.0
New Jersey,2014-08-01,437595.0,876183.0
New Jersey,2014-09-01,452551.0,906735.0
New Jersey,2014-10-01,459290.0,919480.0
New Jersey,2014-11-01,456977.0,914198.0
New Jersey,2014-12-01,457776.0,915614.0
New Jersey,2015-01-01,456220.0,910897.0
New Jersey,2015-02-01,452574.0,903626.0
New Jersey,2015-03-01,452882.0,904816.0
New Jersey,2015-04-01,452465.0,904012.0
New Jersey,2015-05-01,449364.0,896036.0
New Jersey,2015-06-01,449050.0,896318.0
New Jersey,2015-07-01,450352.0,899713.0
New Jersey,2015-08-01,453611.0,906370.0
New Jersey,2015-09-01,449490.0,897652.0
New Jersey,2015-10-01,450311.0,899481.0
New Jersey,2015-11-01,447729.0,893942.0
New Jersey,2015-12-01,449893.0,897737.0
New Jersey,2016-01-01,445456.0,888259.0
New Jersey,2016-02-01,443713.0,884714.0
New Jersey,2016-03-01,443672.0,885831.0
New Jersey,2016-04-01,441143.0,881246.0
New Jersey,2016-05-01,435659.0,871382.0
New Jersey,2016-06-01,433990.0,869546.0
New Jersey,2016-07-01,431688.0,865632.0
New Jersey,2016-08-01,430543.0,864295.0
New Jersey,2016-09-01,427292.0,857779.0
New Jersey,2016-10-01,425204.0,854146.0
New Jersey,2016-11-01,422519.0,848856.0
New Jersey,2016-12-01,420091.0,844707.0
New Jersey,2017-01-01,413823.0,831751.0
New Jersey,2017-02-01,410725.0,825972.0
New Jersey,2017-03-01,408473.0,821265.0
New Jersey,2017-04-01,403262.0,809219.0
New Jersey,2017-05-01,400361.0,804020.0
New Jersey,2017-06-01,398972.0,801162.0
New Jersey,2017-07-01,395303.0,793343.0
New Jersey,2017-08-01,394875.0,792669.0
New Jersey,2017-09-01,393150.0,788641.0
New Jersey,2017-10-01,391295.0,784805.0
New Jersey,2017-11-01,389010.0,780529.0
New Jersey,2017-12-01,388538.0,780144.0
New Jersey,2018-01-01,384097.0,770664.0
New Jersey,2018-02-01,382534.0,766371.0
New Jersey,2018-03-01,381085.0,763202.0
New Jersey,2018-04-01,376151.0,753442.0
New Jersey,2018-05-01,375870.0,753629.0
New Jersey,2018-06-01,373692.0,748935.0
New Jersey,2018-07-01,371068.0,743764.0
New Jersey,2018-08-01,370575.0,742303.0
New Jersey,2018-09-01,368203.0,735850.0
New Jersey,2018-10-01,366108.0,731983.0
New Jersey,2018-11-01,363398.0,725753.0
New Jersey,2018-12-01,361021.0,721400.0
New Jersey,2019-01-01,363628.0,728496.0
New Jersey,2019-02-01,15504.0,30804.0
New Jersey,2019-03-01,353257.0,703228.0
New Jersey,2019-04-01,350174.0,695964.0
New Jersey,2019-05-01,350208.0,695525.0
New Jersey,2019-06-01,349069.0,692664.0
New Jersey,2019-07-01,347341.0,690006.0
New Jersey,2019-08-01,347963.0,690789.0
New Jersey,2019-09-01,344237.0,682918.0
New Jersey,2019-10-01,344332.0,682734.0
New Jersey,2019-11-01,343354.0,679995.0
New Jersey,2019-12-01,340793.0,674031.0
New Jersey,2020-01-01,339487.0,669841.0
New Jersey,2020-02-01,338447.0,666998.0
New Jersey,2020-03-01,338802.0,667206.0
New Jersey,2020-04-01,351676.0,690739.0
New Jersey,2020-05-01,365995.0,719079.0
New Jersey,2020-06-01,367534.0,721815.0
New Jersey,2020-07-01,373825.0,730796.0
New Jersey,2020-08-01,380485.0,741832.0
New Jersey,2020-09-01,390276.0,761384.0
New Jersey,2020-10-01,397439.0,775091.0
New Jersey,2020-11-01,397933.0,775805.0
New Jersey,2020-12-01,403084.0,785604.0
New Jersey,2021-01-01,412778.0,803411.0
New Jersey,2021-02-01,416637.0,810584.0
New Jersey,2021-03-01,424021.0,825326.0
New Jersey,2021-04-01,427170.0,829932.0
New Jersey,2021-05-01,431629.0,837363.0
New Jersey,2021-06-01,435717.0,843891.0
New Jersey,2021-07-01,447701.0,866359.0
New Jersey,2021-08-01,451484.0,872699.0
New Jersey,2021-09-01,456526.0,881905.0
New Jersey,2021-10-01,463171.0,894132.0
New Jersey,2021-11-01,467230.0,901837.0
New Jersey,2021-12-01,467087.0,901025.0
New Jersey,2022-01-01,468521.0,903939.0
New Jersey,2022-02-01,465936.0,898217.0
New Jersey,2022-03-01,467575.0,900996.0
New Jersey,2022-04-01,449124.0,864280.0
New Jersey,2022-05-01,436078.0,839848.0
New Jersey,2022-06-01,425864.0,821618.0
New Jersey,2022-07-01,414247.0,800183.0
New Jersey,2022-08-01,408921.0,789866.0
New Jersey,2022-09-01,399585.0,771705.0
New Jersey,2022-10-01,402284.0,778883.0
New Jersey,2022-11-01,403648.0,782900.0
New Jersey,2022-12-01,406929.0,790463.0
New Jersey,2023-01-01,389052.0,756048.0
New Jersey,2023-02-01,389355.0,757692.0
New Jersey,2023-03-01,398140.0,775859.0
New Jersey,2023-04-01,396304.0,769958.0
New Jersey,2023-05-01,400906.0,777217.0
New Jersey,2023-06-01,402651.0,779316.0
New Jersey,2023-07-01,359884.0,695959.0
New Jersey,2023-08-01,412980.0,798661.0
New Jersey,2023-09-01,411310.0,792373.0
New Jersey,2023-10-01,414604.0,798380.0
New Jersey,2023-11-01,417085.0,801868.0
New Jersey,2023-12-01,421589.0,809378.0
New Jersey,2024-01-01,426517.0,816641.0
New Jersey,2024-02-01,431369.0,823883.0
New Jersey,2024-03-01,436132.0,831648.0
New Jersey,2024-04-01,440812.0,838368.0
New Jersey,2024-05-01,448120.0,850015.0
New Jersey,2024-06-01,434274.0,821777.0
New Jersey,2024-07-01,447995.0,846819.0
New Jersey,2024-08-01,448065.0,844138.0
New Jersey,2024-09-01,0.0,0.0
New Mexico,1988-10-01,45432.0,147740.0
New Mexico,1988-11-01,46701.0,148744.0
New Mexico,1988-12-01,48426.0,150469.0
New Mexico,1989-01-01,48749.0,148071.0
New Mexico,1989-02-01,50474.0,152704.0
New Mexico,1989-03-01,52088.0,158015.0
New Mexico,1989-04-01,50387.0,151964.0
New Mexico,1989-05-01,50837.0,153382.0
New Mexico,1989-06-01,50253.0,151211.0
New Mexico,1989-07-01,48548.0,146512.0
New Mexico,1989-08-01,50147.0,150328.0
New Mexico,1989-09-01,49476.0,146860.0
New Mexico,1989-10-01,49764.0,147400.0
New Mexico,1989-11-01,50736.0,150768.0
New Mexico,1989-12-01,51913.0,154301.0
New Mexico,1990-01-01,52539.0,155464.0
New Mexico,1990-02-01,52885.0,157524.0
New Mexico,1990-03-01,54762.0,163182.0
New Mexico,1990-04-01,53738.0,159508.0
New Mexico,1990-05-01,53855.0,160751.0
New Mexico,1990-06-01,53884.0,160418.0
New Mexico,1990-07-01,53387.0,157675.0
New Mexico,1990-08-01,54891.0,162575.0
New Mexico,1990-09-01,53663.0,157554.0
New Mexico,1990-10-01,56896.0,168758.0
New Mexico,1990-11-01,58257.0,172403.0
New Mexico,1990-12-01,59285.0,174430.0
New Mexico,1991-01-01,62742.0,185303.0
New Mexico,1991-02-01,64121.0,189042.0
New Mexico,1991-03-01,66153.0,194679.0
New Mexico,1991-04-01,65879.0,193043.0
New Mexico,1991-05-01,67014.0,196464.0
New Mexico,1991-06-01,65396.0,189517.0
New Mexico,1991-07-01,68002.0,197688.0
New Mexico,1991-08-01,68708.0,199368.0
New Mexico,1991-09-01,68088.0,195778.0
New Mexico,1991-10-01,70732.0,203867.0
New Mexico,1991-11-01,70913.0,203700.0
New Mexico,1991-12-01,73510.0,210756.0
New Mexico,1992-01-01,75595.0,217294.0
New Mexico,1992-02-01,76088.0,218226.0
New Mexico,1992-03-01,78438.0,225828.0
New Mexico,1992-04-01,77544.0,223789.0
New Mexico,1992-05-01,76642.0,220954.0
New Mexico,1992-06-01,80085.0,231068.0
New Mexico,1992-07-01,80516.0,233502.0
New Mexico,1992-08-01,80561.0,233234.0
New Mexico,1992-09-01,80847.0,233632.0
New Mexico,1992-10-01,81097.0,234227.0
New Mexico,1992-11-01,81581.0,235746.0
New Mexico,1992-12-01,83758.0,241781.0
New Mexico,1993-01-01,84745.0,244309.0
New Mexico,1993-02-01,86107.0,247656.0
New Mexico,1993-03-01,87390.0,250938.0
New Mexico,1993-04-01,86476.0,248456.0
New Mexico,1993-05-01,85943.0,247169.0
New Mexico,1993-06-01,85519.0,245574.0
New Mexico,1993-07-01,84999.0,243883.0
New Mexico,1993-08-01,84884.0,243472.0
New Mexico,1993-09-01,84386.0,240778.0
New Mexico,1993-10-01,84391.0,239893.0
New Mexico,1993-11-01,85236.0,241614.0
New Mexico,1993-12-01,86780.0,245772.0
New Mexico,1994-01-01,87674.0,246979.0
New Mexico,1994-02-01,87477.0,246660.0
New Mexico,1994-03-01,89407.0,251655.0
New Mexico,1994-04-01,87872.0,247080.0
New Mexico,1994-05-01,87613.0,246616.0
New Mexico,1994-06-01,86274.0,243918.0
New Mexico,1994-07-01,85239.0,241031.0
New Mexico,1994-08-01,85647.0,241378.0
New Mexico,1994-09-01,85076.0,238591.0
New Mexico,1994-10-01,85920.0,239817.0
New Mexico,1994-11-01,86139.0,239262.0
New Mexico,1994-12-01,87336.0,242350.0
New Mexico,1995-01-01,87636.0,242000.0
New Mexico,1995-02-01,86792.0,240053.0
New Mexico,1995-03-01,88034.0,242567.0
New Mexico,1995-04-01,86501.0,238628.0
New Mexico,1995-05-01,86764.0,238856.0
New Mexico,1995-06-01,86189.0,236986.0
New Mexico,1995-07-01,85856.0,235687.0
New Mexico,1995-08-01,86319.0,236940.0
New Mexico,1995-09-01,85424.0,233106.0
New Mexico,1995-10-01,86129.0,235064.0
New Mexico,1995-11-01,85890.0,234605.0
New Mexico,1995-12-01,86996.0,237262.0
New Mexico,1996-01-01,87902.0,238350.0
New Mexico,1996-02-01,87452.0,237584.0
New Mexico,1996-03-01,88584.0,239585.0
New Mexico,1996-04-01,87569.0,237046.0
New Mexico,1996-05-01,86846.0,235225.0
New Mexico,1996-06-01,85815.0,232755.0
New Mexico,1996-07-01,86022.0,233124.0
New Mexico,1996-08-01,85250.0,231369.0
New Mexico,1996-09-01,84572.0,228748.0
New Mexico,1996-10-01,83957.0,226509.0
New Mexico,1996-11-01,81995.0,221608.0
New Mexico,1996-12-01,82066.0,222484.0
New Mexico,1997-01-01,79661.0,217053.0
New Mexico,1997-02-01,78231.0,213732.0
New Mexico,1997-03-01,77629.0,212904.0
New Mexico,1997-04-01,74579.0,204305.0
New Mexico,1997-05-01,71698.0,196893.0
New Mexico,1997-06-01,69674.0,191212.0
New Mexico,1997-07-01,68118.0,186713.0
New Mexico,1997-08-01,66472.0,182642.0
New Mexico,1997-09-01,65561.0,179675.0
New Mexico,1997-10-01,65445.0,179734.0
New Mexico,1997-11-01,64021.0,175901.0
New Mexico,1997-12-01,65763.0,152352.0
New Mexico,1998-01-01,65803.0,181477.0
New Mexico,1998-02-01,66550.0,183033.0
New Mexico,1998-03-01,67289.0,184354.0
New Mexico,1998-04-01,66291.0,181921.0
New Mexico,1998-05-01,65673.0,180415.0
New Mexico,1998-06-01,65247.0,179296.0
New Mexico,1998-07-01,64248.0,176779.0
New Mexico,1998-08-01,64607.0,178020.0
New Mexico,1998-09-01,64415.0,177528.0
New Mexico,1998-10-01,63129.0,173956.0
New Mexico,1998-11-01,65031.0,178494.0
New Mexico,1998-12-01,66412.0,182559.0
New Mexico,1999-01-01,66023.0,180883.0
New Mexico,1999-02-01,66445.0,181588.0
New Mexico,1999-03-01,67419.0,183153.0
New Mexico,1999-04-01,66746.0,181229.0
New Mexico,1999-05-01,65881.0,178481.0
New Mexico,1999-06-01,65471.0,177514.0
New Mexico,1999-07-01,64641.0,175099.0
New Mexico,1999-08-01,64771.0,175195.0
New Mexico,1999-09-01,64271.0,173113.0
New Mexico,1999-10-01,63583.0,170476.0
New Mexico,1999-11-01,63984.0,171525.0
New Mexico,1999-12-01,64773.0,173431.0
New Mexico,2000-01-01,64371.0,172229.0
New Mexico,2000-02-01,64357.0,172134.0
New Mexico,2000-03-01,64736.0,172838.0
New Mexico,2000-04-01,63202.0,168238.0
New Mexico,2000-05-01,63054.0,167573.0
New Mexico,2000-06-01,62822.0,166785.0
New Mexico,2000-07-01,62272.0,165477.0
New Mexico,2000-08-01,62921.0,167004.0
New Mexico,2000-09-01,62370.0,164534.0
New Mexico,2000-10-01,62333.0,164300.0
New Mexico,2000-11-01,62598.0,164558.0
New Mexico,2000-12-01,63006.0,165803.0
New Mexico,2001-01-01,63118.0,165522.0
New Mexico,2001-02-01,62540.0,163426.0
New Mexico,2001-03-01,63167.0,164654.0
New Mexico,2001-04-01,62438.0,162309.0
New Mexico,2001-05-01,62420.0,162519.0
New Mexico,2001-06-01,62073.0,161747.0
New Mexico,2001-07-01,61755.0,161075.0
New Mexico,2001-08-01,62382.0,162325.0
New Mexico,2001-09-01,61977.0,160697.0
New Mexico,2001-10-01,62660.0,162136.0
New Mexico,2001-11-01,66334.0,163196.0
New Mexico,2001-12-01,64333.0,166448.0
New Mexico,2002-01-01,61794.0,159847.0
New Mexico,2002-02-01,65303.0,169069.0
New Mexico,2002-03-01,65983.0,170946.0
New Mexico,2002-04-01,65919.0,171006.0
New Mexico,2002-05-01,66519.0,173123.0
New Mexico,2002-06-01,66492.0,173464.0
New Mexico,2002-07-01,67504.0,176789.0
New Mexico,2002-08-01,68580.0,179295.0
New Mexico,2002-09-01,69084.0,180165.0
New Mexico,2002-10-01,70310.0,183263.0
New Mexico,2002-11-01,71534.0,186636.0
New Mexico,2002-12-01,72495.0,189067.0
New Mexico,2003-01-01,73540.0,191782.0
New Mexico,2003-02-01,73959.0,191804.0
New Mexico,2003-03-01,74662.0,193776.0
New Mexico,2003-04-01,75015.0,196094.0
New Mexico,2003-05-01,75641.0,197723.0
New Mexico,2003-06-01,76615.0,200600.0
New Mexico,2003-07-01,76548.0,200381.0
New Mexico,2003-08-01,77432.0,202592.0
New Mexico,2003-09-01,77992.0,203823.0
New Mexico,2003-10-01,79463.0,207829.0
New Mexico,2003-11-01,79463.0,209502.0
New Mexico,2003-12-01,81223.0,212270.0
New Mexico,2004-01-01,81971.0,213605.0
New Mexico,2004-02-01,83834.0,218474.0
New Mexico,2004-03-01,85848.0,223757.0
New Mexico,2004-04-01,87285.0,227169.0
New Mexico,2004-05-01,87639.0,227468.0
New Mexico,2004-06-01,88499.0,230107.0
New Mexico,2004-07-01,88905.0,231123.0
New Mexico,2004-08-01,90440.0,235222.0
New Mexico,2004-09-01,90934.0,236060.0
New Mexico,2004-10-01,91463.0,236701.0
New Mexico,2004-11-01,92555.0,239118.0
New Mexico,2004-12-01,93286.0,241090.0
New Mexico,2005-01-01,93410.0,240866.0
New Mexico,2005-02-01,93013.0,239593.0
New Mexico,2005-03-01,93016.0,239958.0
New Mexico,2005-04-01,93065.0,240314.0
New Mexico,2005-05-01,92947.0,240497.0
New Mexico,2005-06-01,93203.0,241389.0
New Mexico,2005-07-01,92722.0,240204.0
New Mexico,2005-08-01,93831.0,243350.0
New Mexico,2005-09-01,94614.0,244565.0
New Mexico,2005-10-01,95102.0,245048.0
New Mexico,2005-11-01,95394.0,245095.0
New Mexico,2005-12-01,96193.0,246676.0
New Mexico,2006-01-01,95798.0,245179.0
New Mexico,2006-02-01,95574.0,244374.0
New Mexico,2006-03-01,95931.0,244910.0
New Mexico,2006-04-01,95449.0,244092.0
New Mexico,2006-05-01,95560.0,244741.0
New Mexico,2006-06-01,95690.0,245484.0
New Mexico,2006-07-01,95102.0,244085.0
New Mexico,2006-08-01,95774.0,245216.0
New Mexico,2006-09-01,94425.0,241160.0
New Mexico,2006-10-01,94176.0,240290.0
New Mexico,2006-11-01,93801.0,238804.0
New Mexico,2006-12-01,93255.0,237371.0
New Mexico,2007-01-01,92903.0,235616.0
New Mexico,2007-02-01,92002.0,233094.0
New Mexico,2007-03-01,91477.0,231994.0
New Mexico,2007-04-01,90980.0,230693.0
New Mexico,2007-05-01,91210.0,231337.0
New Mexico,2007-06-01,91394.0,232012.0
New Mexico,2007-07-01,91012.0,231487.0
New Mexico,2007-08-01,92114.0,233778.0
New Mexico,2007-09-01,90794.0,230539.0
New Mexico,2007-10-01,91170.0,231074.0
New Mexico,2007-11-01,91544.0,231393.0
New Mexico,2007-12-01,92080.0,232696.0
New Mexico,2008-01-01,93092.0,234331.0
New Mexico,2008-02-01,93562.0,234765.0
New Mexico,2008-03-01,94597.0,237102.0
New Mexico,2008-04-01,95850.0,240102.0
New Mexico,2008-05-01,96857.0,242228.0
New Mexico,2008-06-01,97990.0,242604.0
New Mexico,2008-07-01,99133.0,247390.0
New Mexico,2008-08-01,101026.0,251523.0
New Mexico,2008-09-01,102327.0,254296.0
New Mexico,2008-10-01,104426.0,258130.0
New Mexico,2008-11-01,106231.0,261838.0
New Mexico,2008-12-01,109069.0,268400.0
New Mexico,2009-01-01,113131.0,278035.0
New Mexico,2009-02-01,113330.0,277045.0
New Mexico,2009-03-01,116437.0,284618.0
New Mexico,2009-04-01,120958.0,294325.0
New Mexico,2009-05-01,123735.0,300740.0
New Mexico,2009-06-01,127141.0,308416.0
New Mexico,2009-07-01,130053.0,314998.0
New Mexico,2009-08-01,133205.0,321422.0
New Mexico,2009-09-01,135021.0,324909.0
New Mexico,2009-10-01,137556.0,329583.0
New Mexico,2009-11-01,140116.0,334537.0
New Mexico,2009-12-01,142174.0,339203.0
New Mexico,2010-01-01,144118.0,342290.0
New Mexico,2010-02-01,146081.0,346141.0
New Mexico,2010-03-01,147259.0,347652.0
New Mexico,2010-04-01,150001.0,353748.0
New Mexico,2010-05-01,153337.0,361450.0
New Mexico,2010-06-01,157218.0,370334.0
New Mexico,2010-07-01,160942.0,378805.0
New Mexico,2010-08-01,165089.0,387966.0
New Mexico,2010-09-01,165659.0,390154.0
New Mexico,2010-10-01,167968.0,393656.0
New Mexico,2010-11-01,170927.0,399454.0
New Mexico,2010-12-01,173357.0,403551.0
New Mexico,2011-01-01,175744.0,407943.0
New Mexico,2011-02-01,175821.0,408207.0
New Mexico,2011-03-01,178226.0,411947.0
New Mexico,2011-04-01,184686.0,428732.0
New Mexico,2011-05-01,181030.0,417260.0
New Mexico,2011-06-01,182356.0,419750.0
New Mexico,2011-07-01,183441.0,422123.0
New Mexico,2011-08-01,186786.0,428642.0
New Mexico,2011-09-01,187741.0,430032.0
New Mexico,2011-10-01,189333.0,432289.0
New Mexico,2011-11-01,191080.0,435482.0
New Mexico,2011-12-01,192418.0,437540.0
New Mexico,2012-01-01,193122.0,438455.0
New Mexico,2012-02-01,192741.0,437424.0
New Mexico,2012-03-01,193647.0,438145.0
New Mexico,2012-04-01,193464.0,437267.0
New Mexico,2012-05-01,194333.0,438911.0
New Mexico,2012-06-01,195043.0,440267.0
New Mexico,2012-07-01,195163.0,440019.0
New Mexico,2012-08-01,196232.0,442594.0
New Mexico,2012-09-01,195683.0,440628.0
New Mexico,2012-10-01,197005.0,442237.0
New Mexico,2012-11-01,196917.0,442217.0
New Mexico,2012-12-01,197629.0,442631.0
New Mexico,2013-01-01,198314.0,442753.0
New Mexico,2013-02-01,197323.0,440872.0
New Mexico,2013-03-01,198533.0,442302.0
New Mexico,2013-04-01,198283.0,441550.0
New Mexico,2013-05-01,198814.0,442570.0
New Mexico,2013-06-01,199316.0,443784.0
New Mexico,2013-07-01,199619.0,443453.0
New Mexico,2013-08-01,193213.0,431094.0
New Mexico,2013-09-01,193342.0,428877.0
New Mexico,2013-10-01,191998.0,425559.0
New Mexico,2013-11-01,191826.0,423913.0
New Mexico,2013-12-01,191740.0,423093.0
New Mexico,2014-01-01,191691.0,422684.0
New Mexico,2014-02-01,191676.0,422479.0
New Mexico,2014-03-01,191669.0,422377.0
New Mexico,2014-04-01,191665.0,422326.0
New Mexico,2014-05-01,195213.0,432786.0
New Mexico,2014-06-01,199791.0,442600.0
New Mexico,2014-07-01,200249.0,443348.0
New Mexico,2014-08-01,202804.0,448429.0
New Mexico,2014-09-01,202778.0,448328.0
New Mexico,2014-10-01,201229.0,445271.0
New Mexico,2014-11-01,201340.0,445712.0
New Mexico,2014-12-01,202613.0,447952.0
New Mexico,2015-01-01,203401.0,448414.0
New Mexico,2015-02-01,204471.0,449325.0
New Mexico,2015-03-01,204976.0,450643.0
New Mexico,2015-04-01,207918.0,457323.0
New Mexico,2015-05-01,206668.0,454947.0
New Mexico,2015-06-01,207766.0,457675.0
New Mexico,2015-07-01,207928.0,458612.0
New Mexico,2015-08-01,209098.0,460819.0
New Mexico,2015-09-01,209073.0,461064.0
New Mexico,2015-10-01,208840.0,460048.0
New Mexico,2015-11-01,209562.0,460663.0
New Mexico,2015-12-01,210810.0,461778.0
New Mexico,2016-01-01,212511.0,463332.0
New Mexico,2016-02-01,214533.0,466511.0
New Mexico,2016-03-01,216328.0,469855.0
New Mexico,2016-04-01,217666.0,472076.0
New Mexico,2016-05-01,218764.0,473716.0
New Mexico,2016-06-01,220989.0,477982.0
New Mexico,2016-07-01,225568.0,486098.0
New Mexico,2016-08-01,223584.0,482409.0
New Mexico,2016-09-01,223364.0,480493.0
New Mexico,2016-10-01,220968.0,473398.0
New Mexico,2016-11-01,219189.0,467933.0
New Mexico,2016-12-01,216589.0,461899.0
New Mexico,2017-01-01,216333.0,460549.0
New Mexico,2017-02-01,216423.0,459657.0
New Mexico,2017-03-01,214778.0,456168.0
New Mexico,2017-04-01,217419.0,454371.0
New Mexico,2017-05-01,214414.0,453473.0
New Mexico,2017-06-01,215833.0,455558.0
New Mexico,2017-07-01,216188.0,456573.0
New Mexico,2017-08-01,219570.0,463107.0
New Mexico,2017-09-01,220566.0,463720.0
New Mexico,2017-10-01,220003.0,461417.0
New Mexico,2017-11-01,220263.0,460167.0
New Mexico,2017-12-01,219894.0,457878.0
New Mexico,2018-01-01,220956.0,459143.0
New Mexico,2018-02-01,221064.0,458184.0
New Mexico,2018-03-01,220325.0,456190.0
New Mexico,2018-04-01,219831.0,454021.0
New Mexico,2018-05-01,219707.0,453002.0
New Mexico,2018-06-01,219930.0,452731.0
New Mexico,2018-07-01,219426.0,451989.0
New Mexico,2018-08-01,221361.0,455481.0
New Mexico,2018-09-01,221335.0,454804.0
New Mexico,2018-10-01,221495.0,454244.0
New Mexico,2018-11-01,221696.0,453405.0
New Mexico,2018-12-01,220823.0,450576.0
New Mexico,2019-01-01,220728.0,450546.0
New Mexico,2019-02-01,22378.0,44864.0
New Mexico,2019-03-01,218344.0,444255.0
New Mexico,2019-04-01,218674.0,444329.0
New Mexico,2019-05-01,219429.0,444815.0
New Mexico,2019-06-01,220196.0,446392.0
New Mexico,2019-07-01,221356.0,447874.0
New Mexico,2019-08-01,222799.0,450221.0
New Mexico,2019-09-01,223019.0,450410.0
New Mexico,2019-10-01,223168.0,449792.0
New Mexico,2019-11-01,222447.0,447512.0
New Mexico,2019-12-01,222240.0,446408.0
New Mexico,2020-01-01,222306.0,445908.0
New Mexico,2020-02-01,222070.0,445238.0
New Mexico,2020-03-01,223689.0,447420.0
New Mexico,2020-04-01,241755.0,481136.0
New Mexico,2020-05-01,247247.0,489749.0
New Mexico,2020-06-01,248954.0,493796.0
New Mexico,2020-07-01,249564.0,492781.0
New Mexico,2020-08-01,248535.0,493689.0
New Mexico,2020-09-01,246410.0,491512.0
New Mexico,2020-10-01,237246.0,475470.0
New Mexico,2020-11-01,246798.0,492885.0
New Mexico,2020-12-01,255006.0,507084.0
New Mexico,2021-01-01,259990.0,515088.0
New Mexico,2021-02-01,263664.0,520661.0
New Mexico,2021-03-01,267004.0,526461.0
New Mexico,2021-04-01,268614.0,527725.0
New Mexico,2021-05-01,269190.0,527763.0
New Mexico,2021-06-01,271475.0,531154.0
New Mexico,2021-07-01,273947.0,535639.0
New Mexico,2021-08-01,276828.0,540579.0
New Mexico,2021-09-01,280044.0,545421.0
New Mexico,2021-10-01,282991.0,550663.0
New Mexico,2021-11-01,286220.0,555852.0
New Mexico,2021-12-01,289004.0,560820.0
New Mexico,2022-01-01,291525.0,565621.0
New Mexico,2022-02-01,280015.0,541122.0
New Mexico,2022-03-01,271538.0,525010.0
New Mexico,2022-04-01,258404.0,499430.0
New Mexico,2022-05-01,240477.0,467651.0
New Mexico,2022-06-01,239963.0,469175.0
New Mexico,2022-07-01,247536.0,484096.0
New Mexico,2022-08-01,255537.0,498944.0
New Mexico,2022-09-01,260614.0,507206.0
New Mexico,2022-10-01,263806.0,513128.0
New Mexico,2022-11-01,264042.0,512984.0
New Mexico,2022-12-01,265432.0,513478.0
New Mexico,2023-01-01,256259.0,497556.0
New Mexico,2023-02-01,248962.0,481110.0
New Mexico,2023-03-01,243691.0,468474.0
New Mexico,2023-04-01,249378.0,480538.0
New Mexico,2023-05-01,252954.0,484576.0
New Mexico,2023-06-01,250170.0,480545.0
New Mexico,2023-07-01,253571.0,486476.0
New Mexico,2023-08-01,249255.0,475354.0
New Mexico,2023-09-01,245810.0,466143.0
New Mexico,2023-10-01,236639.0,448453.0
New Mexico,2023-11-01,222604.0,420955.0
New Mexico,2023-12-01,214231.0,406397.0
New Mexico,2024-01-01,216335.0,411962.0
New Mexico,2024-02-01,225492.0,424625.0
New Mexico,2024-03-01,235003.0,438816.0
New Mexico,2024-04-01,248894.0,461003.0
New Mexico,2024-05-01,253891.0,469547.0
New Mexico,2024-06-01,257109.0,475608.0
New Mexico,2024-07-01,260147.0,482132.0
New Mexico,2024-08-01,263814.0,486317.0
New Mexico,2024-09-01,0.0,0.0
New York,1988-10-01,651778.0,1494329.0
New York,1988-11-01,649541.0,1484397.0
New York,1988-12-01,651857.0,1493627.0
New York,1989-01-01,659846.0,1502222.0
New York,1989-02-01,636215.0,1438246.0
New York,1989-03-01,656503.0,1468033.0
New York,1989-04-01,657658.0,1468739.0
New York,1989-05-01,656260.0,1468158.0
New York,1989-06-01,659489.0,1463751.0
New York,1989-07-01,635120.0,1410743.0
New York,1989-08-01,638620.0,1409738.0
New York,1989-09-01,650229.0,1448317.0
New York,1989-10-01,661456.0,1470155.0
New York,1989-11-01,652536.0,1452457.0
New York,1989-12-01,661418.0,1472460.0
New York,1990-01-01,689864.0,1538386.0
New York,1990-02-01,694295.0,1541679.0
New York,1990-03-01,695531.0,1556573.0
New York,1990-04-01,707096.0,1574379.0
New York,1990-05-01,715537.0,1592545.0
New York,1990-06-01,714826.0,1588460.0
New York,1990-07-01,719514.0,1600399.0
New York,1990-08-01,718533.0,1597980.0
New York,1990-09-01,719806.0,1594257.0
New York,1990-10-01,728549.0,1637455.0
New York,1990-11-01,735857.0,1630947.0
New York,1990-12-01,737121.0,1636263.0
New York,1991-01-01,754116.0,1671464.0
New York,1991-02-01,772745.0,1703899.0
New York,1991-03-01,782869.0,1731781.0
New York,1991-04-01,795174.0,1722636.0
New York,1991-05-01,795172.0,1736578.0
New York,1991-06-01,800900.0,1776753.0
New York,1991-07-01,798690.0,1754283.0
New York,1991-08-01,806981.0,1787135.0
New York,1991-09-01,814247.0,1799252.0
New York,1991-10-01,818696.0,1809279.0
New York,1991-11-01,819880.0,1813034.0
New York,1991-12-01,837068.0,1853969.0
New York,1992-01-01,850501.0,1878297.0
New York,1992-02-01,848354.0,1874256.0
New York,1992-03-01,852056.0,1884201.0
New York,1992-04-01,862310.0,1907153.0
New York,1992-05-01,866116.0,1904663.0
New York,1992-06-01,871237.0,1918245.0
New York,1992-07-01,875749.0,1917811.0
New York,1992-08-01,877650.0,1921686.0
New York,1992-09-01,886027.0,1938057.0
New York,1992-10-01,900824.0,1966225.0
New York,1992-11-01,904803.0,1976532.0
New York,1992-12-01,917522.0,2001980.0
New York,1993-01-01,924992.0,2013755.0
New York,1993-02-01,931079.0,2028990.0
New York,1993-03-01,949003.0,2059214.0
New York,1993-04-01,955805.0,2070368.0
New York,1993-05-01,962089.0,2083947.0
New York,1993-06-01,966616.0,2087567.0
New York,1993-07-01,966203.0,2084639.0
New York,1993-08-01,963394.0,2075589.0
New York,1993-09-01,970359.0,2091585.0
New York,1993-10-01,975301.0,2091241.0
New York,1993-11-01,976834.0,2101727.0
New York,1993-12-01,985374.0,2119322.0
New York,1994-01-01,990001.0,2133122.0
New York,1994-02-01,993268.0,2143129.0
New York,1994-03-01,1012299.0,2175154.0
New York,1994-04-01,1013666.0,2178236.0
New York,1994-05-01,1014994.0,2176263.0
New York,1994-06-01,1017877.0,2183272.0
New York,1994-07-01,1017269.0,2180950.0
New York,1994-08-01,1022857.0,2181286.0
New York,1994-09-01,1023036.0,2179821.0
New York,1994-10-01,1029373.0,2192452.0
New York,1994-11-01,1028648.0,2193254.0
New York,1994-12-01,1035759.0,2198779.0
New York,1995-01-01,1036673.0,2202971.0
New York,1995-02-01,1033166.0,2199699.0
New York,1995-03-01,1038047.0,2207950.0
New York,1995-04-01,1037723.0,2198061.0
New York,1995-05-01,1035608.0,2191813.0
New York,1995-06-01,1022454.0,2168654.0
New York,1995-07-01,1012609.0,2158279.0
New York,1995-08-01,1010038.0,2145443.0
New York,1995-09-01,1007755.0,2139862.0
New York,1995-10-01,996932.0,2118041.0
New York,1995-11-01,986412.0,2107061.0
New York,1995-12-01,983239.0,2107617.0
New York,1996-01-01,984771.0,2115126.0
New York,1996-02-01,992163.0,2118636.0
New York,1996-03-01,1000125.0,2132731.0
New York,1996-04-01,993017.0,2116249.0
New York,1996-05-01,986544.0,2091321.0
New York,1996-06-01,979433.0,2091484.0
New York,1996-07-01,976116.0,2084079.0
New York,1996-08-01,972365.0,2060487.0
New York,1996-09-01,959337.0,2039904.0
New York,1996-10-01,957290.0,2034727.0
New York,1996-11-01,948063.0,2012823.0
New York,1996-12-01,929330.0,1966399.0
New York,1997-01-01,918966.0,1953080.0
New York,1997-02-01,910432.0,1940767.0
New York,1997-03-01,906899.0,1934523.0
New York,1997-04-01,901338.0,1915083.0
New York,1997-05-01,897644.0,1905826.0
New York,1997-06-01,887355.0,1904025.0
New York,1997-07-01,869902.0,1839502.0
New York,1997-08-01,866015.0,1829954.0
New York,1997-09-01,795190.0,1725872.0
New York,1997-10-01,782682.0,1693946.0
New York,1997-11-01,766521.0,1670550.0
New York,1997-12-01,768180.0,1661003.0
New York,1998-01-01,767159.0,1660204.0
New York,1998-02-01,762952.0,1638986.0
New York,1998-03-01,763958.0,1631684.0
New York,1998-04-01,760525.0,1619699.0
New York,1998-05-01,756553.0,1610509.0
New York,1998-06-01,755023.0,1604592.0
New York,1998-07-01,748240.0,1592673.0
New York,1998-08-01,753291.0,1604810.0
New York,1998-09-01,725042.0,1537380.0
New York,1998-10-01,723019.0,1533525.0
New York,1998-11-01,766168.0,1586224.0
New York,1998-12-01,766150.0,1577264.0
New York,1999-01-01,760153.0,1565278.0
New York,1999-02-01,747223.0,1553989.0
New York,1999-03-01,755505.0,1562103.0
New York,1999-04-01,741447.0,1524097.0
New York,1999-05-01,739972.0,1519592.0
New York,1999-06-01,749649.0,1531135.0
New York,1999-07-01,747874.0,1526338.0
New York,1999-08-01,739634.0,1507404.0
New York,1999-09-01,739134.0,1502730.0
New York,1999-10-01,737436.0,1499661.0
New York,1999-11-01,727585.0,1502020.0
New York,1999-12-01,759976.0,1497595.0
New York,2000-01-01,723860.0,1427842.0
New York,2000-02-01,721061.0,1422277.0
New York,2000-03-01,725070.0,1432336.0
New York,2000-04-01,715769.0,1408318.0
New York,2000-05-01,714854.0,1432758.0
New York,2000-06-01,710849.0,1424102.0
New York,2000-07-01,704032.0,1411517.0
New York,2000-08-01,701949.0,1407181.0
New York,2000-09-01,697977.0,1397208.0
New York,2000-10-01,706840.0,1415327.0
New York,2000-11-01,711554.0,1421421.0
New York,2000-12-01,717381.0,1433200.0
New York,2001-01-01,693716.0,1363735.0
New York,2001-02-01,665180.0,1324767.0
New York,2001-03-01,675607.0,1332823.0
New York,2001-04-01,675663.0,1334260.0
New York,2001-05-01,676760.0,1334679.0
New York,2001-06-01,675375.0,1332084.0
New York,2001-07-01,671305.0,1322653.0
New York,2001-08-01,676375.0,1324009.0
New York,2001-09-01,661867.0,1303549.0
New York,2001-10-01,667612.0,1315515.0
New York,2001-11-01,682199.0,1335452.0
New York,2001-12-01,670288.0,1318618.0
New York,2002-01-01,674082.0,1327861.0
New York,2002-02-01,689244.0,1349105.0
New York,2002-03-01,688984.0,1354981.0
New York,2002-04-01,693020.0,1360115.0
New York,2002-05-01,693726.0,1359795.0
New York,2002-06-01,701474.0,1365444.0
New York,2002-07-01,693958.0,1359422.0
New York,2002-08-01,696176.0,1363999.0
New York,2002-09-01,700490.0,1373814.0
New York,2002-10-01,706191.0,1386202.0
New York,2002-11-01,711418.0,1387306.0
New York,2002-12-01,709353.0,1396357.0
New York,2003-01-01,710173.0,1399428.0
New York,2003-02-01,717781.0,1416498.0
New York,2003-03-01,726773.0,1434926.0
New York,2003-04-01,730851.0,1451791.0
New York,2003-05-01,729135.0,1453265.0
New York,2003-06-01,729184.0,1454490.0
New York,2003-07-01,734935.0,1467275.0
New York,2003-08-01,738422.0,1480636.0
New York,2003-09-01,748826.0,1503658.0
New York,2003-10-01,754095.0,1515884.0
New York,2003-11-01,760988.0,1528848.0
New York,2003-12-01,774620.0,1556121.0
New York,2004-01-01,782093.0,1568547.0
New York,2004-02-01,789424.0,1583954.0
New York,2004-03-01,799544.0,1603591.0
New York,2004-04-01,805857.0,1613217.0
New York,2004-05-01,810162.0,1616306.0
New York,2004-06-01,813428.0,1621043.0
New York,2004-07-01,828352.0,1636092.0
New York,2004-08-01,841931.0,1650733.0
New York,2004-09-01,864119.0,1683379.0
New York,2004-10-01,880321.0,1699983.0
New York,2004-11-01,895230.0,1716699.0
New York,2004-12-01,923648.0,1759350.0
New York,2005-01-01,927258.0,1766730.0
New York,2005-02-01,930692.0,1772304.0
New York,2005-03-01,934540.0,1782930.0
New York,2005-04-01,929286.0,1776762.0
New York,2005-05-01,923805.0,1772242.0
New York,2005-06-01,919201.0,1765359.0
New York,2005-07-01,907022.0,1744352.0
New York,2005-08-01,905987.0,1744085.0
New York,2005-09-01,911443.0,1757539.0
New York,2005-10-01,916121.0,1763668.0
New York,2005-11-01,924616.0,1777238.0
New York,2005-12-01,932260.0,1790151.0
New York,2006-01-01,939682.0,1791168.0
New York,2006-02-01,938401.0,1791739.0
New York,2006-03-01,940730.0,1795518.0
New York,2006-04-01,938386.0,1792187.0
New York,2006-05-01,939766.0,1793518.0
New York,2006-06-01,940202.0,1791725.0
New York,2006-07-01,938129.0,1784595.0
New York,2006-08-01,935719.0,1778070.0
New York,2006-09-01,936805.0,1781387.0
New York,2006-10-01,936050.0,1776176.0
New York,2006-11-01,941398.0,1790452.0
New York,2006-12-01,945754.0,1799460.0
New York,2007-01-01,948435.0,1802101.0
New York,2007-02-01,951076.0,1803316.0
New York,2007-03-01,955155.0,1810094.0
New York,2007-04-01,953257.0,1805436.0
New York,2007-05-01,952363.0,1801853.0
New York,2007-06-01,953529.0,1801707.0
New York,2007-07-01,950566.0,1792916.0
New York,2007-08-01,964778.0,1816805.0
New York,2007-09-01,967232.0,1823494.0
New York,2007-10-01,968569.0,1825759.0
New York,2007-11-01,970421.0,1830858.0
New York,2007-12-01,979989.0,1849851.0
New York,2008-01-01,1026916.0,1932022.0
New York,2008-02-01,1024737.0,1927903.0
New York,2008-03-01,1037866.0,1950582.0
New York,2008-04-01,1046903.0,1968193.0
New York,2008-05-01,1055454.0,1986156.0
New York,2008-06-01,1064207.0,2004511.0
New York,2008-07-01,1077106.0,2030668.0
New York,2008-08-01,1087481.0,2051611.0
New York,2008-09-01,1100464.0,2077774.0
New York,2008-10-01,1120146.0,2114221.0
New York,2008-11-01,1129468.0,2137106.0
New York,2008-12-01,1149034.0,2174325.0
New York,2009-01-01,1173412.0,2211935.0
New York,2009-02-01,1191296.0,2246664.0
New York,2009-03-01,1219139.0,2295103.0
New York,2009-04-01,1243367.0,2339118.0
New York,2009-05-01,1267045.0,2384027.0
New York,2009-06-01,1289819.0,2427841.0
New York,2009-07-01,1316243.0,2478604.0
New York,2009-08-01,1330373.0,2508884.0
New York,2009-09-01,1353360.0,2555081.0
New York,2009-10-01,1375776.0,2599938.0
New York,2009-11-01,1386412.0,2623264.0
New York,2009-12-01,1414173.0,2673143.0
New York,2010-01-01,1428694.0,2699586.0
New York,2010-02-01,1436855.0,2712437.0
New York,2010-03-01,1461313.0,2754632.0
New York,2010-04-01,1474062.0,2775875.0
New York,2010-05-01,1487651.0,2799734.0
New York,2010-06-01,1501953.0,2824845.0
New York,2010-07-01,1521753.0,2860394.0
New York,2010-08-01,1528589.0,2874189.0
New York,2010-09-01,1540393.0,2895995.0
New York,2010-10-01,1552821.0,2918849.0
New York,2010-11-01,1560721.0,2934493.0
New York,2010-12-01,1580565.0,2969868.0
New York,2011-01-01,1583310.0,2971876.0
New York,2011-02-01,1587097.0,2975444.0
New York,2011-03-01,1610728.0,3013945.0
New York,2011-04-01,1612039.0,3017404.0
New York,2011-05-01,1614089.0,3019981.0
New York,2011-06-01,1622860.0,3035825.0
New York,2011-07-01,1626836.0,3043751.0
New York,2011-08-01,1624477.0,3040684.0
New York,2011-09-01,1632734.0,3057767.0
New York,2011-10-01,1633974.0,3060107.0
New York,2011-11-01,1627251.0,3046972.0
New York,2011-12-01,1640278.0,3068575.0
New York,2012-01-01,1638345.0,3059120.0
New York,2012-02-01,1639443.0,3059262.0
New York,2012-03-01,1656028.0,3081831.0
New York,2012-04-01,1645353.0,3063238.0
New York,2012-05-01,1656662.0,3082995.0
New York,2012-06-01,1662926.0,3095534.0
New York,2012-07-01,1662829.0,3094677.0
New York,2012-08-01,1671083.0,3109436.0
New York,2012-09-01,1667012.0,3101190.0
New York,2012-10-01,1673078.0,3110070.0
New York,2012-11-01,1696317.0,3152122.0
New York,2012-12-01,1716394.0,3186236.0
New York,2013-01-01,1703073.0,3158541.0
New York,2013-02-01,1700761.0,3153979.0
New York,2013-03-01,1718504.0,3182976.0
New York,2013-04-01,1719342.0,3181218.0
New York,2013-05-01,1720229.0,3183287.0
New York,2013-06-01,1721266.0,3186788.0
New York,2013-07-01,1725772.0,3194470.0
New York,2013-08-01,1721010.0,3186530.0
New York,2013-09-01,1710269.0,3169363.0
New York,2013-10-01,1712225.0,3170323.0
New York,2013-11-01,1778279.0,3243156.0
New York,2013-12-01,1708904.0,3158376.0
New York,2014-01-01,1708608.0,3148532.0
New York,2014-02-01,1688379.0,3114414.0
New York,2014-03-01,1688839.0,3109524.0
New York,2014-04-01,1687248.0,3103477.0
New York,2014-05-01,1688619.0,3101888.0
New York,2014-06-01,1686095.0,3094747.0
New York,2014-07-01,1683609.0,3088298.0
New York,2014-08-01,1677427.0,3075125.0
New York,2014-09-01,1674479.0,3066686.0
New York,2014-10-01,1678096.0,3068825.0
New York,2014-11-01,1671667.0,3057644.0
New York,2014-12-01,1682099.0,3075720.0
New York,2015-01-01,1673567.0,3055942.0
New York,2015-02-01,1668394.0,3045194.0
New York,2015-03-01,1672183.0,3050058.0
New York,2015-04-01,1667152.0,3039251.0
New York,2015-05-01,1660566.0,3027230.0
New York,2015-06-01,1661872.0,3028373.0
New York,2015-07-01,1656532.0,3017604.0
New York,2015-08-01,1647478.0,3001608.0
New York,2015-09-01,1648584.0,3001849.0
New York,2015-10-01,1646999.0,2996649.0
New York,2015-11-01,1640839.0,2982398.0
New York,2015-12-01,1646713.0,2990471.0
New York,2016-01-01,1639514.0,2975036.0
New York,2016-02-01,1638053.0,2972012.0
New York,2016-03-01,1640357.0,2972806.0
New York,2016-04-01,1634608.0,2961955.0
New York,2016-05-01,1636260.0,2965167.0
New York,2016-06-01,1629686.0,2953595.0
New York,2016-07-01,1621089.0,2941315.0
New York,2016-08-01,1629300.0,2957116.0
New York,2016-09-01,1625747.0,2950208.0
New York,2016-10-01,1619633.0,2938258.0
New York,2016-11-01,1622125.0,2940107.0
New York,2016-12-01,1626788.0,2949168.0
New York,2017-01-01,1625767.0,2944348.0
New York,2017-02-01,1614016.0,2922436.0
New York,2017-03-01,1619731.0,2927021.0
New York,2017-04-01,1605867.0,2900177.0
New York,2017-05-01,1610184.0,2907545.0
New York,2017-06-01,1606448.0,2896869.0
New York,2017-07-01,1597548.0,2880757.0
New York,2017-08-01,1593384.0,2869135.0
New York,2017-09-01,1587180.0,2854907.0
New York,2017-10-01,1577019.0,2833407.0
New York,2017-11-01,1577635.0,2834579.0
New York,2017-12-01,1578862.0,2833768.0
New York,2018-01-01,1580152.0,2831503.0
New York,2018-02-01,1568397.0,2808410.0
New York,2018-03-01,1579719.0,2824677.0
New York,2018-04-01,1566292.0,2794249.0
New York,2018-05-01,1565561.0,2787447.0
New York,2018-06-01,1557053.0,2769827.0
New York,2018-07-01,1549426.0,2756993.0
New York,2018-08-01,1547379.0,2751082.0
New York,2018-09-01,1539000.0,2733500.0
New York,2018-10-01,1536243.0,2727462.0
New York,2018-11-01,1527245.0,2706697.0
New York,2018-12-01,1527054.0,2702602.0
New York,2019-01-01,1531428.0,2705107.0
New York,2019-02-01,1526845.0,2690578.0
New York,2019-03-01,1522410.0,2681717.0
New York,2019-04-01,1514547.0,2662511.0
New York,2019-05-01,1505591.0,2642450.0
New York,2019-06-01,1496844.0,2623177.0
New York,2019-07-01,1492844.0,2613091.0
New York,2019-08-01,1486402.0,2598826.0
New York,2019-09-01,1481195.0,2586186.0
New York,2019-10-01,1477129.0,2576099.0
New York,2019-11-01,1476914.0,2573483.0
New York,2019-12-01,1477591.0,2570821.0
New York,2020-01-01,1478960.0,2570601.0
New York,2020-02-01,1474315.0,2560098.0
New York,2020-03-01,1476054.0,2561187.0
New York,2020-04-01,1543983.0,2683002.0
New York,2020-05-01,1565993.0,2735982.0
New York,2020-06-01,1588996.0,2774025.0
New York,2020-07-01,1591841.0,2750252.0
New York,2020-08-01,1592924.0,2756187.0
New York,2020-09-01,1608752.0,2789533.0
New York,2020-10-01,1607378.0,2781742.0
New York,2020-11-01,1570998.0,2720372.0
New York,2020-12-01,1580350.0,2742577.0
New York,2021-01-01,1587973.0,2758288.0
New York,2021-02-01,1588466.0,2760769.0
New York,2021-03-01,1603503.0,2790766.0
New York,2021-04-01,1619537.0,2818184.0
New York,2021-05-01,1620281.0,2815830.0
New York,2021-06-01,1628591.0,2826820.0
New York,2021-07-01,1608545.0,2798640.0
New York,2021-08-01,1598529.0,2778310.0
New York,2021-09-01,1598508.0,2776268.0
New York,2021-10-01,1599320.0,2768049.0
New York,2021-11-01,1612903.0,2778458.0
New York,2021-12-01,1611704.0,2782455.0
New York,2022-01-01,1626534.0,2808646.0
New York,2022-02-01,1639136.0,2836489.0
New York,2022-03-01,1663105.0,2877376.0
New York,2022-04-01,1653722.0,2871999.0
New York,2022-05-01,1652580.0,2873666.0
New York,2022-06-01,1652550.0,2867285.0
New York,2022-07-01,1663815.0,2884036.0
New York,2022-08-01,1660684.0,2876474.0
New York,2022-09-01,1647128.0,2846983.0
New York,2022-10-01,1639403.0,2830123.0
New York,2022-11-01,1647311.0,2835706.0
New York,2022-12-01,1670664.0,2887608.0
New York,2023-01-01,1691805.0,2925621.0
New York,2023-02-01,1688097.0,2918862.0
New York,2023-03-01,1712143.0,2953655.0
New York,2023-04-01,1683932.0,2908512.0
New York,2023-05-01,1688210.0,2910493.0
New York,2023-06-01,1679975.0,2892567.0
New York,2023-07-01,1674290.0,2880386.0
New York,2023-08-01,1664204.0,2860116.0
New York,2023-09-01,1647898.0,2830301.0
New York,2023-10-01,1657894.0,2848939.0
New York,2023-11-01,1651524.0,2837232.0
New York,2023-12-01,1663675.0,2859633.0
New York,2024-01-01,1686225.0,2897231.0
New York,2024-02-01,1697593.0,2915456.0
New York,2024-03-01,1714853.0,2942731.0
New York,2024-04-01,1726106.0,2958608.0
New York,2024-05-01,1732246.0,2965846.0
New York,2024-06-01,1732549.0,2961711.0
New York,2024-07-01,1740570.0,2974362.0
New York,2024-08-01,1745325.0,2979198.0
New York,2024-09-01,0.0,0.0
North Carolina,1988-10-01,149943.0,382152.0
North Carolina,1988-11-01,150085.0,380125.0
North Carolina,1988-12-01,155045.0,394734.0
North Carolina,1989-01-01,156163.0,397705.0
North Carolina,1989-02-01,154760.0,392795.0
North Carolina,1989-03-01,158005.0,403366.0
North Carolina,1989-04-01,156714.0,400036.0
North Carolina,1989-05-01,153138.0,387923.0
North Carolina,1989-06-01,153463.0,389584.0
North Carolina,1989-07-01,152545.0,386258.0
North Carolina,1989-08-01,151860.0,381299.0
North Carolina,1989-09-01,153261.0,387675.0
North Carolina,1989-10-01,154355.0,389269.0
North Carolina,1989-11-01,156884.0,395709.0
North Carolina,1989-12-01,161520.0,409546.0
North Carolina,1990-01-01,163882.0,415915.0
North Carolina,1990-02-01,165471.0,421378.0
North Carolina,1990-03-01,168176.0,430085.0
North Carolina,1990-04-01,166925.0,427176.0
North Carolina,1990-05-01,164734.0,418483.0
North Carolina,1990-06-01,167525.0,427761.0
North Carolina,1990-07-01,167832.0,427576.0
North Carolina,1990-08-01,168381.0,427739.0
North Carolina,1990-09-01,171298.0,437680.0
North Carolina,1990-10-01,175070.0,445697.0
North Carolina,1990-11-01,183201.0,469040.0
North Carolina,1990-12-01,190213.0,488311.0
North Carolina,1991-01-01,194417.0,498185.0
North Carolina,1991-02-01,201352.0,520285.0
North Carolina,1991-03-01,205277.0,530510.0
North Carolina,1991-04-01,208374.0,539599.0
North Carolina,1991-05-01,206501.0,532788.0
North Carolina,1991-06-01,209354.0,540923.0
North Carolina,1991-07-01,208380.0,534123.0
North Carolina,1991-08-01,214538.0,551218.0
North Carolina,1991-09-01,216470.0,555059.0
North Carolina,1991-10-01,217923.0,555090.0
North Carolina,1991-11-01,225576.0,575767.0
North Carolina,1991-12-01,229948.0,584510.0
North Carolina,1992-01-01,234034.0,593580.0
North Carolina,1992-02-01,238991.0,607644.0
North Carolina,1992-03-01,239413.0,605430.0
North Carolina,1992-04-01,242030.0,614028.0
North Carolina,1992-05-01,240436.0,608639.0
North Carolina,1992-06-01,240431.0,605508.0
North Carolina,1992-07-01,239043.0,600621.0
North Carolina,1992-08-01,242298.0,608734.0
North Carolina,1992-09-01,240876.0,601262.0
North Carolina,1992-10-01,246877.0,618210.0
North Carolina,1992-11-01,249496.0,622411.0
North Carolina,1992-12-01,250423.0,620320.0
North Carolina,1993-01-01,258804.0,636287.0
North Carolina,1993-02-01,252873.0,626243.0
North Carolina,1993-03-01,258239.0,641113.0
North Carolina,1993-04-01,257422.0,639564.0
North Carolina,1993-05-01,255383.0,632893.0
North Carolina,1993-06-01,251602.0,619082.0
North Carolina,1993-07-01,252162.0,625699.0
North Carolina,1993-08-01,253708.0,626361.0
North Carolina,1993-09-01,251234.0,616113.0
North Carolina,1993-10-01,256013.0,629025.0
North Carolina,1993-11-01,257727.0,629757.0
North Carolina,1993-12-01,259566.0,632137.0
North Carolina,1994-01-01,262749.0,640024.0
North Carolina,1994-02-01,258012.0,625040.0
North Carolina,1994-03-01,265413.0,646230.0
North Carolina,1994-04-01,262066.0,638539.0
North Carolina,1994-05-01,258358.0,625902.0
North Carolina,1994-06-01,258305.0,626370.0
North Carolina,1994-07-01,256906.0,624338.0
North Carolina,1994-08-01,257609.0,623133.0
North Carolina,1994-09-01,256301.0,618067.0
North Carolina,1994-10-01,259448.0,624698.0
North Carolina,1994-11-01,258010.0,616170.0
North Carolina,1994-12-01,262582.0,628143.0
North Carolina,1995-01-01,262922.0,626957.0
North Carolina,1995-02-01,258036.0,611811.0
North Carolina,1995-03-01,262953.0,626303.0
North Carolina,1995-04-01,257964.0,615509.0
North Carolina,1995-05-01,252240.0,596570.0
North Carolina,1995-06-01,254414.0,604389.0
North Carolina,1995-07-01,251582.0,598110.0
North Carolina,1995-08-01,253614.0,601945.0
North Carolina,1995-09-01,256614.0,611413.0
North Carolina,1995-10-01,258411.0,614817.0
North Carolina,1995-11-01,257224.0,610316.0
North Carolina,1995-12-01,258126.0,611023.0
North Carolina,1996-01-01,260528.0,615142.0
North Carolina,1996-02-01,257387.0,608093.0
North Carolina,1996-03-01,259540.0,611871.0
North Carolina,1996-04-01,257121.0,605653.0
North Carolina,1996-05-01,254918.0,599666.0
North Carolina,1996-06-01,252595.0,593569.0
North Carolina,1996-07-01,252549.0,593490.0
North Carolina,1996-08-01,257092.0,605208.0
North Carolina,1996-09-01,359137.0,903883.0
North Carolina,1996-10-01,265953.0,625456.0
North Carolina,1996-11-01,261807.0,615352.0
North Carolina,1996-12-01,259979.0,610383.0
North Carolina,1997-01-01,258980.0,607057.0
North Carolina,1997-02-01,256188.0,601049.0
North Carolina,1997-03-01,256188.0,588753.0
North Carolina,1997-04-01,243843.0,577294.0
North Carolina,1997-05-01,239834.0,569529.0
North Carolina,1997-06-01,238327.0,565839.0
North Carolina,1997-07-01,236726.0,562879.0
North Carolina,1997-08-01,246602.0,559615.0
North Carolina,1997-09-01,233516.0,553776.0
North Carolina,1997-10-01,232630.0,551388.0
North Carolina,1997-11-01,229812.0,543795.0
North Carolina,1997-12-01,230880.0,544998.0
North Carolina,1998-01-01,229584.0,541192.0
North Carolina,1998-02-01,229775.0,540257.0
North Carolina,1998-03-01,228278.0,536451.0
North Carolina,1998-04-01,224081.0,526352.0
North Carolina,1998-05-01,220532.0,517894.0
North Carolina,1998-06-01,218344.0,512713.0
North Carolina,1998-07-01,216974.0,509793.0
North Carolina,1998-08-01,215723.0,506435.0
North Carolina,1998-09-01,214206.0,502209.0
North Carolina,1998-10-01,213529.0,500840.0
North Carolina,1998-11-01,212793.0,498311.0
North Carolina,1998-12-01,203101.0,498053.0
North Carolina,1999-01-01,211747.0,494008.0
North Carolina,1999-02-01,210983.0,492033.0
North Carolina,1999-03-01,210275.0,490255.0
North Carolina,1999-04-01,207348.0,483608.0
North Carolina,1999-05-01,205683.0,479708.0
North Carolina,1999-06-01,205427.0,479459.0
North Carolina,1999-07-01,205026.0,478732.0
North Carolina,1999-08-01,206637.0,482769.0
North Carolina,1999-09-01,281495.0,687210.0
North Carolina,1999-10-01,212172.0,496277.0
North Carolina,1999-11-01,248936.0,594903.0
North Carolina,1999-12-01,205967.0,486884.0
North Carolina,2000-01-01,205992.0,478213.0
North Carolina,2000-02-01,205747.0,476886.0
North Carolina,2000-03-01,202935.0,479536.0
North Carolina,2000-04-01,205132.0,474757.0
North Carolina,2000-05-01,204392.0,472128.0
North Carolina,2000-06-01,204127.0,472545.0
North Carolina,2000-07-01,203123.0,470284.0
North Carolina,2000-08-01,205885.0,477903.0
North Carolina,2000-09-01,206376.0,478644.0
North Carolina,2000-10-01,207387.0,480718.0
North Carolina,2000-11-01,207608.0,480556.0
North Carolina,2000-12-01,208203.0,481327.0
North Carolina,2001-01-01,209528.0,483852.0
North Carolina,2001-02-01,208887.0,480923.0
North Carolina,2001-03-01,210962.0,485221.0
North Carolina,2001-04-01,210984.0,485728.0
North Carolina,2001-05-01,210984.0,485728.0
North Carolina,2001-06-01,215874.0,498762.0
North Carolina,2001-07-01,219150.0,508337.0
North Carolina,2001-08-01,224939.0,524259.0
North Carolina,2001-09-01,226532.0,528658.0
North Carolina,2001-10-01,231489.0,541681.0
North Carolina,2001-11-01,237506.0,556711.0
North Carolina,2001-12-01,240963.0,565048.0
North Carolina,2002-01-01,243335.0,569934.0
North Carolina,2002-02-01,243889.0,570185.0
North Carolina,2002-03-01,245020.0,572677.0
North Carolina,2002-04-01,245081.0,574010.0
North Carolina,2002-05-01,245515.0,575947.0
North Carolina,2002-06-01,247050.0,579728.0
North Carolina,2002-07-01,249309.0,585827.0
North Carolina,2002-08-01,253581.0,597266.0
North Carolina,2002-09-01,256150.0,603408.0
North Carolina,2002-10-01,259277.0,610762.0
North Carolina,2002-11-01,262480.0,618426.0
North Carolina,2002-12-01,264355.0,622631.0
North Carolina,2003-01-01,267496.0,627916.0
North Carolina,2003-02-01,270017.0,630905.0
North Carolina,2003-03-01,274413.0,639836.0
North Carolina,2003-04-01,275951.0,645018.0
North Carolina,2003-05-01,278007.0,651370.0
North Carolina,2003-06-01,280546.0,658555.0
North Carolina,2003-07-01,283423.0,667416.0
North Carolina,2003-08-01,287837.0,678722.0
North Carolina,2003-09-01,312045.0,741551.0
North Carolina,2003-10-01,310913.0,738307.0
North Carolina,2003-11-01,308028.0,733056.0
North Carolina,2003-12-01,310334.0,737641.0
North Carolina,2004-01-01,307873.0,728856.0
North Carolina,2004-02-01,307280.0,723971.0
North Carolina,2004-03-01,311709.0,734610.0
North Carolina,2004-04-01,315009.0,743875.0
North Carolina,2004-05-01,317232.0,750459.0
North Carolina,2004-06-01,319807.0,757637.0
North Carolina,2004-07-01,321247.0,760431.0
North Carolina,2004-08-01,325792.0,769299.0
North Carolina,2004-09-01,334159.0,789140.0
North Carolina,2004-10-01,333560.0,785382.0
North Carolina,2004-11-01,336747.0,791586.0
North Carolina,2004-12-01,339908.0,797005.0
North Carolina,2005-01-01,341078.0,795879.0
North Carolina,2005-02-01,339210.0,788836.0
North Carolina,2005-03-01,339283.0,787552.0
North Carolina,2005-04-01,340697.0,791338.0
North Carolina,2005-05-01,342287.0,796007.0
North Carolina,2005-06-01,345812.0,804136.0
North Carolina,2005-07-01,346344.0,805920.0
North Carolina,2005-08-01,353263.0,818141.0
North Carolina,2005-09-01,362579.0,835180.0
North Carolina,2005-10-01,368729.0,844362.0
North Carolina,2005-11-01,374271.0,854684.0
North Carolina,2005-12-01,376624.0,857365.0
North Carolina,2006-01-01,375468.0,852426.0
North Carolina,2006-02-01,373439.0,844867.0
North Carolina,2006-03-01,375381.0,848214.0
North Carolina,2006-04-01,373507.0,843914.0
North Carolina,2006-05-01,374892.0,848005.0
North Carolina,2006-06-01,377990.0,855547.0
North Carolina,2006-07-01,379146.0,859132.0
North Carolina,2006-08-01,384325.0,871393.0
North Carolina,2006-09-01,385154.0,872978.0
North Carolina,2006-10-01,387424.0,878421.0
North Carolina,2006-11-01,389503.0,882963.0
North Carolina,2006-12-01,388974.0,880734.0
North Carolina,2007-01-01,389511.0,879784.0
North Carolina,2007-02-01,386128.0,870023.0
North Carolina,2007-03-01,386804.0,870376.0
North Carolina,2007-04-01,385697.0,868892.0
North Carolina,2007-05-01,387800.0,874694.0
North Carolina,2007-06-01,391945.0,883722.0
North Carolina,2007-07-01,395287.0,892615.0
North Carolina,2007-08-01,400883.0,905103.0
North Carolina,2007-09-01,402268.0,908025.0
North Carolina,2007-10-01,405299.0,915318.0
North Carolina,2007-11-01,407940.0,921145.0
North Carolina,2007-12-01,409244.0,923151.0
North Carolina,2008-01-01,412073.0,927926.0
North Carolina,2008-02-01,412199.0,927714.0
North Carolina,2008-03-01,412426.0,928874.0
North Carolina,2008-04-01,416232.0,938216.0
North Carolina,2008-05-01,418726.0,945711.0
North Carolina,2008-06-01,423184.0,957376.0
North Carolina,2008-07-01,430045.0,973999.0
North Carolina,2008-08-01,437299.0,993081.0
North Carolina,2008-09-01,444857.0,1011226.0
North Carolina,2008-10-01,453209.0,1030906.0
North Carolina,2008-11-01,461411.0,1048072.0
North Carolina,2008-12-01,473212.0,1072607.0
North Carolina,2009-01-01,482694.0,1089699.0
North Carolina,2009-02-01,489770.0,1102385.0
North Carolina,2009-03-01,499919.0,1122281.0
North Carolina,2009-04-01,510181.0,1142712.0
North Carolina,2009-05-01,519773.0,1162313.0
North Carolina,2009-06-01,530094.0,1185681.0
North Carolina,2009-07-01,540914.0,1209776.0
North Carolina,2009-08-01,551523.0,1231868.0
North Carolina,2009-09-01,559703.0,1249226.0
North Carolina,2009-10-01,568496.0,1266757.0
North Carolina,2009-11-01,578307.0,1285157.0
North Carolina,2009-12-01,587490.0,1302121.0
North Carolina,2010-01-01,594846.0,1313610.0
North Carolina,2010-02-01,598210.0,1317368.0
North Carolina,2010-03-01,603708.0,1327754.0
North Carolina,2010-04-01,607451.0,1334545.0
North Carolina,2010-05-01,612060.0,1341997.0
North Carolina,2010-06-01,619543.0,1356607.0
North Carolina,2010-07-01,635000.0,1393165.0
North Carolina,2010-08-01,657424.0,1442650.0
North Carolina,2010-09-01,673366.0,1476207.0
North Carolina,2010-10-01,686890.0,1503558.0
North Carolina,2010-11-01,700510.0,1531255.0
North Carolina,2010-12-01,710016.0,1547621.0
North Carolina,2011-01-01,711387.0,1544547.0
North Carolina,2011-02-01,716471.0,1551054.0
North Carolina,2011-03-01,722702.0,1561887.0
North Carolina,2011-04-01,727955.0,1571115.0
North Carolina,2011-05-01,747700.0,1615715.0
North Carolina,2011-06-01,747188.0,1608560.0
North Carolina,2011-07-01,750490.0,1614848.0
North Carolina,2011-08-01,760066.0,1633664.0
North Carolina,2011-09-01,832413.0,1797003.0
North Carolina,2011-10-01,773629.0,1655694.0
North Carolina,2011-11-01,776801.0,1660154.0
North Carolina,2011-12-01,778553.0,1660591.0
North Carolina,2012-01-01,780722.0,1660464.0
North Carolina,2012-02-01,780713.0,1655362.0
North Carolina,2012-03-01,780967.0,1653501.0
North Carolina,2012-04-01,779956.0,1650483.0
North Carolina,2012-05-01,781834.0,1653436.0
North Carolina,2012-06-01,791703.0,1674350.0
North Carolina,2012-07-01,792793.0,1687148.0
North Carolina,2012-08-01,801851.0,1706480.0
North Carolina,2012-09-01,801341.0,1705395.0
North Carolina,2012-10-01,826367.0,1756474.0
North Carolina,2012-11-01,818480.0,1738799.0
North Carolina,2012-12-01,805902.0,1726440.0
North Carolina,2013-01-01,787773.0,1725504.0
North Carolina,2013-02-01,799209.0,1698745.0
North Carolina,2013-03-01,802078.0,1704848.0
North Carolina,2013-04-01,775785.0,1706588.0
North Carolina,2013-05-01,773042.0,1721681.0
North Carolina,2013-06-01,777783.0,1734913.0
North Carolina,2013-07-01,763885.0,1705966.0
North Carolina,2013-08-01,755859.0,1682965.0
North Carolina,2013-09-01,746604.0,1541482.0
North Carolina,2013-10-01,767471.0,1591292.0
North Carolina,2013-11-01,761917.0,1578293.0
North Carolina,2013-12-01,762873.0,1583150.0
North Carolina,2014-01-01,760487.0,1573226.0
North Carolina,2014-02-01,758531.0,1566955.0
North Carolina,2014-03-01,671771.0,1386020.0
North Carolina,2014-04-01,773962.0,1602564.0
North Carolina,2014-05-01,708076.0,1467250.0
North Carolina,2014-06-01,786074.0,1629073.0
North Carolina,2014-07-01,784863.0,1628467.0
North Carolina,2014-08-01,785883.0,1631689.0
North Carolina,2014-09-01,811347.0,1670130.0
North Carolina,2014-10-01,813432.0,1673939.0
North Carolina,2014-11-01,821893.0,1691116.0
North Carolina,2014-12-01,808476.0,1661672.0
North Carolina,2015-01-01,803243.0,1645161.0
North Carolina,2015-02-01,798142.0,1632755.0
North Carolina,2015-03-01,798643.0,1631349.0
North Carolina,2015-04-01,796349.0,1627167.0
North Carolina,2015-05-01,795313.0,1626420.0
North Carolina,2015-06-01,800319.0,1636572.0
North Carolina,2015-07-01,801287.0,1641853.0
North Carolina,2015-08-01,803068.0,1643059.0
North Carolina,2015-09-01,801772.0,1643364.0
North Carolina,2015-10-01,802938.0,1647808.0
North Carolina,2015-11-01,800190.0,1643503.0
North Carolina,2015-12-01,795536.0,1617850.0
North Carolina,2016-01-01,785742.0,1605908.0
North Carolina,2016-02-01,782619.0,1602407.0
North Carolina,2016-03-01,777791.0,1598845.0
North Carolina,2016-04-01,767535.0,1570872.0
North Carolina,2016-05-01,762647.0,1566722.0
North Carolina,2016-06-01,747903.0,1543856.0
North Carolina,2016-07-01,712798.0,1475489.0
North Carolina,2016-08-01,705247.0,1477300.0
North Carolina,2016-09-01,703039.0,1470079.0
North Carolina,2016-10-01,832315.0,1624426.0
North Carolina,2016-11-01,814081.0,1522926.0
North Carolina,2016-12-01,791932.0,1479655.0
North Carolina,2017-01-01,786310.0,1470862.0
North Carolina,2017-02-01,775431.0,1458092.0
North Carolina,2017-03-01,768605.0,1448592.0
North Carolina,2017-04-01,674671.0,1428334.0
North Carolina,2017-05-01,668112.0,1404149.0
North Carolina,2017-06-01,669302.0,1407129.0
North Carolina,2017-07-01,664796.0,1398074.0
North Carolina,2017-08-01,665583.0,1402539.0
North Carolina,2017-09-01,665225.0,1401144.0
North Carolina,2017-10-01,666522.0,1400279.0
North Carolina,2017-11-01,663431.0,1393845.0
North Carolina,2017-12-01,659326.0,1383013.0
North Carolina,2018-01-01,655100.0,1371699.0
North Carolina,2018-02-01,650485.0,1358382.0
North Carolina,2018-03-01,648208.0,1355651.0
North Carolina,2018-04-01,640500.0,1338566.0
North Carolina,2018-05-01,639647.0,1338051.0
North Carolina,2018-06-01,639422.0,1336668.0
North Carolina,2018-07-01,635779.0,1328610.0
North Carolina,2018-08-01,609333.0,1266496.0
North Carolina,2018-09-01,610088.0,1262554.0
North Carolina,2018-10-01,787918.0,1691351.0
North Carolina,2018-11-01,665684.0,1393700.0
North Carolina,2018-12-01,637265.0,1326080.0
North Carolina,2019-01-01,637206.0,1322868.0
North Carolina,2019-02-01,49845.0,110659.0
North Carolina,2019-03-01,634567.0,1308432.0
North Carolina,2019-04-01,619367.0,1278787.0
North Carolina,2019-05-01,611574.0,1263343.0
North Carolina,2019-06-01,613520.0,1268103.0
North Carolina,2019-07-01,604527.0,1248711.0
North Carolina,2019-08-01,609333.0,1266496.0
North Carolina,2019-09-01,610088.0,1262554.0
North Carolina,2019-10-01,601618.0,1246272.0
North Carolina,2019-11-01,602038.0,1240853.0
North Carolina,2019-12-01,594121.0,1226872.0
North Carolina,2020-01-01,591077.0,1216760.0
North Carolina,2020-02-01,589058.0,1212763.0
North Carolina,2020-03-01,586510.0,1206166.0
North Carolina,2020-04-01,640727.0,1313052.0
North Carolina,2020-05-01,670635.0,1372211.0
North Carolina,2020-06-01,687480.0,1400796.0
North Carolina,2020-07-01,702273.0,1425991.0
North Carolina,2020-08-01,721002.0,1459026.0
North Carolina,2020-09-01,737124.0,1490031.0
North Carolina,2020-10-01,708785.0,1424340.0
North Carolina,2020-11-01,699588.0,1399143.0
North Carolina,2020-12-01,725252.0,1449615.0
North Carolina,2021-01-01,823055.0,1495798.0
North Carolina,2021-02-01,764565.0,1531023.0
North Carolina,2021-03-01,779674.0,1557339.0
North Carolina,2021-04-01,785245.0,1569109.0
North Carolina,2021-05-01,791955.0,1582403.0
North Carolina,2021-06-01,800351.0,1598098.0
North Carolina,2021-07-01,809770.0,1612506.0
North Carolina,2021-08-01,819093.0,1628719.0
North Carolina,2021-09-01,832144.0,1651835.0
North Carolina,2021-10-01,864775.0,1680600.0
North Carolina,2021-11-01,858201.0,1700709.0
North Carolina,2021-12-01,869457.0,1720044.0
North Carolina,2022-01-01,876491.0,1732124.0
North Carolina,2022-02-01,845518.0,1666555.0
North Carolina,2022-03-01,817152.0,1609101.0
North Carolina,2022-04-01,795599.0,1567026.0
North Carolina,2022-05-01,782697.0,1540942.0
North Carolina,2022-06-01,761877.0,1502118.0
North Carolina,2022-07-01,742554.0,1463355.0
North Carolina,2022-08-01,751775.0,1486498.0
North Carolina,2022-09-01,771774.0,1530082.0
North Carolina,2022-10-01,861393.0,1574428.0
North Carolina,2022-11-01,807449.0,1602051.0
North Carolina,2022-12-01,820258.0,1627594.0
North Carolina,2023-01-01,830182.0,1645838.0
North Carolina,2023-02-01,835987.0,1655190.0
North Carolina,2023-03-01,825189.0,1629534.0
North Carolina,2023-04-01,815928.0,1606929.0
North Carolina,2023-05-01,817920.0,1608992.0
North Carolina,2023-06-01,809315.0,1590833.0
North Carolina,2023-07-01,791508.0,1554490.0
North Carolina,2023-08-01,772737.0,1527557.0
North Carolina,2023-09-01,762168.0,1507866.0
North Carolina,2023-10-01,744799.0,1476280.0
North Carolina,2023-11-01,733940.0,1460067.0
North Carolina,2023-12-01,719203.0,1434075.0
North Carolina,2024-01-01,699541.0,1398399.0
North Carolina,2024-02-01,700415.0,1403890.0
North Carolina,2024-03-01,699607.0,1402015.0
North Carolina,2024-04-01,697467.0,1397364.0
North Carolina,2024-05-01,697118.0,1400599.0
North Carolina,2024-06-01,694154.0,1403524.0
North Carolina,2024-07-01,693472.0,1397586.0
North Carolina,2024-08-01,696811.0,1408180.0
North Carolina,2024-09-01,0.0,0.0
North Dakota,1988-10-01,13298.0,36315.0
North Dakota,1988-11-01,13708.0,37347.0
North Dakota,1988-12-01,14174.0,38926.0
North Dakota,1989-01-01,14327.0,39231.0
North Dakota,1989-02-01,14662.0,40145.0
North Dakota,1989-03-01,14825.0,40561.0
North Dakota,1989-04-01,14577.0,39494.0
North Dakota,1989-05-01,14198.0,38680.0
North Dakota,1989-06-01,14440.0,40314.0
North Dakota,1989-07-01,14128.0,38847.0
North Dakota,1989-08-01,13901.0,37536.0
North Dakota,1989-09-01,13771.0,36663.0
North Dakota,1989-10-01,13938.0,36746.0
North Dakota,1989-11-01,14403.0,37839.0
North Dakota,1989-12-01,14826.0,39310.0
North Dakota,1990-01-01,15098.0,40010.0
North Dakota,1990-02-01,15211.0,40325.0
North Dakota,1990-03-01,15315.0,40468.0
North Dakota,1990-04-01,15119.0,39988.0
North Dakota,1990-05-01,14866.0,39293.0
North Dakota,1990-06-01,14926.0,40321.0
North Dakota,1990-07-01,14747.0,39583.0
North Dakota,1990-08-01,14510.0,38333.0
North Dakota,1990-09-01,14267.0,37177.0
North Dakota,1990-10-01,14561.0,37753.0
North Dakota,1990-11-01,14908.0,38504.0
North Dakota,1990-12-01,15384.0,39980.0
North Dakota,1991-01-01,15781.0,41104.0
North Dakota,1991-02-01,15929.0,41470.0
North Dakota,1991-03-01,16005.0,41583.0
North Dakota,1991-04-01,15854.0,41246.0
North Dakota,1991-05-01,15796.0,41206.0
North Dakota,1991-06-01,15963.0,42665.0
North Dakota,1991-07-01,15863.0,41983.0
North Dakota,1991-08-01,15536.0,40464.0
North Dakota,1991-09-01,15317.0,39584.0
North Dakota,1991-10-01,15721.0,40382.0
North Dakota,1991-11-01,16187.0,41587.0
North Dakota,1991-12-01,17275.0,44519.0
North Dakota,1992-01-01,17672.0,45422.0
North Dakota,1992-02-01,18142.0,46798.0
North Dakota,1992-03-01,18412.0,47479.0
North Dakota,1992-04-01,18443.0,47504.0
North Dakota,1992-05-01,18179.0,46757.0
North Dakota,1992-06-01,18472.0,48417.0
North Dakota,1992-07-01,18197.0,47511.0
North Dakota,1992-08-01,18225.0,47224.0
North Dakota,1992-09-01,18169.0,46768.0
North Dakota,1992-10-01,18099.0,46320.0
North Dakota,1992-11-01,18477.0,47340.0
North Dakota,1992-12-01,18774.0,48095.0
North Dakota,1993-01-01,18921.0,48509.0
North Dakota,1993-02-01,19402.0,50043.0
North Dakota,1993-03-01,19495.0,49996.0
North Dakota,1993-04-01,19117.0,48945.0
North Dakota,1993-05-01,19076.0,49021.0
North Dakota,1993-06-01,19002.0,49357.0
North Dakota,1993-07-01,18495.0,47809.0
North Dakota,1993-08-01,18506.0,47793.0
North Dakota,1993-09-01,18262.0,46723.0
North Dakota,1993-10-01,17959.0,45392.0
North Dakota,1993-11-01,18066.0,45703.0
North Dakota,1993-12-01,18074.0,45522.0
North Dakota,1994-01-01,18495.0,46864.0
North Dakota,1994-02-01,18673.0,47297.0
North Dakota,1994-03-01,18791.0,47459.0
North Dakota,1994-04-01,18281.0,45996.0
North Dakota,1994-05-01,18105.0,45689.0
North Dakota,1994-06-01,17967.0,45908.0
North Dakota,1994-07-01,17388.0,44122.0
North Dakota,1994-08-01,17258.0,43384.0
North Dakota,1994-09-01,16826.0,41559.0
North Dakota,1994-10-01,16888.0,41636.0
North Dakota,1994-11-01,16896.0,41464.0
North Dakota,1994-12-01,16968.0,41536.0
North Dakota,1995-01-01,17168.0,42248.0
North Dakota,1995-02-01,17354.0,42897.0
North Dakota,1995-03-01,17068.0,41760.0
North Dakota,1995-04-01,17128.0,42221.0
North Dakota,1995-05-01,16880.0,41581.0
North Dakota,1995-06-01,16745.0,41608.0
North Dakota,1995-07-01,16485.0,40960.0
North Dakota,1995-08-01,16288.0,40179.0
North Dakota,1995-09-01,15941.0,38716.0
North Dakota,1995-10-01,16223.0,39183.0
North Dakota,1995-11-01,16473.0,39715.0
North Dakota,1995-12-01,16301.0,39215.0
North Dakota,1996-01-01,16653.0,40179.0
North Dakota,1996-02-01,16826.0,40820.0
North Dakota,1996-03-01,16851.0,40494.0
North Dakota,1996-04-01,16849.0,40932.0
North Dakota,1996-05-01,16520.0,40063.0
North Dakota,1996-06-01,16608.0,40943.0
North Dakota,1996-07-01,16238.0,39761.0
North Dakota,1996-08-01,15877.0,38407.0
North Dakota,1996-09-01,15819.0,38192.0
North Dakota,1996-10-01,15724.0,37650.0
North Dakota,1996-11-01,15600.0,37352.0
North Dakota,1996-12-01,15766.0,37928.0
North Dakota,1997-01-01,15676.0,37735.0
North Dakota,1997-02-01,16038.0,38897.0
North Dakota,1997-03-01,15849.0,38430.0
North Dakota,1997-04-01,17797.0,43826.0
North Dakota,1997-05-01,15994.0,38946.0
North Dakota,1997-06-01,15355.0,37554.0
North Dakota,1997-07-01,14755.0,36117.0
North Dakota,1997-08-01,14103.0,34115.0
North Dakota,1997-09-01,14047.0,33704.0
North Dakota,1997-10-01,13555.0,32323.0
North Dakota,1997-11-01,13987.0,33451.0
North Dakota,1997-12-01,14115.0,33866.0
North Dakota,1998-01-01,13904.0,33266.0
North Dakota,1998-02-01,14423.0,34895.0
North Dakota,1998-03-01,14482.0,34987.0
North Dakota,1998-04-01,14381.0,34733.0
North Dakota,1998-05-01,14052.0,33836.0
North Dakota,1998-06-01,13986.0,34050.0
North Dakota,1998-07-01,13717.0,33118.0
North Dakota,1998-08-01,13854.0,33671.0
North Dakota,1998-09-01,13844.0,33421.0
North Dakota,1998-10-01,13502.0,32155.0
North Dakota,1998-11-01,13829.0,33124.0
North Dakota,1998-12-01,14031.0,33654.0
North Dakota,1999-01-01,14088.0,33829.0
North Dakota,1999-02-01,14356.0,34626.0
North Dakota,1999-03-01,14361.0,34474.0
North Dakota,1999-04-01,14031.0,33649.0
North Dakota,1999-05-01,14096.0,33904.0
North Dakota,1999-06-01,13991.0,33874.0
North Dakota,1999-07-01,13616.0,32682.0
North Dakota,1999-08-01,13710.0,33054.0
North Dakota,1999-09-01,13611.0,32219.0
North Dakota,1999-10-01,13278.0,31177.0
North Dakota,1999-11-01,13607.0,31958.0
North Dakota,1999-12-01,13540.0,31636.0
North Dakota,2000-01-01,13810.0,32441.0
North Dakota,2000-02-01,13931.0,32787.0
North Dakota,2000-03-01,13758.0,31973.0
North Dakota,2000-04-01,13925.0,32674.0
North Dakota,2000-05-01,13716.0,31972.0
North Dakota,2000-06-01,13411.0,31321.0
North Dakota,2000-07-01,13482.0,31667.0
North Dakota,2000-08-01,13435.0,31430.0
North Dakota,2000-09-01,13351.0,30853.0
North Dakota,2000-10-01,14447.0,33994.0
North Dakota,2000-11-01,15006.0,35485.0
North Dakota,2000-12-01,15483.0,36780.0
North Dakota,2001-01-01,15898.0,37812.0
North Dakota,2001-02-01,16067.0,38177.0
North Dakota,2001-03-01,16330.0,38757.0
North Dakota,2001-04-01,16347.0,38768.0
North Dakota,2001-05-01,16364.0,38841.0
North Dakota,2001-06-01,16261.0,38649.0
North Dakota,2001-07-01,16246.0,38616.0
North Dakota,2001-08-01,16354.0,38838.0
North Dakota,2001-09-01,16252.0,38340.0
North Dakota,2001-10-01,15417.0,35543.0
North Dakota,2001-11-01,15259.0,34986.0
North Dakota,2001-12-01,15710.0,36352.0
North Dakota,2002-01-01,15931.0,36998.0
North Dakota,2002-02-01,16185.0,37800.0
North Dakota,2002-03-01,15975.0,36987.0
North Dakota,2002-04-01,16268.0,37828.0
North Dakota,2002-05-01,15893.0,36585.0
North Dakota,2002-06-01,16074.0,37382.0
North Dakota,2002-07-01,15950.0,36938.0
North Dakota,2002-08-01,15915.0,36524.0
North Dakota,2002-09-01,16205.0,37454.0
North Dakota,2002-10-01,16383.0,37611.0
North Dakota,2002-11-01,16478.0,37627.0
North Dakota,2002-12-01,16851.0,38751.0
North Dakota,2003-01-01,16899.0,38502.0
North Dakota,2003-02-01,17551.0,40456.0
North Dakota,2003-03-01,17774.0,40890.0
North Dakota,2003-04-01,17846.0,40982.0
North Dakota,2003-05-01,17535.0,40072.0
North Dakota,2003-06-01,17571.0,40752.0
North Dakota,2003-07-01,17415.0,40277.0
North Dakota,2003-08-01,17348.0,39725.0
North Dakota,2003-09-01,17622.0,40314.0
North Dakota,2003-10-01,17545.0,39547.0
North Dakota,2003-11-01,18179.0,41373.0
North Dakota,2003-12-01,18298.0,41571.0
North Dakota,2004-01-01,18215.0,41095.0
North Dakota,2004-02-01,18794.0,42693.0
North Dakota,2004-03-01,18894.0,42668.0
North Dakota,2004-04-01,18576.0,41753.0
North Dakota,2004-05-01,18656.0,42086.0
North Dakota,2004-06-01,18497.0,41675.0
North Dakota,2004-07-01,17971.0,40054.0
North Dakota,2004-08-01,18474.0,41574.0
North Dakota,2004-09-01,18378.0,40966.0
North Dakota,2004-10-01,18202.0,40163.0
North Dakota,2004-11-01,18618.0,41460.0
North Dakota,2004-12-01,18426.0,40666.0
North Dakota,2005-01-01,19183.0,43180.0
North Dakota,2005-02-01,19314.0,43516.0
North Dakota,2005-03-01,19357.0,43389.0
North Dakota,2005-04-01,19218.0,42866.0
North Dakota,2005-05-01,19225.0,42917.0
North Dakota,2005-06-01,19075.0,42609.0
North Dakota,2005-07-01,18682.0,41727.0
North Dakota,2005-08-01,19026.0,42552.0
North Dakota,2005-09-01,18797.0,41408.0
North Dakota,2005-10-01,19127.0,42417.0
North Dakota,2005-11-01,19226.0,42535.0
North Dakota,2005-12-01,18941.0,41434.0
North Dakota,2006-01-01,19559.0,43366.0
North Dakota,2006-02-01,19624.0,43520.0
North Dakota,2006-03-01,19468.0,42699.0
North Dakota,2006-04-01,19740.0,43841.0
North Dakota,2006-05-01,19467.0,42984.0
North Dakota,2006-06-01,18905.0,41542.0
North Dakota,2006-07-01,19190.0,42499.0
North Dakota,2006-08-01,19243.0,42578.0
North Dakota,2006-09-01,18965.0,41501.0
North Dakota,2006-10-01,19347.0,42474.0
North Dakota,2006-11-01,19471.0,42829.0
North Dakota,2006-12-01,19457.0,42736.0
North Dakota,2007-01-01,19954.0,44061.0
North Dakota,2007-02-01,20101.0,44346.0
North Dakota,2007-03-01,20447.0,45141.0
North Dakota,2007-04-01,20923.0,46379.0
North Dakota,2007-05-01,21010.0,46547.0
North Dakota,2007-06-01,21002.0,46614.0
North Dakota,2007-07-01,20912.0,46571.0
North Dakota,2007-08-01,21038.0,46904.0
North Dakota,2007-09-01,21075.0,46866.0
North Dakota,2007-10-01,21287.0,47306.0
North Dakota,2007-11-01,21437.0,47543.0
North Dakota,2007-12-01,21540.0,47762.0
North Dakota,2008-01-01,21684.0,48130.0
North Dakota,2008-02-01,21846.0,48481.0
North Dakota,2008-03-01,21933.0,48674.0
North Dakota,2008-04-01,22065.0,48998.0
North Dakota,2008-05-01,22073.0,48959.0
North Dakota,2008-06-01,21977.0,48688.0
North Dakota,2008-07-01,22001.0,48838.0
North Dakota,2008-08-01,21951.0,48714.0
North Dakota,2008-09-01,22102.0,48849.0
North Dakota,2008-10-01,22360.0,49293.0
North Dakota,2008-11-01,22474.0,49575.0
North Dakota,2008-12-01,22800.0,50316.0
North Dakota,2009-01-01,23081.0,51074.0
North Dakota,2009-02-01,23248.0,51501.0
North Dakota,2009-03-01,23637.0,52371.0
North Dakota,2009-04-01,24115.0,53390.0
North Dakota,2009-05-01,24485.0,54282.0
North Dakota,2009-06-01,24998.0,55326.0
North Dakota,2009-07-01,25296.0,56025.0
North Dakota,2009-08-01,25534.0,56529.0
North Dakota,2009-09-01,25835.0,57153.0
North Dakota,2009-10-01,26160.0,57681.0
North Dakota,2009-11-01,26418.0,58174.0
North Dakota,2009-12-01,26709.0,58796.0
North Dakota,2010-01-01,26960.0,59360.0
North Dakota,2010-02-01,27161.0,59591.0
North Dakota,2010-03-01,27488.0,60297.0
North Dakota,2010-04-01,27551.0,60473.0
North Dakota,2010-05-01,27493.0,60414.0
North Dakota,2010-06-01,27624.0,60774.0
North Dakota,2010-07-01,27602.0,60822.0
North Dakota,2010-08-01,27737.0,61049.0
North Dakota,2010-09-01,27878.0,61229.0
North Dakota,2010-10-01,27754.0,60638.0
North Dakota,2010-11-01,27884.0,60681.0
North Dakota,2010-12-01,28053.0,60947.0
North Dakota,2011-01-01,28202.0,61362.0
North Dakota,2011-02-01,28060.0,61177.0
North Dakota,2011-03-01,27994.0,61049.0
North Dakota,2011-04-01,27811.0,60851.0
North Dakota,2011-05-01,27638.0,60333.0
North Dakota,2011-06-01,27674.0,60451.0
North Dakota,2011-07-01,28593.0,62956.0
North Dakota,2011-08-01,27564.0,60369.0
North Dakota,2011-09-01,27483.0,60011.0
North Dakota,2011-10-01,27292.0,59383.0
North Dakota,2011-11-01,27380.0,59334.0
North Dakota,2011-12-01,27549.0,59600.0
North Dakota,2012-01-01,27446.0,59501.0
North Dakota,2012-02-01,27375.0,59195.0
North Dakota,2012-03-01,27355.0,59134.0
North Dakota,2012-04-01,27143.0,58575.0
North Dakota,2012-05-01,27181.0,58379.0
North Dakota,2012-06-01,27122.0,58243.0
North Dakota,2012-07-01,27058.0,57901.0
North Dakota,2012-08-01,27260.0,58400.0
North Dakota,2012-09-01,27061.0,57911.0
North Dakota,2012-10-01,27085.0,57911.0
North Dakota,2012-11-01,26948.0,57565.0
North Dakota,2012-12-01,26884.0,57610.0
North Dakota,2013-01-01,26953.0,57658.0
North Dakota,2013-02-01,26734.0,57449.0
North Dakota,2013-03-01,26423.0,56918.0
North Dakota,2013-04-01,26283.0,56676.0
North Dakota,2013-05-01,25993.0,56136.0
North Dakota,2013-06-01,25783.0,55721.0
North Dakota,2013-07-01,25474.0,55125.0
North Dakota,2013-08-01,25404.0,55005.0
North Dakota,2013-09-01,25275.0,54500.0
North Dakota,2013-10-01,25131.0,54025.0
North Dakota,2013-11-01,24985.0,53753.0
North Dakota,2013-12-01,24869.0,53570.0
North Dakota,2014-01-01,25063.0,53943.0
North Dakota,2014-02-01,25094.0,54093.0
North Dakota,2014-03-01,25157.0,54089.0
North Dakota,2014-04-01,25229.0,54174.0
North Dakota,2014-05-01,25206.0,54159.0
North Dakota,2014-06-01,25028.0,53752.0
North Dakota,2014-07-01,24843.0,53252.0
North Dakota,2014-08-01,24794.0,53194.0
North Dakota,2014-09-01,24735.0,53034.0
North Dakota,2014-10-01,24660.0,52862.0
North Dakota,2014-11-01,24517.0,52505.0
North Dakota,2014-12-01,24639.0,52808.0
North Dakota,2015-01-01,24749.0,53005.0
North Dakota,2015-02-01,24796.0,53265.0
North Dakota,2015-03-01,24886.0,53568.0
North Dakota,2015-04-01,25003.0,53760.0
North Dakota,2015-05-01,24826.0,53185.0
North Dakota,2015-06-01,24835.0,53293.0
North Dakota,2015-07-01,24804.0,53217.0
North Dakota,2015-08-01,24725.0,52980.0
North Dakota,2015-09-01,24807.0,53323.0
North Dakota,2015-10-01,24854.0,53271.0
North Dakota,2015-11-01,24891.0,53344.0
North Dakota,2015-12-01,25105.0,53886.0
North Dakota,2016-01-01,25242.0,54125.0
North Dakota,2016-02-01,25333.0,54395.0
North Dakota,2016-03-01,25446.0,54526.0
North Dakota,2016-04-01,25442.0,54652.0
North Dakota,2016-05-01,25373.0,54538.0
North Dakota,2016-06-01,25401.0,54736.0
North Dakota,2016-07-01,25222.0,54330.0
North Dakota,2016-08-01,25421.0,54602.0
North Dakota,2016-09-01,25408.0,54622.0
North Dakota,2016-10-01,25252.0,54124.0
North Dakota,2016-11-01,25265.0,53995.0
North Dakota,2016-12-01,25227.0,53801.0
North Dakota,2017-01-01,25276.0,53861.0
North Dakota,2017-02-01,25289.0,53987.0
North Dakota,2017-03-01,25328.0,53941.0
North Dakota,2017-04-01,25279.0,53744.0
North Dakota,2017-05-01,25229.0,53672.0
North Dakota,2017-06-01,25260.0,53668.0
North Dakota,2017-07-01,25009.0,53170.0
North Dakota,2017-08-01,25208.0,53493.0
North Dakota,2017-09-01,25253.0,53523.0
North Dakota,2017-10-01,25253.0,53403.0
North Dakota,2017-11-01,25362.0,53396.0
North Dakota,2017-12-01,25340.0,53269.0
North Dakota,2018-01-01,25457.0,53547.0
North Dakota,2018-02-01,25410.0,53355.0
North Dakota,2018-03-01,25306.0,53179.0
North Dakota,2018-04-01,25224.0,52896.0
North Dakota,2018-05-01,25087.0,52718.0
North Dakota,2018-06-01,24932.0,52316.0
North Dakota,2018-07-01,24602.0,51457.0
North Dakota,2018-08-01,24501.0,51183.0
North Dakota,2018-09-01,24385.0,50733.0
North Dakota,2018-10-01,24326.0,50503.0
North Dakota,2018-11-01,24167.0,50048.0
North Dakota,2018-12-01,23906.0,49586.0
North Dakota,2019-01-01,23904.0,49813.0
North Dakota,2019-02-01,3256.0,7638.0
North Dakota,2019-03-01,23479.0,48422.0
North Dakota,2019-04-01,23329.0,48096.0
North Dakota,2019-05-01,23307.0,48095.0
North Dakota,2019-06-01,23188.0,47783.0
North Dakota,2019-07-01,23110.0,47645.0
North Dakota,2019-08-01,23206.0,48043.0
North Dakota,2019-09-01,23192.0,48070.0
North Dakota,2019-10-01,23225.0,48243.0
North Dakota,2019-11-01,22884.0,47484.0
North Dakota,2019-12-01,22895.0,47432.0
North Dakota,2020-01-01,23041.0,47804.0
North Dakota,2020-02-01,22907.0,47673.0
North Dakota,2020-03-01,23079.0,48059.0
North Dakota,2020-04-01,24952.0,51483.0
North Dakota,2020-05-01,23380.0,49295.0
North Dakota,2020-06-01,14240.0,29525.0
North Dakota,2020-07-01,21731.0,44647.0
North Dakota,2020-08-01,22070.0,44731.0
North Dakota,2020-09-01,22639.0,46731.0
North Dakota,2020-10-01,23330.0,48341.0
North Dakota,2020-11-01,23849.0,49663.0
North Dakota,2020-12-01,24433.0,50969.0
North Dakota,2021-01-01,24759.0,51432.0
North Dakota,2021-02-01,24698.0,51096.0
North Dakota,2021-03-01,24841.0,51264.0
North Dakota,2021-04-01,24542.0,50707.0
North Dakota,2021-05-01,25861.0,53441.0
North Dakota,2021-06-01,24121.0,49463.0
North Dakota,2021-07-01,24212.0,49598.0
North Dakota,2021-08-01,24242.0,49420.0
North Dakota,2021-09-01,24206.0,49124.0
North Dakota,2021-10-01,24129.0,48773.0
North Dakota,2021-11-01,24228.0,48777.0
North Dakota,2021-12-01,24205.0,48630.0
North Dakota,2022-01-01,23911.0,48017.0
North Dakota,2022-02-01,23560.0,47289.0
North Dakota,2022-03-01,23845.0,47766.0
North Dakota,2022-04-01,23691.0,47349.0
North Dakota,2022-05-01,23660.0,47923.0
North Dakota,2022-06-01,23813.0,47609.0
North Dakota,2022-07-01,23465.0,45585.0
North Dakota,2022-08-01,23344.0,45945.0
North Dakota,2022-09-01,23050.0,45336.0
North Dakota,2022-10-01,23120.0,45336.0
North Dakota,2022-11-01,23200.0,45555.0
North Dakota,2022-12-01,23137.0,45507.0
North Dakota,2023-01-01,22971.0,45157.0
North Dakota,2023-02-01,22764.0,44805.0
North Dakota,2023-03-01,22730.0,44783.0
North Dakota,2023-04-01,22355.0,44115.0
North Dakota,2023-05-01,22775.0,44911.0
North Dakota,2023-06-01,22938.0,45212.0
North Dakota,2023-07-01,22786.0,45030.0
North Dakota,2023-08-01,23234.0,45873.0
North Dakota,2023-09-01,23090.0,45553.0
North Dakota,2023-10-01,23257.0,45952.0
North Dakota,2023-11-01,23212.0,45877.0
North Dakota,2023-12-01,23334.0,45785.0
North Dakota,2024-01-01,23725.0,46632.0
North Dakota,2024-02-01,23910.0,47001.0
North Dakota,2024-03-01,24498.0,48158.0
North Dakota,2024-04-01,25144.0,49416.0
North Dakota,2024-05-01,25508.0,50220.0
North Dakota,2024-06-01,25819.0,50819.0
North Dakota,2024-07-01,26082.0,50324.0
North Dakota,2024-08-01,26347.0,51863.0
North Dakota,2024-09-01,0.0,0.0
Ohio,1988-10-01,440271.0,1053529.0
Ohio,1988-11-01,439107.0,1045858.0
Ohio,1988-12-01,443778.0,1058423.0
Ohio,1989-01-01,448795.0,1067042.0
Ohio,1989-02-01,450242.0,1072523.0
Ohio,1989-03-01,454370.0,1081498.0
Ohio,1989-04-01,453063.0,1078666.0
Ohio,1989-05-01,453351.0,1077613.0
Ohio,1989-06-01,453863.0,1076850.0
Ohio,1989-07-01,450958.0,1071114.0
Ohio,1989-08-01,451969.0,1072680.0
Ohio,1989-09-01,447482.0,1059902.0
Ohio,1989-10-01,446500.0,1056016.0
Ohio,1989-11-01,447008.0,1055327.0
Ohio,1989-12-01,446349.0,1053593.0
Ohio,1990-01-01,446657.0,1055437.0
Ohio,1990-02-01,447739.0,1056106.0
Ohio,1990-03-01,474196.0,1116715.0
Ohio,1990-04-01,473030.0,1113955.0
Ohio,1990-05-01,472142.0,1111817.0
Ohio,1990-06-01,472928.0,1114998.0
Ohio,1990-07-01,472259.0,1111276.0
Ohio,1990-08-01,474012.0,1114887.0
Ohio,1990-09-01,473274.0,1113690.0
Ohio,1990-10-01,478886.0,1123340.0
Ohio,1990-11-01,477487.0,1122354.0
Ohio,1990-12-01,483031.0,1134864.0
Ohio,1991-01-01,490665.0,1150797.0
Ohio,1991-02-01,494160.0,1161282.0
Ohio,1991-03-01,501488.0,1181346.0
Ohio,1991-04-01,501530.0,1181380.0
Ohio,1991-05-01,511415.0,1201594.0
Ohio,1991-06-01,509230.0,1197336.0
Ohio,1991-07-01,511505.0,1200735.0
Ohio,1991-08-01,513071.0,1205762.0
Ohio,1991-09-01,510320.0,1194873.0
Ohio,1991-10-01,519189.0,1201865.0
Ohio,1991-11-01,517072.0,1222227.0
Ohio,1991-12-01,528919.0,1246907.0
Ohio,1992-01-01,533055.0,1256406.0
Ohio,1992-02-01,529380.0,1247988.0
Ohio,1992-03-01,537150.0,1263694.0
Ohio,1992-04-01,541771.0,1265579.0
Ohio,1992-05-01,520635.0,1248544.0
Ohio,1992-06-01,538214.0,1275023.0
Ohio,1992-07-01,542859.0,1282581.0
Ohio,1992-08-01,518944.0,1247751.0
Ohio,1992-09-01,521538.0,1249001.0
Ohio,1992-10-01,531144.0,1255109.0
Ohio,1992-11-01,522323.0,1246647.0
Ohio,1992-12-01,531024.0,1261299.0
Ohio,1993-01-01,532440.0,1267404.0
Ohio,1993-02-01,533563.0,1267149.0
Ohio,1993-03-01,539772.0,1279748.0
Ohio,1993-04-01,538425.0,1277383.0
Ohio,1993-05-01,537161.0,1274151.0
Ohio,1993-06-01,538028.0,1275501.0
Ohio,1993-07-01,533721.0,1266059.0
Ohio,1993-08-01,547816.0,1300162.0
Ohio,1993-09-01,532336.0,1260484.0
Ohio,1993-10-01,532541.0,1257736.0
Ohio,1993-11-01,534915.0,1259861.0
Ohio,1993-12-01,535548.0,1259809.0
Ohio,1994-01-01,537009.0,1263401.0
Ohio,1994-02-01,535090.0,1257130.0
Ohio,1994-03-01,542105.0,1269050.0
Ohio,1994-04-01,533953.0,1250627.0
Ohio,1994-05-01,533085.0,1246012.0
Ohio,1994-06-01,528123.0,1233946.0
Ohio,1994-07-01,522538.0,1219752.0
Ohio,1994-08-01,524220.0,1220324.0
Ohio,1994-09-01,518831.0,1204918.0
Ohio,1994-10-01,516898.0,1195961.0
Ohio,1994-11-01,517755.0,1189191.0
Ohio,1994-12-01,516513.0,1187045.0
Ohio,1995-01-01,517014.0,1185853.0
Ohio,1995-02-01,517550.0,1172490.0
Ohio,1995-03-01,517709.0,1180912.0
Ohio,1995-04-01,505623.0,1152892.0
Ohio,1995-05-01,505426.0,1147301.0
Ohio,1995-06-01,494317.0,1127777.0
Ohio,1995-07-01,489067.0,1117018.0
Ohio,1995-08-01,485873.0,1112695.0
Ohio,1995-09-01,482394.0,1096742.0
Ohio,1995-10-01,477848.0,1092786.0
Ohio,1995-11-01,471002.0,1077728.0
Ohio,1995-12-01,470862.0,1076675.0
Ohio,1996-01-01,472190.0,1078557.0
Ohio,1996-02-01,473614.0,1058312.0
Ohio,1996-03-01,467196.0,1065554.0
Ohio,1996-04-01,464628.0,1053985.0
Ohio,1996-05-01,447374.0,1036070.0
Ohio,1996-06-01,447087.0,1035321.0
Ohio,1996-07-01,448231.0,1011784.0
Ohio,1996-08-01,438533.0,987983.0
Ohio,1996-09-01,430529.0,966034.0
Ohio,1996-10-01,422520.0,945736.0
Ohio,1996-11-01,410119.0,916120.0
Ohio,1996-12-01,411181.0,918303.0
Ohio,1997-01-01,408198.0,913302.0
Ohio,1997-02-01,398869.0,892339.0
Ohio,1997-03-01,397915.0,893127.0
Ohio,1997-04-01,384798.0,868782.0
Ohio,1997-05-01,373538.0,846390.0
Ohio,1997-06-01,370696.0,839071.0
Ohio,1997-07-01,367306.0,829712.0
Ohio,1997-08-01,359647.0,810009.0
Ohio,1997-09-01,359713.0,809849.0
Ohio,1997-10-01,352637.0,792646.0
Ohio,1997-11-01,345158.0,773913.0
Ohio,1997-12-01,345193.0,772803.0
Ohio,1998-01-01,361066.0,782918.0
Ohio,1998-02-01,332913.0,740232.0
Ohio,1998-03-01,334908.0,744071.0
Ohio,1998-04-01,324446.0,716604.0
Ohio,1998-05-01,323332.0,714057.0
Ohio,1998-06-01,321821.0,709438.0
Ohio,1998-07-01,315910.0,693748.0
Ohio,1998-08-01,312520.0,684869.0
Ohio,1998-09-01,309467.0,677477.0
Ohio,1998-10-01,304744.0,665572.0
Ohio,1998-11-01,298945.0,653307.0
Ohio,1998-12-01,303161.0,661747.0
Ohio,1999-01-01,294606.0,643678.0
Ohio,1999-02-01,292304.0,638624.0
Ohio,1999-03-01,298996.0,653128.0
Ohio,1999-04-01,293932.0,640650.0
Ohio,1999-05-01,291420.0,636619.0
Ohio,1999-06-01,290591.0,632727.0
Ohio,1999-07-01,284578.0,618471.0
Ohio,1999-08-01,285163.0,620090.0
Ohio,1999-09-01,282019.0,612824.0
Ohio,1999-10-01,280643.0,610322.0
Ohio,1999-11-01,281274.0,614057.0
Ohio,1999-12-01,276868.0,606625.0
Ohio,2000-01-01,280205.0,614203.0
Ohio,2000-02-01,276462.0,604471.0
Ohio,2000-03-01,281724.0,616923.0
Ohio,2000-04-01,275630.0,603306.0
Ohio,2000-05-01,282518.0,617334.0
Ohio,2000-06-01,278402.0,607696.0
Ohio,2000-07-01,278189.0,606876.0
Ohio,2000-08-01,280035.0,608958.0
Ohio,2000-09-01,278142.0,605833.0
Ohio,2000-10-01,285529.0,622396.0
Ohio,2000-11-01,280303.0,610428.0
Ohio,2000-12-01,283252.0,620507.0
Ohio,2001-01-01,287811.0,630057.0
Ohio,2001-02-01,283718.0,618934.0
Ohio,2001-03-01,294321.0,645296.0
Ohio,2001-04-01,294127.0,644531.0
Ohio,2001-05-01,295862.0,648599.0
Ohio,2001-06-01,295556.0,649113.0
Ohio,2001-07-01,301930.0,664752.0
Ohio,2001-08-01,301872.0,664210.0
Ohio,2001-09-01,302387.0,667234.0
Ohio,2001-10-01,313377.0,692533.0
Ohio,2001-11-01,312510.0,691007.0
Ohio,2001-12-01,324414.0,722426.0
Ohio,2002-01-01,324700.0,719549.0
Ohio,2002-02-01,324323.0,719372.0
Ohio,2002-03-01,334074.0,744274.0
Ohio,2002-04-01,336390.0,747336.0
Ohio,2002-05-01,336244.0,745895.0
Ohio,2002-06-01,334917.0,745694.0
Ohio,2002-07-01,341318.0,758750.0
Ohio,2002-08-01,340289.0,755179.0
Ohio,2002-09-01,347569.0,774138.0
Ohio,2002-10-01,351621.0,783188.0
Ohio,2002-11-01,358128.0,805933.0
Ohio,2002-12-01,373571.0,843654.0
Ohio,2003-01-01,373209.0,842673.0
Ohio,2003-02-01,370810.0,837072.0
Ohio,2003-03-01,381975.0,861251.0
Ohio,2003-04-01,380226.0,854973.0
Ohio,2003-05-01,385793.0,871824.0
Ohio,2003-06-01,392936.0,888788.0
Ohio,2003-07-01,391962.0,886435.0
Ohio,2003-08-01,392206.0,886654.0
Ohio,2003-09-01,399810.0,902372.0
Ohio,2003-10-01,401120.0,903658.0
Ohio,2003-11-01,399266.0,903821.0
Ohio,2003-12-01,414062.0,937731.0
Ohio,2004-01-01,411471.0,932221.0
Ohio,2004-02-01,414171.0,935554.0
Ohio,2004-03-01,425486.0,957904.0
Ohio,2004-04-01,423078.0,950493.0
Ohio,2004-05-01,425024.0,958356.0
Ohio,2004-06-01,429505.0,967221.0
Ohio,2004-07-01,426922.0,961844.0
Ohio,2004-08-01,431000.0,969422.0
Ohio,2004-09-01,430141.0,966994.0
Ohio,2004-10-01,434346.0,975382.0
Ohio,2004-11-01,436381.0,983705.0
Ohio,2004-12-01,443873.0,997064.0
Ohio,2005-01-01,447995.0,1007283.0
Ohio,2005-02-01,438963.0,988560.0
Ohio,2005-03-01,454051.0,1018259.0
Ohio,2005-04-01,448336.0,1006365.0
Ohio,2005-05-01,455963.0,1023603.0
Ohio,2005-06-01,451052.0,1010979.0
Ohio,2005-07-01,451695.0,1014775.0
Ohio,2005-08-01,459049.0,1029376.0
Ohio,2005-09-01,460589.0,1030714.0
Ohio,2005-10-01,465959.0,1041695.0
Ohio,2005-11-01,466221.0,1041960.0
Ohio,2005-12-01,471694.0,1055644.0
Ohio,2006-01-01,471141.0,1051528.0
Ohio,2006-02-01,466011.0,1041075.0
Ohio,2006-03-01,504707.0,1115159.0
Ohio,2006-04-01,458463.0,1046448.0
Ohio,2006-05-01,487016.0,1069641.0
Ohio,2006-06-01,489169.0,1074637.0
Ohio,2006-07-01,510025.0,1089873.0
Ohio,2006-08-01,489804.0,1073612.0
Ohio,2006-09-01,486776.0,1065764.0
Ohio,2006-10-01,488603.0,1068748.0
Ohio,2006-11-01,485788.0,1062089.0
Ohio,2006-12-01,491383.0,1074047.0
Ohio,2007-01-01,491430.0,1074737.0
Ohio,2007-02-01,482817.0,1054734.0
Ohio,2007-03-01,488573.0,1067689.0
Ohio,2007-04-01,489412.0,1067102.0
Ohio,2007-05-01,495086.0,1081748.0
Ohio,2007-06-01,497608.0,1088223.0
Ohio,2007-07-01,499609.0,1090411.0
Ohio,2007-08-01,502185.0,1098232.0
Ohio,2007-09-01,501235.0,1093405.0
Ohio,2007-10-01,508332.0,1109676.0
Ohio,2007-11-01,509820.0,1114120.0
Ohio,2007-12-01,515483.0,1128005.0
Ohio,2008-01-01,520328.0,1139495.0
Ohio,2008-02-01,515244.0,1126397.0
Ohio,2008-03-01,523183.0,1142836.0
Ohio,2008-04-01,527280.0,1152412.0
Ohio,2008-05-01,531170.0,1160225.0
Ohio,2008-06-01,535447.0,1169351.0
Ohio,2008-07-01,538098.0,1174333.0
Ohio,2008-08-01,540411.0,1178935.0
Ohio,2008-09-01,556798.0,1215346.0
Ohio,2008-10-01,555430.0,1208500.0
Ohio,2008-11-01,563177.0,1223762.0
Ohio,2008-12-01,580934.0,1264803.0
Ohio,2009-01-01,592749.0,1287349.0
Ohio,2009-02-01,601377.0,1307285.0
Ohio,2009-03-01,618255.0,1343251.0
Ohio,2009-04-01,630194.0,1367343.0
Ohio,2009-05-01,644996.0,1401927.0
Ohio,2009-06-01,663353.0,1442644.0
Ohio,2009-07-01,671155.0,1456145.0
Ohio,2009-08-01,683132.0,1481385.0
Ohio,2009-09-01,695111.0,1504550.0
Ohio,2009-10-01,703403.0,1519305.0
Ohio,2009-11-01,715315.0,1542230.0
Ohio,2009-12-01,731783.0,1576682.0
Ohio,2010-01-01,734901.0,1579716.0
Ohio,2010-02-01,736638.0,1580984.0
Ohio,2010-03-01,749188.0,1604132.0
Ohio,2010-04-01,754362.0,1611878.0
Ohio,2010-05-01,759443.0,1620244.0
Ohio,2010-06-01,772109.0,1646418.0
Ohio,2010-07-01,776734.0,1652927.0
Ohio,2010-08-01,786702.0,1670671.0
Ohio,2010-09-01,795008.0,1683877.0
Ohio,2010-10-01,809908.0,1710948.0
Ohio,2010-11-01,837162.0,1772608.0
Ohio,2010-12-01,849568.0,1795578.0
Ohio,2011-01-01,855273.0,1805861.0
Ohio,2011-02-01,856883.0,1807165.0
Ohio,2011-03-01,868903.0,1830051.0
Ohio,2011-04-01,858135.0,1801679.0
Ohio,2011-05-01,851810.0,1781487.0
Ohio,2011-06-01,846044.0,1767340.0
Ohio,2011-07-01,842228.0,1756228.0
Ohio,2011-08-01,847585.0,1765519.0
Ohio,2011-09-01,845019.0,1756380.0
Ohio,2011-10-01,850986.0,1766584.0
Ohio,2011-11-01,861833.0,1793380.0
Ohio,2011-12-01,873900.0,1816920.0
Ohio,2012-01-01,879758.0,1827815.0
Ohio,2012-02-01,881517.0,1830187.0
Ohio,2012-03-01,888212.0,1842315.0
Ohio,2012-04-01,881745.0,1824217.0
Ohio,2012-05-01,874097.0,1803697.0
Ohio,2012-06-01,869297.0,1790955.0
Ohio,2012-07-01,888924.0,1831862.0
Ohio,2012-08-01,869189.0,1787919.0
Ohio,2012-09-01,866475.0,1779101.0
Ohio,2012-10-01,878574.0,1804887.0
Ohio,2012-11-01,883094.0,1816409.0
Ohio,2012-12-01,890184.0,1832777.0
Ohio,2013-01-01,896188.0,1845325.0
Ohio,2013-02-01,892714.0,1837229.0
Ohio,2013-03-01,901062.0,1853963.0
Ohio,2013-04-01,898796.0,1844692.0
Ohio,2013-05-01,893965.0,1830161.0
Ohio,2013-06-01,887854.0,1815695.0
Ohio,2013-07-01,887470.0,1813874.0
Ohio,2013-08-01,882497.0,1802036.0
Ohio,2013-09-01,880728.0,1799050.0
Ohio,2013-10-01,881591.0,1799770.0
Ohio,2013-11-01,873996.0,1787984.0
Ohio,2013-12-01,878326.0,1799993.0
Ohio,2014-01-01,862730.0,1775855.0
Ohio,2014-02-01,852325.0,1757718.0
Ohio,2014-03-01,851516.0,1760557.0
Ohio,2014-04-01,847031.0,1750373.0
Ohio,2014-05-01,841476.0,1735294.0
Ohio,2014-06-01,840090.0,1730818.0
Ohio,2014-07-01,835600.0,1719027.0
Ohio,2014-08-01,830191.0,1706254.0
Ohio,2014-09-01,828795.0,1701979.0
Ohio,2014-10-01,828300.0,1700025.0
Ohio,2014-11-01,826962.0,1697147.0
Ohio,2014-12-01,833307.0,1710427.0
Ohio,2015-01-01,824811.0,1690273.0
Ohio,2015-02-01,819840.0,1680384.0
Ohio,2015-03-01,824993.0,1691441.0
Ohio,2015-04-01,815545.0,1671103.0
Ohio,2015-05-01,826054.0,1695975.0
Ohio,2015-06-01,812063.0,1659826.0
Ohio,2015-07-01,807362.0,1648146.0
Ohio,2015-08-01,804027.0,1638850.0
Ohio,2015-09-01,801187.0,1631559.0
Ohio,2015-10-01,800414.0,1629349.0
Ohio,2015-11-01,803375.0,1634213.0
Ohio,2015-12-01,808323.0,1643233.0
Ohio,2016-01-01,800879.0,1627589.0
Ohio,2016-02-01,802212.0,1629165.0
Ohio,2016-03-01,802371.0,1628168.0
Ohio,2016-04-01,794757.0,1610098.0
Ohio,2016-05-01,792123.0,1601833.0
Ohio,2016-06-01,787425.0,1591757.0
Ohio,2016-07-01,777072.0,1566937.0
Ohio,2016-08-01,781334.0,1576754.0
Ohio,2016-09-01,776792.0,1564498.0
Ohio,2016-10-01,772204.0,1553901.0
Ohio,2016-11-01,769299.0,1549654.0
Ohio,2016-12-01,764808.0,1539886.0
Ohio,2017-01-01,761374.0,1532807.0
Ohio,2017-02-01,750172.0,1510943.0
Ohio,2017-03-01,755927.0,1522223.0
Ohio,2017-04-01,742822.0,1491788.0
Ohio,2017-05-01,742351.0,1490125.0
Ohio,2017-06-01,736138.0,1476547.0
Ohio,2017-07-01,714319.0,1445160.0
Ohio,2017-08-01,728154.0,1459106.0
Ohio,2017-09-01,723396.0,1449403.0
Ohio,2017-10-01,726155.0,1454106.0
Ohio,2017-11-01,721511.0,1445457.0
Ohio,2017-12-01,721596.0,1447154.0
Ohio,2018-01-01,716778.0,1438832.0
Ohio,2018-02-01,708634.0,1421394.0
Ohio,2018-03-01,706958.0,1418692.0
Ohio,2018-04-01,700833.0,1403759.0
Ohio,2018-05-01,708849.0,1417857.0
Ohio,2018-06-01,704772.0,1409275.0
Ohio,2018-07-01,701682.0,1402925.0
Ohio,2018-08-01,706916.0,1401376.0
Ohio,2018-09-01,695598.0,1395560.0
Ohio,2018-10-01,695524.0,1400704.0
Ohio,2018-11-01,677046.0,1358228.0
Ohio,2018-12-01,697541.0,1406880.0
Ohio,2019-01-01,693828.0,1401304.0
Ohio,2019-02-01,28776.0,61255.0
Ohio,2019-03-01,684163.0,1376068.0
Ohio,2019-04-01,688024.0,1385222.0
Ohio,2019-05-01,685221.0,1378556.0
Ohio,2019-06-01,685377.0,1379247.0
Ohio,2019-07-01,683135.0,1375056.0
Ohio,2019-08-01,682571.0,1375316.0
Ohio,2019-09-01,684844.0,1381245.0
Ohio,2019-10-01,685405.0,1380490.0
Ohio,2019-11-01,682473.0,1374527.0
Ohio,2019-12-01,682455.0,1373772.0
Ohio,2020-01-01,684259.0,1377403.0
Ohio,2020-02-01,679499.0,1365936.0
Ohio,2020-03-01,683505.0,1374108.0
Ohio,2020-04-01,687681.0,1382485.0
Ohio,2020-05-01,691882.0,1390914.0
Ohio,2020-06-01,715721.0,1403021.0
Ohio,2020-07-01,779836.0,1538558.0
Ohio,2020-08-01,702728.0,1399895.0
Ohio,2020-09-01,701745.0,1401212.0
Ohio,2020-10-01,754395.0,1498880.0
Ohio,2020-11-01,736210.0,1464612.0
Ohio,2020-12-01,729302.0,1456030.0
Ohio,2021-01-01,774190.0,1536645.0
Ohio,2021-02-01,772062.0,1532847.0
Ohio,2021-03-01,774169.0,1535731.0
Ohio,2021-04-01,775733.0,1535325.0
Ohio,2021-05-01,776943.0,1539008.0
Ohio,2021-06-01,778214.0,1542770.0
Ohio,2021-07-01,755973.0,1497379.0
Ohio,2021-08-01,752532.0,1483344.0
Ohio,2021-09-01,756144.0,1490681.0
Ohio,2021-10-01,758313.0,1495296.0
Ohio,2021-11-01,755349.0,1487222.0
Ohio,2021-12-01,756628.0,1491183.0
Ohio,2022-01-01,753183.0,1485417.0
Ohio,2022-02-01,754046.0,1489166.0
Ohio,2022-03-01,757921.0,1497948.0
Ohio,2022-04-01,757096.0,1498058.0
Ohio,2022-05-01,757023.0,1499146.0
Ohio,2022-06-01,758843.0,1502137.0
Ohio,2022-07-01,755736.0,1492044.0
Ohio,2022-08-01,756018.0,1487242.0
Ohio,2022-09-01,749878.0,1470665.0
Ohio,2022-10-01,744610.0,1457869.0
Ohio,2022-11-01,741009.0,1448138.0
Ohio,2022-12-01,741171.0,1447559.0
Ohio,2023-01-01,734871.0,1433340.0
Ohio,2023-02-01,722341.0,1401411.0
Ohio,2023-03-01,741584.0,1443897.0
Ohio,2023-04-01,724626.0,1403704.0
Ohio,2023-05-01,722260.0,1397579.0
Ohio,2023-06-01,725598.0,1404114.0
Ohio,2023-07-01,721796.0,1393545.0
Ohio,2023-08-01,721467.0,1392503.0
Ohio,2023-09-01,721159.0,1392400.0
Ohio,2023-10-01,713756.0,1376833.0
Ohio,2023-11-01,710230.0,1374119.0
Ohio,2023-12-01,714541.0,1383070.0
Ohio,2024-01-01,711317.0,1376970.0
Ohio,2024-02-01,715009.0,1385035.0
Ohio,2024-03-01,719027.0,1392442.0
Ohio,2024-04-01,718267.0,1396225.0
Ohio,2024-05-01,723870.0,1401313.0
Ohio,2024-06-01,718670.0,1394828.0
Ohio,2024-07-01,710076.0,1379464.0
Ohio,2024-08-01,720266.0,1400725.0
Ohio,2024-09-01,0.0,0.0
Oklahoma,1988-10-01,102650.0,263510.0
Oklahoma,1988-11-01,101279.0,259157.0
Oklahoma,1988-12-01,102677.0,263527.0
Oklahoma,1989-01-01,103134.0,264830.0
Oklahoma,1989-02-01,104257.0,268615.0
Oklahoma,1989-03-01,105708.0,273536.0
Oklahoma,1989-04-01,102822.0,264210.0
Oklahoma,1989-05-01,101354.0,259060.0
Oklahoma,1989-06-01,100480.0,255975.0
Oklahoma,1989-07-01,99364.0,252067.0
Oklahoma,1989-08-01,100005.0,253921.0
Oklahoma,1989-09-01,99338.0,250978.0
Oklahoma,1989-10-01,101006.0,254518.0
Oklahoma,1989-11-01,101833.0,256512.0
Oklahoma,1989-12-01,103516.0,261830.0
Oklahoma,1990-01-01,105116.0,266732.0
Oklahoma,1990-02-01,106329.0,269801.0
Oklahoma,1990-03-01,107495.0,273498.0
Oklahoma,1990-04-01,105635.0,267899.0
Oklahoma,1990-05-01,105973.0,269373.0
Oklahoma,1990-06-01,106034.0,269162.0
Oklahoma,1990-07-01,106023.0,268726.0
Oklahoma,1990-08-01,107109.0,271086.0
Oklahoma,1990-09-01,106918.0,269808.0
Oklahoma,1990-10-01,110059.0,278157.0
Oklahoma,1990-11-01,110935.0,280846.0
Oklahoma,1990-12-01,112984.0,287143.0
Oklahoma,1991-01-01,115744.0,294305.0
Oklahoma,1991-02-01,116864.0,297913.0
Oklahoma,1991-03-01,119505.0,305068.0
Oklahoma,1991-04-01,118835.0,302809.0
Oklahoma,1991-05-01,118556.0,302091.0
Oklahoma,1991-06-01,118287.0,301111.0
Oklahoma,1991-07-01,119893.0,305530.0
Oklahoma,1991-08-01,120506.0,306247.0
Oklahoma,1991-09-01,123047.0,312761.0
Oklahoma,1991-10-01,127251.0,323515.0
Oklahoma,1991-11-01,129676.0,330734.0
Oklahoma,1991-12-01,132919.0,340013.0
Oklahoma,1992-01-01,134680.0,344196.0
Oklahoma,1992-02-01,135028.0,344810.0
Oklahoma,1992-03-01,137571.0,351742.0
Oklahoma,1992-04-01,137180.0,350957.0
Oklahoma,1992-05-01,136193.0,348321.0
Oklahoma,1992-06-01,136395.0,348256.0
Oklahoma,1992-07-01,138315.0,353979.0
Oklahoma,1992-08-01,139218.0,355289.0
Oklahoma,1992-09-01,141191.0,360413.0
Oklahoma,1992-10-01,142000.0,363535.0
Oklahoma,1992-11-01,142811.0,363894.0
Oklahoma,1992-12-01,145656.0,371618.0
Oklahoma,1993-01-01,145587.0,370792.0
Oklahoma,1993-02-01,144698.0,367377.0
Oklahoma,1993-03-01,148695.0,378316.0
Oklahoma,1993-04-01,148529.0,378158.0
Oklahoma,1993-05-01,147635.0,375184.0
Oklahoma,1993-06-01,144557.0,364683.0
Oklahoma,1993-07-01,146509.0,370762.0
Oklahoma,1993-08-01,147458.0,372240.0
Oklahoma,1993-09-01,145937.0,366882.0
Oklahoma,1993-10-01,147844.0,370940.0
Oklahoma,1993-11-01,148842.0,373450.0
Oklahoma,1993-12-01,150162.0,376589.0
Oklahoma,1994-01-01,150993.0,378534.0
Oklahoma,1994-02-01,151161.0,379089.0
Oklahoma,1994-03-01,152960.0,382926.0
Oklahoma,1994-04-01,152317.0,380965.0
Oklahoma,1994-05-01,151567.0,377521.0
Oklahoma,1994-06-01,150075.0,374791.0
Oklahoma,1994-07-01,150762.0,375207.0
Oklahoma,1994-08-01,145731.0,364788.0
Oklahoma,1994-09-01,152337.0,377221.0
Oklahoma,1994-10-01,152337.0,379108.0
Oklahoma,1994-11-01,153685.0,378945.0
Oklahoma,1994-12-01,154579.0,380424.0
Oklahoma,1995-01-01,154746.0,379928.0
Oklahoma,1995-02-01,153914.0,377812.0
Oklahoma,1995-03-01,155534.0,381419.0
Oklahoma,1995-04-01,153011.0,374924.0
Oklahoma,1995-05-01,152487.0,373581.0
Oklahoma,1995-06-01,151450.0,371054.0
Oklahoma,1995-07-01,150222.0,367374.0
Oklahoma,1995-08-01,150481.0,368112.0
Oklahoma,1995-09-01,150214.0,366030.0
Oklahoma,1995-10-01,150408.0,365153.0
Oklahoma,1995-11-01,150871.0,366285.0
Oklahoma,1995-12-01,151079.0,366240.0
Oklahoma,1996-01-01,151031.0,364879.0
Oklahoma,1996-02-01,149994.0,362548.0
Oklahoma,1996-03-01,150455.0,362734.0
Oklahoma,1996-04-01,148159.0,355938.0
Oklahoma,1996-05-01,145659.0,349971.0
Oklahoma,1996-06-01,142188.0,340883.0
Oklahoma,1996-07-01,140842.0,336540.0
Oklahoma,1996-08-01,141241.0,337765.0
Oklahoma,1996-09-01,140842.0,336540.0
Oklahoma,1996-10-01,138817.0,330305.0
Oklahoma,1996-11-01,136684.0,323766.0
Oklahoma,1996-12-01,136941.0,326181.0
Oklahoma,1997-01-01,134689.0,320713.0
Oklahoma,1997-02-01,133616.0,319467.0
Oklahoma,1997-03-01,128008.0,306937.0
Oklahoma,1997-04-01,125147.0,300884.0
Oklahoma,1997-05-01,122807.0,295595.0
Oklahoma,1997-06-01,122580.0,294979.0
Oklahoma,1997-07-01,122220.0,294610.0
Oklahoma,1997-08-01,122685.0,358015.0
Oklahoma,1997-09-01,146487.0,391273.0
Oklahoma,1997-10-01,121496.0,292801.0
Oklahoma,1997-11-01,121376.0,293050.0
Oklahoma,1997-12-01,122580.0,296608.0
Oklahoma,1998-01-01,122226.0,295688.0
Oklahoma,1998-02-01,121255.0,292753.0
Oklahoma,1998-03-01,120011.0,289514.0
Oklahoma,1998-04-01,117911.0,284040.0
Oklahoma,1998-05-01,116144.0,279795.0
Oklahoma,1998-06-01,115586.0,279251.0
Oklahoma,1998-07-01,116073.0,279962.0
Oklahoma,1998-08-01,117581.0,283668.0
Oklahoma,1998-09-01,117772.0,283796.0
Oklahoma,1998-10-01,117434.0,282675.0
Oklahoma,1998-11-01,116391.0,279997.0
Oklahoma,1998-12-01,116548.0,280798.0
Oklahoma,1999-01-01,115144.0,276295.0
Oklahoma,1999-02-01,113700.0,271476.0
Oklahoma,1999-03-01,113029.0,269800.0
Oklahoma,1999-04-01,111997.0,267696.0
Oklahoma,1999-05-01,112577.0,270128.0
Oklahoma,1999-06-01,110992.0,265185.0
Oklahoma,1999-07-01,110459.0,263781.0
Oklahoma,1999-08-01,110886.0,265049.0
Oklahoma,1999-09-01,110596.0,263328.0
Oklahoma,1999-10-01,109759.0,260772.0
Oklahoma,1999-11-01,108834.0,258336.0
Oklahoma,1999-12-01,109283.0,260008.0
Oklahoma,2000-01-01,107807.0,255163.0
Oklahoma,2000-02-01,106654.0,251175.0
Oklahoma,2000-03-01,106615.0,250755.0
Oklahoma,2000-04-01,105249.0,247621.0
Oklahoma,2000-05-01,105428.0,248591.0
Oklahoma,2000-06-01,105585.0,249365.0
Oklahoma,2000-07-01,105596.0,249739.0
Oklahoma,2000-08-01,107354.0,254603.0
Oklahoma,2000-09-01,107017.0,253317.0
Oklahoma,2000-10-01,107121.0,253168.0
Oklahoma,2000-11-01,107471.0,254301.0
Oklahoma,2000-12-01,107336.0,253880.0
Oklahoma,2001-01-01,150836.0,386221.0
Oklahoma,2001-02-01,108158.0,255028.0
Oklahoma,2001-03-01,109260.0,258048.0
Oklahoma,2001-04-01,108698.0,256674.0
Oklahoma,2001-05-01,109493.0,258954.0
Oklahoma,2001-06-01,110506.0,261730.0
Oklahoma,2001-07-01,112111.0,266739.0
Oklahoma,2001-08-01,114597.0,273433.0
Oklahoma,2001-09-01,114900.0,273838.0
Oklahoma,2001-10-01,118223.0,283048.0
Oklahoma,2001-11-01,119739.0,287732.0
Oklahoma,2001-12-01,121383.0,291928.0
Oklahoma,2002-01-01,122530.0,293927.0
Oklahoma,2002-02-01,138981.0,344128.0
Oklahoma,2002-03-01,125554.0,302786.0
Oklahoma,2002-04-01,127393.0,309069.0
Oklahoma,2002-05-01,131096.0,320619.0
Oklahoma,2002-06-01,134007.0,329541.0
Oklahoma,2002-07-01,136665.0,336853.0
Oklahoma,2002-08-01,140897.0,347901.0
Oklahoma,2002-09-01,142744.0,352675.0
Oklahoma,2002-10-01,146282.0,361652.0
Oklahoma,2002-11-01,148484.0,368231.0
Oklahoma,2002-12-01,149802.0,372562.0
Oklahoma,2003-01-01,151818.0,377111.0
Oklahoma,2003-02-01,149188.0,370989.0
Oklahoma,2003-03-01,148919.0,370272.0
Oklahoma,2003-04-01,152581.0,379524.0
Oklahoma,2003-05-01,152907.0,380189.0
Oklahoma,2003-06-01,155398.0,386382.0
Oklahoma,2003-07-01,157878.0,394630.0
Oklahoma,2003-08-01,159792.0,399369.0
Oklahoma,2003-09-01,161269.0,402674.0
Oklahoma,2003-10-01,165203.0,412497.0
Oklahoma,2003-11-01,164803.0,411498.0
Oklahoma,2003-12-01,163730.0,409185.0
Oklahoma,2004-01-01,163667.0,408186.0
Oklahoma,2004-02-01,162943.0,405415.0
Oklahoma,2004-03-01,164133.0,408016.0
Oklahoma,2004-04-01,164298.0,408616.0
Oklahoma,2004-05-01,164464.0,409273.0
Oklahoma,2004-06-01,165506.0,412077.0
Oklahoma,2004-07-01,166722.0,414598.0
Oklahoma,2004-08-01,168926.0,419935.0
Oklahoma,2004-09-01,170424.0,422780.0
Oklahoma,2004-10-01,170617.0,421907.0
Oklahoma,2004-11-01,171451.0,424178.0
Oklahoma,2004-12-01,173372.0,428725.0
Oklahoma,2005-01-01,172581.0,425058.0
Oklahoma,2005-02-01,171655.0,419982.0
Oklahoma,2005-03-01,171489.0,420797.0
Oklahoma,2005-04-01,171489.0,420797.0
Oklahoma,2005-05-01,171136.0,419493.0
Oklahoma,2005-06-01,172038.0,421694.0
Oklahoma,2005-07-01,171812.0,421053.0
Oklahoma,2005-08-01,176206.0,430928.0
Oklahoma,2005-09-01,180200.0,438215.0
Oklahoma,2005-10-01,182102.0,441262.0
Oklahoma,2005-11-01,183156.0,442755.0
Oklahoma,2005-12-01,184388.0,444845.0
Oklahoma,2006-01-01,182501.0,439352.0
Oklahoma,2006-02-01,180642.0,434227.0
Oklahoma,2006-03-01,179565.0,431561.0
Oklahoma,2006-04-01,178630.0,428602.0
Oklahoma,2006-05-01,179536.0,430257.0
Oklahoma,2006-06-01,180587.0,433476.0
Oklahoma,2006-07-01,179405.0,430357.0
Oklahoma,2006-08-01,181937.0,435696.0
Oklahoma,2006-09-01,181168.0,433839.0
Oklahoma,2006-10-01,180697.0,432493.0
Oklahoma,2006-11-01,179890.0,429946.0
Oklahoma,2006-12-01,178823.0,427671.0
Oklahoma,2007-01-01,177113.0,422987.0
Oklahoma,2007-02-01,175153.0,417349.0
Oklahoma,2007-03-01,174356.0,416012.0
Oklahoma,2007-04-01,174024.0,415594.0
Oklahoma,2007-05-01,174282.0,416548.0
Oklahoma,2007-06-01,174302.0,416949.0
Oklahoma,2007-07-01,174767.0,417826.0
Oklahoma,2007-08-01,176596.0,422824.0
Oklahoma,2007-09-01,175477.0,419592.0
Oklahoma,2007-10-01,176662.0,421566.0
Oklahoma,2007-11-01,176121.0,419932.0
Oklahoma,2007-12-01,174799.0,417161.0
Oklahoma,2008-01-01,175486.0,417504.0
Oklahoma,2008-02-01,179340.0,419260.0
Oklahoma,2008-03-01,173753.0,412405.0
Oklahoma,2008-04-01,174545.0,413970.0
Oklahoma,2008-05-01,174991.0,415304.0
Oklahoma,2008-06-01,175596.0,417040.0
Oklahoma,2008-07-01,176961.0,420056.0
Oklahoma,2008-08-01,179110.0,425679.0
Oklahoma,2008-09-01,180428.0,428578.0
Oklahoma,2008-10-01,183105.0,435046.0
Oklahoma,2008-11-01,184507.0,437713.0
Oklahoma,2008-12-01,187240.0,444573.0
Oklahoma,2009-01-01,187513.0,444922.0
Oklahoma,2009-02-01,188366.0,446571.0
Oklahoma,2009-03-01,190424.0,452512.0
Oklahoma,2009-04-01,196567.0,466358.0
Oklahoma,2009-05-01,201209.0,477443.0
Oklahoma,2009-06-01,208329.0,494551.0
Oklahoma,2009-07-01,215842.0,511000.0
Oklahoma,2009-08-01,223072.0,525827.0
Oklahoma,2009-09-01,229201.0,538383.0
Oklahoma,2009-10-01,234430.0,549785.0
Oklahoma,2009-11-01,243588.0,563360.0
Oklahoma,2009-12-01,243143.0,568612.0
Oklahoma,2010-01-01,244728.0,570296.0
Oklahoma,2010-02-01,246176.0,572738.0
Oklahoma,2010-03-01,249373.0,578566.0
Oklahoma,2010-04-01,252410.0,584755.0
Oklahoma,2010-05-01,253955.0,587871.0
Oklahoma,2010-06-01,255872.0,590924.0
Oklahoma,2010-07-01,260308.0,601111.0
Oklahoma,2010-08-01,264096.0,608349.0
Oklahoma,2010-09-01,266895.0,613531.0
Oklahoma,2010-10-01,267865.0,613505.0
Oklahoma,2010-11-01,269201.0,615191.0
Oklahoma,2010-12-01,271138.0,617920.0
Oklahoma,2011-01-01,270974.0,614960.0
Oklahoma,2011-02-01,267313.0,605422.0
Oklahoma,2011-03-01,269280.0,608562.0
Oklahoma,2011-04-01,270877.0,610534.0
Oklahoma,2011-05-01,271669.0,611136.0
Oklahoma,2011-06-01,272750.0,612078.0
Oklahoma,2011-07-01,275034.0,616494.0
Oklahoma,2011-08-01,279286.0,624489.0
Oklahoma,2011-09-01,280882.0,626153.0
Oklahoma,2011-10-01,280606.0,624112.0
Oklahoma,2011-11-01,280772.0,622996.0
Oklahoma,2011-12-01,281151.0,622774.0
Oklahoma,2012-01-01,279767.0,617178.0
Oklahoma,2012-02-01,278869.0,613639.0
Oklahoma,2012-03-01,277693.0,610392.0
Oklahoma,2012-04-01,276049.0,604999.0
Oklahoma,2012-05-01,276915.0,606710.0
Oklahoma,2012-06-01,278733.0,610448.0
Oklahoma,2012-07-01,278312.0,608952.0
Oklahoma,2012-08-01,282743.0,618019.0
Oklahoma,2012-09-01,284176.0,619146.0
Oklahoma,2012-10-01,285851.0,621760.0
Oklahoma,2012-11-01,286157.0,621286.0
Oklahoma,2012-12-01,285517.0,619440.0
Oklahoma,2013-01-01,285960.0,618863.0
Oklahoma,2013-02-01,284803.0,615154.0
Oklahoma,2013-03-01,284728.0,615158.0
Oklahoma,2013-04-01,284894.0,614471.0
Oklahoma,2013-05-01,286552.0,618624.0
Oklahoma,2013-06-01,288830.0,622684.0
Oklahoma,2013-07-01,288953.0,622578.0
Oklahoma,2013-08-01,293098.0,631815.0
Oklahoma,2013-09-01,293435.0,640138.0
Oklahoma,2013-10-01,293173.0,629942.0
Oklahoma,2013-11-01,291499.0,627722.0
Oklahoma,2013-12-01,287701.0,624567.0
Oklahoma,2014-01-01,285182.0,620031.0
Oklahoma,2014-02-01,279933.0,605563.0
Oklahoma,2014-03-01,275973.0,598409.0
Oklahoma,2014-04-01,275751.0,598336.0
Oklahoma,2014-05-01,274718.0,598483.0
Oklahoma,2014-06-01,273989.0,599302.0
Oklahoma,2014-07-01,272663.0,598167.0
Oklahoma,2014-08-01,272956.0,601365.0
Oklahoma,2014-09-01,271728.0,600021.0
Oklahoma,2014-10-01,272544.0,601161.0
Oklahoma,2014-11-01,271980.0,599367.0
Oklahoma,2014-12-01,270929.0,595803.0
Oklahoma,2015-01-01,270188.0,594033.0
Oklahoma,2015-02-01,268574.0,590243.0
Oklahoma,2015-03-01,267286.0,587269.0
Oklahoma,2015-04-01,268588.0,591425.0
Oklahoma,2015-05-01,269518.0,594979.0
Oklahoma,2015-06-01,271488.0,600596.0
Oklahoma,2015-07-01,272629.0,604684.0
Oklahoma,2015-08-01,274010.0,608832.0
Oklahoma,2015-09-01,275044.0,610694.0
Oklahoma,2015-10-01,276381.0,613397.0
Oklahoma,2015-11-01,276233.0,612746.0
Oklahoma,2015-12-01,275903.0,611558.0
Oklahoma,2016-01-01,276080.0,611426.0
Oklahoma,2016-02-01,275049.0,608588.0
Oklahoma,2016-03-01,274861.0,608305.0
Oklahoma,2016-04-01,274560.0,608285.0
Oklahoma,2016-05-01,274353.0,608661.0
Oklahoma,2016-06-01,276626.0,614624.0
Oklahoma,2016-07-01,276797.0,614993.0
Oklahoma,2016-08-01,279003.0,620387.0
Oklahoma,2016-09-01,279369.0,621462.0
Oklahoma,2016-10-01,278600.0,618434.0
Oklahoma,2016-11-01,278171.0,616062.0
Oklahoma,2016-12-01,277014.0,613348.0
Oklahoma,2017-01-01,275150.0,608766.0
Oklahoma,2017-02-01,274024.0,605306.0
Oklahoma,2017-03-01,272551.0,600322.0
Oklahoma,2017-04-01,271155.0,596306.0
Oklahoma,2017-05-01,270068.0,593980.0
Oklahoma,2017-06-01,271835.0,597889.0
Oklahoma,2017-07-01,271082.0,595366.0
Oklahoma,2017-08-01,273231.0,600192.0
Oklahoma,2017-09-01,273896.0,600783.0
Oklahoma,2017-10-01,273392.0,598722.0
Oklahoma,2017-11-01,272612.0,596655.0
Oklahoma,2017-12-01,270921.0,592660.0
Oklahoma,2018-01-01,269924.0,589087.0
Oklahoma,2018-02-01,267614.0,583399.0
Oklahoma,2018-03-01,266852.0,581095.0
Oklahoma,2018-04-01,265923.0,578445.0
Oklahoma,2018-05-01,265491.0,576883.0
Oklahoma,2018-06-01,267247.0,580448.0
Oklahoma,2018-07-01,266740.0,578466.0
Oklahoma,2018-08-01,268949.0,583042.0
Oklahoma,2018-09-01,268862.0,581866.0
Oklahoma,2018-10-01,269359.0,581701.0
Oklahoma,2018-11-01,269159.0,580244.0
Oklahoma,2018-12-01,267396.0,575272.0
Oklahoma,2019-01-01,267704.0,575769.0
Oklahoma,2019-02-01,28648.0,63182.0
Oklahoma,2019-03-01,264312.0,565817.0
Oklahoma,2019-04-01,264417.0,565900.0
Oklahoma,2019-05-01,264953.0,566892.0
Oklahoma,2019-06-01,267505.0,571467.0
Oklahoma,2019-07-01,268444.0,573259.0
Oklahoma,2019-08-01,268949.0,583042.0
Oklahoma,2019-09-01,271229.0,578189.0
Oklahoma,2019-10-01,272397.0,579618.0
Oklahoma,2019-11-01,272455.0,578555.0
Oklahoma,2019-12-01,270535.0,574039.0
Oklahoma,2020-01-01,270742.0,573669.0
Oklahoma,2020-02-01,270538.0,572497.0
Oklahoma,2020-03-01,269553.0,569566.0
Oklahoma,2020-04-01,285941.0,612779.0
Oklahoma,2020-05-01,286868.0,610419.0
Oklahoma,2020-06-01,289572.0,612074.0
Oklahoma,2020-07-01,295545.0,625399.0
Oklahoma,2020-08-01,300549.0,625551.0
Oklahoma,2020-09-01,303367.0,626298.0
Oklahoma,2020-10-01,293594.0,625112.0
Oklahoma,2020-11-01,287561.0,615621.0
Oklahoma,2020-12-01,284785.0,611487.0
Oklahoma,2021-01-01,281103.0,608484.0
Oklahoma,2021-02-01,283741.0,608510.0
Oklahoma,2021-03-01,286115.0,612931.0
Oklahoma,2021-04-01,282683.0,607815.0
Oklahoma,2021-05-01,286446.0,614778.0
Oklahoma,2021-06-01,292129.0,628127.0
Oklahoma,2021-07-01,289287.0,622337.0
Oklahoma,2021-08-01,294282.0,632319.0
Oklahoma,2021-09-01,299828.0,642265.0
Oklahoma,2021-10-01,320331.0,646610.0
Oklahoma,2021-11-01,365093.0,645331.0
Oklahoma,2021-12-01,247813.0,643114.0
Oklahoma,2022-01-01,296979.0,631861.0
Oklahoma,2022-02-01,300665.0,630738.0
Oklahoma,2022-03-01,301484.0,637221.0
Oklahoma,2022-04-01,305709.0,645387.0
Oklahoma,2022-05-01,309320.0,651644.0
Oklahoma,2022-06-01,314290.0,661560.0
Oklahoma,2022-07-01,316531.0,665608.0
Oklahoma,2022-08-01,329043.0,671825.0
Oklahoma,2022-09-01,327803.0,676777.0
Oklahoma,2022-10-01,375567.0,684999.0
Oklahoma,2022-11-01,339923.0,690712.0
Oklahoma,2022-12-01,387658.0,690363.0
Oklahoma,2023-01-01,331821.0,688634.0
Oklahoma,2023-02-01,331582.0,687229.0
Oklahoma,2023-03-01,331150.0,672336.0
Oklahoma,2023-04-01,330588.0,671533.0
Oklahoma,2023-05-01,359468.0,675374.0
Oklahoma,2023-06-01,334495.0,682640.0
Oklahoma,2023-07-01,350469.0,673471.0
Oklahoma,2023-08-01,334487.0,679337.0
Oklahoma,2023-09-01,350664.0,681633.0
Oklahoma,2023-10-01,336910.0,687275.0
Oklahoma,2023-11-01,333039.0,682639.0
Oklahoma,2023-12-01,330062.0,679065.0
Oklahoma,2024-01-01,329413.0,678335.0
Oklahoma,2024-02-01,331080.0,681431.0
Oklahoma,2024-03-01,332106.0,683117.0
Oklahoma,2024-04-01,332471.0,684213.0
Oklahoma,2024-05-01,335083.0,689006.0
Oklahoma,2024-06-01,334687.0,687831.0
Oklahoma,2024-07-01,337085.0,691730.0
Oklahoma,2024-08-01,340815.0,698884.0
Oklahoma,2024-09-01,0.0,0.0
Oregon,1988-10-01,86904.0,203094.0
Oregon,1988-11-01,88594.0,207361.0
Oregon,1988-12-01,90805.0,213097.0
Oregon,1989-01-01,92054.0,215505.0
Oregon,1989-02-01,94902.0,222843.0
Oregon,1989-03-01,97515.0,228917.0
Oregon,1989-04-01,94339.0,218447.0
Oregon,1989-05-01,93423.0,217993.0
Oregon,1989-06-01,91221.0,212930.0
Oregon,1989-07-01,88573.0,205474.0
Oregon,1989-08-01,89587.0,208695.0
Oregon,1989-09-01,88077.0,204249.0
Oregon,1989-10-01,88382.0,203973.0
Oregon,1989-11-01,89785.0,207751.0
Oregon,1989-12-01,91538.0,212898.0
Oregon,1990-01-01,93017.0,216477.0
Oregon,1990-02-01,95338.0,223067.0
Oregon,1990-03-01,104907.0,235363.0
Oregon,1990-04-01,94789.0,220829.0
Oregon,1990-05-01,94840.0,221277.0
Oregon,1990-06-01,93397.0,217755.0
Oregon,1990-07-01,91422.0,212635.0
Oregon,1990-08-01,92310.0,215751.0
Oregon,1990-09-01,90142.0,208958.0
Oregon,1990-10-01,93550.0,217500.0
Oregon,1990-11-01,95509.0,222713.0
Oregon,1990-12-01,97895.0,228627.0
Oregon,1991-01-01,102605.0,241556.0
Oregon,1991-02-01,105217.0,247768.0
Oregon,1991-03-01,107121.0,251681.0
Oregon,1991-04-01,106611.0,249408.0
Oregon,1991-05-01,107100.0,251019.0
Oregon,1991-06-01,104557.0,243582.0
Oregon,1991-07-01,105285.0,246758.0
Oregon,1991-08-01,105462.0,246561.0
Oregon,1991-09-01,102309.0,237687.0
Oregon,1991-10-01,107443.0,250008.0
Oregon,1991-11-01,109382.0,254285.0
Oregon,1991-12-01,112229.0,261495.0
Oregon,1992-01-01,116067.0,270860.0
Oregon,1992-02-01,117221.0,272411.0
Oregon,1992-03-01,118980.0,276633.0
Oregon,1992-04-01,117876.0,273868.0
Oregon,1992-05-01,115674.0,267782.0
Oregon,1992-06-01,114510.0,264141.0
Oregon,1992-07-01,114084.0,263802.0
Oregon,1992-08-01,112491.0,258457.0
Oregon,1992-09-01,114613.0,264542.0
Oregon,1992-10-01,116361.0,267849.0
Oregon,1992-11-01,117634.0,269442.0
Oregon,1992-12-01,121838.0,281534.0
Oregon,1993-01-01,122808.0,282995.0
Oregon,1993-02-01,126257.0,291601.0
Oregon,1993-03-01,129045.0,297370.0
Oregon,1993-04-01,127571.0,293204.0
Oregon,1993-05-01,124837.0,285118.0
Oregon,1993-06-01,124718.0,286333.0
Oregon,1993-07-01,123213.0,282847.0
Oregon,1993-08-01,121731.0,278114.0
Oregon,1993-09-01,121522.0,278180.0
Oregon,1993-10-01,121317.0,276096.0
Oregon,1993-11-01,122619.0,278236.0
Oregon,1993-12-01,125596.0,286324.0
Oregon,1994-01-01,126314.0,286710.0
Oregon,1994-02-01,129463.0,294793.0
Oregon,1994-03-01,131774.0,298653.0
Oregon,1994-04-01,130267.0,294236.0
Oregon,1994-05-01,128647.0,289033.0
Oregon,1994-06-01,128723.0,289394.0
Oregon,1994-07-01,125892.0,282422.0
Oregon,1994-08-01,126002.0,281550.0
Oregon,1994-09-01,124919.0,278652.0
Oregon,1994-10-01,127242.0,281025.0
Oregon,1994-11-01,128520.0,284925.0
Oregon,1994-12-01,130977.0,290214.0
Oregon,1995-01-01,131536.0,289706.0
Oregon,1995-02-01,134683.0,297640.0
Oregon,1995-03-01,136666.0,300254.0
Oregon,1995-04-01,133971.0,292223.0
Oregon,1995-05-01,135677.0,297773.0
Oregon,1995-06-01,131613.0,287362.0
Oregon,1995-07-01,128694.0,279510.0
Oregon,1995-08-01,130978.0,284401.0
Oregon,1995-09-01,129673.0,279207.0
Oregon,1995-10-01,130945.0,280516.0
Oregon,1995-11-01,132633.0,284398.0
Oregon,1995-12-01,133977.0,287327.0
Oregon,1996-01-01,136231.0,291561.0
Oregon,1996-02-01,138939.0,298480.0
Oregon,1996-03-01,140167.0,299966.0
Oregon,1996-04-01,138544.0,294833.0
Oregon,1996-05-01,138052.0,293700.0
Oregon,1996-06-01,134847.0,285434.0
Oregon,1996-07-01,133350.0,283738.0
Oregon,1996-08-01,131867.0,279835.0
Oregon,1996-09-01,128877.0,271491.0
Oregon,1996-10-01,129574.0,272844.0
Oregon,1996-11-01,128163.0,269436.0
Oregon,1996-12-01,127783.0,268898.0
Oregon,1997-01-01,128614.0,273059.0
Oregon,1997-02-01,128108.0,271468.0
Oregon,1997-03-01,124527.0,267214.0
Oregon,1997-04-01,120938.0,261435.0
Oregon,1997-05-01,117973.0,255296.0
Oregon,1997-06-01,114022.0,246089.0
Oregon,1997-07-01,112532.0,244012.0
Oregon,1997-08-01,110320.0,238271.0
Oregon,1997-09-01,109668.0,235359.0
Oregon,1997-10-01,111608.0,239845.0
Oregon,1997-11-01,111067.0,237655.0
Oregon,1997-12-01,113639.0,243896.0
Oregon,1998-01-01,107830.0,231335.0
Oregon,1998-02-01,114902.0,245333.0
Oregon,1998-03-01,115734.0,272575.0
Oregon,1998-04-01,114669.0,243793.0
Oregon,1998-05-01,112387.0,238332.0
Oregon,1998-06-01,110730.0,234670.0
Oregon,1998-07-01,107914.0,229435.0
Oregon,1998-08-01,105758.0,223372.0
Oregon,1998-09-01,104960.0,221115.0
Oregon,1998-10-01,104236.0,218105.0
Oregon,1998-11-01,104827.0,218840.0
Oregon,1998-12-01,107178.0,224513.0
Oregon,1999-01-01,107051.0,223363.0
Oregon,1999-02-01,109343.0,228083.0
Oregon,1999-03-01,111096.0,231428.0
Oregon,1999-04-01,110625.0,229762.0
Oregon,1999-05-01,108854.0,225151.0
Oregon,1999-06-01,108239.0,224774.0
Oregon,1999-07-01,106577.0,221426.0
Oregon,1999-08-01,104442.0,220511.0
Oregon,1999-09-01,107025.0,221775.0
Oregon,1999-10-01,107170.0,221000.0
Oregon,1999-11-01,108200.0,222603.0
Oregon,1999-12-01,110361.0,227580.0
Oregon,2000-01-01,116862.0,241663.0
Oregon,2000-02-01,116564.0,238929.0
Oregon,2000-03-01,116843.0,239459.0
Oregon,2000-04-01,115358.0,235308.0
Oregon,2000-05-01,115963.0,236878.0
Oregon,2000-06-01,115949.0,237007.0
Oregon,2000-07-01,114975.0,234449.0
Oregon,2000-08-01,116627.0,238147.0
Oregon,2000-09-01,117541.0,239620.0
Oregon,2000-10-01,119718.0,270132.0
Oregon,2000-11-01,121917.0,247644.0
Oregon,2000-12-01,125239.0,255862.0
Oregon,2001-01-01,129748.0,266135.0
Oregon,2001-02-01,133209.0,273799.0
Oregon,2001-03-01,137472.0,282144.0
Oregon,2001-04-01,139704.0,286351.0
Oregon,2001-05-01,141812.0,290512.0
Oregon,2001-06-01,145136.0,306310.0
Oregon,2001-07-01,146770.0,300649.0
Oregon,2001-08-01,151133.0,309128.0
Oregon,2001-09-01,154530.0,315791.0
Oregon,2001-10-01,160431.0,327182.0
Oregon,2001-11-01,166616.0,339898.0
Oregon,2001-12-01,171866.0,350555.0
Oregon,2002-01-01,176435.0,358959.0
Oregon,2002-02-01,179466.0,364263.0
Oregon,2002-03-01,182229.0,368584.0
Oregon,2002-04-01,182672.0,368895.0
Oregon,2002-05-01,182625.0,368455.0
Oregon,2002-06-01,181709.0,366479.0
Oregon,2002-07-01,179910.0,363317.0
Oregon,2002-08-01,180941.0,365049.0
Oregon,2002-09-01,182592.0,368025.0
Oregon,2002-10-01,186144.0,374349.0
Oregon,2002-11-01,189589.0,380138.0
Oregon,2002-12-01,193015.0,386825.0
Oregon,2003-01-01,196723.0,393462.0
Oregon,2003-02-01,200156.0,399719.0
Oregon,2003-03-01,202835.0,404306.0
Oregon,2003-04-01,203841.0,406799.0
Oregon,2003-05-01,204824.0,408273.0
Oregon,2003-06-01,204064.0,407435.0
Oregon,2003-07-01,202663.0,405779.0
Oregon,2003-08-01,202870.0,406099.0
Oregon,2003-09-01,203734.0,407340.0
Oregon,2003-10-01,206130.0,410774.0
Oregon,2003-11-01,207371.0,412347.0
Oregon,2003-12-01,209270.0,415986.0
Oregon,2004-01-01,210161.0,417621.0
Oregon,2004-02-01,212087.0,420261.0
Oregon,2004-03-01,214937.0,424515.0
Oregon,2004-04-01,214751.0,422877.0
Oregon,2004-05-01,215020.0,423107.0
Oregon,2004-06-01,214930.0,423580.0
Oregon,2004-07-01,212994.0,420816.0
Oregon,2004-08-01,212423.0,419033.0
Oregon,2004-09-01,215507.0,425911.0
Oregon,2004-10-01,216257.0,426376.0
Oregon,2004-11-01,216702.0,427075.0
Oregon,2004-12-01,216765.0,427152.0
Oregon,2005-01-01,218033.0,429270.0
Oregon,2005-02-01,218324.0,429414.0
Oregon,2005-03-01,219659.0,431067.0
Oregon,2005-04-01,219714.0,431423.0
Oregon,2005-05-01,219575.0,430995.0
Oregon,2005-06-01,219418.0,431171.0
Oregon,2005-07-01,217614.0,428213.0
Oregon,2005-08-01,218072.0,429043.0
Oregon,2005-09-01,219428.0,431100.0
Oregon,2005-10-01,220320.0,431535.0
Oregon,2005-11-01,221584.0,432904.0
Oregon,2005-12-01,222407.0,434255.0
Oregon,2006-01-01,223341.0,435768.0
Oregon,2006-02-01,223488.0,435068.0
Oregon,2006-03-01,224704.0,436922.0
Oregon,2006-04-01,224201.0,435655.0
Oregon,2006-05-01,223608.0,434689.0
Oregon,2006-06-01,223594.0,434567.0
Oregon,2006-07-01,223644.0,434625.0
Oregon,2006-08-01,222122.0,432432.0
Oregon,2006-09-01,222150.0,432443.0
Oregon,2006-10-01,222216.0,432519.0
Oregon,2006-11-01,222402.0,432388.0
Oregon,2006-12-01,222436.0,432409.0
Oregon,2007-01-01,224982.0,436542.0
Oregon,2007-02-01,225415.0,436867.0
Oregon,2007-03-01,227380.0,439552.0
Oregon,2007-04-01,228267.0,440916.0
Oregon,2007-05-01,229274.0,442592.0
Oregon,2007-06-01,229339.0,442656.0
Oregon,2007-07-01,228493.0,441600.0
Oregon,2007-08-01,228943.0,442574.0
Oregon,2007-09-01,228076.0,441366.0
Oregon,2007-10-01,229567.0,443493.0
Oregon,2007-11-01,231456.0,447067.0
Oregon,2007-12-01,233413.0,452160.0
Oregon,2008-01-01,236825.0,457384.0
Oregon,2008-02-01,239852.0,454752.0
Oregon,2008-03-01,240845.0,465035.0
Oregon,2008-04-01,245789.0,474808.0
Oregon,2008-05-01,248401.0,480123.0
Oregon,2008-06-01,250009.0,482871.0
Oregon,2008-07-01,252013.0,486855.0
Oregon,2008-08-01,254128.0,491022.0
Oregon,2008-09-01,256780.0,496212.0
Oregon,2008-10-01,263181.0,506569.0
Oregon,2008-11-01,267957.0,515775.0
Oregon,2008-12-01,271911.0,525199.0
Oregon,2009-01-01,281650.0,543813.0
Oregon,2009-02-01,290702.0,561331.0
Oregon,2009-03-01,299342.0,577214.0
Oregon,2009-04-01,308063.0,593432.0
Oregon,2009-05-01,314751.0,605621.0
Oregon,2009-06-01,321861.0,617595.0
Oregon,2009-07-01,331901.0,631937.0
Oregon,2009-08-01,337295.0,641432.0
Oregon,2009-09-01,343958.0,652379.0
Oregon,2009-10-01,349378.0,661945.0
Oregon,2009-11-01,354962.0,672344.0
Oregon,2009-12-01,359343.0,681285.0
Oregon,2010-01-01,368489.0,701149.0
Oregon,2010-02-01,370179.0,701920.0
Oregon,2010-03-01,371863.0,702681.0
Oregon,2010-04-01,375496.0,708235.0
Oregon,2010-05-01,378824.0,713218.0
Oregon,2010-06-01,382947.0,719675.0
Oregon,2010-07-01,386508.0,725327.0
Oregon,2010-08-01,392176.0,733683.0
Oregon,2010-09-01,395662.0,738957.0
Oregon,2010-10-01,399765.0,744532.0
Oregon,2010-11-01,403294.0,749761.0
Oregon,2010-12-01,412047.0,756352.0
Oregon,2011-01-01,411949.0,764667.0
Oregon,2011-02-01,415269.0,769223.0
Oregon,2011-03-01,418286.0,774317.0
Oregon,2011-04-01,421552.0,779025.0
Oregon,2011-05-01,423581.0,781235.0
Oregon,2011-06-01,436098.0,776972.0
Oregon,2011-07-01,428504.0,788165.0
Oregon,2011-08-01,432001.0,793120.0
Oregon,2011-09-01,433972.0,795706.0
Oregon,2011-10-01,436390.0,798772.0
Oregon,2011-11-01,439764.0,803891.0
Oregon,2011-12-01,440894.0,805396.0
Oregon,2012-01-01,446732.0,822995.0
Oregon,2012-02-01,445852.0,812701.0
Oregon,2012-03-01,446011.0,812900.0
Oregon,2012-04-01,449538.0,817164.0
Oregon,2012-05-01,450508.0,819469.0
Oregon,2012-06-01,453139.0,823852.0
Oregon,2012-07-01,452513.0,821247.0
Oregon,2012-08-01,453769.0,823810.0
Oregon,2012-09-01,452944.0,820459.0
Oregon,2012-10-01,452619.0,818772.0
Oregon,2012-11-01,452127.0,817748.0
Oregon,2012-12-01,450419.0,815377.0
Oregon,2013-01-01,452973.0,820014.0
Oregon,2013-02-01,452898.0,819465.0
Oregon,2013-03-01,442074.0,819534.0
Oregon,2013-04-01,452644.0,817676.0
Oregon,2013-05-01,451771.0,816010.0
Oregon,2013-06-01,451581.0,814318.0
Oregon,2013-07-01,453744.0,820927.0
Oregon,2013-08-01,453204.0,819503.0
Oregon,2013-09-01,450981.0,811554.0
Oregon,2013-10-01,450242.0,810191.0
Oregon,2013-11-01,447095.0,805163.0
Oregon,2013-12-01,445922.0,802237.0
Oregon,2014-01-01,449073.0,806740.0
Oregon,2014-02-01,448841.0,804591.0
Oregon,2014-03-01,449290.0,803108.0
Oregon,2014-04-01,450370.0,802749.0
Oregon,2014-05-01,450575.0,802312.0
Oregon,2014-06-01,450152.0,799042.0
Oregon,2014-07-01,449468.0,800211.0
Oregon,2014-08-01,448718.0,798715.0
Oregon,2014-09-01,446519.0,791222.0
Oregon,2014-10-01,446166.0,790224.0
Oregon,2014-11-01,444777.0,786462.0
Oregon,2014-12-01,444873.0,786648.0
Oregon,2015-01-01,444972.0,786186.0
Oregon,2015-02-01,445307.0,785435.0
Oregon,2015-03-01,443741.0,781935.0
Oregon,2015-04-01,442105.0,778397.0
Oregon,2015-05-01,445530.0,790867.0
Oregon,2015-06-01,439320.0,771832.0
Oregon,2015-07-01,437972.0,769512.0
Oregon,2015-08-01,436358.0,767181.0
Oregon,2015-09-01,433956.0,762308.0
Oregon,2015-10-01,432556.0,759386.0
Oregon,2015-11-01,431088.0,755784.0
Oregon,2015-12-01,428333.0,751918.0
Oregon,2016-01-01,426078.0,748370.0
Oregon,2016-02-01,424284.0,744664.0
Oregon,2016-03-01,421678.0,739514.0
Oregon,2016-04-01,415393.0,730479.0
Oregon,2016-05-01,421929.0,725444.0
Oregon,2016-06-01,411313.0,720694.0
Oregon,2016-07-01,409614.0,712637.0
Oregon,2016-08-01,409272.0,717394.0
Oregon,2016-09-01,405793.0,712084.0
Oregon,2016-10-01,404614.0,709684.0
Oregon,2016-11-01,396299.0,699415.0
Oregon,2016-12-01,394529.0,695334.0
Oregon,2017-01-01,394067.0,693973.0
Oregon,2017-02-01,392997.0,691223.0
Oregon,2017-03-01,391980.0,686855.0
Oregon,2017-04-01,388593.0,679226.0
Oregon,2017-05-01,384475.0,668745.0
Oregon,2017-06-01,387997.0,678467.0
Oregon,2017-07-01,375766.0,656944.0
Oregon,2017-08-01,375407.0,655752.0
Oregon,2017-09-01,373646.0,652429.0
Oregon,2017-10-01,373354.0,650990.0
Oregon,2017-11-01,373219.0,649861.0
Oregon,2017-12-01,372369.0,647852.0
Oregon,2018-01-01,372894.0,647921.0
Oregon,2018-02-01,370686.0,643068.0
Oregon,2018-03-01,365062.0,633996.0
Oregon,2018-04-01,362792.0,629284.0
Oregon,2018-05-01,360880.0,625861.0
Oregon,2018-06-01,360976.0,624840.0
Oregon,2018-07-01,358578.0,620166.0
Oregon,2018-08-01,358276.0,619273.0
Oregon,2018-09-01,355502.0,614529.0
Oregon,2018-10-01,354999.0,612249.0
Oregon,2018-11-01,353939.0,610070.0
Oregon,2018-12-01,354725.0,607328.0
Oregon,2019-01-01,353560.0,607135.0
Oregon,2019-02-01,41143.0,71869.0
Oregon,2019-03-01,349604.0,597775.0
Oregon,2019-04-01,349537.0,596165.0
Oregon,2019-05-01,349737.0,595284.0
Oregon,2019-06-01,349024.0,593129.0
Oregon,2019-07-01,348528.0,591697.0
Oregon,2019-08-01,348362.0,590317.0
Oregon,2019-09-01,345676.0,586111.0
Oregon,2019-10-01,345102.0,584077.0
Oregon,2019-11-01,344537.0,581564.0
Oregon,2019-12-01,344810.0,581511.0
Oregon,2020-01-01,345721.0,581867.0
Oregon,2020-02-01,346178.0,581288.0
Oregon,2020-03-01,359017.0,601101.0
Oregon,2020-04-01,395848.0,665156.0
Oregon,2020-05-01,405104.0,681125.0
Oregon,2020-06-01,411918.0,692588.0
Oregon,2020-07-01,418178.0,702882.0
Oregon,2020-08-01,416805.0,701881.0
Oregon,2020-09-01,396809.0,670776.0
Oregon,2020-10-01,393371.0,661328.0
Oregon,2020-11-01,406232.0,685767.0
Oregon,2020-12-01,418138.0,705101.0
Oregon,2021-01-01,426300.0,717568.0
Oregon,2021-02-01,460980.0,754336.0
Oregon,2021-03-01,461025.0,754221.0
Oregon,2021-04-01,427139.0,715336.0
Oregon,2021-05-01,411675.0,725771.0
Oregon,2021-06-01,419560.0,712595.0
Oregon,2021-07-01,408241.0,686424.0
Oregon,2021-08-01,405662.0,678916.0
Oregon,2021-09-01,389081.0,678166.0
Oregon,2021-10-01,382886.0,658538.0
Oregon,2021-11-01,377975.0,644999.0
Oregon,2021-12-01,380708.0,652384.0
Oregon,2022-01-01,407073.0,704121.0
Oregon,2022-02-01,417368.0,723818.0
Oregon,2022-03-01,428094.0,741936.0
Oregon,2022-04-01,432492.0,749776.0
Oregon,2022-05-01,437256.0,756301.0
Oregon,2022-06-01,439716.0,762374.0
Oregon,2022-07-01,433175.0,752959.0
Oregon,2022-08-01,427657.0,743363.0
Oregon,2022-09-01,421016.0,732387.0
Oregon,2022-10-01,417790.0,730228.0
Oregon,2022-11-01,412199.0,722168.0
Oregon,2022-12-01,414184.0,725237.0
Oregon,2023-01-01,414219.0,722867.0
Oregon,2023-02-01,416877.0,727451.0
Oregon,2023-03-01,423226.0,735578.0
Oregon,2023-04-01,425681.0,738388.0
Oregon,2023-05-01,426270.0,737901.0
Oregon,2023-06-01,425365.0,736433.0
Oregon,2023-07-01,423223.0,733385.0
Oregon,2023-08-01,425816.0,737793.0
Oregon,2023-09-01,427940.0,741635.0
Oregon,2023-10-01,428139.0,742069.0
Oregon,2023-11-01,416949.0,731508.0
Oregon,2023-12-01,421604.0,739283.0
Oregon,2024-01-01,428111.0,748069.0
Oregon,2024-02-01,433644.0,756162.0
Oregon,2024-03-01,438577.0,762854.0
Oregon,2024-04-01,441501.0,766874.0
Oregon,2024-05-01,441955.0,767546.0
Oregon,2024-06-01,444377.0,771152.0
Oregon,2024-07-01,443446.0,768296.0
Oregon,2024-08-01,444215.0,769609.0
Oregon,2024-09-01,0.0,0.0
Pennsylvania,1988-10-01,385839.0,916318.0
Pennsylvania,1988-11-01,383396.0,905880.0
Pennsylvania,1988-12-01,386907.0,917300.0
Pennsylvania,1989-01-01,388529.0,920472.0
Pennsylvania,1989-02-01,389494.0,918543.0
Pennsylvania,1989-03-01,397452.0,938790.0
Pennsylvania,1989-04-01,393872.0,930664.0
Pennsylvania,1989-05-01,389661.0,913707.0
Pennsylvania,1989-06-01,387954.0,912119.0
Pennsylvania,1989-07-01,387757.0,911206.0
Pennsylvania,1989-08-01,386364.0,901156.0
Pennsylvania,1989-09-01,388003.0,908116.0
Pennsylvania,1989-10-01,391719.0,914477.0
Pennsylvania,1989-11-01,393535.0,916613.0
Pennsylvania,1989-12-01,401169.0,937070.0
Pennsylvania,1990-01-01,405738.0,945776.0
Pennsylvania,1990-02-01,406626.0,946944.0
Pennsylvania,1990-03-01,416737.0,971043.0
Pennsylvania,1990-04-01,417617.0,974373.0
Pennsylvania,1990-05-01,414926.0,962268.0
Pennsylvania,1990-06-01,417885.0,973733.0
Pennsylvania,1990-07-01,417046.0,966565.0
Pennsylvania,1990-08-01,413355.0,951789.0
Pennsylvania,1990-09-01,415681.0,962781.0
Pennsylvania,1990-10-01,429589.0,987604.0
Pennsylvania,1990-11-01,436456.0,1007981.0
Pennsylvania,1990-12-01,442245.0,1022119.0
Pennsylvania,1991-01-01,446139.0,1024912.0
Pennsylvania,1991-02-01,455288.0,1053374.0
Pennsylvania,1991-03-01,461976.0,1065785.0
Pennsylvania,1991-04-01,467461.0,1080795.0
Pennsylvania,1991-05-01,462273.0,1063683.0
Pennsylvania,1991-06-01,463665.0,1072296.0
Pennsylvania,1991-07-01,463743.0,1063559.0
Pennsylvania,1991-08-01,472938.0,1091207.0
Pennsylvania,1991-09-01,473433.0,1092084.0
Pennsylvania,1991-10-01,475844.0,1092730.0
Pennsylvania,1991-11-01,487141.0,1125717.0
Pennsylvania,1991-12-01,486229.0,1120367.0
Pennsylvania,1992-01-01,488636.0,1124459.0
Pennsylvania,1992-02-01,495833.0,1145983.0
Pennsylvania,1992-03-01,497248.0,1142215.0
Pennsylvania,1992-04-01,503076.0,1161572.0
Pennsylvania,1992-05-01,499440.0,1151953.0
Pennsylvania,1992-06-01,501007.0,1151058.0
Pennsylvania,1992-07-01,497396.0,1138500.0
Pennsylvania,1992-08-01,504280.0,1157341.0
Pennsylvania,1992-09-01,498461.0,1136825.0
Pennsylvania,1992-10-01,508581.0,1166500.0
Pennsylvania,1992-11-01,508957.0,1168295.0
Pennsylvania,1992-12-01,508255.0,1160156.0
Pennsylvania,1993-01-01,514440.0,1180499.0
Pennsylvania,1993-02-01,516167.0,1179855.0
Pennsylvania,1993-03-01,528756.0,1209850.0
Pennsylvania,1993-04-01,526600.0,1207470.0
Pennsylvania,1993-05-01,524746.0,1203184.0
Pennsylvania,1993-06-01,519510.0,1183686.0
Pennsylvania,1993-07-01,521885.0,1194394.0
Pennsylvania,1993-08-01,526706.0,1203827.0
Pennsylvania,1993-09-01,516433.0,1174828.0
Pennsylvania,1993-10-01,523448.0,1197575.0
Pennsylvania,1993-11-01,524607.0,1198286.0
Pennsylvania,1993-12-01,526890.0,1198966.0
Pennsylvania,1994-01-01,523773.0,1199368.0
Pennsylvania,1994-02-01,532458.0,1211734.0
Pennsylvania,1994-03-01,544380.0,1243533.0
Pennsylvania,1994-04-01,538291.0,1232137.0
Pennsylvania,1994-05-01,535665.0,1220190.0
Pennsylvania,1994-06-01,529401.0,1203742.0
Pennsylvania,1994-07-01,528411.0,1206975.0
Pennsylvania,1994-08-01,528636.0,1202100.0
Pennsylvania,1994-09-01,521600.0,1185157.0
Pennsylvania,1994-10-01,525292.0,1197596.0
Pennsylvania,1994-11-01,518759.0,1177524.0
Pennsylvania,1994-12-01,523780.0,1193914.0
Pennsylvania,1995-01-01,524575.0,1195351.0
Pennsylvania,1995-02-01,516620.0,1171574.0
Pennsylvania,1995-03-01,528292.0,1202060.0
Pennsylvania,1995-04-01,519703.0,1186047.0
Pennsylvania,1995-05-01,511369.0,1156982.0
Pennsylvania,1995-06-01,512468.0,1166468.0
Pennsylvania,1995-07-01,506770.0,1153939.0
Pennsylvania,1995-08-01,501509.0,1134142.0
Pennsylvania,1995-09-01,501990.0,1145441.0
Pennsylvania,1995-10-01,499451.0,1136697.0
Pennsylvania,1995-11-01,495794.0,1127461.0
Pennsylvania,1995-12-01,524225.0,1209451.0
Pennsylvania,1996-01-01,499989.0,1141238.0
Pennsylvania,1996-02-01,495108.0,1126913.0
Pennsylvania,1996-03-01,504193.0,1151785.0
Pennsylvania,1996-04-01,498955.0,1137019.0
Pennsylvania,1996-05-01,490998.0,1115564.0
Pennsylvania,1996-06-01,481651.0,1100179.0
Pennsylvania,1996-07-01,474493.0,1075383.0
Pennsylvania,1996-08-01,476702.0,1088262.0
Pennsylvania,1996-09-01,469388.0,1072545.0
Pennsylvania,1996-10-01,462452.0,1051843.0
Pennsylvania,1996-11-01,459794.0,1054690.0
Pennsylvania,1996-12-01,455353.0,1042559.0
Pennsylvania,1997-01-01,449404.0,1027202.0
Pennsylvania,1997-02-01,449868.0,1035843.0
Pennsylvania,1997-03-01,442838.0,1014509.0
Pennsylvania,1997-04-01,441762.0,1018063.0
Pennsylvania,1997-05-01,435170.0,1002847.0
Pennsylvania,1997-06-01,429017.0,988666.0
Pennsylvania,1997-07-01,417404.0,953274.0
Pennsylvania,1997-08-01,418343.0,960959.0
Pennsylvania,1997-09-01,420597.0,955915.0
Pennsylvania,1997-10-01,416551.0,945148.0
Pennsylvania,1997-11-01,412617.0,941904.0
Pennsylvania,1997-12-01,402570.0,913206.0
Pennsylvania,1998-01-01,416016.0,945909.0
Pennsylvania,1998-02-01,406735.0,924007.0
Pennsylvania,1998-03-01,405572.0,918312.0
Pennsylvania,1998-04-01,397624.0,908155.0
Pennsylvania,1998-05-01,396040.0,899947.0
Pennsylvania,1998-06-01,392657.0,888221.0
Pennsylvania,1998-07-01,385458.0,866465.0
Pennsylvania,1998-08-01,388679.0,877136.0
Pennsylvania,1998-09-01,381519.0,852404.0
Pennsylvania,1998-10-01,387721.0,872010.0
Pennsylvania,1998-11-01,384365.0,863055.0
Pennsylvania,1998-12-01,378353.0,842332.0
Pennsylvania,1999-01-01,382265.0,860225.0
Pennsylvania,1999-02-01,374867.0,837082.0
Pennsylvania,1999-03-01,378113.0,850091.0
Pennsylvania,1999-04-01,374734.0,841156.0
Pennsylvania,1999-05-01,371045.0,832305.0
Pennsylvania,1999-06-01,362299.0,805024.0
Pennsylvania,1999-07-01,366013.0,819313.0
Pennsylvania,1999-08-01,363152.0,810236.0
Pennsylvania,1999-09-01,355497.0,785948.0
Pennsylvania,1999-10-01,361759.0,806354.0
Pennsylvania,1999-11-01,358143.0,795971.0
Pennsylvania,1999-12-01,354985.0,783882.0
Pennsylvania,2000-01-01,357154.0,791435.0
Pennsylvania,2000-02-01,349592.0,765932.0
Pennsylvania,2000-03-01,359180.0,794948.0
Pennsylvania,2000-04-01,354989.0,785875.0
Pennsylvania,2000-05-01,347123.0,759001.0
Pennsylvania,2000-06-01,350422.0,772405.0
Pennsylvania,2000-07-01,348216.0,762977.0
Pennsylvania,2000-08-01,342339.0,746372.0
Pennsylvania,2000-09-01,345991.0,760196.0
Pennsylvania,2000-10-01,344682.0,754885.0
Pennsylvania,2000-11-01,340843.0,741055.0
Pennsylvania,2000-12-01,345098.0,757523.0
Pennsylvania,2001-01-01,345430.0,755465.0
Pennsylvania,2001-02-01,339211.0,738924.0
Pennsylvania,2001-03-01,347143.0,758337.0
Pennsylvania,2001-04-01,343680.0,751281.0
Pennsylvania,2001-05-01,338483.0,733292.0
Pennsylvania,2001-06-01,343900.0,751783.0
Pennsylvania,2001-07-01,341147.0,742163.0
Pennsylvania,2001-08-01,341794.0,744156.0
Pennsylvania,2001-09-01,342357.0,748027.0
Pennsylvania,2001-10-01,344205.0,747976.0
Pennsylvania,2001-11-01,347190.0,761497.0
Pennsylvania,2001-12-01,350822.0,769745.0
Pennsylvania,2002-01-01,350801.0,764609.0
Pennsylvania,2002-02-01,351376.0,769211.0
Pennsylvania,2002-03-01,356683.0,781083.0
Pennsylvania,2002-04-01,355665.0,779230.0
Pennsylvania,2002-05-01,349017.0,759003.0
Pennsylvania,2002-06-01,351865.0,770332.0
Pennsylvania,2002-07-01,345606.0,749029.0
Pennsylvania,2002-08-01,354190.0,776339.0
Pennsylvania,2002-09-01,352636.0,771328.0
Pennsylvania,2002-10-01,354061.0,770819.0
Pennsylvania,2002-11-01,359312.0,789528.0
Pennsylvania,2002-12-01,362523.0,795337.0
Pennsylvania,2003-01-01,364606.0,796952.0
Pennsylvania,2003-02-01,365330.0,801321.0
Pennsylvania,2003-03-01,367881.0,801747.0
Pennsylvania,2003-04-01,375786.0,827737.0
Pennsylvania,2003-05-01,377413.0,831307.0
Pennsylvania,2003-06-01,377987.0,833951.0
Pennsylvania,2003-07-01,386492.0,858974.0
Pennsylvania,2003-08-01,393583.0,876037.0
Pennsylvania,2003-09-01,398189.0,888645.0
Pennsylvania,2003-10-01,406720.0,909087.0
Pennsylvania,2003-11-01,418404.0,934122.0
Pennsylvania,2003-12-01,417997.0,933458.0
Pennsylvania,2004-01-01,424663.0,947488.0
Pennsylvania,2004-02-01,425454.0,948923.0
Pennsylvania,2004-03-01,429841.0,958039.0
Pennsylvania,2004-04-01,433820.0,965242.0
Pennsylvania,2004-05-01,437325.0,972469.0
Pennsylvania,2004-06-01,439988.0,977733.0
Pennsylvania,2004-07-01,445174.0,988682.0
Pennsylvania,2004-08-01,448853.0,995513.0
Pennsylvania,2004-09-01,451728.0,1000534.0
Pennsylvania,2004-10-01,457484.0,1013261.0
Pennsylvania,2004-11-01,459307.0,1018019.0
Pennsylvania,2004-12-01,463031.0,1026438.0
Pennsylvania,2005-01-01,468176.0,1037237.0
Pennsylvania,2005-02-01,469747.0,1039750.0
Pennsylvania,2005-03-01,472383.0,1043720.0
Pennsylvania,2005-04-01,475595.0,1050195.0
Pennsylvania,2005-05-01,475683.0,1049944.0
Pennsylvania,2005-06-01,476290.0,1050413.0
Pennsylvania,2005-07-01,479071.0,1056104.0
Pennsylvania,2005-08-01,481455.0,1060718.0
Pennsylvania,2005-09-01,485298.0,1067904.0
Pennsylvania,2005-10-01,490070.0,1078611.0
Pennsylvania,2005-11-01,492093.0,1083245.0
Pennsylvania,2005-12-01,496322.0,1092201.0
Pennsylvania,2006-01-01,498704.0,1095907.0
Pennsylvania,2006-02-01,498679.0,1094822.0
Pennsylvania,2006-03-01,499446.0,1094161.0
Pennsylvania,2006-04-01,496770.0,1092805.0
Pennsylvania,2006-05-01,496569.0,1093057.0
Pennsylvania,2006-06-01,496679.0,1092193.0
Pennsylvania,2006-07-01,497606.0,1095739.0
Pennsylvania,2006-08-01,498922.0,1096885.0
Pennsylvania,2006-09-01,499432.0,1097949.0
Pennsylvania,2006-10-01,499483.0,1098842.0
Pennsylvania,2006-11-01,499065.0,1098377.0
Pennsylvania,2006-12-01,500856.0,1103300.0
Pennsylvania,2007-01-01,535402.0,1137971.0
Pennsylvania,2007-02-01,536294.0,1138216.0
Pennsylvania,2007-03-01,541247.0,1147100.0
Pennsylvania,2007-04-01,541947.0,1147801.0
Pennsylvania,2007-05-01,542138.0,1147038.0
Pennsylvania,2007-06-01,544322.0,1152406.0
Pennsylvania,2007-07-01,538932.0,1147666.0
Pennsylvania,2007-08-01,540370.0,1149049.0
Pennsylvania,2007-09-01,542861.0,1153982.0
Pennsylvania,2007-10-01,545155.0,1157888.0
Pennsylvania,2007-11-01,545613.0,1159948.0
Pennsylvania,2007-12-01,548518.0,1168067.0
Pennsylvania,2008-01-01,551729.0,1173679.0
Pennsylvania,2008-02-01,553405.0,1176463.0
Pennsylvania,2008-03-01,558155.0,1186918.0
Pennsylvania,2008-04-01,560654.0,1191886.0
Pennsylvania,2008-05-01,563429.0,1197516.0
Pennsylvania,2008-06-01,564345.0,1199230.0
Pennsylvania,2008-07-01,567630.0,1205289.0
Pennsylvania,2008-08-01,571973.0,1214802.0
Pennsylvania,2008-09-01,576661.0,1222182.0
Pennsylvania,2008-10-01,583202.0,1234892.0
Pennsylvania,2008-11-01,594554.0,1261344.0
Pennsylvania,2008-12-01,602020.0,1277018.0
Pennsylvania,2009-01-01,613452.0,1299743.0
Pennsylvania,2009-02-01,619952.0,1312566.0
Pennsylvania,2009-03-01,626754.0,1326271.0
Pennsylvania,2009-04-01,633493.0,1339541.0
Pennsylvania,2009-05-01,641622.0,1357031.0
Pennsylvania,2009-06-01,648042.0,1370254.0
Pennsylvania,2009-07-01,657237.0,1389375.0
Pennsylvania,2009-08-01,675714.0,1432527.0
Pennsylvania,2009-09-01,682745.0,1453076.0
Pennsylvania,2009-10-01,698678.0,1483361.0
Pennsylvania,2009-11-01,709073.0,1508095.0
Pennsylvania,2009-12-01,718299.0,1529044.0
Pennsylvania,2010-01-01,729788.0,1554442.0
Pennsylvania,2010-02-01,733932.0,1564824.0
Pennsylvania,2010-03-01,741514.0,1579534.0
Pennsylvania,2010-04-01,747177.0,1590177.0
Pennsylvania,2010-05-01,745158.0,1587005.0
Pennsylvania,2010-06-01,748374.0,1592282.0
Pennsylvania,2010-07-01,764349.0,1625400.0
Pennsylvania,2010-08-01,771575.0,1638967.0
Pennsylvania,2010-09-01,774313.0,1644259.0
Pennsylvania,2010-10-01,783911.0,1663135.0
Pennsylvania,2010-11-01,789307.0,1673714.0
Pennsylvania,2010-12-01,795118.0,1684790.0
Pennsylvania,2011-01-01,801875.0,1697563.0
Pennsylvania,2011-02-01,805534.0,1703120.0
Pennsylvania,2011-03-01,812613.0,1712108.0
Pennsylvania,2011-04-01,821242.0,1727954.0
Pennsylvania,2011-05-01,824583.0,1732273.0
Pennsylvania,2011-06-01,827158.0,1735414.0
Pennsylvania,2011-07-01,837099.0,1754322.0
Pennsylvania,2011-08-01,843759.0,1764550.0
Pennsylvania,2011-09-01,846976.0,1769585.0
Pennsylvania,2011-10-01,855467.0,1785240.0
Pennsylvania,2011-11-01,860770.0,1793433.0
Pennsylvania,2011-12-01,865654.0,1801249.0
Pennsylvania,2012-01-01,872319.0,1811363.0
Pennsylvania,2012-02-01,873717.0,1811047.0
Pennsylvania,2012-03-01,878156.0,1816406.0
Pennsylvania,2012-04-01,875857.0,1809656.0
Pennsylvania,2012-05-01,875251.0,1806592.0
Pennsylvania,2012-06-01,871271.0,1795920.0
Pennsylvania,2012-07-01,870350.0,1793687.0
Pennsylvania,2012-08-01,866429.0,1784210.0
Pennsylvania,2012-09-01,864645.0,1781699.0
Pennsylvania,2012-10-01,860280.0,1772081.0
Pennsylvania,2012-11-01,873121.0,1797976.0
Pennsylvania,2012-12-01,854631.0,1761270.0
Pennsylvania,2013-01-01,857817.0,1767367.0
Pennsylvania,2013-02-01,858782.0,1767598.0
Pennsylvania,2013-03-01,864963.0,1777618.0
Pennsylvania,2013-04-01,865358.0,1776949.0
Pennsylvania,2013-05-01,871026.0,1784566.0
Pennsylvania,2013-06-01,874379.0,1788531.0
Pennsylvania,2013-07-01,881090.0,1800392.0
Pennsylvania,2013-08-01,888231.0,1812492.0
Pennsylvania,2013-09-01,888352.0,1810643.0
Pennsylvania,2013-10-01,888107.0,1807510.0
Pennsylvania,2013-11-01,888346.0,1802935.0
Pennsylvania,2013-12-01,882304.0,1788668.0
Pennsylvania,2014-01-01,880107.0,1782330.0
Pennsylvania,2014-02-01,876245.0,1772367.0
Pennsylvania,2014-03-01,883788.0,1785622.0
Pennsylvania,2014-04-01,888020.0,1790623.0
Pennsylvania,2014-05-01,893127.0,1799956.0
Pennsylvania,2014-06-01,891630.0,1794330.0
Pennsylvania,2014-07-01,898623.0,1806495.0
Pennsylvania,2014-08-01,903257.0,1812819.0
Pennsylvania,2014-09-01,903148.0,1810197.0
Pennsylvania,2014-10-01,906271.0,1813280.0
Pennsylvania,2014-11-01,908019.0,1815612.0
Pennsylvania,2014-12-01,906251.0,1808787.0
Pennsylvania,2015-01-01,911216.0,1815533.0
Pennsylvania,2015-02-01,910386.0,1810998.0
Pennsylvania,2015-03-01,912012.0,1814734.0
Pennsylvania,2015-04-01,914195.0,1815225.0
Pennsylvania,2015-05-01,921046.0,1828419.0
Pennsylvania,2015-06-01,923430.0,1830489.0
Pennsylvania,2015-07-01,930751.0,1844556.0
Pennsylvania,2015-08-01,938705.0,1858713.0
Pennsylvania,2015-09-01,942847.0,1863656.0
Pennsylvania,2015-10-01,949330.0,1873447.0
Pennsylvania,2015-11-01,949213.0,1870415.0
Pennsylvania,2015-12-01,950573.0,1868538.0
Pennsylvania,2016-01-01,951727.0,1870344.0
Pennsylvania,2016-02-01,951747.0,1866888.0
Pennsylvania,2016-03-01,953883.0,1866954.0
Pennsylvania,2016-04-01,953935.0,1865182.0
Pennsylvania,2016-05-01,953527.0,1860827.0
Pennsylvania,2016-06-01,945411.0,1850791.0
Pennsylvania,2016-07-01,946675.0,1854367.0
Pennsylvania,2016-08-01,951207.0,1860044.0
Pennsylvania,2016-09-01,951638.0,1858232.0
Pennsylvania,2016-10-01,950899.0,1855129.0
Pennsylvania,2016-11-01,950650.0,1851309.0
Pennsylvania,2016-12-01,949118.0,1846117.0
Pennsylvania,2017-01-01,951525.0,1849422.0
Pennsylvania,2017-02-01,951452.0,1845237.0
Pennsylvania,2017-03-01,949914.0,1838124.0
Pennsylvania,2017-04-01,949708.0,1837461.0
Pennsylvania,2017-05-01,949024.0,1834131.0
Pennsylvania,2017-06-01,950894.0,1837088.0
Pennsylvania,2017-07-01,951487.0,1837947.0
Pennsylvania,2017-08-01,955717.0,1842248.0
Pennsylvania,2017-09-01,956538.0,1841128.0
Pennsylvania,2017-10-01,957037.0,1838086.0
Pennsylvania,2017-11-01,958201.0,1836747.0
Pennsylvania,2017-12-01,955079.0,1828230.0
Pennsylvania,2018-01-01,959031.0,1832440.0
Pennsylvania,2018-02-01,958444.0,1825566.0
Pennsylvania,2018-03-01,958651.0,1822560.0
Pennsylvania,2018-04-01,958143.0,1817145.0
Pennsylvania,2018-05-01,958288.0,1814910.0
Pennsylvania,2018-06-01,953940.0,1806510.0
Pennsylvania,2018-07-01,952503.0,1802599.0
Pennsylvania,2018-08-01,954430.0,1801513.0
Pennsylvania,2018-09-01,953467.0,1796760.0
Pennsylvania,2018-10-01,953070.0,1791564.0
Pennsylvania,2018-11-01,949366.0,1780497.0
Pennsylvania,2018-12-01,945533.0,1769604.0
Pennsylvania,2019-01-01,945432.0,1768620.0
Pennsylvania,2019-02-01,93193.0,196429.0
Pennsylvania,2019-03-01,939194.0,1748715.0
Pennsylvania,2019-04-01,938729.0,1747214.0
Pennsylvania,2019-05-01,937782.0,1741489.0
Pennsylvania,2019-06-01,938895.0,1741026.0
Pennsylvania,2019-07-01,941757.0,1746086.0
Pennsylvania,2019-08-01,947660.0,1755663.0
Pennsylvania,2019-09-01,943248.0,1744769.0
Pennsylvania,2019-10-01,944514.0,1744319.0
Pennsylvania,2019-11-01,943674.0,1741549.0
Pennsylvania,2019-12-01,937337.0,1725850.0
Pennsylvania,2020-01-01,938827.0,1725978.0
Pennsylvania,2020-02-01,941031.0,1728680.0
Pennsylvania,2020-03-01,942908.0,1732446.0
Pennsylvania,2020-04-01,995550.0,1843929.0
Pennsylvania,2020-05-01,1022787.0,1899944.0
Pennsylvania,2020-06-01,1022331.0,1891660.0
Pennsylvania,2020-07-01,995866.0,1821999.0
Pennsylvania,2020-08-01,997132.0,1826611.0
Pennsylvania,2020-09-01,1007323.0,1852391.0
Pennsylvania,2020-10-01,999575.0,1841766.0
Pennsylvania,2020-11-01,981517.0,1810277.0
Pennsylvania,2020-12-01,784598.0,1447615.0
Pennsylvania,2021-01-01,974113.0,1799807.0
Pennsylvania,2021-02-01,970279.0,1795163.0
Pennsylvania,2021-03-01,964654.0,1783981.0
Pennsylvania,2021-04-01,962449.0,1782922.0
Pennsylvania,2021-05-01,958318.0,1778560.0
Pennsylvania,2021-06-01,954489.0,1771130.0
Pennsylvania,2021-07-01,958633.0,1777407.0
Pennsylvania,2021-08-01,965668.0,1792493.0
Pennsylvania,2021-09-01,976812.0,1816279.0
Pennsylvania,2021-10-01,976754.0,1813453.0
Pennsylvania,2021-11-01,989208.0,1839082.0
Pennsylvania,2021-12-01,996283.0,1852459.0
Pennsylvania,2022-01-01,994462.0,1847074.0
Pennsylvania,2022-02-01,997727.0,1856520.0
Pennsylvania,2022-03-01,987280.0,1859781.0
Pennsylvania,2022-04-01,987688.0,1861373.0
Pennsylvania,2022-05-01,979382.0,1842970.0
Pennsylvania,2022-06-01,975193.0,1831448.0
Pennsylvania,2022-07-01,977638.0,1836107.0
Pennsylvania,2022-08-01,979547.0,1836059.0
Pennsylvania,2022-09-01,1009429.0,1871300.0
Pennsylvania,2022-10-01,999785.0,1877858.0
Pennsylvania,2022-11-01,1007310.0,1892551.0
Pennsylvania,2022-12-01,1011476.0,1903246.0
Pennsylvania,2023-01-01,1023811.0,1930162.0
Pennsylvania,2023-02-01,1024322.0,1931211.0
Pennsylvania,2023-03-01,1022512.0,1926120.0
Pennsylvania,2023-04-01,1027204.0,1936758.0
Pennsylvania,2023-05-01,1031944.0,1936773.0
Pennsylvania,2023-06-01,1035552.0,1941434.0
Pennsylvania,2023-07-01,1037777.0,1945480.0
Pennsylvania,2023-08-01,1044539.0,1954742.0
Pennsylvania,2023-09-01,1044530.0,1953399.0
Pennsylvania,2023-10-01,1057459.0,1977626.0
Pennsylvania,2023-11-01,1058116.0,1979248.0
Pennsylvania,2023-12-01,1057737.0,1975317.0
Pennsylvania,2024-01-01,1064248.0,1984531.0
Pennsylvania,2024-02-01,1076534.0,1996706.0
Pennsylvania,2024-03-01,1071457.0,1993394.0
Pennsylvania,2024-04-01,1093419.0,2013612.0
Pennsylvania,2024-05-01,1095319.0,2014560.0
Pennsylvania,2024-06-01,1094655.0,2011781.0
Pennsylvania,2024-07-01,1094999.0,2014887.0
Pennsylvania,2024-08-01,1099842.0,2024539.0
Pennsylvania,2024-09-01,0.0,0.0
Puerto Rico,2019-10-01,0.0,0.0
Puerto Rico,2019-11-01,0.0,0.0
Puerto Rico,2019-12-01,0.0,0.0
Puerto Rico,2020-01-01,0.0,0.0
Puerto Rico,2020-02-01,0.0,0.0
Puerto Rico,2020-03-01,0.0,0.0
Puerto Rico,2020-04-01,0.0,0.0
Puerto Rico,2020-05-01,0.0,0.0
Puerto Rico,2020-06-01,0.0,0.0
Puerto Rico,2020-07-01,0.0,0.0
Puerto Rico,2020-08-01,0.0,0.0
Puerto Rico,2020-09-01,0.0,0.0
Puerto Rico,2020-10-01,0.0,0.0
Puerto Rico,2020-11-01,0.0,0.0
Puerto Rico,2020-12-01,0.0,0.0
Puerto Rico,2021-01-01,0.0,0.0
Puerto Rico,2021-02-01,0.0,0.0
Puerto Rico,2021-03-01,0.0,0.0
Puerto Rico,2021-04-01,0.0,0.0
Puerto Rico,2021-05-01,0.0,0.0
Puerto Rico,2021-06-01,0.0,0.0
Puerto Rico,2021-07-01,0.0,0.0
Puerto Rico,2021-08-01,0.0,0.0
Puerto Rico,2021-09-01,0.0,0.0
Puerto Rico,2021-10-01,0.0,0.0
Puerto Rico,2021-11-01,0.0,0.0
Puerto Rico,2021-12-01,0.0,0.0
Puerto Rico,2022-01-01,0.0,0.0
Puerto Rico,2022-02-01,0.0,0.0
Puerto Rico,2022-03-01,0.0,0.0
Puerto Rico,2022-04-01,0.0,0.0
Puerto Rico,2022-05-01,0.0,0.0
Puerto Rico,2022-06-01,0.0,0.0
Puerto Rico,2022-07-01,0.0,0.0
Puerto Rico,2022-08-01,0.0,0.0
Puerto Rico,2022-09-01,0.0,0.0
Puerto Rico,2022-10-01,0.0,0.0
Puerto Rico,2022-11-01,0.0,0.0
Puerto Rico,2022-12-01,0.0,0.0
Puerto Rico,2023-01-01,0.0,0.0
Puerto Rico,2023-02-01,0.0,0.0
Puerto Rico,2023-03-01,0.0,0.0
Puerto Rico,2023-04-01,0.0,0.0
Puerto Rico,2023-05-01,0.0,0.0
Puerto Rico,2023-06-01,0.0,0.0
Puerto Rico,2023-07-01,0.0,0.0
Puerto Rico,2023-08-01,0.0,0.0
Puerto Rico,2023-09-01,0.0,0.0
Puerto Rico,2023-10-01,0.0,0.0
Puerto Rico,2023-11-01,0.0,0.0
Puerto Rico,2023-12-01,0.0,0.0
Puerto Rico,2024-01-01,0.0,0.0
Puerto Rico,2024-02-01,0.0,0.0
Puerto Rico,2024-03-01,0.0,0.0
Puerto Rico,2024-04-01,0.0,0.0
Puerto Rico,2024-05-01,0.0,0.0
Puerto Rico,2024-06-01,0.0,0.0
Puerto Rico,2024-07-01,0.0,0.0
Puerto Rico,2024-08-01,0.0,0.0
Puerto Rico,2024-09-01,0.0,0.0
Rhode Island,1988-10-01,24568.0,55993.0
Rhode Island,1988-11-01,24471.0,55483.0
Rhode Island,1988-12-01,24610.0,55830.0
Rhode Island,1989-01-01,24844.0,56501.0
Rhode Island,1989-02-01,24975.0,56738.0
Rhode Island,1989-03-01,25318.0,57668.0
Rhode Island,1989-04-01,25176.0,57408.0
Rhode Island,1989-05-01,25010.0,56822.0
Rhode Island,1989-06-01,25104.0,57123.0
Rhode Island,1989-07-01,25010.0,57001.0
Rhode Island,1989-08-01,25339.0,57680.0
Rhode Island,1989-09-01,25340.0,57958.0
Rhode Island,1989-10-01,25446.0,58244.0
Rhode Island,1989-11-01,25880.0,58958.0
Rhode Island,1989-12-01,26206.0,60282.0
Rhode Island,1990-01-01,26539.0,60356.0
Rhode Island,1990-02-01,27523.0,63372.0
Rhode Island,1990-03-01,28390.0,65297.0
Rhode Island,1990-04-01,28532.0,65623.0
Rhode Island,1990-05-01,28782.0,66099.0
Rhode Island,1990-06-01,28875.0,66212.0
Rhode Island,1990-07-01,29148.0,66675.0
Rhode Island,1990-08-01,29908.0,68641.0
Rhode Island,1990-09-01,30411.0,69567.0
Rhode Island,1990-10-01,30840.0,70575.0
Rhode Island,1990-11-01,30909.0,70789.0
Rhode Island,1990-12-01,32115.0,74115.0
Rhode Island,1991-01-01,32663.0,74987.0
Rhode Island,1991-02-01,34316.0,78711.0
Rhode Island,1991-03-01,34178.0,78250.0
Rhode Island,1991-04-01,34958.0,79985.0
Rhode Island,1991-05-01,34647.0,79203.0
Rhode Island,1991-06-01,34838.0,79819.0
Rhode Island,1991-07-01,34931.0,80215.0
Rhode Island,1991-08-01,35335.0,81106.0
Rhode Island,1991-09-01,36313.0,83317.0
Rhode Island,1991-10-01,36397.0,83521.0
Rhode Island,1991-11-01,37354.0,85430.0
Rhode Island,1991-12-01,37590.0,85911.0
Rhode Island,1992-01-01,37333.0,85339.0
Rhode Island,1992-02-01,38583.0,88092.0
Rhode Island,1992-03-01,38835.0,88519.0
Rhode Island,1992-04-01,38734.0,88106.0
Rhode Island,1992-05-01,38597.0,87830.0
Rhode Island,1992-06-01,39169.0,89360.0
Rhode Island,1992-07-01,38481.0,87874.0
Rhode Island,1992-08-01,38960.0,88795.0
Rhode Island,1992-09-01,39485.0,89930.0
Rhode Island,1992-10-01,38735.0,88366.0
Rhode Island,1992-11-01,37549.0,85711.0
Rhode Island,1992-12-01,41816.0,95286.0
Rhode Island,1993-01-01,39442.0,90212.0
Rhode Island,1993-02-01,40747.0,93040.0
Rhode Island,1993-03-01,41456.0,94379.0
Rhode Island,1993-04-01,40821.0,93217.0
Rhode Island,1993-05-01,41200.0,93966.0
Rhode Island,1993-06-01,41325.0,94402.0
Rhode Island,1993-07-01,40140.0,92044.0
Rhode Island,1993-08-01,40794.0,93599.0
Rhode Island,1993-09-01,40455.0,93188.0
Rhode Island,1993-10-01,40283.0,92649.0
Rhode Island,1993-11-01,40560.0,93733.0
Rhode Island,1993-12-01,40833.0,94438.0
Rhode Island,1994-01-01,40453.0,93569.0
Rhode Island,1994-02-01,40868.0,94779.0
Rhode Island,1994-03-01,41634.0,96336.0
Rhode Island,1994-04-01,41300.0,95997.0
Rhode Island,1994-05-01,40716.0,94403.0
Rhode Island,1994-06-01,40175.0,93382.0
Rhode Island,1994-07-01,39903.0,92664.0
Rhode Island,1994-08-01,39275.0,90724.0
Rhode Island,1994-09-01,39468.0,92736.0
Rhode Island,1994-10-01,40036.0,93626.0
Rhode Island,1994-11-01,39697.0,93396.0
Rhode Island,1994-12-01,40382.0,94794.0
Rhode Island,1995-01-01,41891.0,96791.0
Rhode Island,1995-02-01,40461.0,94839.0
Rhode Island,1995-03-01,40526.0,94744.0
Rhode Island,1995-04-01,40377.0,94389.0
Rhode Island,1995-05-01,40006.0,93285.0
Rhode Island,1995-06-01,39146.0,91532.0
Rhode Island,1995-07-01,39070.0,91033.0
Rhode Island,1995-08-01,39259.0,91719.0
Rhode Island,1995-09-01,39173.0,91061.0
Rhode Island,1995-10-01,38712.0,90597.0
Rhode Island,1995-11-01,39000.0,91000.0
Rhode Island,1995-12-01,40627.0,94806.0
Rhode Island,1996-01-01,34388.0,82073.0
Rhode Island,1996-02-01,39504.0,90778.0
Rhode Island,1996-03-01,42257.0,96903.0
Rhode Island,1996-04-01,39858.0,92201.0
Rhode Island,1996-05-01,41060.0,93830.0
Rhode Island,1996-06-01,37992.0,87741.0
Rhode Island,1996-07-01,39017.0,90087.0
Rhode Island,1996-08-01,40775.0,93455.0
Rhode Island,1996-09-01,37448.0,87006.0
Rhode Island,1996-10-01,34680.0,79834.0
Rhode Island,1996-11-01,43057.0,98803.0
Rhode Island,1996-12-01,41520.0,94449.0
Rhode Island,1997-01-01,35175.0,82552.0
Rhode Island,1997-02-01,37148.0,85023.0
Rhode Island,1997-03-01,38007.0,88055.0
Rhode Island,1997-04-01,34987.0,80004.0
Rhode Island,1997-05-01,38835.0,87803.0
Rhode Island,1997-06-01,34906.0,79480.0
Rhode Island,1997-07-01,33917.0,76684.0
Rhode Island,1997-08-01,36693.0,83043.0
Rhode Island,1997-09-01,34787.0,79799.0
Rhode Island,1997-10-01,34764.0,77538.0
Rhode Island,1997-11-01,36364.0,80538.0
Rhode Island,1997-12-01,36615.0,81438.0
Rhode Island,1998-01-01,31232.0,73075.0
Rhode Island,1998-02-01,34061.0,75918.0
Rhode Island,1998-03-01,34480.0,77057.0
Rhode Island,1998-04-01,33189.0,73667.0
Rhode Island,1998-05-01,33532.0,75060.0
Rhode Island,1998-06-01,30143.0,67380.0
Rhode Island,1998-07-01,28887.0,63593.0
Rhode Island,1998-08-01,25044.0,54605.0
Rhode Island,1998-09-01,30481.0,67740.0
Rhode Island,1998-10-01,33409.0,74422.0
Rhode Island,1998-11-01,34369.0,76545.0
Rhode Island,1998-12-01,34303.0,76913.0
Rhode Island,1999-01-01,34176.0,76626.0
Rhode Island,1999-02-01,34647.0,77365.0
Rhode Island,1999-03-01,34846.0,77720.0
Rhode Island,1999-04-01,34561.0,76943.0
Rhode Island,1999-05-01,34414.0,75992.0
Rhode Island,1999-06-01,34223.0,76340.0
Rhode Island,1999-07-01,34199.0,76000.0
Rhode Island,1999-08-01,34221.0,76123.0
Rhode Island,1999-09-01,34015.0,75740.0
Rhode Island,1999-10-01,33728.0,75268.0
Rhode Island,1999-11-01,34193.0,76311.0
Rhode Island,1999-12-01,32962.0,74046.0
Rhode Island,2000-01-01,33163.0,74127.0
Rhode Island,2000-02-01,33644.0,74813.0
Rhode Island,2000-03-01,33856.0,74955.0
Rhode Island,2000-04-01,33757.0,74471.0
Rhode Island,2000-05-01,33664.0,74275.0
Rhode Island,2000-06-01,33484.0,73754.0
Rhode Island,2000-07-01,33340.0,73182.0
Rhode Island,2000-08-01,33274.0,73313.0
Rhode Island,2000-09-01,32002.0,72557.0
Rhode Island,2000-10-01,32919.0,72127.0
Rhode Island,2000-11-01,32712.0,71936.0
Rhode Island,2000-12-01,31633.0,69463.0
Rhode Island,2001-01-01,32195.0,70824.0
Rhode Island,2001-02-01,32659.0,71411.0
Rhode Island,2001-03-01,32791.0,71545.0
Rhode Island,2001-04-01,32572.0,71325.0
Rhode Island,2001-05-01,32889.0,71552.0
Rhode Island,2001-06-01,32763.0,71304.0
Rhode Island,2001-07-01,32826.0,71162.0
Rhode Island,2001-08-01,32862.0,71457.0
Rhode Island,2001-09-01,32763.0,71160.0
Rhode Island,2001-10-01,32923.0,71168.0
Rhode Island,2001-11-01,33324.0,72145.0
Rhode Island,2001-12-01,32266.0,69711.0
Rhode Island,2002-01-01,33110.0,71748.0
Rhode Island,2002-02-01,33903.0,73137.0
Rhode Island,2002-03-01,33980.0,73109.0
Rhode Island,2002-04-01,33850.0,72891.0
Rhode Island,2002-05-01,33708.0,72335.0
Rhode Island,2002-06-01,33380.0,71774.0
Rhode Island,2002-07-01,33403.0,71927.0
Rhode Island,2002-08-01,33312.0,71680.0
Rhode Island,2002-09-01,33280.0,71573.0
Rhode Island,2002-10-01,33492.0,71999.0
Rhode Island,2002-11-01,33502.0,71908.0
Rhode Island,2002-12-01,33356.0,71412.0
Rhode Island,2003-01-01,33301.0,71404.0
Rhode Island,2003-02-01,34133.0,72820.0
Rhode Island,2003-03-01,34394.0,73047.0
Rhode Island,2003-04-01,34416.0,75801.0
Rhode Island,2003-05-01,34502.0,75883.0
Rhode Island,2003-06-01,34495.0,75921.0
Rhode Island,2003-07-01,34548.0,76123.0
Rhode Island,2003-08-01,34596.0,76094.0
Rhode Island,2003-09-01,34717.0,76405.0
Rhode Island,2003-10-01,34982.0,77185.0
Rhode Island,2003-11-01,34921.0,76903.0
Rhode Island,2003-12-01,34515.0,76067.0
Rhode Island,2004-01-01,34648.0,76387.0
Rhode Island,2004-02-01,35544.0,78182.0
Rhode Island,2004-03-01,35686.0,78634.0
Rhode Island,2004-04-01,35761.0,78664.0
Rhode Island,2004-05-01,35533.0,78058.0
Rhode Island,2004-06-01,35323.0,77656.0
Rhode Island,2004-07-01,35346.0,77616.0
Rhode Island,2004-08-01,35309.0,77481.0
Rhode Island,2004-09-01,35218.0,77507.0
Rhode Island,2004-10-01,35091.0,77375.0
Rhode Island,2004-11-01,34947.0,77178.0
Rhode Island,2004-12-01,34277.0,75594.0
Rhode Island,2005-01-01,34232.0,75586.0
Rhode Island,2005-02-01,35035.0,77128.0
Rhode Island,2005-03-01,35495.0,77821.0
Rhode Island,2005-04-01,35409.0,77523.0
Rhode Island,2005-05-01,35188.0,76744.0
Rhode Island,2005-06-01,34732.0,75582.0
Rhode Island,2005-07-01,34139.0,73977.0
Rhode Island,2005-08-01,34162.0,74199.0
Rhode Island,2005-09-01,34310.0,74317.0
Rhode Island,2005-10-01,34820.0,75146.0
Rhode Island,2005-11-01,34696.0,74671.0
Rhode Island,2005-12-01,33898.0,72722.0
Rhode Island,2006-01-01,33359.0,71187.0
Rhode Island,2006-02-01,33411.0,72053.0
Rhode Island,2006-03-01,33893.0,72684.0
Rhode Island,2006-04-01,33931.0,72679.0
Rhode Island,2006-05-01,34062.0,72709.0
Rhode Island,2006-06-01,34466.0,73500.0
Rhode Island,2006-07-01,34448.0,73115.0
Rhode Island,2006-08-01,34889.0,73902.0
Rhode Island,2006-09-01,35024.0,73966.0
Rhode Island,2006-10-01,35541.0,75023.0
Rhode Island,2006-11-01,35585.0,75024.0
Rhode Island,2006-12-01,34721.0,72852.0
Rhode Island,2007-01-01,35103.0,73182.0
Rhode Island,2007-02-01,36032.0,75171.0
Rhode Island,2007-03-01,36508.0,75882.0
Rhode Island,2007-04-01,36622.0,76038.0
Rhode Island,2007-05-01,37237.0,77298.0
Rhode Island,2007-06-01,37523.0,77798.0
Rhode Island,2007-07-01,37952.0,78556.0
Rhode Island,2007-08-01,38406.0,79405.0
Rhode Island,2007-09-01,38511.0,79551.0
Rhode Island,2007-10-01,39275.0,81417.0
Rhode Island,2007-11-01,39699.0,82161.0
Rhode Island,2007-12-01,38898.0,80138.0
Rhode Island,2008-01-01,39376.0,80821.0
Rhode Island,2008-02-01,41087.0,84339.0
Rhode Island,2008-03-01,41650.0,85139.0
Rhode Island,2008-04-01,42087.0,85778.0
Rhode Island,2008-05-01,42537.0,86493.0
Rhode Island,2008-06-01,42988.0,87285.0
Rhode Island,2008-07-01,43249.0,87682.0
Rhode Island,2008-08-01,43660.0,88423.0
Rhode Island,2008-09-01,44065.0,88738.0
Rhode Island,2008-10-01,44961.0,90444.0
Rhode Island,2008-11-01,45424.0,91409.0
Rhode Island,2008-12-01,46126.0,92395.0
Rhode Island,2009-01-01,46681.0,93552.0
Rhode Island,2009-02-01,48605.0,97207.0
Rhode Island,2009-03-01,49809.0,99122.0
Rhode Island,2009-04-01,51662.0,102305.0
Rhode Island,2009-05-01,53058.0,104902.0
Rhode Island,2009-06-01,54634.0,107891.0
Rhode Island,2009-07-01,57381.0,112721.0
Rhode Island,2009-08-01,59267.0,116252.0
Rhode Island,2009-09-01,61047.0,119439.0
Rhode Island,2009-10-01,63015.0,122836.0
Rhode Island,2009-11-01,65378.0,126870.0
Rhode Island,2009-12-01,66664.0,128766.0
Rhode Island,2010-01-01,69176.0,133214.0
Rhode Island,2010-02-01,71893.0,138007.0
Rhode Island,2010-03-01,73467.0,140390.0
Rhode Island,2010-04-01,74813.0,142351.0
Rhode Island,2010-05-01,76161.0,144479.0
Rhode Island,2010-06-01,76965.0,145361.0
Rhode Island,2010-07-01,77601.0,146338.0
Rhode Island,2010-08-01,78950.0,148529.0
Rhode Island,2010-09-01,79994.0,150450.0
Rhode Island,2010-10-01,81157.0,152373.0
Rhode Island,2010-11-01,82248.0,154031.0
Rhode Island,2010-12-01,83032.0,155184.0
Rhode Island,2011-01-01,83405.0,155742.0
Rhode Island,2011-02-01,85507.0,159299.0
Rhode Island,2011-03-01,86579.0,160756.0
Rhode Island,2011-04-01,87141.0,161381.0
Rhode Island,2011-05-01,88150.0,162759.0
Rhode Island,2011-06-01,88800.0,163608.0
Rhode Island,2011-07-01,89149.0,164055.0
Rhode Island,2011-08-01,90156.0,165753.0
Rhode Island,2011-09-01,91095.0,167472.0
Rhode Island,2011-10-01,92039.0,168694.0
Rhode Island,2011-11-01,92460.0,169376.0
Rhode Island,2011-12-01,93356.0,170547.0
Rhode Island,2012-01-01,94579.0,172629.0
Rhode Island,2012-02-01,94672.0,172284.0
Rhode Island,2012-03-01,95342.0,172907.0
Rhode Island,2012-04-01,95558.0,172781.0
Rhode Island,2012-05-01,96127.0,173639.0
Rhode Island,2012-06-01,96431.0,174069.0
Rhode Island,2012-07-01,97251.0,175014.0
Rhode Island,2012-08-01,97461.0,175590.0
Rhode Island,2012-09-01,98106.0,176619.0
Rhode Island,2012-10-01,98396.0,176998.0
Rhode Island,2012-11-01,99486.0,178630.0
Rhode Island,2012-12-01,99796.0,179127.0
Rhode Island,2013-01-01,100424.0,180392.0
Rhode Island,2013-02-01,100686.0,180626.0
Rhode Island,2013-03-01,101090.0,180940.0
Rhode Island,2013-04-01,101117.0,180731.0
Rhode Island,2013-05-01,101096.0,180546.0
Rhode Island,2013-06-01,100965.0,180260.0
Rhode Island,2013-07-01,101047.0,180405.0
Rhode Island,2013-08-01,101159.0,180294.0
Rhode Island,2013-09-01,101250.0,180151.0
Rhode Island,2013-10-01,101542.0,180860.0
Rhode Island,2013-11-01,101040.0,179742.0
Rhode Island,2013-12-01,101011.0,179336.0
Rhode Island,2014-01-01,101085.0,179736.0
Rhode Island,2014-02-01,101047.0,179420.0
Rhode Island,2014-03-01,101570.0,179824.0
Rhode Island,2014-04-01,101072.0,178483.0
Rhode Island,2014-05-01,101119.0,178110.0
Rhode Island,2014-06-01,101094.0,177697.0
Rhode Island,2014-07-01,100290.0,176146.0
Rhode Island,2014-08-01,100399.0,176110.0
Rhode Island,2014-09-01,100758.0,176750.0
Rhode Island,2014-10-01,101302.0,177210.0
Rhode Island,2014-11-01,100603.0,175705.0
Rhode Island,2014-12-01,100979.0,176107.0
Rhode Island,2015-01-01,101932.0,177356.0
Rhode Island,2015-02-01,100771.0,174800.0
Rhode Island,2015-03-01,101201.0,175292.0
Rhode Island,2015-04-01,100826.0,174610.0
Rhode Island,2015-05-01,100626.0,173923.0
Rhode Island,2015-06-01,100711.0,173977.0
Rhode Island,2015-07-01,100636.0,173617.0
Rhode Island,2015-08-01,100921.0,173977.0
Rhode Island,2015-09-01,100884.0,173722.0
Rhode Island,2015-10-01,100688.0,173148.0
Rhode Island,2015-11-01,100733.0,172938.0
Rhode Island,2015-12-01,100922.0,172955.0
Rhode Island,2016-01-01,100835.0,172343.0
Rhode Island,2016-02-01,100437.0,171537.0
Rhode Island,2016-03-01,100660.0,171329.0
Rhode Island,2016-04-01,100222.0,170535.0
Rhode Island,2016-05-01,100245.0,170015.0
Rhode Island,2016-06-01,100038.0,169824.0
Rhode Island,2016-07-01,99838.0,169373.0
Rhode Island,2016-08-01,99987.0,169693.0
Rhode Island,2016-09-01,100592.0,168973.0
Rhode Island,2016-10-01,99363.0,169239.0
Rhode Island,2016-11-01,102081.0,173439.0
Rhode Island,2016-12-01,101942.0,173184.0
Rhode Island,2017-01-01,100058.0,169606.0
Rhode Island,2017-02-01,97932.0,165659.0
Rhode Island,2017-03-01,97784.0,165024.0
Rhode Island,2017-04-01,97160.0,164141.0
Rhode Island,2017-05-01,95101.0,160661.0
Rhode Island,2017-06-01,93509.0,157844.0
Rhode Island,2017-07-01,93228.0,157433.0
Rhode Island,2017-08-01,93363.0,157950.0
Rhode Island,2017-09-01,93698.0,158745.0
Rhode Island,2017-10-01,94566.0,160479.0
Rhode Island,2017-11-01,95912.0,162039.0
Rhode Island,2017-12-01,95638.0,161752.0
Rhode Island,2018-01-01,94288.0,159550.0
Rhode Island,2018-02-01,94321.0,159356.0
Rhode Island,2018-03-01,93895.0,158465.0
Rhode Island,2018-04-01,93334.0,157137.0
Rhode Island,2018-05-01,92969.0,156675.0
Rhode Island,2018-06-01,93547.0,157497.0
Rhode Island,2018-07-01,93434.0,157399.0
Rhode Island,2018-08-01,94107.0,158455.0
Rhode Island,2018-09-01,94447.0,159030.0
Rhode Island,2018-10-01,93735.0,157948.0
Rhode Island,2018-11-01,94543.0,158750.0
Rhode Island,2018-12-01,93709.0,157079.0
Rhode Island,2019-01-01,92394.0,155099.0
Rhode Island,2019-02-01,9771.0,20281.0
Rhode Island,2019-03-01,90976.0,151822.0
Rhode Island,2019-04-01,90212.0,150288.0
Rhode Island,2019-05-01,90057.0,149735.0
Rhode Island,2019-06-01,89668.0,148929.0
Rhode Island,2019-07-01,89808.0,148914.0
Rhode Island,2019-08-01,89278.0,148087.0
Rhode Island,2019-09-01,89192.0,147857.0
Rhode Island,2019-10-01,89025.0,147597.0
Rhode Island,2019-11-01,89723.0,148519.0
Rhode Island,2019-12-01,88881.0,147010.0
Rhode Island,2020-01-01,88183.0,145831.0
Rhode Island,2020-02-01,88420.0,145910.0
Rhode Island,2020-03-01,88195.0,145411.0
Rhode Island,2020-04-01,91206.0,150824.0
Rhode Island,2020-05-01,91510.0,151110.0
Rhode Island,2020-06-01,90177.0,147785.0
Rhode Island,2020-07-01,88827.0,144274.0
Rhode Island,2020-08-01,87231.0,142035.0
Rhode Island,2020-09-01,84756.0,137892.0
Rhode Island,2020-10-01,83520.0,136608.0
Rhode Island,2020-11-01,84200.0,137904.0
Rhode Island,2020-12-01,86159.0,141547.0
Rhode Island,2021-01-01,87388.0,143774.0
Rhode Island,2021-02-01,88044.0,144535.0
Rhode Island,2021-03-01,89241.0,146326.0
Rhode Island,2021-04-01,89353.0,146389.0
Rhode Island,2021-05-01,88403.0,144604.0
Rhode Island,2021-06-01,88011.0,143788.0
Rhode Island,2021-07-01,86661.0,141617.0
Rhode Island,2021-08-01,85955.0,139478.0
Rhode Island,2021-09-01,86007.0,139212.0
Rhode Island,2021-10-01,86093.0,139432.0
Rhode Island,2021-11-01,85639.0,138760.0
Rhode Island,2021-12-01,85221.0,138366.0
Rhode Island,2022-01-01,84960.0,138357.0
Rhode Island,2022-02-01,84645.0,138290.0
Rhode Island,2022-03-01,84931.0,138953.0
Rhode Island,2022-04-01,84958.0,139089.0
Rhode Island,2022-05-01,85010.0,139204.0
Rhode Island,2022-06-01,85654.0,140294.0
Rhode Island,2022-07-01,85845.0,140710.0
Rhode Island,2022-08-01,85941.0,140610.0
Rhode Island,2022-09-01,85883.0,140274.0
Rhode Island,2022-10-01,85701.0,139875.0
Rhode Island,2022-11-01,86506.0,141377.0
Rhode Island,2022-12-01,86988.0,142435.0
Rhode Island,2023-01-01,87337.0,143099.0
Rhode Island,2023-02-01,87845.0,143832.0
Rhode Island,2023-03-01,87920.0,143739.0
Rhode Island,2023-04-01,88071.0,143428.0
Rhode Island,2023-05-01,88358.0,143942.0
Rhode Island,2023-06-01,88547.0,143914.0
Rhode Island,2023-07-01,88319.0,143309.0
Rhode Island,2023-08-01,88618.0,143501.0
Rhode Island,2023-09-01,88644.0,143099.0
Rhode Island,2023-10-01,88736.0,143089.0
Rhode Island,2023-11-01,89170.0,143730.0
Rhode Island,2023-12-01,89234.0,143484.0
Rhode Island,2024-01-01,89407.0,143736.0
Rhode Island,2024-02-01,90094.0,144421.0
Rhode Island,2024-03-01,90283.0,144212.0
Rhode Island,2024-04-01,90514.0,144444.0
Rhode Island,2024-05-01,90679.0,144510.0
Rhode Island,2024-06-01,90663.0,144541.0
Rhode Island,2024-07-01,90611.0,144596.0
Rhode Island,2024-08-01,90890.0,145177.0
Rhode Island,2024-09-01,0.0,0.0
South Carolina,1988-10-01,89005.0,254754.0
South Carolina,1988-11-01,88480.0,252294.0
South Carolina,1988-12-01,90137.0,257557.0
South Carolina,1989-01-01,89811.0,256582.0
South Carolina,1989-02-01,89265.0,254076.0
South Carolina,1989-03-01,90916.0,260314.0
South Carolina,1989-04-01,90182.0,258107.0
South Carolina,1989-05-01,91210.0,258857.0
South Carolina,1989-06-01,89530.0,254993.0
South Carolina,1989-07-01,90412.0,252258.0
South Carolina,1989-08-01,88393.0,249251.0
South Carolina,1989-09-01,152276.0,455486.0
South Carolina,1989-10-01,235493.0,720450.0
South Carolina,1989-11-01,88924.0,248665.0
South Carolina,1989-12-01,89695.0,252209.0
South Carolina,1990-01-01,90914.0,255601.0
South Carolina,1990-02-01,94535.0,266475.0
South Carolina,1990-03-01,93175.0,262974.0
South Carolina,1990-04-01,92631.0,261273.0
South Carolina,1990-05-01,91377.0,256049.0
South Carolina,1990-06-01,95218.0,268214.0
South Carolina,1990-07-01,94358.0,264595.0
South Carolina,1990-08-01,93920.0,263079.0
South Carolina,1990-09-01,96077.0,270241.0
South Carolina,1990-10-01,105484.0,297603.0
South Carolina,1990-11-01,107691.0,303998.0
South Carolina,1990-12-01,109315.0,309295.0
South Carolina,1991-01-01,114201.0,322287.0
South Carolina,1991-02-01,117311.0,333031.0
South Carolina,1991-03-01,120553.0,342149.0
South Carolina,1991-04-01,120811.0,343572.0
South Carolina,1991-05-01,120026.0,339442.0
South Carolina,1991-06-01,120745.0,341745.0
South Carolina,1991-07-01,121518.0,342551.0
South Carolina,1991-08-01,118418.0,333227.0
South Carolina,1991-09-01,120153.0,338349.0
South Carolina,1991-10-01,122506.0,343302.0
South Carolina,1991-11-01,125758.0,353191.0
South Carolina,1991-12-01,128272.0,359062.0
South Carolina,1992-01-01,130620.0,364363.0
South Carolina,1992-02-01,132596.0,370736.0
South Carolina,1992-03-01,133809.0,372597.0
South Carolina,1992-04-01,135270.0,377292.0
South Carolina,1992-05-01,135116.0,376036.0
South Carolina,1992-06-01,136237.0,377430.0
South Carolina,1992-07-01,136393.0,375358.0
South Carolina,1992-08-01,137657.0,380609.0
South Carolina,1992-09-01,136628.0,375040.0
South Carolina,1992-10-01,140709.0,386295.0
South Carolina,1992-11-01,141269.0,386354.0
South Carolina,1992-12-01,145946.0,398833.0
South Carolina,1993-01-01,148451.0,405093.0
South Carolina,1993-02-01,148846.0,406214.0
South Carolina,1993-03-01,149750.0,406765.0
South Carolina,1993-04-01,147994.0,400800.0
South Carolina,1993-05-01,145192.0,391689.0
South Carolina,1993-06-01,143918.0,386614.0
South Carolina,1993-07-01,144741.0,388484.0
South Carolina,1993-08-01,144983.0,388468.0
South Carolina,1993-09-01,144489.0,385680.0
South Carolina,1993-10-01,145630.0,388442.0
South Carolina,1993-11-01,146631.0,390736.0
South Carolina,1993-12-01,147873.0,393582.0
South Carolina,1994-01-01,148147.0,393604.0
South Carolina,1994-02-01,146262.0,388030.0
South Carolina,1994-03-01,147629.0,390940.0
South Carolina,1994-04-01,145450.0,384842.0
South Carolina,1994-05-01,144935.0,383276.0
South Carolina,1994-06-01,144166.0,380432.0
South Carolina,1994-07-01,143228.0,377742.0
South Carolina,1994-08-01,143615.0,378091.0
South Carolina,1994-09-01,142856.0,375197.0
South Carolina,1994-10-01,143831.0,377033.0
South Carolina,1994-11-01,143201.0,374951.0
South Carolina,1994-12-01,143986.0,376198.0
South Carolina,1995-01-01,143397.0,373539.0
South Carolina,1995-02-01,141452.0,368434.0
South Carolina,1995-03-01,142140.0,369697.0
South Carolina,1995-04-01,138695.0,360517.0
South Carolina,1995-05-01,137768.0,357594.0
South Carolina,1995-06-01,136522.0,354008.0
South Carolina,1995-07-01,135306.0,350808.0
South Carolina,1995-08-01,136083.0,352809.0
South Carolina,1995-09-01,135371.0,350271.0
South Carolina,1995-10-01,137549.0,355762.0
South Carolina,1995-11-01,136841.0,353509.0
South Carolina,1995-12-01,139058.0,358247.0
South Carolina,1996-01-01,139905.0,359791.0
South Carolina,1996-02-01,139564.0,358635.0
South Carolina,1996-03-01,141133.0,361441.0
South Carolina,1996-04-01,140617.0,359779.0
South Carolina,1996-05-01,140665.0,358820.0
South Carolina,1996-06-01,140411.0,358159.0
South Carolina,1996-07-01,140730.0,358618.0
South Carolina,1996-08-01,141350.0,359801.0
South Carolina,1996-09-01,140768.0,357532.0
South Carolina,1996-10-01,142317.0,361016.0
South Carolina,1996-11-01,141388.0,358707.0
South Carolina,1996-12-01,141803.0,358353.0
South Carolina,1997-01-01,141716.0,357149.0
South Carolina,1997-02-01,139783.0,352489.0
South Carolina,1997-03-01,138494.0,349308.0
South Carolina,1997-04-01,136816.0,343709.0
South Carolina,1997-05-01,139635.0,344527.0
South Carolina,1997-06-01,139720.0,343676.0
South Carolina,1997-07-01,139234.0,342077.0
South Carolina,1997-08-01,138380.0,340192.0
South Carolina,1997-09-01,137861.0,338441.0
South Carolina,1997-10-01,139285.0,342266.0
South Carolina,1997-11-01,138690.0,340977.0
South Carolina,1997-12-01,139180.0,341929.0
South Carolina,1998-01-01,136975.0,337815.0
South Carolina,1998-02-01,135960.0,335263.0
South Carolina,1998-03-01,136439.0,335275.0
South Carolina,1998-04-01,135086.0,331563.0
South Carolina,1998-05-01,133879.0,328757.0
South Carolina,1998-06-01,133904.0,328526.0
South Carolina,1998-07-01,133204.0,326527.0
South Carolina,1998-08-01,132083.0,324272.0
South Carolina,1998-09-01,131779.0,323037.0
South Carolina,1998-10-01,131909.0,323074.0
South Carolina,1998-11-01,131135.0,321123.0
South Carolina,1998-12-01,130859.0,320011.0
South Carolina,1999-01-01,128910.0,315394.0
South Carolina,1999-02-01,127584.0,311401.0
South Carolina,1999-03-01,126829.0,308263.0
South Carolina,1999-04-01,125216.0,304167.0
South Carolina,1999-05-01,124034.0,301439.0
South Carolina,1999-06-01,123356.0,299882.0
South Carolina,1999-07-01,123212.0,299754.0
South Carolina,1999-08-01,123181.0,300318.0
South Carolina,1999-09-01,122266.0,298091.0
South Carolina,1999-10-01,123426.0,297689.0
South Carolina,1999-11-01,124175.0,302302.0
South Carolina,1999-12-01,125003.0,303998.0
South Carolina,2000-01-01,122000.0,296741.0
South Carolina,2000-02-01,121337.0,294130.0
South Carolina,2000-03-01,121796.0,294712.0
South Carolina,2000-04-01,120152.0,289935.0
South Carolina,2000-05-01,120551.0,291075.0
South Carolina,2000-06-01,120451.0,291446.0
South Carolina,2000-07-01,120554.0,291657.0
South Carolina,2000-08-01,121868.0,295178.0
South Carolina,2000-09-01,122026.0,295158.0
South Carolina,2000-10-01,124300.0,300864.0
South Carolina,2000-11-01,125257.0,303474.0
South Carolina,2000-12-01,126719.0,306819.0
South Carolina,2001-01-01,127227.0,308448.0
South Carolina,2001-02-01,125502.0,303814.0
South Carolina,2001-03-01,127651.0,308653.0
South Carolina,2001-04-01,127570.0,308847.0
South Carolina,2001-05-01,129536.0,314517.0
South Carolina,2001-06-01,132546.0,322207.0
South Carolina,2001-07-01,135467.0,330142.0
South Carolina,2001-08-01,138478.0,338050.0
South Carolina,2001-09-01,140401.0,342776.0
South Carolina,2001-10-01,144743.0,353501.0
South Carolina,2001-11-01,147941.0,362000.0
South Carolina,2001-12-01,151297.0,370536.0
South Carolina,2002-01-01,151867.0,372679.0
South Carolina,2002-02-01,152500.0,373836.0
South Carolina,2002-03-01,155202.0,380121.0
South Carolina,2002-04-01,154597.0,379511.0
South Carolina,2002-05-01,155237.0,381211.0
South Carolina,2002-06-01,156180.0,383717.0
South Carolina,2002-07-01,158689.0,389775.0
South Carolina,2002-08-01,161103.0,396682.0
South Carolina,2002-09-01,165655.0,408152.0
South Carolina,2002-10-01,171235.0,431018.0
South Carolina,2002-11-01,174692.0,428872.0
South Carolina,2002-12-01,178116.0,436687.0
South Carolina,2003-01-01,180692.0,441308.0
South Carolina,2003-02-01,181513.0,442272.0
South Carolina,2003-03-01,183828.0,446657.0
South Carolina,2003-04-01,185227.0,449489.0
South Carolina,2003-05-01,187253.0,453941.0
South Carolina,2003-06-01,189958.0,460145.0
South Carolina,2003-07-01,192369.0,465773.0
South Carolina,2003-08-01,194508.0,471821.0
South Carolina,2003-09-01,197856.0,478692.0
South Carolina,2003-10-01,201150.0,485601.0
South Carolina,2003-11-01,202425.0,488676.0
South Carolina,2003-12-01,205087.0,494006.0
South Carolina,2004-01-01,205281.0,493491.0
South Carolina,2004-02-01,206444.0,494991.0
South Carolina,2004-03-01,206444.0,496930.0
South Carolina,2004-04-01,206864.0,495563.0
South Carolina,2004-05-01,207156.0,496593.0
South Carolina,2004-06-01,207542.0,497231.0
South Carolina,2004-07-01,209891.0,503435.0
South Carolina,2004-08-01,212328.0,509348.0
South Carolina,2004-09-01,213230.0,510746.0
South Carolina,2004-10-01,215147.0,514287.0
South Carolina,2004-11-01,216869.0,517944.0
South Carolina,2004-12-01,218167.0,520044.0
South Carolina,2005-01-01,218146.0,519288.0
South Carolina,2005-02-01,216953.0,515994.0
South Carolina,2005-03-01,218477.0,517734.0
South Carolina,2005-04-01,218610.0,517047.0
South Carolina,2005-05-01,219814.0,519706.0
South Carolina,2005-06-01,221606.0,523727.0
South Carolina,2005-07-01,221626.0,524291.0
South Carolina,2005-08-01,224099.0,530942.0
South Carolina,2005-09-01,224523.0,532501.0
South Carolina,2005-10-01,227008.0,537169.0
South Carolina,2005-11-01,227844.0,539239.0
South Carolina,2005-12-01,226415.0,536262.0
South Carolina,2006-01-01,226801.0,535077.0
South Carolina,2006-02-01,224695.0,529300.0
South Carolina,2006-03-01,226647.0,532121.0
South Carolina,2006-04-01,224044.0,526426.0
South Carolina,2006-05-01,225055.0,528270.0
South Carolina,2006-06-01,226709.0,532491.0
South Carolina,2006-07-01,226967.0,533791.0
South Carolina,2006-08-01,229694.0,540060.0
South Carolina,2006-09-01,230319.0,541323.0
South Carolina,2006-10-01,232659.0,546309.0
South Carolina,2006-11-01,232935.0,546527.0
South Carolina,2006-12-01,232965.0,546081.0
South Carolina,2007-01-01,232497.0,543781.0
South Carolina,2007-02-01,228892.0,535266.0
South Carolina,2007-03-01,230990.0,538805.0
South Carolina,2007-04-01,230068.0,537002.0
South Carolina,2007-05-01,231065.0,539053.0
South Carolina,2007-06-01,233584.0,545309.0
South Carolina,2007-07-01,235564.0,549801.0
South Carolina,2007-08-01,238778.0,556961.0
South Carolina,2007-09-01,239541.0,558622.0
South Carolina,2007-10-01,244864.0,569204.0
South Carolina,2007-11-01,247198.0,573479.0
South Carolina,2007-12-01,248868.0,576928.0
South Carolina,2008-01-01,250282.0,578682.0
South Carolina,2008-02-01,250095.0,577145.0
South Carolina,2008-03-01,252625.0,582272.0
South Carolina,2008-04-01,254327.0,585205.0
South Carolina,2008-05-01,256822.0,590504.0
South Carolina,2008-06-01,260803.0,599339.0
South Carolina,2008-07-01,263642.0,605852.0
South Carolina,2008-08-01,267542.0,614975.0
South Carolina,2008-09-01,271360.0,623569.0
South Carolina,2008-10-01,277457.0,636698.0
South Carolina,2008-11-01,280881.0,643669.0
South Carolina,2008-12-01,287829.0,657670.0
South Carolina,2009-01-01,290915.0,663865.0
South Carolina,2009-02-01,293362.0,667944.0
South Carolina,2009-03-01,298382.0,677128.0
South Carolina,2009-04-01,302327.0,685625.0
South Carolina,2009-05-01,306681.0,695216.0
South Carolina,2009-06-01,313982.0,711621.0
South Carolina,2009-07-01,319879.0,724610.0
South Carolina,2009-08-01,326010.0,737745.0
South Carolina,2009-09-01,331697.0,748307.0
South Carolina,2009-10-01,338670.0,761506.0
South Carolina,2009-11-01,343966.0,771540.0
South Carolina,2009-12-01,348116.0,778371.0
South Carolina,2010-01-01,352056.0,784615.0
South Carolina,2010-02-01,353229.0,785735.0
South Carolina,2010-03-01,357160.0,792087.0
South Carolina,2010-04-01,360568.0,798227.0
South Carolina,2010-05-01,362825.0,801412.0
South Carolina,2010-06-01,367502.0,810620.0
South Carolina,2010-07-01,372154.0,818691.0
South Carolina,2010-08-01,377783.0,829862.0
South Carolina,2010-09-01,380042.0,832651.0
South Carolina,2010-10-01,381879.0,834846.0
South Carolina,2010-11-01,384653.0,839109.0
South Carolina,2010-12-01,386873.0,841158.0
South Carolina,2011-01-01,385404.0,835154.0
South Carolina,2011-02-01,386873.0,841158.0
South Carolina,2011-03-01,390161.0,840159.0
South Carolina,2011-04-01,389536.0,838503.0
South Carolina,2011-05-01,391901.0,843281.0
South Carolina,2011-06-01,394366.0,847467.0
South Carolina,2011-07-01,395755.0,850183.0
South Carolina,2011-08-01,401009.0,859660.0
South Carolina,2011-09-01,402827.0,862178.0
South Carolina,2011-10-01,406281.0,867258.0
South Carolina,2011-11-01,408780.0,870438.0
South Carolina,2011-12-01,408814.0,869018.0
South Carolina,2012-01-01,408109.0,866362.0
South Carolina,2012-02-01,407992.0,865231.0
South Carolina,2012-03-01,411540.0,869859.0
South Carolina,2012-04-01,410540.0,868216.0
South Carolina,2012-05-01,410947.0,869916.0
South Carolina,2012-06-01,413965.0,872149.0
South Carolina,2012-07-01,414481.0,875828.0
South Carolina,2012-08-01,413125.0,873432.0
South Carolina,2012-09-01,411316.0,869900.0
South Carolina,2012-10-01,414616.0,875328.0
South Carolina,2012-11-01,416399.0,878636.0
South Carolina,2012-12-01,417184.0,879358.0
South Carolina,2013-01-01,417702.0,878022.0
South Carolina,2013-02-01,417246.0,876505.0
South Carolina,2013-03-01,418182.0,876632.0
South Carolina,2013-04-01,416540.0,873591.0
South Carolina,2013-05-01,415819.0,872313.0
South Carolina,2013-06-01,415314.0,871501.0
South Carolina,2013-07-01,416274.0,873803.0
South Carolina,2013-08-01,417713.0,877202.0
South Carolina,2013-09-01,417696.0,877498.0
South Carolina,2013-10-01,415840.0,874016.0
South Carolina,2013-11-01,411082.0,864774.0
South Carolina,2013-12-01,406631.0,855898.0
South Carolina,2014-01-01,400329.0,843141.0
South Carolina,2014-02-01,395261.0,832734.0
South Carolina,2014-03-01,396463.0,834569.0
South Carolina,2014-04-01,388398.0,820495.0
South Carolina,2014-05-01,386862.0,818094.0
South Carolina,2014-06-01,386822.0,818960.0
South Carolina,2014-07-01,384844.0,816523.0
South Carolina,2014-08-01,385532.0,818211.0
South Carolina,2014-09-01,384438.0,816717.0
South Carolina,2014-10-01,386311.0,819056.0
South Carolina,2014-11-01,384877.0,816789.0
South Carolina,2014-12-01,384984.0,815073.0
South Carolina,2015-01-01,382860.0,809700.0
South Carolina,2015-02-01,381639.0,807128.0
South Carolina,2015-03-01,381374.0,804886.0
South Carolina,2015-04-01,377128.0,797735.0
South Carolina,2015-05-01,374405.0,793353.0
South Carolina,2015-06-01,376259.0,797304.0
South Carolina,2015-07-01,376315.0,797185.0
South Carolina,2015-08-01,377132.0,799056.0
South Carolina,2015-09-01,376617.0,797596.0
South Carolina,2015-10-01,375017.0,793218.0
South Carolina,2015-11-01,492791.0,1094116.0
South Carolina,2015-12-01,421358.0,905041.0
South Carolina,2016-01-01,371120.0,782081.0
South Carolina,2016-02-01,367812.0,775371.0
South Carolina,2016-03-01,367732.0,772096.0
South Carolina,2016-04-01,366220.0,767489.0
South Carolina,2016-05-01,366217.0,767320.0
South Carolina,2016-06-01,365153.0,765549.0
South Carolina,2016-07-01,346854.0,740443.0
South Carolina,2016-08-01,351820.0,750777.0
South Carolina,2016-09-01,347845.0,746646.0
South Carolina,2016-10-01,351162.0,752030.0
South Carolina,2016-11-01,346697.0,741539.0
South Carolina,2016-12-01,346148.0,739365.0
South Carolina,2017-01-01,343525.0,733210.0
South Carolina,2017-02-01,339846.0,725386.0
South Carolina,2017-03-01,338685.0,721117.0
South Carolina,2017-04-01,333562.0,709836.0
South Carolina,2017-05-01,331999.0,706784.0
South Carolina,2017-06-01,332475.0,708619.0
South Carolina,2017-07-01,328766.0,702165.0
South Carolina,2017-08-01,328537.0,703023.0
South Carolina,2017-09-01,325156.0,696654.0
South Carolina,2017-10-01,324384.0,695651.0
South Carolina,2017-11-01,322780.0,691499.0
South Carolina,2017-12-01,318180.0,682959.0
South Carolina,2018-01-01,315948.0,674007.0
South Carolina,2018-02-01,314278.0,669192.0
South Carolina,2018-03-01,314702.0,669208.0
South Carolina,2018-04-01,306259.0,650947.0
South Carolina,2018-05-01,302266.0,643119.0
South Carolina,2018-06-01,299368.0,640219.0
South Carolina,2018-07-01,294174.0,629757.0
South Carolina,2018-08-01,293263.0,629959.0
South Carolina,2018-09-01,288708.0,620912.0
South Carolina,2018-10-01,290170.0,623283.0
South Carolina,2018-11-01,288695.0,621075.0
South Carolina,2018-12-01,286913.0,617516.0
South Carolina,2019-01-01,284053.0,611652.0
South Carolina,2019-02-01,40435.0,96732.0
South Carolina,2019-03-01,276962.0,595551.0
South Carolina,2019-04-01,275630.0,590881.0
South Carolina,2019-05-01,275498.0,590201.0
South Carolina,2019-06-01,275645.0,590472.0
South Carolina,2019-07-01,275478.0,590847.0
South Carolina,2019-08-01,274552.0,590285.0
South Carolina,2019-09-01,272457.0,586163.0
South Carolina,2019-10-01,272195.0,585252.0
South Carolina,2019-11-01,270107.0,581080.0
South Carolina,2019-12-01,268058.0,575587.0
South Carolina,2020-01-01,266299.0,571309.0
South Carolina,2020-02-01,264645.0,567732.0
South Carolina,2020-03-01,265315.0,568652.0
South Carolina,2020-04-01,278781.0,592738.0
South Carolina,2020-05-01,294312.0,624819.0
South Carolina,2020-06-01,302383.0,638952.0
South Carolina,2020-07-01,298413.0,615572.0
South Carolina,2020-08-01,293921.0,617334.0
South Carolina,2020-09-01,292875.0,614905.0
South Carolina,2020-10-01,290774.0,611862.0
South Carolina,2020-11-01,288318.0,604551.0
South Carolina,2020-12-01,286543.0,599027.0
South Carolina,2021-01-01,288318.0,604551.0
South Carolina,2021-02-01,292205.0,610090.0
South Carolina,2021-03-01,294949.0,612863.0
South Carolina,2021-04-01,294969.0,609831.0
South Carolina,2021-05-01,292144.0,602657.0
South Carolina,2021-06-01,293222.0,604124.0
South Carolina,2021-07-01,294617.0,606295.0
South Carolina,2021-08-01,299258.0,614620.0
South Carolina,2021-09-01,302057.0,616807.0
South Carolina,2021-10-01,303742.0,617939.0
South Carolina,2021-11-01,304907.0,619266.0
South Carolina,2021-12-01,302988.0,614987.0
South Carolina,2022-01-01,297891.0,606722.0
South Carolina,2022-02-01,300173.0,610974.0
South Carolina,2022-03-01,304226.0,619070.0
South Carolina,2022-04-01,305079.0,620434.0
South Carolina,2022-05-01,305499.0,621431.0
South Carolina,2022-06-01,309095.0,628799.0
South Carolina,2022-07-01,306576.0,624133.0
South Carolina,2022-08-01,306662.0,624314.0
South Carolina,2022-09-01,304632.0,619666.0
South Carolina,2022-10-01,303784.0,617348.0
South Carolina,2022-11-01,302145.0,612285.0
South Carolina,2022-12-01,297926.0,602863.0
South Carolina,2023-01-01,294997.0,599279.0
South Carolina,2023-02-01,297343.0,602234.0
South Carolina,2023-03-01,307281.0,623418.0
South Carolina,2023-04-01,308873.0,629078.0
South Carolina,2023-05-01,312865.0,638649.0
South Carolina,2023-06-01,311114.0,636040.0
South Carolina,2023-07-01,306624.0,628794.0
South Carolina,2023-08-01,306343.0,630176.0
South Carolina,2023-09-01,298469.0,613596.0
South Carolina,2023-10-01,286185.0,597036.0
South Carolina,2023-11-01,279168.0,583799.0
South Carolina,2023-12-01,277516.0,580595.0
South Carolina,2024-01-01,275771.0,577725.0
South Carolina,2024-02-01,274619.0,576646.0
South Carolina,2024-03-01,275318.0,577605.0
South Carolina,2024-04-01,274828.0,576442.0
South Carolina,2024-05-01,275071.0,577431.0
South Carolina,2024-06-01,276264.0,581003.0
South Carolina,2024-07-01,276812.0,581879.0
South Carolina,2024-08-01,278259.0,585769.0
South Carolina,2024-09-01,0.0,0.0
South Dakota,1988-10-01,16500.0,49200.0
South Dakota,1988-11-01,16500.0,48900.0
South Dakota,1988-12-01,17000.0,50600.0
South Dakota,1989-01-01,17400.0,51800.0
South Dakota,1989-02-01,17300.0,51100.0
South Dakota,1989-03-01,17600.0,52200.0
South Dakota,1989-04-01,17700.0,52500.0
South Dakota,1989-05-01,16900.0,49900.0
South Dakota,1989-06-01,16900.0,50300.0
South Dakota,1989-07-01,16700.0,49500.0
South Dakota,1989-08-01,16400.0,48600.0
South Dakota,1989-09-01,16600.0,48900.0
South Dakota,1989-10-01,16600.0,48400.0
South Dakota,1989-11-01,16700.0,48600.0
South Dakota,1989-12-01,17200.0,50300.0
South Dakota,1990-01-01,17600.0,51500.0
South Dakota,1990-02-01,17700.0,51700.0
South Dakota,1990-03-01,17900.0,52300.0
South Dakota,1990-04-01,18000.0,52500.0
South Dakota,1990-05-01,17200.0,49800.0
South Dakota,1990-06-01,17300.0,50700.0
South Dakota,1990-07-01,17000.0,49900.0
South Dakota,1990-08-01,16800.0,49300.0
South Dakota,1990-09-01,16900.0,49500.0
South Dakota,1990-10-01,17000.0,48800.0
South Dakota,1990-11-01,17500.0,50700.0
South Dakota,1990-12-01,17700.0,51400.0
South Dakota,1991-01-01,17900.0,51700.0
South Dakota,1991-02-01,18700.0,54100.0
South Dakota,1991-03-01,18600.0,53700.0
South Dakota,1991-04-01,18800.0,54600.0
South Dakota,1991-05-01,18200.0,52500.0
South Dakota,1991-06-01,18100.0,52600.0
South Dakota,1991-07-01,17700.0,51200.0
South Dakota,1991-08-01,18200.0,53000.0
South Dakota,1991-09-01,18000.0,51800.0
South Dakota,1991-10-01,18100.0,51400.0
South Dakota,1991-11-01,18900.0,53700.0
South Dakota,1991-12-01,19200.0,54500.0
South Dakota,1992-01-01,19322.0,54887.0
South Dakota,1992-02-01,19700.0,56200.0
South Dakota,1992-03-01,19500.0,55200.0
South Dakota,1992-04-01,19900.0,56500.0
South Dakota,1992-05-01,19600.0,55500.0
South Dakota,1992-06-01,19400.0,55200.0
South Dakota,1992-07-01,19176.0,54403.0
South Dakota,1992-08-01,19300.0,55000.0
South Dakota,1992-09-01,19100.0,53700.0
South Dakota,1992-10-01,19500.0,54800.0
South Dakota,1992-11-01,19800.0,55800.0
South Dakota,1992-12-01,19700.0,54900.0
South Dakota,1993-01-01,20400.0,57600.0
South Dakota,1993-02-01,20400.0,57400.0
South Dakota,1993-03-01,20400.0,57100.0
South Dakota,1993-04-01,20900.0,58800.0
South Dakota,1993-05-01,20400.0,57100.0
South Dakota,1993-06-01,19600.0,54700.0
South Dakota,1993-07-01,19800.0,55500.0
South Dakota,1993-08-01,19500.0,54900.0
South Dakota,1993-09-01,19000.0,52700.0
South Dakota,1993-10-01,19400.0,53700.0
South Dakota,1993-11-01,19500.0,53500.0
South Dakota,1993-12-01,19400.0,53300.0
South Dakota,1994-01-01,20100.0,54900.0
South Dakota,1994-02-01,19600.0,53900.0
South Dakota,1994-03-01,20100.0,55200.0
South Dakota,1994-04-01,20100.0,55200.0
South Dakota,1994-05-01,19400.0,53200.0
South Dakota,1994-06-01,19000.0,52300.0
South Dakota,1994-07-01,19000.0,52100.0
South Dakota,1994-08-01,18800.0,51600.0
South Dakota,1994-09-01,18600.0,50500.0
South Dakota,1994-10-01,18800.0,50700.0
South Dakota,1994-11-01,18600.0,49800.0
South Dakota,1994-12-01,19000.0,51300.0
South Dakota,1995-01-01,19200.0,51800.0
South Dakota,1995-02-01,18900.0,50800.0
South Dakota,1995-03-01,19200.0,51800.0
South Dakota,1995-04-01,19100.0,51300.0
South Dakota,1995-05-01,18300.0,48700.0
South Dakota,1995-06-01,18400.0,49400.0
South Dakota,1995-07-01,18200.0,48800.0
South Dakota,1995-08-01,18100.0,48400.0
South Dakota,1995-09-01,18400.0,49100.0
South Dakota,1995-10-01,18400.0,48800.0
South Dakota,1995-11-01,18500.0,49000.0
South Dakota,1995-12-01,18800.0,49906.0
South Dakota,1996-01-01,16269.0,43512.0
South Dakota,1996-02-01,18998.0,50267.0
South Dakota,1996-03-01,19258.0,51192.0
South Dakota,1996-04-01,17918.0,47510.0
South Dakota,1996-05-01,18881.0,49856.0
South Dakota,1996-06-01,18780.0,49995.0
South Dakota,1996-07-01,18242.0,48353.0
South Dakota,1996-08-01,19502.0,49307.0
South Dakota,1996-09-01,18364.0,48412.0
South Dakota,1996-10-01,18023.0,46891.0
South Dakota,1996-11-01,18360.0,48307.0
South Dakota,1996-12-01,18234.0,48013.0
South Dakota,1997-01-01,18172.0,47987.0
South Dakota,1997-02-01,18515.0,48945.0
South Dakota,1997-03-01,18010.0,47348.0
South Dakota,1997-04-01,18214.0,48041.0
South Dakota,1997-05-01,17896.0,47228.0
South Dakota,1997-06-01,17304.0,45934.0
South Dakota,1997-07-01,16725.0,44186.0
South Dakota,1997-08-01,16935.0,45169.0
South Dakota,1997-09-01,16816.0,44762.0
South Dakota,1997-10-01,16752.0,44559.0
South Dakota,1997-11-01,16949.0,45204.0
South Dakota,1997-12-01,16772.0,44663.0
South Dakota,1998-01-01,17414.0,46756.0
South Dakota,1998-02-01,17145.0,45697.0
South Dakota,1998-03-01,16972.0,45167.0
South Dakota,1998-04-01,17267.0,46269.0
South Dakota,1998-05-01,16964.0,45378.0
South Dakota,1998-06-01,16864.0,45373.0
South Dakota,1998-07-01,16590.0,44574.0
South Dakota,1998-08-01,16733.0,45136.0
South Dakota,1998-09-01,16326.0,43299.0
South Dakota,1998-10-01,16653.0,44088.0
South Dakota,1998-11-01,16692.0,44295.0
South Dakota,1998-12-01,16457.0,43529.0
South Dakota,1999-01-01,17010.0,45288.0
South Dakota,1999-02-01,16761.0,44360.0
South Dakota,1999-03-01,16793.0,44514.0
South Dakota,1999-04-01,17043.0,45272.0
South Dakota,1999-05-01,15631.0,44244.0
South Dakota,1999-06-01,15652.0,44310.0
South Dakota,1999-07-01,16349.0,43462.0
South Dakota,1999-08-01,16262.0,43242.0
South Dakota,1999-09-01,16077.0,42186.0
South Dakota,1999-10-01,16321.0,42810.0
South Dakota,1999-11-01,16369.0,42831.0
South Dakota,1999-12-01,16353.0,42684.0
South Dakota,2000-01-01,16738.0,43677.0
South Dakota,2000-02-01,16451.0,42437.0
South Dakota,2000-03-01,16700.0,43440.0
South Dakota,2000-04-01,16770.0,43735.0
South Dakota,2000-05-01,16267.0,42243.0
South Dakota,2000-06-01,16267.0,42243.0
South Dakota,2000-07-01,16257.0,42934.0
South Dakota,2000-08-01,16227.0,42708.0
South Dakota,2000-09-01,16380.0,42906.0
South Dakota,2000-10-01,16459.0,42760.0
South Dakota,2000-11-01,16531.0,42768.0
South Dakota,2000-12-01,16924.0,44194.0
South Dakota,2001-01-01,17157.0,44729.0
South Dakota,2001-02-01,17114.0,44245.0
South Dakota,2001-03-01,17399.0,45112.0
South Dakota,2001-04-01,17748.0,46305.0
South Dakota,2001-05-01,17210.0,44405.0
South Dakota,2001-06-01,17424.0,45475.0
South Dakota,2001-07-01,17217.0,44898.0
South Dakota,2001-08-01,17284.0,45103.0
South Dakota,2001-09-01,17449.0,45135.0
South Dakota,2001-10-01,17408.0,44288.0
South Dakota,2001-11-01,17954.0,46299.0
South Dakota,2001-12-01,18197.0,46947.0
South Dakota,2002-01-01,18336.0,47054.0
South Dakota,2002-02-01,18850.0,48560.0
South Dakota,2002-03-01,18749.0,48215.0
South Dakota,2002-04-01,19107.0,49526.0
South Dakota,2002-05-01,18648.0,48141.0
South Dakota,2002-06-01,18668.0,48590.0
South Dakota,2002-07-01,18182.0,47054.0
South Dakota,2002-08-01,18808.0,49053.0
South Dakota,2002-09-01,18783.0,48223.0
South Dakota,2002-10-01,18814.0,47873.0
South Dakota,2002-11-01,19560.0,49970.0
South Dakota,2002-12-01,19508.0,49716.0
South Dakota,2003-01-01,19620.0,49928.0
South Dakota,2003-02-01,20088.0,51189.0
South Dakota,2003-03-01,20010.0,50842.0
South Dakota,2003-04-01,20700.0,53254.0
South Dakota,2003-05-01,20508.0,52408.0
South Dakota,2003-06-01,20406.0,52545.0
South Dakota,2003-07-01,19950.0,51093.0
South Dakota,2003-08-01,20569.0,53115.0
South Dakota,2003-09-01,20484.0,52178.0
South Dakota,2003-10-01,20543.0,51934.0
South Dakota,2003-11-01,21016.0,53309.0
South Dakota,2003-12-01,20536.0,51643.0
South Dakota,2004-01-01,21340.0,54223.0
South Dakota,2004-02-01,21216.0,53469.0
South Dakota,2004-03-01,21246.0,53467.0
South Dakota,2004-04-01,21730.0,55122.0
South Dakota,2004-05-01,21325.0,54064.0
South Dakota,2004-06-01,20874.0,53008.0
South Dakota,2004-07-01,21193.0,54079.0
South Dakota,2004-08-01,21284.0,54431.0
South Dakota,2004-09-01,21051.0,52763.0
South Dakota,2004-10-01,21595.0,54220.0
South Dakota,2004-11-01,21820.0,54595.0
South Dakota,2004-12-01,21900.0,54506.0
South Dakota,2005-01-01,22600.0,56263.0
South Dakota,2005-02-01,22257.0,54988.0
South Dakota,2005-03-01,22771.0,56636.0
South Dakota,2005-04-01,23155.0,57732.0
South Dakota,2005-05-01,22778.0,56596.0
South Dakota,2005-06-01,22584.0,56508.0
South Dakota,2005-07-01,22778.0,57396.0
South Dakota,2005-08-01,22753.0,57155.0
South Dakota,2005-09-01,22804.0,56549.0
South Dakota,2005-10-01,23450.0,57831.0
South Dakota,2005-11-01,23211.0,56649.0
South Dakota,2005-12-01,23744.0,58595.0
South Dakota,2006-01-01,24066.0,59492.0
South Dakota,2006-02-01,23585.0,57571.0
South Dakota,2006-03-01,24030.0,59050.0
South Dakota,2006-04-01,24476.0,60262.0
South Dakota,2006-05-01,23781.0,57909.0
South Dakota,2006-06-01,23484.0,59457.0
South Dakota,2006-07-01,23832.0,58626.0
South Dakota,2006-08-01,23605.0,57403.0
South Dakota,2006-09-01,24110.0,58752.0
South Dakota,2006-10-01,24020.0,58180.0
South Dakota,2006-11-01,24066.0,58384.0
South Dakota,2006-12-01,24431.0,59607.0
South Dakota,2007-01-01,24555.0,59645.0
South Dakota,2007-02-01,24414.0,59155.0
South Dakota,2007-03-01,24898.0,60633.0
South Dakota,2007-04-01,25431.0,62119.0
South Dakota,2007-05-01,24813.0,60026.0
South Dakota,2007-06-01,25270.0,62017.0
South Dakota,2007-07-01,24927.0,61009.0
South Dakota,2007-08-01,24932.0,60848.0
South Dakota,2007-09-01,25292.0,61331.0
South Dakota,2007-10-01,24929.0,59680.0
South Dakota,2007-11-01,25703.0,62052.0
South Dakota,2007-12-01,25660.0,61873.0
South Dakota,2008-01-01,25538.0,61083.0
South Dakota,2008-02-01,26302.0,63335.0
South Dakota,2008-03-01,26359.0,63262.0
South Dakota,2008-04-01,26570.0,63951.0
South Dakota,2008-05-01,26698.0,64401.0
South Dakota,2008-06-01,26606.0,64442.0
South Dakota,2008-07-01,26248.0,62998.0
South Dakota,2008-08-01,26829.0,64133.0
South Dakota,2008-09-01,26829.0,64133.0
South Dakota,2008-10-01,27150.0,64634.0
South Dakota,2008-11-01,27931.0,66890.0
South Dakota,2008-12-01,28089.0,66714.0
South Dakota,2009-01-01,29478.0,70661.0
South Dakota,2009-02-01,29673.0,70569.0
South Dakota,2009-03-01,29687.0,70368.0
South Dakota,2009-04-01,31202.0,74845.0
South Dakota,2009-05-01,31465.0,75377.0
South Dakota,2009-06-01,31560.0,75686.0
South Dakota,2009-07-01,33579.0,81120.0
South Dakota,2009-08-01,34903.0,84273.0
South Dakota,2009-09-01,36096.0,86638.0
South Dakota,2009-10-01,37072.0,88601.0
South Dakota,2009-11-01,37917.0,90510.0
South Dakota,2009-12-01,38458.0,91728.0
South Dakota,2010-01-01,39289.0,93681.0
South Dakota,2010-02-01,39732.0,94378.0
South Dakota,2010-03-01,40302.0,95742.0
South Dakota,2010-04-01,40635.0,96571.0
South Dakota,2010-05-01,40803.0,96931.0
South Dakota,2010-06-01,41145.0,97918.0
South Dakota,2010-07-01,41518.0,99001.0
South Dakota,2010-08-01,41729.0,99467.0
South Dakota,2010-09-01,42046.0,99504.0
South Dakota,2010-10-01,42223.0,99327.0
South Dakota,2010-11-01,42527.0,99826.0
South Dakota,2010-12-01,43049.0,100789.0
South Dakota,2011-01-01,43512.0,101635.0
South Dakota,2011-02-01,43535.0,101526.0
South Dakota,2011-03-01,43608.0,101636.0
South Dakota,2011-04-01,43682.0,101924.0
South Dakota,2011-05-01,43706.0,102005.0
South Dakota,2011-06-01,43945.0,102748.0
South Dakota,2011-07-01,44151.0,103343.0
South Dakota,2011-08-01,44480.0,103771.0
South Dakota,2011-09-01,44605.0,103277.0
South Dakota,2011-10-01,44718.0,103282.0
South Dakota,2011-11-01,44847.0,103336.0
South Dakota,2011-12-01,45156.0,104007.0
South Dakota,2012-01-01,45594.0,104704.0
South Dakota,2012-02-01,45420.0,104084.0
South Dakota,2012-03-01,45259.0,103909.0
South Dakota,2012-04-01,45034.0,103632.0
South Dakota,2012-05-01,44912.0,103349.0
South Dakota,2012-06-01,45057.0,103914.0
South Dakota,2012-07-01,45032.0,103934.0
South Dakota,2012-08-01,45266.0,104501.0
South Dakota,2012-09-01,45034.0,103498.0
South Dakota,2012-10-01,45084.0,103511.0
South Dakota,2012-11-01,45296.0,103821.0
South Dakota,2012-12-01,45322.0,103832.0
South Dakota,2013-01-01,45741.0,104806.0
South Dakota,2013-02-01,45721.0,104629.0
South Dakota,2013-03-01,45571.0,104407.0
South Dakota,2013-04-01,45465.0,104175.0
South Dakota,2013-05-01,45310.0,104135.0
South Dakota,2013-06-01,45301.0,104445.0
South Dakota,2013-07-01,45040.0,104004.0
South Dakota,2013-08-01,45123.0,104099.0
South Dakota,2013-09-01,44770.0,102755.0
South Dakota,2013-10-01,44413.0,101887.0
South Dakota,2013-11-01,44337.0,101403.0
South Dakota,2013-12-01,44271.0,101355.0
South Dakota,2014-01-01,44612.0,102253.0
South Dakota,2014-02-01,44339.0,101468.0
South Dakota,2014-03-01,44199.0,101163.0
South Dakota,2014-04-01,44140.0,100971.0
South Dakota,2014-05-01,43902.0,100646.0
South Dakota,2014-06-01,43798.0,100534.0
South Dakota,2014-07-01,43657.0,100433.0
South Dakota,2014-08-01,43514.0,100041.0
South Dakota,2014-09-01,43285.0,99101.0
South Dakota,2014-10-01,43074.0,98624.0
South Dakota,2014-11-01,43026.0,98353.0
South Dakota,2014-12-01,43331.0,98881.0
South Dakota,2015-01-01,43832.0,99759.0
South Dakota,2015-02-01,43754.0,99383.0
South Dakota,2015-03-01,43492.0,98954.0
South Dakota,2015-04-01,43411.0,98970.0
South Dakota,2015-05-01,43043.0,98168.0
South Dakota,2015-06-01,42995.0,98227.0
South Dakota,2015-07-01,42779.0,97981.0
South Dakota,2015-08-01,42756.0,98067.0
South Dakota,2015-09-01,42621.0,97267.0
South Dakota,2015-10-01,42546.0,96692.0
South Dakota,2015-11-01,42491.0,96421.0
South Dakota,2015-12-01,42485.0,96360.0
South Dakota,2016-01-01,42705.0,96917.0
South Dakota,2016-02-01,42366.0,96091.0
South Dakota,2016-03-01,42136.0,95646.0
South Dakota,2016-04-01,42094.0,95581.0
South Dakota,2016-05-01,42042.0,95757.0
South Dakota,2016-06-01,42113.0,95154.0
South Dakota,2016-07-01,41857.0,95654.0
South Dakota,2016-08-01,41937.0,95871.0
South Dakota,2016-09-01,42033.0,95655.0
South Dakota,2016-10-01,41953.0,95153.0
South Dakota,2016-11-01,41966.0,95051.0
South Dakota,2016-12-01,41775.0,94624.0
South Dakota,2017-01-01,41982.0,95050.0
South Dakota,2017-02-01,41769.0,94387.0
South Dakota,2017-03-01,41472.0,93493.0
South Dakota,2017-04-01,41220.0,92699.0
South Dakota,2017-05-01,41065.0,92377.0
South Dakota,2017-06-01,40864.0,92118.0
South Dakota,2017-07-01,40597.0,91629.0
South Dakota,2017-08-01,40591.0,91503.0
South Dakota,2017-09-01,40540.0,91018.0
South Dakota,2017-10-01,40429.0,90383.0
South Dakota,2017-11-01,40305.0,89739.0
South Dakota,2017-12-01,40418.0,89366.0
South Dakota,2018-01-01,40882.0,89804.0
South Dakota,2018-02-01,40832.0,89328.0
South Dakota,2018-03-01,40397.0,88124.0
South Dakota,2018-04-01,40063.0,87309.0
South Dakota,2018-05-01,39811.0,86607.0
South Dakota,2018-06-01,39519.0,85843.0
South Dakota,2018-07-01,39171.0,85068.0
South Dakota,2018-08-01,39073.0,84361.0
South Dakota,2018-09-01,38720.0,82986.0
South Dakota,2018-10-01,38687.0,82566.0
South Dakota,2018-11-01,38579.0,81999.0
South Dakota,2018-12-01,38358.0,81528.0
South Dakota,2019-01-01,38618.0,82164.0
South Dakota,2019-02-01,3653.0,8068.0
South Dakota,2019-03-01,38047.0,81412.0
South Dakota,2019-04-01,37849.0,80939.0
South Dakota,2019-05-01,37870.0,80967.0
South Dakota,2019-06-01,37819.0,80962.0
South Dakota,2019-07-01,37610.0,80314.0
South Dakota,2019-08-01,37605.0,80139.0
South Dakota,2019-09-01,37323.0,79186.0
South Dakota,2019-10-01,37319.0,78854.0
South Dakota,2019-11-01,37126.0,78286.0
South Dakota,2019-12-01,36906.0,77863.0
South Dakota,2020-01-01,37117.0,78134.0
South Dakota,2020-02-01,37002.0,78006.0
South Dakota,2020-03-01,36529.0,77302.0
South Dakota,2020-04-01,37326.0,79148.0
South Dakota,2020-05-01,37330.0,79205.0
South Dakota,2020-06-01,36955.0,77981.0
South Dakota,2020-07-01,36887.0,77526.0
South Dakota,2020-08-01,36959.0,78149.0
South Dakota,2020-09-01,37057.0,78491.0
South Dakota,2020-10-01,36454.0,77417.0
South Dakota,2020-11-01,35999.0,76639.0
South Dakota,2020-12-01,35930.0,76303.0
South Dakota,2021-01-01,35711.0,75925.0
South Dakota,2021-02-01,35866.0,76089.0
South Dakota,2021-03-01,35270.0,75079.0
South Dakota,2021-04-01,34732.0,74061.0
South Dakota,2021-05-01,34421.0,73265.0
South Dakota,2021-06-01,34297.0,73238.0
South Dakota,2021-07-01,34215.0,73168.0
South Dakota,2021-08-01,33942.0,72331.0
South Dakota,2021-09-01,33914.0,72014.0
South Dakota,2021-10-01,33879.0,71785.0
South Dakota,2021-11-01,33915.0,71482.0
South Dakota,2021-12-01,33688.0,70961.0
South Dakota,2022-01-01,33949.0,71522.0
South Dakota,2022-02-01,33866.0,71232.0
South Dakota,2022-03-01,33717.0,70901.0
South Dakota,2022-04-01,33500.0,70014.0
South Dakota,2022-05-01,33617.0,70483.0
South Dakota,2022-06-01,33805.0,71098.0
South Dakota,2022-07-01,33847.0,71057.0
South Dakota,2022-08-01,33912.0,71078.0
South Dakota,2022-09-01,33847.0,70534.0
South Dakota,2022-10-01,34058.0,70984.0
South Dakota,2022-11-01,34262.0,70998.0
South Dakota,2022-12-01,34064.0,70548.0
South Dakota,2023-01-01,34507.0,71390.0
South Dakota,2023-02-01,34355.0,71009.0
South Dakota,2023-03-01,34448.0,71144.0
South Dakota,2023-04-01,34560.0,71218.0
South Dakota,2023-05-01,34624.0,71387.0
South Dakota,2023-06-01,34684.0,71496.0
South Dakota,2023-07-01,35106.0,72019.0
South Dakota,2023-08-01,35650.0,72704.0
South Dakota,2023-09-01,35925.0,72745.0
South Dakota,2023-10-01,36172.0,73313.0
South Dakota,2023-11-01,36418.0,73625.0
South Dakota,2023-12-01,36724.0,73949.0
South Dakota,2024-01-01,37378.0,75082.0
South Dakota,2024-02-01,37765.0,75564.0
South Dakota,2024-03-01,37377.0,75063.0
South Dakota,2024-04-01,37602.0,75440.0
South Dakota,2024-05-01,37602.0,75557.0
South Dakota,2024-06-01,37632.0,75882.0
South Dakota,2024-07-01,37614.0,75884.0
South Dakota,2024-08-01,37640.0,75933.0
South Dakota,2024-09-01,0.0,0.0
Tennessee,1988-10-01,187236.0,488284.0
Tennessee,1988-11-01,189293.0,493024.0
Tennessee,1988-12-01,191606.0,498908.0
Tennessee,1989-01-01,193198.0,503090.0
Tennessee,1989-02-01,195232.0,508793.0
Tennessee,1989-03-01,198404.0,516716.0
Tennessee,1989-04-01,194784.0,505933.0
Tennessee,1989-05-01,193141.0,499506.0
Tennessee,1989-06-01,191597.0,494960.0
Tennessee,1989-07-01,191692.0,494625.0
Tennessee,1989-08-01,193989.0,500159.0
Tennessee,1989-09-01,192551.0,495958.0
Tennessee,1989-10-01,194563.0,498877.0
Tennessee,1989-11-01,196771.0,504964.0
Tennessee,1989-12-01,201596.0,515530.0
Tennessee,1990-01-01,203972.0,523068.0
Tennessee,1990-02-01,205997.0,530578.0
Tennessee,1990-03-01,209729.0,538251.0
Tennessee,1990-04-01,207004.0,530705.0
Tennessee,1990-05-01,207510.0,532017.0
Tennessee,1990-06-01,206114.0,527648.0
Tennessee,1990-07-01,209194.0,533989.0
Tennessee,1990-08-01,211630.0,541153.0
Tennessee,1990-09-01,212253.0,542338.0
Tennessee,1990-10-01,217876.0,554666.0
Tennessee,1990-11-01,221758.0,564818.0
Tennessee,1990-12-01,228542.0,583024.0
Tennessee,1991-01-01,234945.0,597805.0
Tennessee,1991-02-01,239951.0,613636.0
Tennessee,1991-03-01,244965.0,625008.0
Tennessee,1991-04-01,244236.0,622515.0
Tennessee,1991-05-01,244272.0,622605.0
Tennessee,1991-06-01,242230.0,616732.0
Tennessee,1991-07-01,246660.0,626142.0
Tennessee,1991-08-01,248423.0,630102.0
Tennessee,1991-09-01,249939.0,634406.0
Tennessee,1991-10-01,256475.0,649252.0
Tennessee,1991-11-01,262074.0,662561.0
Tennessee,1991-12-01,268565.0,677090.0
Tennessee,1992-01-01,271074.0,680581.0
Tennessee,1992-02-01,279543.0,703264.0
Tennessee,1992-03-01,287141.0,719159.0
Tennessee,1992-04-01,283969.0,719471.0
Tennessee,1992-05-01,286245.0,714969.0
Tennessee,1992-06-01,289771.0,721795.0
Tennessee,1992-07-01,290047.0,721312.0
Tennessee,1992-08-01,292374.0,725074.0
Tennessee,1992-09-01,292494.0,725173.0
Tennessee,1992-10-01,300958.0,743214.0
Tennessee,1992-11-01,305007.0,752071.0
Tennessee,1992-12-01,310081.0,764691.0
Tennessee,1993-01-01,317194.0,780125.0
Tennessee,1993-02-01,315640.0,774415.0
Tennessee,1993-03-01,319954.0,780437.0
Tennessee,1993-04-01,320412.0,781207.0
Tennessee,1993-05-01,320748.0,780231.0
Tennessee,1993-06-01,320380.0,776785.0
Tennessee,1993-07-01,323320.0,782500.0
Tennessee,1993-08-01,320615.0,774966.0
Tennessee,1993-09-01,328271.0,794085.0
Tennessee,1993-10-01,319141.0,766599.0
Tennessee,1993-11-01,312404.0,750875.0
Tennessee,1993-12-01,310603.0,745910.0
Tennessee,1994-01-01,312738.0,750116.0
Tennessee,1994-02-01,309223.0,741752.0
Tennessee,1994-03-01,312577.0,747371.0
Tennessee,1994-04-01,307631.0,735208.0
Tennessee,1994-05-01,303566.0,724417.0
Tennessee,1994-06-01,299279.0,714013.0
Tennessee,1994-07-01,294120.0,700728.0
Tennessee,1994-08-01,297951.0,709123.0
Tennessee,1994-09-01,306166.0,728675.0
Tennessee,1994-10-01,290218.0,686953.0
Tennessee,1994-11-01,288756.0,682233.0
Tennessee,1994-12-01,285263.0,673304.0
Tennessee,1995-01-01,288491.0,679754.0
Tennessee,1995-02-01,282864.0,666858.0
Tennessee,1995-03-01,286383.0,673054.0
Tennessee,1995-04-01,280695.0,660477.0
Tennessee,1995-05-01,278336.0,653462.0
Tennessee,1995-06-01,274929.0,645462.0
Tennessee,1995-07-01,273207.0,640776.0
Tennessee,1995-08-01,274521.0,643452.0
Tennessee,1995-09-01,272386.0,638383.0
Tennessee,1995-10-01,273687.0,640071.0
Tennessee,1995-11-01,273125.0,638387.0
Tennessee,1995-12-01,270544.0,631036.0
Tennessee,1996-01-01,278359.0,648837.0
Tennessee,1996-02-01,273814.0,637823.0
Tennessee,1996-03-01,278856.0,648683.0
Tennessee,1996-04-01,276917.0,644210.0
Tennessee,1996-05-01,274066.0,637301.0
Tennessee,1996-06-01,273169.0,635078.0
Tennessee,1996-07-01,273660.0,635717.0
Tennessee,1996-08-01,269822.0,627480.0
Tennessee,1996-09-01,272378.0,628657.0
Tennessee,1996-10-01,269822.0,620620.0
Tennessee,1996-11-01,268052.0,616959.0
Tennessee,1996-12-01,265589.0,611291.0
Tennessee,1997-01-01,264787.0,609391.0
Tennessee,1997-02-01,258836.0,596438.0
Tennessee,1997-03-01,254502.0,590795.0
Tennessee,1997-04-01,247805.0,578396.0
Tennessee,1997-05-01,242921.0,566587.0
Tennessee,1997-06-01,242769.0,567011.0
Tennessee,1997-07-01,240778.0,562556.0
Tennessee,1997-08-01,238038.0,555477.0
Tennessee,1997-09-01,238474.0,555150.0
Tennessee,1997-10-01,237367.0,551863.0
Tennessee,1997-11-01,234532.0,545191.0
Tennessee,1997-12-01,236673.0,550036.0
Tennessee,1998-01-01,235663.0,547598.0
Tennessee,1998-02-01,233332.0,542157.0
Tennessee,1998-03-01,235354.0,546414.0
Tennessee,1998-04-01,230995.0,536806.0
Tennessee,1998-05-01,229413.0,531941.0
Tennessee,1998-06-01,228882.0,531937.0
Tennessee,1998-07-01,226863.0,527488.0
Tennessee,1998-08-01,226720.0,527271.0
Tennessee,1998-09-01,224899.0,522898.0
Tennessee,1998-10-01,224158.0,519265.0
Tennessee,1998-11-01,223535.0,518682.0
Tennessee,1998-12-01,224309.0,520315.0
Tennessee,1999-01-01,223880.0,519219.0
Tennessee,1999-02-01,221382.0,514136.0
Tennessee,1999-03-01,222639.0,517497.0
Tennessee,1999-04-01,218355.0,508117.0
Tennessee,1999-05-01,217896.0,506840.0
Tennessee,1999-06-01,217484.0,505861.0
Tennessee,1999-07-01,214145.0,497951.0
Tennessee,1999-08-01,217072.0,505273.0
Tennessee,1999-09-01,214068.0,496776.0
Tennessee,1999-10-01,212078.0,491367.0
Tennessee,1999-11-01,215535.0,500001.0
Tennessee,1999-12-01,214805.0,497869.0
Tennessee,2000-01-01,217695.0,503475.0
Tennessee,2000-02-01,215506.0,497218.0
Tennessee,2000-03-01,216085.0,496955.0
Tennessee,2000-04-01,216085.0,489524.0
Tennessee,2000-05-01,214661.0,493037.0
Tennessee,2000-06-01,213614.0,491520.0
Tennessee,2000-07-01,214898.0,494331.0
Tennessee,2000-08-01,217664.0,502313.0
Tennessee,2000-09-01,215400.0,494767.0
Tennessee,2000-10-01,220100.0,506309.0
Tennessee,2000-11-01,219570.0,505025.0
Tennessee,2000-12-01,219675.0,504407.0
Tennessee,2001-01-01,223866.0,514526.0
Tennessee,2001-02-01,220572.0,506510.0
Tennessee,2001-03-01,225978.0,519198.0
Tennessee,2001-04-01,227021.0,522908.0
Tennessee,2001-05-01,228114.0,526389.0
Tennessee,2001-06-01,229098.0,528887.0
Tennessee,2001-07-01,232605.0,538346.0
Tennessee,2001-08-01,235081.0,545126.0
Tennessee,2001-09-01,233009.0,540492.0
Tennessee,2001-10-01,240274.0,557813.0
Tennessee,2001-11-01,241348.0,561003.0
Tennessee,2001-12-01,244988.0,569742.0
Tennessee,2002-01-01,257034.0,601494.0
Tennessee,2002-02-01,255109.0,597970.0
Tennessee,2002-03-01,257419.0,602938.0
Tennessee,2002-04-01,258419.0,604765.0
Tennessee,2002-05-01,257013.0,600722.0
Tennessee,2002-06-01,256054.0,599312.0
Tennessee,2002-07-01,262584.0,614587.0
Tennessee,2002-08-01,267499.0,627194.0
Tennessee,2002-09-01,273054.0,638605.0
Tennessee,2002-10-01,285200.0,664404.0
Tennessee,2002-11-01,290454.0,675599.0
Tennessee,2002-12-01,297633.0,689643.0
Tennessee,2003-01-01,310206.0,718392.0
Tennessee,2003-02-01,307209.0,711066.0
Tennessee,2003-03-01,317634.0,733315.0
Tennessee,2003-04-01,318918.0,736151.0
Tennessee,2003-05-01,322881.0,743838.0
Tennessee,2003-06-01,327001.0,754055.0
Tennessee,2003-07-01,330299.0,763647.0
Tennessee,2003-08-01,332039.0,768476.0
Tennessee,2003-09-01,338024.0,781071.0
Tennessee,2003-10-01,340396.0,785372.0
Tennessee,2003-11-01,338592.0,780349.0
Tennessee,2003-12-01,346742.0,796614.0
Tennessee,2004-01-01,347202.0,797576.0
Tennessee,2004-02-01,347546.0,797194.0
Tennessee,2004-03-01,353103.0,808341.0
Tennessee,2004-04-01,350564.0,802476.0
Tennessee,2004-05-01,350476.0,801926.0
Tennessee,2004-06-01,358623.0,819851.0
Tennessee,2004-07-01,357867.0,818569.0
Tennessee,2004-08-01,365001.0,834849.0
Tennessee,2004-09-01,365258.0,834759.0
Tennessee,2004-10-01,366257.0,835625.0
Tennessee,2004-11-01,366257.0,848022.0
Tennessee,2004-12-01,373603.0,849128.0
Tennessee,2005-01-01,374213.0,848789.0
Tennessee,2005-02-01,370747.0,841247.0
Tennessee,2005-03-01,374218.0,847780.0
Tennessee,2005-04-01,371019.0,840776.0
Tennessee,2005-05-01,370404.0,839269.0
Tennessee,2005-06-01,376752.0,854150.0
Tennessee,2005-07-01,374428.0,848308.0
Tennessee,2005-08-01,381513.0,864188.0
Tennessee,2005-09-01,388722.0,879148.0
Tennessee,2005-10-01,388878.0,878776.0
Tennessee,2005-11-01,392591.0,887046.0
Tennessee,2005-12-01,393087.0,885793.0
Tennessee,2006-01-01,388277.0,873214.0
Tennessee,2006-02-01,383962.0,863449.0
Tennessee,2006-03-01,388236.0,871037.0
Tennessee,2006-04-01,381695.0,856481.0
Tennessee,2006-05-01,385855.0,866020.0
Tennessee,2006-06-01,386891.0,868921.0
Tennessee,2006-07-01,382756.0,859711.0
Tennessee,2006-08-01,388324.0,872274.0
Tennessee,2006-09-01,384532.0,862270.0
Tennessee,2006-10-01,388336.0,868913.0
Tennessee,2006-11-01,386323.0,864352.0
Tennessee,2006-12-01,384462.0,859037.0
Tennessee,2007-01-01,390023.0,870101.0
Tennessee,2007-02-01,381483.0,850941.0
Tennessee,2007-03-01,384654.0,857363.0
Tennessee,2007-04-01,384108.0,856677.0
Tennessee,2007-05-01,384108.0,857443.0
Tennessee,2007-06-01,387495.0,864666.0
Tennessee,2007-07-01,391424.0,873218.0
Tennessee,2007-08-01,394544.0,880939.0
Tennessee,2007-09-01,392331.0,874795.0
Tennessee,2007-10-01,400676.0,891779.0
Tennessee,2007-11-01,398644.0,886806.0
Tennessee,2007-12-01,398134.0,885094.0
Tennessee,2008-01-01,406441.0,901753.0
Tennessee,2008-02-01,401568.0,890020.0
Tennessee,2008-03-01,401568.0,901818.0
Tennessee,2008-04-01,409645.0,907989.0
Tennessee,2008-05-01,410960.0,910763.0
Tennessee,2008-06-01,416203.0,921820.0
Tennessee,2008-07-01,422307.0,936121.0
Tennessee,2008-08-01,424543.0,940414.0
Tennessee,2008-09-01,434808.0,960664.0
Tennessee,2008-10-01,443054.0,977109.0
Tennessee,2008-11-01,446182.0,982701.0
Tennessee,2008-12-01,464966.0,1019843.0
Tennessee,2009-01-01,471591.0,1034145.0
Tennessee,2009-02-01,473297.0,1035894.0
Tennessee,2009-03-01,488019.0,1065674.0
Tennessee,2009-04-01,493873.0,1079301.0
Tennessee,2009-05-01,500011.0,1090387.0
Tennessee,2009-06-01,513182.0,1117009.0
Tennessee,2009-07-01,523524.0,1138392.0
Tennessee,2009-08-01,530379.0,1150225.0
Tennessee,2009-09-01,542865.0,1173974.0
Tennessee,2009-10-01,547740.0,1181440.0
Tennessee,2009-11-01,550849.0,1185791.0
Tennessee,2009-12-01,561024.0,1205219.0
Tennessee,2010-01-01,563971.0,1208288.0
Tennessee,2010-02-01,562936.0,1202604.0
Tennessee,2010-03-01,574300.0,1224909.0
Tennessee,2010-04-01,574519.0,1225308.0
Tennessee,2010-05-01,575412.0,1225284.0
Tennessee,2010-06-01,588190.0,1249367.0
Tennessee,2010-07-01,590079.0,1251862.0
Tennessee,2010-08-01,595566.0,1260726.0
Tennessee,2010-09-01,600111.0,1267478.0
Tennessee,2010-10-01,600271.0,1263470.0
Tennessee,2010-11-01,602751.0,1264407.0
Tennessee,2010-12-01,608734.0,1276410.0
Tennessee,2011-01-01,608144.0,1272315.0
Tennessee,2011-02-01,605557.0,1265707.0
Tennessee,2011-03-01,614900.0,1282530.0
Tennessee,2011-04-01,609602.0,1270529.0
Tennessee,2011-05-01,613717.0,1276500.0
Tennessee,2011-06-01,620160.0,1289963.0
Tennessee,2011-07-01,614579.0,1277706.0
Tennessee,2011-08-01,619539.0,1285316.0
Tennessee,2011-09-01,620070.0,1284624.0
Tennessee,2011-10-01,619716.0,1280908.0
Tennessee,2011-11-01,624061.0,1288645.0
Tennessee,2011-12-01,625091.0,1288879.0
Tennessee,2012-01-01,634420.0,1303369.0
Tennessee,2012-02-01,635445.0,1306650.0
Tennessee,2012-03-01,642435.0,1319476.0
Tennessee,2012-04-01,642997.0,1320324.0
Tennessee,2012-05-01,650663.0,1334012.0
Tennessee,2012-06-01,655372.0,1342885.0
Tennessee,2012-07-01,655218.0,1341252.0
Tennessee,2012-08-01,657587.0,1345085.0
Tennessee,2012-09-01,651521.0,1330238.0
Tennessee,2012-10-01,659339.0,1342144.0
Tennessee,2012-11-01,655176.0,1332860.0
Tennessee,2012-12-01,653209.0,1326541.0
Tennessee,2013-01-01,662209.0,1342605.0
Tennessee,2013-02-01,658461.0,1335790.0
Tennessee,2013-03-01,661291.0,1339440.0
Tennessee,2013-04-01,662972.0,1343265.0
Tennessee,2013-05-01,667327.0,1351113.0
Tennessee,2013-06-01,667103.0,1350184.0
Tennessee,2013-07-01,670666.0,1356160.0
Tennessee,2013-08-01,667987.0,1351040.0
Tennessee,2013-09-01,660712.0,1333931.0
Tennessee,2013-10-01,666321.0,1346102.0
Tennessee,2013-11-01,657277.0,1327376.0
Tennessee,2013-12-01,653995.0,1318529.0
Tennessee,2014-01-01,658373.0,1329164.0
Tennessee,2014-02-01,647275.0,1307038.0
Tennessee,2014-03-01,652653.0,1316813.0
Tennessee,2014-04-01,649594.0,1311887.0
Tennessee,2014-05-01,647064.0,1305837.0
Tennessee,2014-06-01,645413.0,1302428.0
Tennessee,2014-07-01,647283.0,1307290.0
Tennessee,2014-08-01,641294.0,1295020.0
Tennessee,2014-09-01,636468.0,1282580.0
Tennessee,2014-10-01,638397.0,1286059.0
Tennessee,2014-11-01,628458.0,1264669.0
Tennessee,2014-12-01,633237.0,1271612.0
Tennessee,2015-01-01,627334.0,1260071.0
Tennessee,2015-02-01,611689.0,1226271.0
Tennessee,2015-03-01,614716.0,1232834.0
Tennessee,2015-04-01,605837.0,1216681.0
Tennessee,2015-05-01,600945.0,1205546.0
Tennessee,2015-06-01,601447.0,1207553.0
Tennessee,2015-07-01,598860.0,1204648.0
Tennessee,2015-08-01,592010.0,1191281.0
Tennessee,2015-09-01,588732.0,1185463.0
Tennessee,2015-10-01,579848.0,1168238.0
Tennessee,2015-11-01,570777.0,1150153.0
Tennessee,2015-12-01,569607.0,1149608.0
Tennessee,2016-01-01,559941.0,1129940.0
Tennessee,2016-02-01,553079.0,1116052.0
Tennessee,2016-03-01,551307.0,1115967.0
Tennessee,2016-04-01,539745.0,1098423.0
Tennessee,2016-05-01,530833.0,1084434.0
Tennessee,2016-06-01,533443.0,1094374.0
Tennessee,2016-07-01,527798.0,1082601.0
Tennessee,2016-08-01,529071.0,1085101.0
Tennessee,2016-09-01,528745.0,1083880.0
Tennessee,2016-10-01,523414.0,1071344.0
Tennessee,2016-11-01,525401.0,1076784.0
Tennessee,2016-12-01,520382.0,1064416.0
Tennessee,2017-01-01,517508.0,1056897.0
Tennessee,2017-02-01,513580.0,1048724.0
Tennessee,2017-03-01,516931.0,1054349.0
Tennessee,2017-04-01,507087.0,1033493.0
Tennessee,2017-05-01,511414.0,1042206.0
Tennessee,2017-06-01,508764.0,1037643.0
Tennessee,2017-07-01,501384.0,1021851.0
Tennessee,2017-08-01,506998.0,1034396.0
Tennessee,2017-09-01,502039.0,1022588.0
Tennessee,2017-10-01,500358.0,1017511.0
Tennessee,2017-11-01,498690.0,1015481.0
Tennessee,2017-12-01,496340.0,1009555.0
Tennessee,2018-01-01,492166.0,999147.0
Tennessee,2018-02-01,486827.0,989373.0
Tennessee,2018-03-01,474563.0,974449.0
Tennessee,2018-04-01,465579.0,957637.0
Tennessee,2018-05-01,452253.0,943828.0
Tennessee,2018-06-01,448768.0,938580.0
Tennessee,2018-07-01,445861.0,931540.0
Tennessee,2018-08-01,449975.0,943013.0
Tennessee,2018-09-01,444725.0,930386.0
Tennessee,2018-10-01,448713.0,938986.0
Tennessee,2018-11-01,440858.0,922468.0
Tennessee,2018-12-01,437519.0,913571.0
Tennessee,2019-01-01,447425.0,933981.0
Tennessee,2019-02-01,23311.0,46795.0
Tennessee,2019-03-01,441016.0,913919.0
Tennessee,2019-04-01,428677.0,889691.0
Tennessee,2019-05-01,426846.0,891135.0
Tennessee,2019-06-01,424144.0,884811.0
Tennessee,2019-07-01,425845.0,889405.0
Tennessee,2019-08-01,423073.0,884025.0
Tennessee,2019-09-01,420066.0,876772.0
Tennessee,2019-10-01,422576.0,882622.0
Tennessee,2019-11-01,423666.0,887077.0
Tennessee,2019-12-01,408802.0,851955.0
Tennessee,2020-01-01,414921.0,865670.0
Tennessee,2020-02-01,404884.0,844321.0
Tennessee,2020-03-01,413054.0,861061.0
Tennessee,2020-04-01,435894.0,900106.0
Tennessee,2020-05-01,433249.0,891093.0
Tennessee,2020-06-01,433727.0,876013.0
Tennessee,2020-07-01,423125.0,846858.0
Tennessee,2020-08-01,426474.0,855072.0
Tennessee,2020-09-01,429935.0,865381.0
Tennessee,2020-10-01,434314.0,876025.0
Tennessee,2020-11-01,438024.0,882253.0
Tennessee,2020-12-01,452575.0,911949.0
Tennessee,2021-01-01,454786.0,912768.0
Tennessee,2021-02-01,450582.0,900498.0
Tennessee,2021-03-01,456722.0,911672.0
Tennessee,2021-04-01,444353.0,900984.0
Tennessee,2021-05-01,439189.0,873741.0
Tennessee,2021-06-01,440018.0,874394.0
Tennessee,2021-07-01,432120.0,856009.0
Tennessee,2021-08-01,426160.0,836382.0
Tennessee,2021-09-01,427356.0,839487.0
Tennessee,2021-10-01,423993.0,831631.0
Tennessee,2021-11-01,422229.0,830547.0
Tennessee,2021-12-01,429677.0,847018.0
Tennessee,2022-01-01,424412.0,838823.0
Tennessee,2022-02-01,423401.0,837855.0
Tennessee,2022-03-01,426380.0,843906.0
Tennessee,2022-04-01,418627.0,828213.0
Tennessee,2022-05-01,414998.0,820910.0
Tennessee,2022-06-01,419168.0,831118.0
Tennessee,2022-07-01,405674.0,800670.0
Tennessee,2022-08-01,398078.0,786502.0
Tennessee,2022-09-01,406753.0,806886.0
Tennessee,2022-10-01,402051.0,793906.0
Tennessee,2022-11-01,412768.0,814533.0
Tennessee,2022-12-01,411579.0,809733.0
Tennessee,2023-01-01,409090.0,804345.0
Tennessee,2023-02-01,416325.0,817174.0
Tennessee,2023-03-01,409916.0,805053.0
Tennessee,2023-04-01,395203.0,773111.0
Tennessee,2023-05-01,399441.0,779035.0
Tennessee,2023-06-01,386494.0,751375.0
Tennessee,2023-07-01,338858.0,654939.0
Tennessee,2023-08-01,367273.0,713783.0
Tennessee,2023-09-01,358791.0,697134.0
Tennessee,2023-10-01,354762.0,691532.0
Tennessee,2023-11-01,354940.0,699971.0
Tennessee,2023-12-01,347956.0,691033.0
Tennessee,2024-01-01,341146.0,681053.0
Tennessee,2024-02-01,344841.0,690473.0
Tennessee,2024-03-01,343884.0,694447.0
Tennessee,2024-04-01,345294.0,697638.0
Tennessee,2024-05-01,353707.0,718191.0
Tennessee,2024-06-01,360016.0,732250.0
Tennessee,2024-07-01,362999.0,738438.0
Tennessee,2024-08-01,367604.0,748391.0
Tennessee,2024-09-01,0.0,0.0
Texas,1988-10-01,507406.0,1542784.0
Texas,1988-11-01,511673.0,1554639.0
Texas,1988-12-01,521403.0,1586093.0
Texas,1989-01-01,526495.0,1600090.0
Texas,1989-02-01,535659.0,1629062.0
Texas,1989-03-01,547937.0,1663918.0
Texas,1989-04-01,548631.0,1661330.0
Texas,1989-05-01,553559.0,1668198.0
Texas,1989-06-01,555787.0,1665798.0
Texas,1989-07-01,556939.0,1659003.0
Texas,1989-08-01,566431.0,1681021.0
Texas,1989-09-01,574165.0,1701921.0
Texas,1989-10-01,588807.0,1740487.0
Texas,1989-11-01,604735.0,1784468.0
Texas,1989-12-01,615815.0,1814618.0
Texas,1990-01-01,632607.0,1860835.0
Texas,1990-02-01,640805.0,1875847.0
Texas,1990-03-01,656342.0,1921232.0
Texas,1990-04-01,656133.0,1916747.0
Texas,1990-05-01,661564.0,1925163.0
Texas,1990-06-01,662038.0,1918120.0
Texas,1990-07-01,666409.0,1917036.0
Texas,1990-08-01,675828.0,1938613.0
Texas,1990-09-01,681100.0,1945608.0
Texas,1990-10-01,703851.0,2013985.0
Texas,1990-11-01,717139.0,2050858.0
Texas,1990-12-01,728910.0,2083369.0
Texas,1991-01-01,749611.0,2134860.0
Texas,1991-02-01,754068.0,2147359.0
Texas,1991-03-01,770035.0,2186727.0
Texas,1991-04-01,774737.0,2194881.0
Texas,1991-05-01,779616.0,2202616.0
Texas,1991-06-01,781276.0,2199075.0
Texas,1991-07-01,790010.0,2211470.0
Texas,1991-08-01,800030.0,2233857.0
Texas,1991-09-01,813491.0,2268867.0
Texas,1991-10-01,834659.0,2323010.0
Texas,1991-11-01,847368.0,2357135.0
Texas,1991-12-01,863909.0,2398407.0
Texas,1992-01-01,881794.0,2440576.0
Texas,1992-02-01,886552.0,2454455.0
Texas,1992-03-01,897983.0,2478971.0
Texas,1992-04-01,901007.0,2483164.0
Texas,1992-05-01,900176.0,2475254.0
Texas,1992-06-01,908797.0,2489643.0
Texas,1992-07-01,914346.0,2496931.0
Texas,1992-08-01,918431.0,2506818.0
Texas,1992-09-01,932482.0,2543202.0
Texas,1992-10-01,948060.0,2584044.0
Texas,1992-11-01,953192.0,2601152.0
Texas,1992-12-01,966228.0,2637194.0
Texas,1993-01-01,970230.0,2647310.0
Texas,1993-02-01,968958.0,2647498.0
Texas,1993-03-01,980639.0,2677681.0
Texas,1993-04-01,977814.0,2671072.0
Texas,1993-05-01,976392.0,2665628.0
Texas,1993-06-01,982970.0,2680200.0
Texas,1993-07-01,983132.0,2677888.0
Texas,1993-08-01,986714.0,2687378.0
Texas,1993-09-01,993968.0,2708731.0
Texas,1993-10-01,999085.0,2723232.0
Texas,1993-11-01,1007906.0,2746168.0
Texas,1993-12-01,1017663.0,2770804.0
Texas,1994-01-01,1017889.0,2770359.0
Texas,1994-02-01,1005237.0,2742706.0
Texas,1994-03-01,1015294.0,2764395.0
Texas,1994-04-01,1000981.0,2731083.0
Texas,1994-05-01,1000157.0,2724196.0
Texas,1994-06-01,992842.0,2701081.0
Texas,1994-07-01,983761.0,2673048.0
Texas,1994-08-01,990706.0,2686785.0
Texas,1994-09-01,987174.0,2675599.0
Texas,1994-10-01,986669.0,2672467.0
Texas,1994-11-01,984883.0,2666757.0
Texas,1994-12-01,981222.0,2666355.0
Texas,1995-01-01,971265.0,2628280.0
Texas,1995-02-01,951271.0,2580240.0
Texas,1995-03-01,955952.0,2586191.0
Texas,1995-04-01,928876.0,2520395.0
Texas,1995-05-01,925132.0,2503747.0
Texas,1995-06-01,920236.0,2483353.0
Texas,1995-07-01,910830.0,2454375.0
Texas,1995-08-01,918136.0,2468042.0
Texas,1995-09-01,915427.0,2462111.0
Texas,1995-10-01,920122.0,2469654.0
Texas,1995-11-01,912616.0,2466315.0
Texas,1995-12-01,916752.0,2460931.0
Texas,1996-01-01,916320.0,2455760.0
Texas,1996-02-01,897920.0,2412501.0
Texas,1996-03-01,900525.0,2414588.0
Texas,1996-04-01,884503.0,2372974.0
Texas,1996-05-01,873702.0,2341176.0
Texas,1996-06-01,861470.0,2307335.0
Texas,1996-07-01,852516.0,2275777.0
Texas,1996-08-01,847218.0,2260124.0
Texas,1996-09-01,834559.0,2228765.0
Texas,1996-10-01,830530.0,2209579.0
Texas,1996-11-01,819079.0,2187139.0
Texas,1996-12-01,806846.0,2161958.0
Texas,1997-01-01,798910.0,2146607.0
Texas,1997-02-01,775319.0,2098571.0
Texas,1997-03-01,763186.0,2078429.0
Texas,1997-04-01,738425.0,2021327.0
Texas,1997-05-01,723424.0,1985054.0
Texas,1997-06-01,708120.0,1940830.0
Texas,1997-07-01,695754.0,1899697.0
Texas,1997-08-01,686943.0,1868604.0
Texas,1997-09-01,666590.0,1807205.0
Texas,1997-10-01,666081.0,1804545.0
Texas,1997-11-01,648968.0,1764638.0
Texas,1997-12-01,642005.0,1745503.0
Texas,1998-01-01,634729.0,1725451.0
Texas,1998-02-01,614593.0,1674505.0
Texas,1998-03-01,605926.0,1648676.0
Texas,1998-04-01,589055.0,1603362.0
Texas,1998-05-01,579431.0,1577149.0
Texas,1998-06-01,572305.0,1555735.0
Texas,1998-07-01,563572.0,1529964.0
Texas,1998-08-01,556202.0,1510183.0
Texas,1998-09-01,550743.0,1494394.0
Texas,1998-10-01,546671.0,1483947.0
Texas,1998-11-01,537656.0,1458777.0
Texas,1998-12-01,537508.0,1460671.0
Texas,1999-01-01,533535.0,1449725.0
Texas,1999-02-01,518652.0,1412086.0
Texas,1999-03-01,515296.0,1402079.0
Texas,1999-04-01,505075.0,1377347.0
Texas,1999-05-01,502536.0,1371240.0
Texas,1999-06-01,497082.0,1355075.0
Texas,1999-07-01,497633.0,1355784.0
Texas,1999-08-01,494970.0,1346918.0
Texas,1999-09-01,490823.0,1332659.0
Texas,1999-10-01,493463.0,1341494.0
Texas,1999-11-01,492147.0,1341213.0
Texas,1999-12-01,497500.0,1358808.0
Texas,2000-01-01,500459.0,1368008.0
Texas,2000-02-01,495855.0,1356907.0
Texas,2000-03-01,489035.0,1332855.0
Texas,2000-04-01,481422.0,1312470.0
Texas,2000-05-01,484274.0,1320420.0
Texas,2000-06-01,483546.0,1315251.0
Texas,2000-07-01,480138.0,1303980.0
Texas,2000-08-01,487021.0,1322293.0
Texas,2000-09-01,486774.0,1319716.0
Texas,2000-10-01,490830.0,1329737.0
Texas,2000-11-01,495281.0,1344721.0
Texas,2000-12-01,495072.0,1348069.0
Texas,2001-01-01,496040.0,1349698.0
Texas,2001-02-01,486987.0,1327086.0
Texas,2001-03-01,496804.0,1352273.0
Texas,2001-04-01,490635.0,1336391.0
Texas,2001-05-01,495926.0,1352054.0
Texas,2001-06-01,504409.0,1373196.0
Texas,2001-07-01,508864.0,1384514.0
Texas,2001-08-01,517258.0,1406517.0
Texas,2001-09-01,523436.0,1423448.0
Texas,2001-10-01,540350.0,1470020.0
Texas,2001-11-01,551212.0,1502894.0
Texas,2001-12-01,557065.0,1519766.0
Texas,2002-01-01,565388.0,1541061.0
Texas,2002-02-01,558595.0,1524856.0
Texas,2002-03-01,566975.0,1545980.0
Texas,2002-04-01,566391.0,1544674.0
Texas,2002-05-01,574211.0,1567805.0
Texas,2002-06-01,578829.0,1579541.0
Texas,2002-07-01,584107.0,1592643.0
Texas,2002-08-01,595734.0,1623604.0
Texas,2002-09-01,605185.0,1640296.0
Texas,2002-10-01,634153.0,1696719.0
Texas,2002-11-01,668112.0,1748624.0
Texas,2002-12-01,682147.0,1775391.0
Texas,2003-01-01,691338.0,1789573.0
Texas,2003-02-01,684536.0,1769099.0
Texas,2003-03-01,696047.0,1794735.0
Texas,2003-04-01,700901.0,1817347.0
Texas,2003-05-01,719307.0,1875207.0
Texas,2003-06-01,741727.0,1939459.0
Texas,2003-07-01,771444.0,2022587.0
Texas,2003-08-01,798413.0,2094830.0
Texas,2003-09-01,818728.0,2146100.0
Texas,2003-10-01,831457.0,2173619.0
Texas,2003-11-01,829533.0,2169853.0
Texas,2003-12-01,837999.0,2194727.0
Texas,2004-01-01,850859.0,2226047.0
Texas,2004-02-01,849885.0,2225384.0
Texas,2004-03-01,860707.0,2248394.0
Texas,2004-04-01,858330.0,2240467.0
Texas,2004-05-01,864102.0,2254672.0
Texas,2004-06-01,874896.0,2283360.0
Texas,2004-07-01,891210.0,2327410.0
Texas,2004-08-01,906981.0,2370587.0
Texas,2004-09-01,916149.0,2392895.0
Texas,2004-10-01,927670.0,2418671.0
Texas,2004-11-01,927670.0,2418671.0
Texas,2004-12-01,943906.0,2458601.0
Texas,2005-01-01,941153.0,2448737.0
Texas,2005-02-01,931147.0,2424074.0
Texas,2005-03-01,932878.0,2423446.0
Texas,2005-04-01,924102.0,2398676.0
Texas,2005-05-01,919986.0,2386465.0
Texas,2005-06-01,924160.0,2392320.0
Texas,2005-07-01,925671.0,2397798.0
Texas,2005-08-01,937045.0,2429462.0
Texas,2005-09-01,1057210.0,2706776.0
Texas,2005-10-01,1136741.0,2910624.0
Texas,2005-11-01,1156940.0,2967469.0
Texas,2005-12-01,1096546.0,2840972.0
Texas,2006-01-01,1056447.0,2759228.0
Texas,2006-02-01,1027195.0,2670997.0
Texas,2006-03-01,1016056.0,2628065.0
Texas,2006-04-01,983085.0,2538653.0
Texas,2006-05-01,956543.0,2462336.0
Texas,2006-06-01,945286.0,2424937.0
Texas,2006-07-01,930006.0,2384258.0
Texas,2006-08-01,947272.0,2430742.0
Texas,2006-09-01,955634.0,2452296.0
Texas,2006-10-01,964036.0,2472981.0
Texas,2006-11-01,957209.0,2451156.0
Texas,2006-12-01,951537.0,2437782.0
Texas,2007-01-01,940477.0,2405259.0
Texas,2007-02-01,927484.0,2372966.0
Texas,2007-03-01,938465.0,2399654.0
Texas,2007-04-01,934294.0,2388620.0
Texas,2007-05-01,936265.0,2392619.0
Texas,2007-06-01,947390.0,2420808.0
Texas,2007-07-01,950945.0,2427305.0
Texas,2007-08-01,957558.0,2444566.0
Texas,2007-09-01,961163.0,2452664.0
Texas,2007-10-01,970754.0,2475348.0
Texas,2007-11-01,968908.0,2469132.0
Texas,2007-12-01,963856.0,2457930.0
Texas,2008-01-01,962687.0,2451315.0
Texas,2008-02-01,954871.0,2431025.0
Texas,2008-03-01,960310.0,2442159.0
Texas,2008-04-01,961947.0,2446639.0
Texas,2008-05-01,972120.0,2471914.0
Texas,2008-06-01,985290.0,2505800.0
Texas,2008-07-01,1021582.0,2596904.0
Texas,2008-08-01,1056145.0,2683648.0
Texas,2008-09-01,1158960.0,2952749.0
Texas,2008-10-01,1264166.0,3240292.0
Texas,2008-11-01,1172340.0,2995733.0
Texas,2008-12-01,1191581.0,3049222.0
Texas,2009-01-01,1168928.0,2984354.0
Texas,2009-02-01,1150198.0,2932224.0
Texas,2009-03-01,1155902.0,2943040.0
Texas,2009-04-01,1152387.0,2916633.0
Texas,2009-05-01,1159917.0,2924942.0
Texas,2009-06-01,1167186.0,2941406.0
Texas,2009-07-01,1188089.0,2991828.0
Texas,2009-08-01,1204415.0,3037057.0
Texas,2009-09-01,1222730.0,3081146.0
Texas,2009-10-01,1258971.0,3175751.0
Texas,2009-11-01,1277757.0,3228061.0
Texas,2009-12-01,1310466.0,3311850.0
Texas,2010-01-01,1365433.0,3459408.0
Texas,2010-02-01,1373771.0,3482601.0
Texas,2010-03-01,1408013.0,3563572.0
Texas,2010-04-01,1426662.0,3609264.0
Texas,2010-05-01,1450114.0,3664965.0
Texas,2010-06-01,1474625.0,3721663.0
Texas,2010-07-01,1493958.0,3760275.0
Texas,2010-08-01,1514042.0,3803719.0
Texas,2010-09-01,1531180.0,3837839.0
Texas,2010-10-01,1557979.0,3893077.0
Texas,2010-11-01,1575009.0,3925119.0
Texas,2010-12-01,1592631.0,3955321.0
Texas,2011-01-01,1583071.0,3928058.0
Texas,2011-02-01,1568987.0,3895618.0
Texas,2011-03-01,1585351.0,3921802.0
Texas,2011-04-01,1587675.0,3926922.0
Texas,2011-05-01,1602367.0,3954852.0
Texas,2011-06-01,1625225.0,4003570.0
Texas,2011-07-01,1648098.0,4051042.0
Texas,2011-08-01,1682723.0,4124402.0
Texas,2011-09-01,1692595.0,4147489.0
Texas,2011-10-01,1709297.0,4174348.0
Texas,2011-11-01,1709575.0,4172512.0
Texas,2011-12-01,1714209.0,4179010.0
Texas,2012-01-01,1703288.0,4141317.0
Texas,2012-02-01,1664358.0,4043923.0
Texas,2012-03-01,1623276.0,3913693.0
Texas,2012-04-01,1627640.0,3936704.0
Texas,2012-05-01,1639624.0,3967242.0
Texas,2012-06-01,1637730.0,3951184.0
Texas,2012-07-01,1647439.0,3976675.0
Texas,2012-08-01,1657338.0,3998108.0
Texas,2012-09-01,1662567.0,4006566.0
Texas,2012-10-01,1707329.0,4123827.0
Texas,2012-11-01,1699968.0,4111672.0
Texas,2012-12-01,1696300.0,4102800.0
Texas,2013-01-01,1686477.0,4072529.0
Texas,2013-02-01,1664797.0,4024348.0
Texas,2013-03-01,1668186.0,4026519.0
Texas,2013-04-01,1653110.0,3992627.0
Texas,2013-05-01,1658553.0,4007194.0
Texas,2013-06-01,1659579.0,4007128.0
Texas,2013-07-01,1664112.0,4016999.0
Texas,2013-08-01,1673965.0,4035868.0
Texas,2013-09-01,1659825.0,3981182.0
Texas,2013-10-01,1674771.0,4027808.0
Texas,2013-11-01,1652175.0,3972686.0
Texas,2013-12-01,1629546.0,3916115.0
Texas,2014-01-01,1614284.0,3870787.0
Texas,2014-02-01,1596864.0,3826274.0
Texas,2014-03-01,1591548.0,3806053.0
Texas,2014-04-01,1579373.0,3777873.0
Texas,2014-05-01,1591707.0,3810926.0
Texas,2014-06-01,1592988.0,3812561.0
Texas,2014-07-01,1589023.0,3802668.0
Texas,2014-08-01,1588428.0,3802188.0
Texas,2014-09-01,1591325.0,3806160.0
Texas,2014-10-01,1596686.0,3817979.0
Texas,2014-11-01,1581394.0,3782821.0
Texas,2014-12-01,1569995.0,3751499.0
Texas,2015-01-01,1557496.0,3715414.0
Texas,2015-02-01,1544770.0,3684002.0
Texas,2015-03-01,1543069.0,3676661.0
Texas,2015-04-01,1530217.0,3651040.0
Texas,2015-05-01,1537379.0,3676984.0
Texas,2015-06-01,1550472.0,3710572.0
Texas,2015-07-01,1558674.0,3731919.0
Texas,2015-08-01,1561516.0,3742946.0
Texas,2015-09-01,1571497.0,3754421.0
Texas,2015-10-01,1584445.0,3777317.0
Texas,2015-11-01,1578585.0,3755821.0
Texas,2015-12-01,1578024.0,3749749.0
Texas,2016-01-01,1573128.0,3734096.0
Texas,2016-02-01,1571718.0,3726204.0
Texas,2016-03-01,1569632.0,3716248.0
Texas,2016-04-01,1563303.0,3703772.0
Texas,2016-05-01,1589344.0,3765445.0
Texas,2016-06-01,1599389.0,3791472.0
Texas,2016-07-01,1600474.0,3796484.0
Texas,2016-08-01,1619472.0,3840366.0
Texas,2016-09-01,1629883.0,3864686.0
Texas,2016-10-01,1642153.0,3891234.0
Texas,2016-11-01,1639095.0,3882738.0
Texas,2016-12-01,1626854.0,3849095.0
Texas,2017-01-01,1621380.0,3826344.0
Texas,2017-02-01,1590475.0,3755726.0
Texas,2017-03-01,1598275.0,3769743.0
Texas,2017-04-01,1583814.0,3735048.0
Texas,2017-05-01,1588555.0,3746646.0
Texas,2017-06-01,1587363.0,3744463.0
Texas,2017-07-01,1593222.0,3756058.0
Texas,2017-08-01,1602741.0,3786510.0
Texas,2017-09-01,2080583.0,5311725.0
Texas,2017-10-01,2274700.0,5985046.0
Texas,2017-11-01,1663092.0,3919597.0
Texas,2017-12-01,1632201.0,3845396.0
Texas,2018-01-01,1627342.0,3823986.0
Texas,2018-02-01,1590116.0,3738628.0
Texas,2018-03-01,1580649.0,3710811.0
Texas,2018-04-01,1555982.0,3650170.0
Texas,2018-05-01,1537717.0,3610348.0
Texas,2018-06-01,1541976.0,3619343.0
Texas,2018-07-01,1543618.0,3616565.0
Texas,2018-08-01,1545637.0,3620064.0
Texas,2018-09-01,1539597.0,3602528.0
Texas,2018-10-01,1544007.0,3610340.0
Texas,2018-11-01,1515143.0,3544393.0
Texas,2018-12-01,1495103.0,3496398.0
Texas,2019-01-01,1522293.0,3544410.0
Texas,2019-02-01,248741.0,667967.0
Texas,2019-03-01,1438380.0,3342252.0
Texas,2019-04-01,1430437.0,3322131.0
Texas,2019-05-01,1415354.0,3291843.0
Texas,2019-06-01,1434522.0,3339430.0
Texas,2019-07-01,1445259.0,3364115.0
Texas,2019-08-01,1449989.0,3376727.0
Texas,2019-09-01,1439988.0,3346851.0
Texas,2019-10-01,1441529.0,3348300.0
Texas,2019-11-01,1413350.0,3280049.0
Texas,2019-12-01,1400723.0,3247148.0
Texas,2020-01-01,1399712.0,3231991.0
Texas,2020-02-01,1368578.0,3162216.0
Texas,2020-03-01,1392726.0,3214013.0
Texas,2020-04-01,1598974.0,3632605.0
Texas,2020-05-01,1709570.0,3877726.0
Texas,2020-06-01,1713806.0,3884584.0
Texas,2020-07-01,1716800.0,3870588.0
Texas,2020-08-01,1729330.0,3900408.0
Texas,2020-09-01,1756259.0,3962503.0
Texas,2020-10-01,1661629.0,3747996.0
Texas,2020-11-01,1618371.0,3674212.0
Texas,2020-12-01,1604174.0,3644422.0
Texas,2021-01-01,1542546.0,3514348.0
Texas,2021-02-01,1491458.0,3396209.0
Texas,2021-03-01,1487039.0,3392447.0
Texas,2021-04-01,1536318.0,3499514.0
Texas,2021-05-01,1521757.0,3436958.0
Texas,2021-06-01,1417220.0,3159949.0
Texas,2021-07-01,1415425.0,3136496.0
Texas,2021-08-01,1422906.0,3153203.0
Texas,2021-09-01,1418110.0,3144868.0
Texas,2021-10-01,1502532.0,3382376.0
Texas,2021-11-01,1537382.0,3482631.0
Texas,2021-12-01,1555776.0,3532220.0
Texas,2022-01-01,1581059.0,3599788.0
Texas,2022-02-01,1537036.0,3493004.0
Texas,2022-03-01,1532754.0,3483575.0
Texas,2022-04-01,1527552.0,3472171.0
Texas,2022-05-01,1485192.0,3369419.0
Texas,2022-06-01,1436589.0,3253888.0
Texas,2022-07-01,1445079.0,3249595.0
Texas,2022-08-01,1532550.0,3453436.0
Texas,2022-09-01,1560850.0,3516606.0
Texas,2022-10-01,1585294.0,3577166.0
Texas,2022-11-01,1608177.0,3626359.0
Texas,2022-12-01,1628264.0,3658390.0
Texas,2023-01-01,1622946.0,3637944.0
Texas,2023-02-01,1580772.0,3505617.0
Texas,2023-03-01,1536758.0,3377563.0
Texas,2023-04-01,1518696.0,3343815.0
Texas,2023-05-01,1499436.0,3291584.0
Texas,2023-06-01,1481741.0,3241755.0
Texas,2023-07-01,1355604.0,2988630.0
Texas,2023-08-01,1498776.0,3283526.0
Texas,2023-09-01,1471572.0,3220508.0
Texas,2023-10-01,1476126.0,3237133.0
Texas,2023-11-01,1455579.0,3196449.0
Texas,2023-12-01,1432148.0,3146168.0
Texas,2024-01-01,1419074.0,3093243.0
Texas,2024-02-01,1410835.0,3066413.0
Texas,2024-03-01,1431648.0,3103359.0
Texas,2024-04-01,1463638.0,3158658.0
Texas,2024-05-01,1454413.0,3146408.0
Texas,2024-06-01,1469142.0,3188472.0
Texas,2024-07-01,1500449.0,3260479.0
Texas,2024-08-01,1518791.0,3313274.0
Texas,2024-09-01,0.0,0.0
Utah,1988-10-01,32153.0,90452.0
Utah,1988-11-01,32720.0,91497.0
Utah,1988-12-01,32574.0,91555.0
Utah,1989-01-01,34651.0,97469.0
Utah,1989-02-01,34668.0,97037.0
Utah,1989-03-01,35096.0,98885.0
Utah,1989-04-01,34834.0,98355.0
Utah,1989-05-01,34725.0,97340.0
Utah,1989-06-01,34235.0,95648.0
Utah,1989-07-01,33881.0,94381.0
Utah,1989-08-01,33861.0,93793.0
Utah,1989-09-01,33758.0,93572.0
Utah,1989-10-01,34248.0,94654.0
Utah,1989-11-01,34257.0,94782.0
Utah,1989-12-01,34727.0,96555.0
Utah,1990-01-01,35959.0,100150.0
Utah,1990-02-01,35508.0,98663.0
Utah,1990-03-01,36842.0,102661.0
Utah,1990-04-01,36868.0,102847.0
Utah,1990-05-01,36576.0,101356.0
Utah,1990-06-01,36281.0,100540.0
Utah,1990-07-01,36358.0,100434.0
Utah,1990-08-01,36401.0,100164.0
Utah,1990-09-01,36423.0,100730.0
Utah,1990-10-01,37228.0,101682.0
Utah,1990-11-01,37547.0,103837.0
Utah,1990-12-01,38132.0,105713.0
Utah,1991-01-01,38927.0,107890.0
Utah,1991-02-01,39417.0,110222.0
Utah,1991-03-01,40154.0,112207.0
Utah,1991-04-01,40715.0,113603.0
Utah,1991-05-01,40613.0,112564.0
Utah,1991-06-01,40276.0,111787.0
Utah,1991-07-01,40469.0,111457.0
Utah,1991-08-01,40985.0,113070.0
Utah,1991-09-01,41536.0,114944.0
Utah,1991-10-01,42177.0,115876.0
Utah,1991-11-01,42647.0,117925.0
Utah,1991-12-01,43515.0,120822.0
Utah,1992-01-01,44021.0,121536.0
Utah,1992-02-01,44792.0,124675.0
Utah,1992-03-01,45435.0,126563.0
Utah,1992-04-01,45419.0,126820.0
Utah,1992-05-01,44892.0,125477.0
Utah,1992-06-01,45064.0,125333.0
Utah,1992-07-01,44784.0,124106.0
Utah,1992-08-01,44330.0,122958.0
Utah,1992-09-01,45473.0,126284.0
Utah,1992-10-01,46124.0,128282.0
Utah,1992-11-01,46667.0,129840.0
Utah,1992-12-01,47501.0,132710.0
Utah,1993-01-01,47538.0,133258.0
Utah,1993-02-01,47752.0,133760.0
Utah,1993-03-01,48646.0,136276.0
Utah,1993-04-01,48446.0,135913.0
Utah,1993-05-01,47708.0,133686.0
Utah,1993-06-01,47471.0,132450.0
Utah,1993-07-01,47250.0,131706.0
Utah,1993-08-01,47172.0,131340.0
Utah,1993-09-01,47191.0,131197.0
Utah,1993-10-01,46548.0,129129.0
Utah,1993-11-01,46679.0,129177.0
Utah,1993-12-01,46821.0,129692.0
Utah,1994-01-01,47061.0,130195.0
Utah,1994-02-01,46859.0,129818.0
Utah,1994-03-01,47459.0,131124.0
Utah,1994-04-01,46620.0,128631.0
Utah,1994-05-01,46341.0,127684.0
Utah,1994-06-01,45943.0,126139.0
Utah,1994-07-01,45147.0,124068.0
Utah,1994-08-01,45441.0,123965.0
Utah,1994-09-01,45406.0,123626.0
Utah,1994-10-01,44955.0,121608.0
Utah,1994-11-01,45316.0,122417.0
Utah,1994-12-01,45267.0,122559.0
Utah,1995-01-01,45309.0,122572.0
Utah,1995-02-01,45033.0,121732.0
Utah,1995-03-01,45672.0,122769.0
Utah,1995-04-01,44292.0,119133.0
Utah,1995-05-01,43879.0,117757.0
Utah,1995-06-01,43403.0,116106.0
Utah,1995-07-01,42545.0,113416.0
Utah,1995-08-01,43080.0,114121.0
Utah,1995-09-01,42314.0,111836.0
Utah,1995-10-01,42213.0,111333.0
Utah,1995-11-01,42198.0,111265.0
Utah,1995-12-01,41761.0,110062.0
Utah,1996-01-01,42092.0,110836.0
Utah,1996-02-01,42241.0,111184.0
Utah,1996-03-01,42502.0,112895.0
Utah,1996-04-01,42325.0,111577.0
Utah,1996-05-01,42128.0,110857.0
Utah,1996-06-01,41702.0,109392.0
Utah,1996-07-01,40851.0,109271.0
Utah,1996-08-01,41101.0,107242.0
Utah,1996-09-01,39935.0,104216.0
Utah,1996-10-01,39696.0,103437.0
Utah,1996-11-01,39297.0,102451.0
Utah,1996-12-01,39107.0,102517.0
Utah,1997-01-01,38873.0,101750.0
Utah,1997-02-01,38221.0,100138.0
Utah,1997-03-01,38173.0,100100.0
Utah,1997-04-01,38991.0,97331.0
Utah,1997-05-01,36617.0,96608.0
Utah,1997-06-01,35705.0,94155.0
Utah,1997-07-01,35494.0,93796.0
Utah,1997-08-01,35263.0,93227.0
Utah,1997-09-01,36065.0,94549.0
Utah,1997-10-01,35034.0,92254.0
Utah,1997-11-01,34743.0,91104.0
Utah,1997-12-01,35259.0,92533.0
Utah,1998-01-01,35730.0,93733.0
Utah,1998-02-01,35245.0,92319.0
Utah,1998-03-01,35637.0,93186.0
Utah,1998-04-01,35562.0,93140.0
Utah,1998-05-01,35515.0,92816.0
Utah,1998-06-01,35042.0,91373.0
Utah,1998-07-01,34858.0,90618.0
Utah,1998-08-01,34338.0,88982.0
Utah,1998-09-01,34527.0,89113.0
Utah,1998-10-01,34786.0,89245.0
Utah,1998-11-01,40455.0,88529.0
Utah,1998-12-01,35198.0,90222.0
Utah,1999-01-01,35155.0,89932.0
Utah,1999-02-01,36165.0,89900.0
Utah,1999-03-01,35544.0,90496.0
Utah,1999-04-01,35292.0,89689.0
Utah,1999-05-01,34443.0,87544.0
Utah,1999-06-01,34444.0,87231.0
Utah,1999-07-01,34011.0,85890.0
Utah,1999-08-01,33729.0,85322.0
Utah,1999-09-01,33265.0,83995.0
Utah,1999-10-01,33141.0,83549.0
Utah,1999-11-01,31116.0,79745.0
Utah,1999-12-01,33847.0,83930.0
Utah,2000-01-01,33173.0,83532.0
Utah,2000-02-01,33438.0,84393.0
Utah,2000-03-01,33109.0,83152.0
Utah,2000-04-01,32518.0,82220.0
Utah,2000-05-01,32481.0,81414.0
Utah,2000-06-01,32558.0,81316.0
Utah,2000-07-01,31718.0,79159.0
Utah,2000-08-01,32235.0,80466.0
Utah,2000-09-01,32058.0,80122.0
Utah,2000-10-01,31939.0,79737.0
Utah,2000-11-01,32038.0,80073.0
Utah,2000-12-01,31827.0,79250.0
Utah,2001-01-01,34320.0,83350.0
Utah,2001-02-01,33854.0,82138.0
Utah,2001-03-01,32886.0,79131.0
Utah,2001-04-01,32828.0,79071.0
Utah,2001-05-01,31960.0,77270.0
Utah,2001-06-01,32173.0,77769.0
Utah,2001-07-01,31954.0,77598.0
Utah,2001-08-01,33264.0,81049.0
Utah,2001-09-01,32721.0,80159.0
Utah,2001-10-01,34063.0,83038.0
Utah,2001-11-01,34263.0,83933.0
Utah,2001-12-01,35073.0,86711.0
Utah,2002-01-01,36210.0,89731.0
Utah,2002-02-01,36385.0,90838.0
Utah,2002-03-01,36812.0,91990.0
Utah,2002-04-01,36797.0,92404.0
Utah,2002-05-01,36548.0,91853.0
Utah,2002-06-01,36259.0,91384.0
Utah,2002-07-01,34443.0,86354.0
Utah,2002-08-01,37513.0,94798.0
Utah,2002-09-01,37693.0,95749.0
Utah,2002-10-01,38656.0,98227.0
Utah,2002-11-01,39176.0,100263.0
Utah,2002-12-01,39539.0,101407.0
Utah,2003-01-01,39868.0,101471.0
Utah,2003-02-01,40073.0,102431.0
Utah,2003-03-01,41189.0,105192.0
Utah,2003-04-01,41661.0,106510.0
Utah,2003-05-01,42293.0,108080.0
Utah,2003-06-01,42215.0,108281.0
Utah,2003-07-01,42801.0,109740.0
Utah,2003-08-01,43557.0,111815.0
Utah,2003-09-01,44354.0,114148.0
Utah,2003-10-01,45442.0,116290.0
Utah,2003-11-01,45748.0,117456.0
Utah,2003-12-01,46622.0,119272.0
Utah,2004-01-01,47968.0,122541.0
Utah,2004-02-01,48094.0,122732.0
Utah,2004-03-01,49429.0,125985.0
Utah,2004-04-01,49574.0,126362.0
Utah,2004-05-01,49018.0,125260.0
Utah,2004-06-01,49269.0,125532.0
Utah,2004-07-01,49411.0,125708.0
Utah,2004-08-01,49785.0,126522.0
Utah,2004-09-01,50029.0,127273.0
Utah,2004-10-01,50681.0,128628.0
Utah,2004-11-01,51536.0,130433.0
Utah,2004-12-01,52298.0,132152.0
Utah,2005-01-01,52851.0,132765.0
Utah,2005-02-01,52555.0,132001.0
Utah,2005-03-01,53855.0,134723.0
Utah,2005-04-01,53733.0,134549.0
Utah,2005-05-01,53802.0,134586.0
Utah,2005-06-01,54043.0,135237.0
Utah,2005-07-01,53870.0,134332.0
Utah,2005-08-01,54224.0,134916.0
Utah,2005-09-01,54490.0,134828.0
Utah,2005-10-01,54118.0,133959.0
Utah,2005-11-01,54481.0,134714.0
Utah,2005-12-01,54546.0,134640.0
Utah,2006-01-01,54733.0,134530.0
Utah,2006-02-01,54241.0,133479.0
Utah,2006-03-01,55533.0,135487.0
Utah,2006-04-01,54367.0,132534.0
Utah,2006-05-01,54458.0,132206.0
Utah,2006-06-01,53777.0,130113.0
Utah,2006-07-01,52725.0,127041.0
Utah,2006-08-01,52776.0,127127.0
Utah,2006-09-01,51846.0,125208.0
Utah,2006-10-01,52083.0,125734.0
Utah,2006-11-01,51727.0,115428.0
Utah,2006-12-01,51782.0,126277.0
Utah,2007-01-01,52541.0,128278.0
Utah,2007-02-01,50916.0,125061.0
Utah,2007-03-01,51227.0,125530.0
Utah,2007-04-01,50057.0,122640.0
Utah,2007-05-01,49892.0,122473.0
Utah,2007-06-01,49893.0,122559.0
Utah,2007-07-01,49544.0,121907.0
Utah,2007-08-01,50074.0,123438.0
Utah,2007-09-01,49671.0,122379.0
Utah,2007-10-01,50415.0,124276.0
Utah,2007-11-01,51028.0,126188.0
Utah,2007-12-01,51399.0,127621.0
Utah,2008-01-01,52750.0,130765.0
Utah,2008-02-01,52669.0,130942.0
Utah,2008-03-01,52809.0,133336.0
Utah,2008-04-01,52782.0,133033.0
Utah,2008-05-01,54862.0,136972.0
Utah,2008-06-01,54987.0,137483.0
Utah,2008-07-01,55891.0,139805.0
Utah,2008-08-01,56921.0,143382.0
Utah,2008-09-01,58072.0,146359.0
Utah,2008-10-01,60871.0,153727.0
Utah,2008-11-01,62279.0,157192.0
Utah,2008-12-01,65452.0,165605.0
Utah,2009-01-01,67174.0,169708.0
Utah,2009-02-01,67595.0,173916.0
Utah,2009-03-01,72376.0,182780.0
Utah,2009-04-01,76486.0,193588.0
Utah,2009-05-01,77823.0,194988.0
Utah,2009-06-01,80692.0,201121.0
Utah,2009-07-01,82556.0,205249.0
Utah,2009-08-01,84728.0,211153.0
Utah,2009-09-01,86442.0,214356.0
Utah,2009-10-01,88616.0,220130.0
Utah,2009-11-01,87071.0,214761.0
Utah,2009-12-01,87858.0,216119.0
Utah,2010-01-01,93541.0,232939.0
Utah,2010-02-01,98675.0,247325.0
Utah,2010-03-01,102018.0,255120.0
Utah,2010-04-01,103755.0,260723.0
Utah,2010-05-01,104075.0,260660.0
Utah,2010-06-01,107318.0,268573.0
Utah,2010-07-01,104701.0,262628.0
Utah,2010-08-01,104662.0,260065.0
Utah,2010-09-01,103364.0,269819.0
Utah,2010-10-01,104214.0,271868.0
Utah,2010-11-01,104448.0,268216.0
Utah,2010-12-01,108631.0,288540.0
Utah,2011-01-01,109877.0,300729.0
Utah,2011-02-01,109287.0,283313.0
Utah,2011-03-01,116604.0,291056.0
Utah,2011-04-01,114021.0,283704.0
Utah,2011-05-01,113969.0,282745.0
Utah,2011-06-01,114696.0,284001.0
Utah,2011-07-01,113215.0,279293.0
Utah,2011-08-01,116647.0,287635.0
Utah,2011-09-01,115979.0,286549.0
Utah,2011-10-01,116318.0,285695.0
Utah,2011-11-01,115386.0,283184.0
Utah,2011-12-01,116504.0,285824.0
Utah,2012-01-01,116914.0,285527.0
Utah,2012-02-01,117110.0,287651.0
Utah,2012-03-01,117272.0,285742.0
Utah,2012-04-01,115217.0,280865.0
Utah,2012-05-01,114431.0,279523.0
Utah,2012-06-01,112716.0,275698.0
Utah,2012-07-01,105884.0,257736.0
Utah,2012-08-01,105918.0,258520.0
Utah,2012-09-01,105375.0,256715.0
Utah,2012-10-01,105722.0,257744.0
Utah,2012-11-01,106009.0,258722.0
Utah,2012-12-01,105586.0,258188.0
Utah,2013-01-01,106490.0,261426.0
Utah,2013-02-01,104300.0,258560.0
Utah,2013-03-01,103263.0,257781.0
Utah,2013-04-01,100880.0,252378.0
Utah,2013-05-01,99006.0,248821.0
Utah,2013-06-01,96976.0,244726.0
Utah,2013-07-01,95404.0,241380.0
Utah,2013-08-01,95194.0,241892.0
Utah,2013-09-01,93497.0,237894.0
Utah,2013-10-01,92718.0,236449.0
Utah,2013-11-01,91147.0,233041.0
Utah,2013-12-01,90170.0,230329.0
Utah,2014-01-01,89827.0,228503.0
Utah,2014-02-01,90369.0,230108.0
Utah,2014-03-01,91387.0,231684.0
Utah,2014-04-01,91001.0,230361.0
Utah,2014-05-01,90912.0,229970.0
Utah,2014-06-01,89892.0,227179.0
Utah,2014-07-01,89437.0,225880.0
Utah,2014-08-01,90150.0,228203.0
Utah,2014-09-01,89831.0,227229.0
Utah,2014-10-01,89148.0,226927.0
Utah,2014-11-01,88357.0,225352.0
Utah,2014-12-01,88390.0,225817.0
Utah,2015-01-01,89118.0,227251.0
Utah,2015-02-01,88713.0,226479.0
Utah,2015-03-01,89443.0,228396.0
Utah,2015-04-01,88875.0,227497.0
Utah,2015-05-01,88397.0,226945.0
Utah,2015-06-01,87650.0,224862.0
Utah,2015-07-01,86896.0,223055.0
Utah,2015-08-01,86535.0,222482.0
Utah,2015-09-01,86403.0,222170.0
Utah,2015-10-01,86684.0,222981.0
Utah,2015-11-01,85665.0,220017.0
Utah,2015-12-01,86140.0,221282.0
Utah,2016-01-01,86478.0,221443.0
Utah,2016-02-01,86664.0,221704.0
Utah,2016-03-01,87482.0,223053.0
Utah,2016-04-01,87155.0,221948.0
Utah,2016-05-01,86641.0,220408.0
Utah,2016-06-01,86161.0,218587.0
Utah,2016-07-01,85512.0,216446.0
Utah,2016-08-01,85275.0,215461.0
Utah,2016-09-01,85075.0,214505.0
Utah,2016-10-01,84600.0,212903.0
Utah,2016-11-01,84172.0,211215.0
Utah,2016-12-01,84631.0,211946.0
Utah,2017-01-01,84101.0,210310.0
Utah,2017-02-01,83681.0,209053.0
Utah,2017-03-01,84307.0,209947.0
Utah,2017-04-01,82922.0,206621.0
Utah,2017-05-01,81895.0,203397.0
Utah,2017-06-01,81525.0,202591.0
Utah,2017-07-01,80275.0,199143.0
Utah,2017-08-01,80840.0,199956.0
Utah,2017-09-01,80316.0,198502.0
Utah,2017-10-01,80060.0,196886.0
Utah,2017-11-01,79463.0,194842.0
Utah,2017-12-01,79380.0,194587.0
Utah,2018-01-01,79269.0,193618.0
Utah,2018-02-01,78289.0,190932.0
Utah,2018-03-01,79197.0,192348.0
Utah,2018-04-01,77727.0,188587.0
Utah,2018-05-01,77295.0,186938.0
Utah,2018-06-01,76909.0,185816.0
Utah,2018-07-01,75375.0,181859.0
Utah,2018-08-01,75695.0,182667.0
Utah,2018-09-01,74882.0,180032.0
Utah,2018-10-01,74606.0,178812.0
Utah,2018-11-01,73999.0,177209.0
Utah,2018-12-01,72886.0,174187.0
Utah,2019-01-01,73644.0,175327.0
Utah,2019-02-01,13928.0,37924.0
Utah,2019-03-01,72835.0,172787.0
Utah,2019-04-01,72173.0,170989.0
Utah,2019-05-01,72426.0,170880.0
Utah,2019-06-01,72013.0,169541.0
Utah,2019-07-01,71836.0,168361.0
Utah,2019-08-01,72372.0,168772.0
Utah,2019-09-01,70918.0,165162.0
Utah,2019-10-01,71282.0,165374.0
Utah,2019-11-01,70868.0,164587.0
Utah,2019-12-01,70625.0,163533.0
Utah,2020-01-01,71095.0,163926.0
Utah,2020-02-01,71395.0,164518.0
Utah,2020-03-01,71475.0,163895.0
Utah,2020-04-01,75434.0,172489.0
Utah,2020-05-01,71857.0,162295.0
Utah,2020-06-01,69837.0,156331.0
Utah,2020-07-01,68787.0,153492.0
Utah,2020-08-01,76778.0,176700.0
Utah,2020-09-01,71189.0,161348.0
Utah,2020-10-01,72507.0,165353.0
Utah,2020-11-01,72921.0,166030.0
Utah,2020-12-01,74013.0,167695.0
Utah,2021-01-01,75114.0,168705.0
Utah,2021-02-01,72770.0,163367.0
Utah,2021-03-01,73281.0,163823.0
Utah,2021-04-01,73433.0,163361.0
Utah,2021-05-01,72097.0,160205.0
Utah,2021-06-01,71497.0,158535.0
Utah,2021-07-01,71816.0,158419.0
Utah,2021-08-01,76497.0,157110.0
Utah,2021-09-01,72673.0,163514.0
Utah,2021-10-01,78135.0,157816.0
Utah,2021-11-01,73940.0,155719.0
Utah,2021-12-01,75930.0,157493.0
Utah,2022-01-01,63570.0,156330.0
Utah,2022-02-01,85146.0,158491.0
Utah,2022-03-01,74545.0,157443.0
Utah,2022-04-01,76262.0,155707.0
Utah,2022-05-01,74734.0,155168.0
Utah,2022-06-01,73389.0,155384.0
Utah,2022-07-01,76961.0,155495.0
Utah,2022-08-01,75286.0,155974.0
Utah,2022-09-01,74269.0,154467.0
Utah,2022-10-01,78268.0,154469.0
Utah,2022-11-01,76220.0,157079.0
Utah,2022-12-01,79433.0,159045.0
Utah,2023-01-01,77374.0,158864.0
Utah,2023-02-01,77057.0,158237.0
Utah,2023-03-01,80129.0,160488.0
Utah,2023-04-01,81219.0,158294.0
Utah,2023-05-01,78559.0,158599.0
Utah,2023-06-01,79489.0,158690.0
Utah,2023-07-01,79330.0,157918.0
Utah,2023-08-01,80982.0,160124.0
Utah,2023-09-01,80362.0,159488.0
Utah,2023-10-01,83255.0,161705.0
Utah,2023-11-01,81803.0,162389.0
Utah,2023-12-01,82729.0,164522.0
Utah,2024-01-01,84021.0,166526.0
Utah,2024-02-01,80425.0,167803.0
Utah,2024-03-01,86184.0,170844.0
Utah,2024-04-01,86099.0,171151.0
Utah,2024-05-01,87059.0,173215.0
Utah,2024-06-01,86820.0,172812.0
Utah,2024-07-01,87034.0,172409.0
Utah,2024-08-01,87971.0,174380.0
Utah,2024-09-01,0.0,0.0
Vermont,1988-10-01,14317.0,31736.0
Vermont,1988-11-01,14807.0,33185.0
Vermont,1988-12-01,15201.0,34182.0
Vermont,1989-01-01,15113.0,33746.0
Vermont,1989-02-01,15594.0,35413.0
Vermont,1989-03-01,15730.0,35552.0
Vermont,1989-04-01,15425.0,34624.0
Vermont,1989-05-01,15529.0,35140.0
Vermont,1989-06-01,15273.0,34222.0
Vermont,1989-07-01,15040.0,33171.0
Vermont,1989-08-01,15321.0,34092.0
Vermont,1989-09-01,15177.0,33640.0
Vermont,1989-10-01,15474.0,33781.0
Vermont,1989-11-01,15964.0,35747.0
Vermont,1989-12-01,16412.0,36989.0
Vermont,1990-01-01,16850.0,38134.0
Vermont,1990-02-01,17130.0,39072.0
Vermont,1990-03-01,17574.0,40354.0
Vermont,1990-04-01,17307.0,39367.0
Vermont,1990-05-01,17602.0,40391.0
Vermont,1990-06-01,17156.0,38905.0
Vermont,1990-07-01,17171.0,38853.0
Vermont,1990-08-01,17502.0,39653.0
Vermont,1990-09-01,17503.0,39350.0
Vermont,1990-10-01,18081.0,41327.0
Vermont,1990-11-01,18774.0,42899.0
Vermont,1990-12-01,19333.0,44173.0
Vermont,1991-01-01,20462.0,47312.0
Vermont,1991-02-01,20813.0,48171.0
Vermont,1991-03-01,21491.0,50187.0
Vermont,1991-04-01,21547.0,50156.0
Vermont,1991-05-01,21480.0,49247.0
Vermont,1991-06-01,20932.0,47966.0
Vermont,1991-07-01,21936.0,50009.0
Vermont,1991-08-01,21948.0,50055.0
Vermont,1991-09-01,21516.0,48876.0
Vermont,1991-10-01,22284.0,50847.0
Vermont,1991-11-01,22266.0,50870.0
Vermont,1991-12-01,22684.0,51561.0
Vermont,1992-01-01,23046.0,53150.0
Vermont,1992-02-01,23585.0,54993.0
Vermont,1992-03-01,23569.0,54261.0
Vermont,1992-04-01,23917.0,55748.0
Vermont,1992-05-01,24158.0,56218.0
Vermont,1992-06-01,23781.0,54967.0
Vermont,1992-07-01,23588.0,53861.0
Vermont,1992-08-01,23437.0,53626.0
Vermont,1992-09-01,23160.0,52258.0
Vermont,1992-10-01,25592.0,58993.0
Vermont,1992-11-01,23913.0,54462.0
Vermont,1992-12-01,25576.0,58800.0
Vermont,1993-01-01,24724.0,56672.0
Vermont,1993-02-01,25941.0,59714.0
Vermont,1993-03-01,26299.0,60632.0
Vermont,1993-04-01,25947.0,59475.0
Vermont,1993-05-01,25490.0,58395.0
Vermont,1993-06-01,25517.0,58420.0
Vermont,1993-07-01,25043.0,57127.0
Vermont,1993-08-01,24562.0,55653.0
Vermont,1993-09-01,25173.0,57168.0
Vermont,1993-10-01,25357.0,57628.0
Vermont,1993-11-01,25764.0,58731.0
Vermont,1993-12-01,32387.0,71681.0
Vermont,1994-01-01,35976.0,75580.0
Vermont,1994-02-01,27090.0,64121.0
Vermont,1994-03-01,28341.0,65475.0
Vermont,1994-04-01,27951.0,62789.0
Vermont,1994-05-01,27855.0,62799.0
Vermont,1994-06-01,28227.0,64894.0
Vermont,1994-07-01,27947.0,64204.0
Vermont,1994-08-01,27705.0,62927.0
Vermont,1994-09-01,27964.0,63851.0
Vermont,1994-10-01,27987.0,63742.0
Vermont,1994-11-01,27992.0,63019.0
Vermont,1994-12-01,26629.0,59013.0
Vermont,1995-01-01,26473.0,59241.0
Vermont,1995-02-01,26364.0,59110.0
Vermont,1995-03-01,26566.0,59313.0
Vermont,1995-04-01,27009.0,59684.0
Vermont,1995-05-01,26834.0,58886.0
Vermont,1995-06-01,26419.0,58136.0
Vermont,1995-07-01,26164.0,57567.0
Vermont,1995-08-01,26072.0,57101.0
Vermont,1995-09-01,26034.0,56695.0
Vermont,1995-10-01,25932.0,56538.0
Vermont,1995-11-01,25952.0,56360.0
Vermont,1995-12-01,25898.0,56481.0
Vermont,1996-01-01,26596.0,58128.0
Vermont,1996-02-01,26552.0,58154.0
Vermont,1996-03-01,26424.0,57799.0
Vermont,1996-04-01,26553.0,57710.0
Vermont,1996-05-01,26269.0,56836.0
Vermont,1996-06-01,25871.0,55806.0
Vermont,1996-07-01,25648.0,55151.0
Vermont,1996-08-01,25287.0,54149.0
Vermont,1996-09-01,25424.0,54400.0
Vermont,1996-10-01,25370.0,54286.0
Vermont,1996-11-01,25401.0,54130.0
Vermont,1996-12-01,25255.0,53944.0
Vermont,1997-01-01,25400.0,54549.0
Vermont,1997-02-01,25509.0,54478.0
Vermont,1997-03-01,25108.0,54000.0
Vermont,1997-04-01,25065.0,53800.0
Vermont,1997-05-01,24707.0,53150.0
Vermont,1997-06-01,24365.0,52146.0
Vermont,1997-07-01,23923.0,51218.0
Vermont,1997-08-01,23710.0,50586.0
Vermont,1997-09-01,23135.0,49772.0
Vermont,1997-10-01,22975.0,49458.0
Vermont,1997-11-01,23037.0,49229.0
Vermont,1997-12-01,23136.0,49618.0
Vermont,1998-01-01,23153.0,49896.0
Vermont,1998-02-01,23146.0,50034.0
Vermont,1998-03-01,23234.0,50021.0
Vermont,1998-04-01,22982.0,49499.0
Vermont,1998-05-01,22195.0,48067.0
Vermont,1998-06-01,19430.0,40733.0
Vermont,1998-07-01,21753.0,46837.0
Vermont,1998-08-01,14683.0,28072.0
Vermont,1998-09-01,18025.0,36956.0
Vermont,1998-10-01,21046.0,44946.0
Vermont,1998-11-01,21045.0,44979.0
Vermont,1998-12-01,21041.0,44953.0
Vermont,1999-01-01,21157.0,45272.0
Vermont,1999-02-01,21168.0,45227.0
Vermont,1999-03-01,21080.0,44912.0
Vermont,1999-04-01,20936.0,44526.0
Vermont,1999-05-01,20690.0,43802.0
Vermont,1999-06-01,20594.0,43540.0
Vermont,1999-07-01,20584.0,43524.0
Vermont,1999-08-01,20182.0,42586.0
Vermont,1999-09-01,20392.0,43172.0
Vermont,1999-10-01,19982.0,41779.0
Vermont,1999-11-01,19970.0,41768.0
Vermont,1999-12-01,19956.0,41719.0
Vermont,2000-01-01,19990.0,41781.0
Vermont,2000-02-01,19990.0,41781.0
Vermont,2000-03-01,19981.0,41644.0
Vermont,2000-04-01,19770.0,41227.0
Vermont,2000-05-01,19506.0,40489.0
Vermont,2000-06-01,19258.0,39697.0
Vermont,2000-07-01,19157.0,39474.0
Vermont,2000-08-01,19137.0,39443.0
Vermont,2000-09-01,19094.0,39169.0
Vermont,2000-10-01,18913.0,38558.0
Vermont,2000-11-01,19034.0,38833.0
Vermont,2000-12-01,18964.0,38741.0
Vermont,2001-01-01,19117.0,39142.0
Vermont,2001-02-01,19283.0,39485.0
Vermont,2001-03-01,19309.0,39373.0
Vermont,2001-04-01,19284.0,39285.0
Vermont,2001-05-01,19154.0,38843.0
Vermont,2001-06-01,18965.0,38496.0
Vermont,2001-07-01,19012.0,38591.0
Vermont,2001-08-01,19087.0,38688.0
Vermont,2001-09-01,18962.0,38451.0
Vermont,2001-10-01,19246.0,38882.0
Vermont,2001-11-01,19409.0,39098.0
Vermont,2001-12-01,19593.0,39414.0
Vermont,2002-01-01,19899.0,40254.0
Vermont,2002-02-01,20048.0,40445.0
Vermont,2002-03-01,20100.0,40507.0
Vermont,2002-04-01,20072.0,41273.0
Vermont,2002-05-01,20053.0,40309.0
Vermont,2002-06-01,19785.0,39676.0
Vermont,2002-07-01,19768.0,39636.0
Vermont,2002-08-01,19976.0,39930.0
Vermont,2002-09-01,19764.0,39546.0
Vermont,2002-10-01,19866.0,39701.0
Vermont,2002-11-01,20040.0,40347.0
Vermont,2002-12-01,20130.0,40634.0
Vermont,2003-01-01,20555.0,41660.0
Vermont,2003-02-01,20744.0,41919.0
Vermont,2003-03-01,20803.0,42071.0
Vermont,2003-04-01,20872.0,42287.0
Vermont,2003-05-01,20791.0,41947.0
Vermont,2003-06-01,20566.0,41406.0
Vermont,2003-07-01,20673.0,41459.0
Vermont,2003-08-01,20523.0,41161.0
Vermont,2003-09-01,20670.0,41401.0
Vermont,2003-10-01,20897.0,41789.0
Vermont,2003-11-01,20835.0,41514.0
Vermont,2003-12-01,20837.0,41475.0
Vermont,2004-01-01,21281.0,42459.0
Vermont,2004-02-01,21460.0,42683.0
Vermont,2004-03-01,21564.0,42881.0
Vermont,2004-04-01,21745.0,43579.0
Vermont,2004-05-01,21571.0,43263.0
Vermont,2004-06-01,21420.0,43129.0
Vermont,2004-07-01,21645.0,43735.0
Vermont,2004-08-01,21677.0,43761.0
Vermont,2004-09-01,21779.0,44073.0
Vermont,2004-10-01,21838.0,43994.0
Vermont,2004-11-01,21985.0,44533.0
Vermont,2004-12-01,22156.0,45032.0
Vermont,2005-01-01,22331.0,45340.0
Vermont,2005-02-01,22401.0,45392.0
Vermont,2005-03-01,22455.0,45546.0
Vermont,2005-04-01,22576.0,45770.0
Vermont,2005-05-01,22371.0,45041.0
Vermont,2005-06-01,22387.0,45275.0
Vermont,2005-07-01,22452.0,45295.0
Vermont,2005-08-01,22542.0,45470.0
Vermont,2005-09-01,22770.0,45929.0
Vermont,2005-10-01,22864.0,46001.0
Vermont,2005-11-01,23124.0,46424.0
Vermont,2005-12-01,23195.0,46681.0
Vermont,2006-01-01,23335.0,46948.0
Vermont,2006-02-01,23520.0,47277.0
Vermont,2006-03-01,23688.0,47669.0
Vermont,2006-04-01,23570.0,47291.0
Vermont,2006-05-01,23565.0,47197.0
Vermont,2006-06-01,23598.0,47359.0
Vermont,2006-07-01,23695.0,47537.0
Vermont,2006-08-01,25060.0,50765.0
Vermont,2006-09-01,25135.0,50975.0
Vermont,2006-10-01,25324.0,51427.0
Vermont,2006-11-01,25505.0,51688.0
Vermont,2006-12-01,25503.0,51650.0
Vermont,2007-01-01,25862.0,52338.0
Vermont,2007-02-01,25969.0,52473.0
Vermont,2007-03-01,26252.0,52998.0
Vermont,2007-04-01,26320.0,53128.0
Vermont,2007-05-01,26373.0,53206.0
Vermont,2007-06-01,26321.0,53011.0
Vermont,2007-07-01,26310.0,53011.0
Vermont,2007-08-01,26480.0,53338.0
Vermont,2007-09-01,26328.0,53076.0
Vermont,2007-10-01,26528.0,53554.0
Vermont,2007-11-01,26656.0,53769.0
Vermont,2007-12-01,26828.0,54172.0
Vermont,2008-01-01,27280.0,55150.0
Vermont,2008-02-01,27358.0,55247.0
Vermont,2008-03-01,27633.0,55752.0
Vermont,2008-04-01,27851.0,56217.0
Vermont,2008-05-01,27971.0,56462.0
Vermont,2008-06-01,27989.0,56545.0
Vermont,2008-07-01,28268.0,57156.0
Vermont,2008-08-01,28515.0,57672.0
Vermont,2008-09-01,28829.0,58464.0
Vermont,2008-10-01,29610.0,60062.0
Vermont,2008-11-01,30194.0,61267.0
Vermont,2008-12-01,30997.0,62954.0
Vermont,2009-01-01,33218.0,67863.0
Vermont,2009-02-01,34485.0,70437.0
Vermont,2009-03-01,35758.0,73035.0
Vermont,2009-04-01,36768.0,75108.0
Vermont,2009-05-01,37414.0,76342.0
Vermont,2009-06-01,38091.0,77706.0
Vermont,2009-07-01,38795.0,78984.0
Vermont,2009-08-01,39440.0,80175.0
Vermont,2009-09-01,40123.0,81569.0
Vermont,2009-10-01,40844.0,82770.0
Vermont,2009-11-01,41129.0,83342.0
Vermont,2009-12-01,41643.0,84300.0
Vermont,2010-01-01,42046.0,84968.0
Vermont,2010-02-01,42255.0,85276.0
Vermont,2010-03-01,42601.0,85825.0
Vermont,2010-04-01,42810.0,86243.0
Vermont,2010-05-01,42946.0,86418.0
Vermont,2010-06-01,42950.0,86286.0
Vermont,2010-07-01,42949.0,86244.0
Vermont,2010-08-01,43296.0,86948.0
Vermont,2010-09-01,43743.0,87838.0
Vermont,2010-10-01,44182.0,88567.0
Vermont,2010-11-01,44539.0,89316.0
Vermont,2010-12-01,45163.0,90556.0
Vermont,2011-01-01,45904.0,91846.0
Vermont,2011-02-01,46356.0,92558.0
Vermont,2011-03-01,46678.0,92964.0
Vermont,2011-04-01,46853.0,93159.0
Vermont,2011-05-01,47010.0,93252.0
Vermont,2011-06-01,47022.0,93058.0
Vermont,2011-07-01,46876.0,92643.0
Vermont,2011-08-01,46996.0,92940.0
Vermont,2011-09-01,47284.0,93594.0
Vermont,2011-10-01,47833.0,94604.0
Vermont,2011-11-01,48252.0,95316.0
Vermont,2011-12-01,48508.0,95652.0
Vermont,2012-01-01,48907.0,96198.0
Vermont,2012-02-01,49148.0,96365.0
Vermont,2012-03-01,49141.0,96080.0
Vermont,2012-04-01,49422.0,96458.0
Vermont,2012-05-01,49660.0,96805.0
Vermont,2012-06-01,49741.0,96854.0
Vermont,2012-07-01,50031.0,97243.0
Vermont,2012-08-01,50670.0,98561.0
Vermont,2012-09-01,50884.0,98817.0
Vermont,2012-10-01,51289.0,99416.0
Vermont,2012-11-01,51676.0,100111.0
Vermont,2012-12-01,52017.0,100624.0
Vermont,2013-01-01,52708.0,101768.0
Vermont,2013-02-01,52809.0,101793.0
Vermont,2013-03-01,52871.0,101712.0
Vermont,2013-04-01,52659.0,100985.0
Vermont,2013-05-01,52606.0,100607.0
Vermont,2013-06-01,52370.0,100020.0
Vermont,2013-07-01,52179.0,99608.0
Vermont,2013-08-01,52354.0,99764.0
Vermont,2013-09-01,52510.0,100087.0
Vermont,2013-10-01,52664.0,100276.0
Vermont,2013-11-01,52323.0,99405.0
Vermont,2013-12-01,51891.0,98607.0
Vermont,2014-01-01,51687.0,98190.0
Vermont,2014-02-01,48213.0,93397.0
Vermont,2014-03-01,47849.0,92335.0
Vermont,2014-04-01,47343.0,91107.0
Vermont,2014-05-01,46856.0,90009.0
Vermont,2014-06-01,46504.0,89144.0
Vermont,2014-07-01,46023.0,88207.0
Vermont,2014-08-01,45832.0,87794.0
Vermont,2014-09-01,45711.0,87525.0
Vermont,2014-10-01,45816.0,87589.0
Vermont,2014-11-01,45655.0,87208.0
Vermont,2014-12-01,45767.0,87263.0
Vermont,2015-01-01,45829.0,87270.0
Vermont,2015-02-01,45490.0,86363.0
Vermont,2015-03-01,45251.0,85569.0
Vermont,2015-04-01,44882.0,84686.0
Vermont,2015-05-01,44581.0,83920.0
Vermont,2015-06-01,44321.0,83218.0
Vermont,2015-07-01,43973.0,82314.0
Vermont,2015-08-01,43969.0,82340.0
Vermont,2015-09-01,43870.0,82184.0
Vermont,2015-10-01,43988.0,82364.0
Vermont,2015-11-01,43904.0,82133.0
Vermont,2015-12-01,43747.0,81841.0
Vermont,2016-01-01,43674.0,81549.0
Vermont,2016-02-01,43407.0,80740.0
Vermont,2016-03-01,42970.0,79653.0
Vermont,2016-04-01,42687.0,78890.0
Vermont,2016-05-01,42385.0,78146.0
Vermont,2016-06-01,42264.0,78064.0
Vermont,2016-07-01,42041.0,77456.0
Vermont,2016-08-01,42251.0,77715.0
Vermont,2016-09-01,42390.0,78034.0
Vermont,2016-10-01,42480.0,78092.0
Vermont,2016-11-01,42694.0,78386.0
Vermont,2016-12-01,42921.0,78602.0
Vermont,2017-01-01,43102.0,78878.0
Vermont,2017-02-01,42751.0,78032.0
Vermont,2017-03-01,42420.0,77142.0
Vermont,2017-04-01,41941.0,75970.0
Vermont,2017-05-01,41610.0,75287.0
Vermont,2017-06-01,41391.0,74793.0
Vermont,2017-07-01,41168.0,74292.0
Vermont,2017-08-01,41211.0,74511.0
Vermont,2017-09-01,41357.0,74715.0
Vermont,2017-10-01,41550.0,74928.0
Vermont,2017-11-01,41558.0,75103.0
Vermont,2017-12-01,41538.0,74836.0
Vermont,2018-01-01,41802.0,75190.0
Vermont,2018-02-01,41626.0,74582.0
Vermont,2018-03-01,41340.0,73688.0
Vermont,2018-04-01,41032.0,72979.0
Vermont,2018-05-01,40636.0,72087.0
Vermont,2018-06-01,40353.0,71544.0
Vermont,2018-07-01,39820.0,70260.0
Vermont,2018-08-01,40037.0,70874.0
Vermont,2018-09-01,39911.0,70620.0
Vermont,2018-10-01,40158.0,71176.0
Vermont,2018-11-01,40223.0,71400.0
Vermont,2018-12-01,40295.0,71494.0
Vermont,2019-01-01,62010.0,119143.0
Vermont,2019-02-01,5609.0,9920.0
Vermont,2019-03-01,39748.0,69854.0
Vermont,2019-04-01,39351.0,68932.0
Vermont,2019-05-01,39081.0,68257.0
Vermont,2019-06-01,38836.0,67606.0
Vermont,2019-07-01,38594.0,67136.0
Vermont,2019-08-01,38592.0,67195.0
Vermont,2019-09-01,38579.0,67209.0
Vermont,2019-10-01,38544.0,67296.0
Vermont,2019-11-01,38695.0,67392.0
Vermont,2019-12-01,38851.0,67680.0
Vermont,2020-01-01,39146.0,67995.0
Vermont,2020-02-01,38924.0,67521.0
Vermont,2020-03-01,39656.0,69063.0
Vermont,2020-04-01,41354.0,72262.0
Vermont,2020-05-01,41653.0,72855.0
Vermont,2020-06-01,39328.0,68219.0
Vermont,2020-07-01,38469.0,66393.0
Vermont,2020-08-01,39085.0,67728.0
Vermont,2020-09-01,39308.0,68416.0
Vermont,2020-10-01,39241.0,68247.0
Vermont,2020-11-01,39243.0,68319.0
Vermont,2020-12-01,39883.0,69642.0
Vermont,2021-01-01,40065.0,69726.0
Vermont,2021-02-01,40153.0,69817.0
Vermont,2021-03-01,39946.0,69295.0
Vermont,2021-04-01,39492.0,68320.0
Vermont,2021-05-01,39061.0,67299.0
Vermont,2021-06-01,38421.0,65969.0
Vermont,2021-07-01,38387.0,65991.0
Vermont,2021-08-01,38133.0,65226.0
Vermont,2021-09-01,38329.0,65624.0
Vermont,2021-10-01,38777.0,66655.0
Vermont,2021-11-01,39312.0,67693.0
Vermont,2021-12-01,39845.0,68634.0
Vermont,2022-01-01,40468.0,69992.0
Vermont,2022-02-01,40516.0,70103.0
Vermont,2022-03-01,40540.0,70030.0
Vermont,2022-04-01,40534.0,69855.0
Vermont,2022-05-01,40529.0,69736.0
Vermont,2022-06-01,40535.0,69754.0
Vermont,2022-07-01,40654.0,69900.0
Vermont,2022-08-01,40991.0,70475.0
Vermont,2022-09-01,41342.0,70970.0
Vermont,2022-10-01,41689.0,71528.0
Vermont,2022-11-01,41936.0,72032.0
Vermont,2022-12-01,42034.0,72025.0
Vermont,2023-01-01,42191.0,72285.0
Vermont,2023-02-01,41875.0,71759.0
Vermont,2023-03-01,41701.0,71340.0
Vermont,2023-04-01,41503.0,70766.0
Vermont,2023-05-01,41434.0,70451.0
Vermont,2023-06-01,41217.0,69935.0
Vermont,2023-07-01,40758.0,69121.0
Vermont,2023-08-01,40558.0,68740.0
Vermont,2023-09-01,40305.0,68240.0
Vermont,2023-10-01,39949.0,67876.0
Vermont,2023-11-01,39869.0,67737.0
Vermont,2023-12-01,39841.0,67491.0
Vermont,2024-01-01,40003.0,67583.0
Vermont,2024-02-01,39944.0,67438.0
Vermont,2024-03-01,39868.0,67159.0
Vermont,2024-04-01,39669.0,66606.0
Vermont,2024-05-01,39359.0,65894.0
Vermont,2024-06-01,39110.0,65376.0
Vermont,2024-07-01,38983.0,65116.0
Vermont,2024-08-01,38792.0,64757.0
Vermont,2024-09-01,0.0,0.0
Virgin Islands,1988-10-01,4712.0,17136.0
Virgin Islands,1988-11-01,4660.0,16941.0
Virgin Islands,1988-12-01,4685.0,17108.0
Virgin Islands,1989-01-01,4453.0,17057.0
Virgin Islands,1989-02-01,4249.0,15449.0
Virgin Islands,1989-03-01,4407.0,16052.0
Virgin Islands,1989-04-01,4404.0,15908.0
Virgin Islands,1989-05-01,4421.0,15954.0
Virgin Islands,1989-06-01,4499.0,16185.0
Virgin Islands,1989-07-01,4444.0,16067.0
Virgin Islands,1989-08-01,4337.0,15577.0
Virgin Islands,1989-09-01,4394.0,15894.0
Virgin Islands,1989-10-01,6831.0,24436.0
Virgin Islands,1989-11-01,13636.0,47520.0
Virgin Islands,1989-12-01,4265.0,15279.0
Virgin Islands,1990-01-01,4004.0,14152.0
Virgin Islands,1990-02-01,3895.0,13615.0
Virgin Islands,1990-03-01,3994.0,14014.0
Virgin Islands,1990-04-01,3858.0,13592.0
Virgin Islands,1990-05-01,3802.0,13189.0
Virgin Islands,1990-06-01,3947.0,13516.0
Virgin Islands,1990-07-01,3941.0,13593.0
Virgin Islands,1990-08-01,3990.0,13808.0
Virgin Islands,1990-09-01,4039.0,13943.0
Virgin Islands,1990-10-01,4104.0,14126.0
Virgin Islands,1990-11-01,4142.0,14211.0
Virgin Islands,1990-12-01,4169.0,14007.0
Virgin Islands,1991-01-01,4103.0,13943.0
Virgin Islands,1991-02-01,4036.0,14071.0
Virgin Islands,1991-03-01,4272.0,14600.0
Virgin Islands,1991-04-01,4393.0,15010.0
Virgin Islands,1991-05-01,4474.0,15285.0
Virgin Islands,1991-06-01,4436.0,15061.0
Virgin Islands,1991-07-01,4468.0,15341.0
Virgin Islands,1991-08-01,4539.0,15411.0
Virgin Islands,1991-09-01,4496.0,15414.0
Virgin Islands,1991-10-01,4709.0,15864.0
Virgin Islands,1991-11-01,4802.0,15799.0
Virgin Islands,1991-12-01,4841.0,16297.0
Virgin Islands,1992-01-01,4823.0,16168.0
Virgin Islands,1992-02-01,4860.0,16430.0
Virgin Islands,1992-03-01,4917.0,16576.0
Virgin Islands,1992-04-01,5026.0,16673.0
Virgin Islands,1992-05-01,4931.0,16505.0
Virgin Islands,1992-06-01,4990.0,16676.0
Virgin Islands,1992-07-01,5028.0,16793.0
Virgin Islands,1992-08-01,5058.0,17060.0
Virgin Islands,1992-09-01,5083.0,16946.0
Virgin Islands,1992-10-01,5218.0,17417.0
Virgin Islands,1992-11-01,5163.0,17189.0
Virgin Islands,1992-12-01,5183.0,17484.0
Virgin Islands,1993-01-01,5104.0,17267.0
Virgin Islands,1993-02-01,5102.0,17046.0
Virgin Islands,1993-03-01,5190.0,17901.0
Virgin Islands,1993-04-01,5208.0,17397.0
Virgin Islands,1993-05-01,5177.0,17468.0
Virgin Islands,1993-06-01,5215.0,17630.0
Virgin Islands,1993-07-01,5228.0,17647.0
Virgin Islands,1993-08-01,5252.0,17641.0
Virgin Islands,1993-09-01,5364.0,18034.0
Virgin Islands,1993-10-01,5444.0,18108.0
Virgin Islands,1993-11-01,5518.0,18480.0
Virgin Islands,1993-12-01,5639.0,19065.0
Virgin Islands,1994-01-01,5638.0,19051.0
Virgin Islands,1994-02-01,5780.0,19285.0
Virgin Islands,1994-03-01,5945.0,19632.0
Virgin Islands,1994-04-01,6033.0,20095.0
Virgin Islands,1994-05-01,6140.0,20347.0
Virgin Islands,1994-06-01,6246.0,20825.0
Virgin Islands,1994-07-01,6358.0,21206.0
Virgin Islands,1994-08-01,6540.0,21610.0
Virgin Islands,1994-09-01,6650.0,21699.0
Virgin Islands,1994-10-01,6780.0,22090.0
Virgin Islands,1994-11-01,6923.0,22539.0
Virgin Islands,1994-12-01,6963.0,22428.0
Virgin Islands,1995-01-01,6939.0,22524.0
Virgin Islands,1995-02-01,7112.0,23023.0
Virgin Islands,1995-03-01,7233.0,23208.0
Virgin Islands,1995-04-01,7252.0,23364.0
Virgin Islands,1995-05-01,7412.0,23731.0
Virgin Islands,1995-06-01,7345.0,23451.0
Virgin Islands,1995-07-01,7435.0,23886.0
Virgin Islands,1995-08-01,7495.0,23910.0
Virgin Islands,1995-09-01,7131.0,22950.0
Virgin Islands,1995-10-01,23515.0,73372.0
Virgin Islands,1995-11-01,15155.0,46550.0
Virgin Islands,1995-12-01,13952.0,42771.0
Virgin Islands,1996-01-01,6993.0,22499.0
Virgin Islands,1996-02-01,7112.0,22860.0
Virgin Islands,1996-03-01,7199.0,23141.0
Virgin Islands,1996-04-01,7226.0,23130.0
Virgin Islands,1996-05-01,7235.0,23199.0
Virgin Islands,1996-06-01,7024.0,22527.0
Virgin Islands,1996-07-01,7223.0,22426.0
Virgin Islands,1996-08-01,7281.0,23073.0
Virgin Islands,1996-09-01,7057.0,22405.0
Virgin Islands,1996-10-01,7075.0,22422.0
Virgin Islands,1996-11-01,6935.0,21802.0
Virgin Islands,1996-12-01,6822.0,21812.0
Virgin Islands,1997-01-01,6441.0,21166.0
Virgin Islands,1997-02-01,6586.0,21051.0
Virgin Islands,1997-03-01,6296.0,20380.0
Virgin Islands,1997-04-01,6109.0,19855.0
Virgin Islands,1997-05-01,6016.0,19286.0
Virgin Islands,1997-06-01,5919.0,19054.0
Virgin Islands,1997-07-01,5903.0,18838.0
Virgin Islands,1997-08-01,5815.0,18194.0
Virgin Islands,1997-09-01,5822.0,18105.0
Virgin Islands,1997-10-01,5790.0,18193.0
Virgin Islands,1997-11-01,5717.0,17861.0
Virgin Islands,1997-12-01,5750.0,17720.0
Virgin Islands,1998-01-01,5538.0,17604.0
Virgin Islands,1998-02-01,5431.0,17346.0
Virgin Islands,1998-03-01,5489.0,16989.0
Virgin Islands,1998-04-01,5395.0,17000.0
Virgin Islands,1998-05-01,5417.0,16997.0
Virgin Islands,1998-06-01,5513.0,17094.0
Virgin Islands,1998-07-01,5583.0,17501.0
Virgin Islands,1998-08-01,5286.0,16532.0
Virgin Islands,1998-09-01,5271.0,16558.0
Virgin Islands,1998-10-01,5273.0,15987.0
Virgin Islands,1998-11-01,5357.0,16735.0
Virgin Islands,1998-12-01,5481.0,17062.0
Virgin Islands,1999-01-01,5348.0,16718.0
Virgin Islands,1999-02-01,5373.0,16843.0
Virgin Islands,1999-03-01,5482.0,17146.0
Virgin Islands,1999-04-01,5426.0,16756.0
Virgin Islands,1999-05-01,5479.0,17065.0
Virgin Islands,1999-06-01,5503.0,17128.0
Virgin Islands,1999-07-01,5525.0,17150.0
Virgin Islands,1999-08-01,5481.0,16988.0
Virgin Islands,1999-09-01,5422.0,16819.0
Virgin Islands,1999-10-01,5443.0,16506.0
Virgin Islands,1999-11-01,5372.0,16539.0
Virgin Islands,1999-12-01,5460.0,16847.0
Virgin Islands,2000-01-01,5110.0,16315.0
Virgin Islands,2000-02-01,5183.0,16048.0
Virgin Islands,2000-03-01,5095.0,15780.0
Virgin Islands,2000-04-01,5024.0,15518.0
Virgin Islands,2000-05-01,5011.0,15432.0
Virgin Islands,2000-06-01,4962.0,15233.0
Virgin Islands,2000-07-01,4834.0,14783.0
Virgin Islands,2000-08-01,4801.0,14627.0
Virgin Islands,2000-09-01,4749.0,14389.0
Virgin Islands,2000-10-01,4776.0,14355.0
Virgin Islands,2000-11-01,4721.0,14231.0
Virgin Islands,2000-12-01,4640.0,13999.0
Virgin Islands,2001-01-01,4492.0,13601.0
Virgin Islands,2001-02-01,4393.0,13199.0
Virgin Islands,2001-03-01,4367.0,13073.0
Virgin Islands,2001-04-01,4316.0,12951.0
Virgin Islands,2001-05-01,4340.0,12978.0
Virgin Islands,2001-06-01,4285.0,12855.0
Virgin Islands,2001-07-01,4233.0,12665.0
Virgin Islands,2001-08-01,4242.0,12753.0
Virgin Islands,2001-09-01,4193.0,12526.0
Virgin Islands,2001-10-01,4287.0,12758.0
Virgin Islands,2001-11-01,4358.0,13016.0
Virgin Islands,2001-12-01,4282.0,12747.0
Virgin Islands,2002-01-01,4170.0,12478.0
Virgin Islands,2002-02-01,4147.0,12385.0
Virgin Islands,2002-03-01,4165.0,12372.0
Virgin Islands,2002-04-01,4148.0,12284.0
Virgin Islands,2002-05-01,4120.0,12241.0
Virgin Islands,2002-06-01,4121.0,12312.0
Virgin Islands,2002-07-01,4140.0,12344.0
Virgin Islands,2002-08-01,4132.0,12277.0
Virgin Islands,2002-09-01,4105.0,12149.0
Virgin Islands,2002-10-01,4225.0,12430.0
Virgin Islands,2002-11-01,4389.0,12823.0
Virgin Islands,2002-12-01,4359.0,12725.0
Virgin Islands,2003-01-01,4288.0,12570.0
Virgin Islands,2003-02-01,4302.0,12674.0
Virgin Islands,2003-03-01,4311.0,12689.0
Virgin Islands,2003-04-01,4387.0,13041.0
Virgin Islands,2003-05-01,4516.0,13182.0
Virgin Islands,2003-06-01,4454.0,13208.0
Virgin Islands,2003-07-01,4494.0,13362.0
Virgin Islands,2003-08-01,4481.0,13241.0
Virgin Islands,2003-09-01,4524.0,13307.0
Virgin Islands,2003-10-01,4558.0,13439.0
Virgin Islands,2003-11-01,4521.0,13264.0
Virgin Islands,2003-12-01,4503.0,13246.0
Virgin Islands,2004-01-01,4389.0,13034.0
Virgin Islands,2004-02-01,4407.0,13060.0
Virgin Islands,2004-03-01,4470.0,13273.0
Virgin Islands,2004-04-01,4492.0,13320.0
Virgin Islands,2004-05-01,4553.0,13465.0
Virgin Islands,2004-06-01,4597.0,13593.0
Virgin Islands,2004-07-01,4636.0,13672.0
Virgin Islands,2004-08-01,4647.0,13610.0
Virgin Islands,2004-09-01,4616.0,13493.0
Virgin Islands,2004-10-01,4622.0,13527.0
Virgin Islands,2004-11-01,4692.0,13753.0
Virgin Islands,2004-12-01,4734.0,13910.0
Virgin Islands,2005-01-01,4632.0,13664.0
Virgin Islands,2005-02-01,4565.0,13437.0
Virgin Islands,2005-03-01,4574.0,13426.0
Virgin Islands,2005-04-01,4553.0,13357.0
Virgin Islands,2005-05-01,4584.0,13393.0
Virgin Islands,2005-06-01,4637.0,13482.0
Virgin Islands,2005-07-01,4653.0,13542.0
Virgin Islands,2005-08-01,4679.0,13557.0
Virgin Islands,2005-09-01,4673.0,13547.0
Virgin Islands,2005-10-01,4696.0,13547.0
Virgin Islands,2005-11-01,4733.0,13631.0
Virgin Islands,2005-12-01,4711.0,13552.0
Virgin Islands,2006-01-01,4709.0,13616.0
Virgin Islands,2006-02-01,4638.0,13405.0
Virgin Islands,2006-03-01,4626.0,13311.0
Virgin Islands,2006-04-01,4626.0,13243.0
Virgin Islands,2006-05-01,4646.0,13302.0
Virgin Islands,2006-06-01,4657.0,13256.0
Virgin Islands,2006-07-01,4664.0,13265.0
Virgin Islands,2006-08-01,4670.0,13201.0
Virgin Islands,2006-09-01,4673.0,13165.0
Virgin Islands,2006-10-01,4768.0,13370.0
Virgin Islands,2006-11-01,4797.0,13425.0
Virgin Islands,2006-12-01,4823.0,13546.0
Virgin Islands,2007-01-01,4749.0,13367.0
Virgin Islands,2007-02-01,4692.0,13205.0
Virgin Islands,2007-03-01,4779.0,13315.0
Virgin Islands,2007-04-01,4730.0,13200.0
Virgin Islands,2007-05-01,4729.0,13202.0
Virgin Islands,2007-06-01,4737.0,13148.0
Virgin Islands,2007-07-01,4739.0,13141.0
Virgin Islands,2007-08-01,4778.0,13219.0
Virgin Islands,2007-09-01,4812.0,13229.0
Virgin Islands,2007-10-01,4913.0,13478.0
Virgin Islands,2007-11-01,4969.0,13610.0
Virgin Islands,2007-12-01,4997.0,13634.0
Virgin Islands,2008-01-01,4985.0,13589.0
Virgin Islands,2008-02-01,4991.0,13570.0
Virgin Islands,2008-03-01,4957.0,13345.0
Virgin Islands,2008-04-01,5021.0,13540.0
Virgin Islands,2008-05-01,5073.0,13644.0
Virgin Islands,2008-06-01,5096.0,13727.0
Virgin Islands,2008-07-01,5107.0,13718.0
Virgin Islands,2008-08-01,5150.0,13764.0
Virgin Islands,2008-09-01,5172.0,13742.0
Virgin Islands,2008-10-01,5352.0,14123.0
Virgin Islands,2008-11-01,5440.0,14372.0
Virgin Islands,2008-12-01,5583.0,14689.0
Virgin Islands,2009-01-01,5671.0,14938.0
Virgin Islands,2009-02-01,5864.0,15406.0
Virgin Islands,2009-03-01,6184.0,16103.0
Virgin Islands,2009-04-01,6354.0,16493.0
Virgin Islands,2009-05-01,6615.0,17109.0
Virgin Islands,2009-06-01,6814.0,17566.0
Virgin Islands,2009-07-01,6977.0,17880.0
Virgin Islands,2009-08-01,7104.0,18145.0
Virgin Islands,2009-09-01,7310.0,18861.0
Virgin Islands,2009-10-01,7600.0,19186.0
Virgin Islands,2009-11-01,7735.0,19531.0
Virgin Islands,2009-12-01,7949.0,19903.0
Virgin Islands,2010-01-01,7951.0,19928.0
Virgin Islands,2010-02-01,7995.0,20013.0
Virgin Islands,2010-03-01,8063.0,20122.0
Virgin Islands,2010-04-01,8086.0,20213.0
Virgin Islands,2010-05-01,8240.0,20509.0
Virgin Islands,2010-06-01,8309.0,20653.0
Virgin Islands,2010-07-01,8492.0,21088.0
Virgin Islands,2010-08-01,8560.0,21272.0
Virgin Islands,2010-09-01,8760.0,21514.0
Virgin Islands,2010-10-01,8828.0,21624.0
Virgin Islands,2010-11-01,9030.0,22028.0
Virgin Islands,2010-12-01,9149.0,22303.0
Virgin Islands,2011-01-01,9156.0,22338.0
Virgin Islands,2011-02-01,9170.0,22324.0
Virgin Islands,2011-03-01,9271.0,22474.0
Virgin Islands,2011-04-01,9307.0,22534.0
Virgin Islands,2011-05-01,9438.0,22779.0
Virgin Islands,2011-06-01,9540.0,22981.0
Virgin Islands,2011-07-01,9715.0,23310.0
Virgin Islands,2011-08-01,9782.0,23480.0
Virgin Islands,2011-09-01,9922.0,23684.0
Virgin Islands,2011-10-01,10016.0,23836.0
Virgin Islands,2011-11-01,10118.0,24024.0
Virgin Islands,2011-12-01,10271.0,24336.0
Virgin Islands,2012-01-01,10247.0,24270.0
Virgin Islands,2012-02-01,10287.0,24281.0
Virgin Islands,2012-03-01,10440.0,24492.0
Virgin Islands,2012-04-01,10462.0,24599.0
Virgin Islands,2012-05-01,10687.0,25040.0
Virgin Islands,2012-06-01,10822.0,25317.0
Virgin Islands,2012-07-01,10983.0,25663.0
Virgin Islands,2012-08-01,11134.0,25930.0
Virgin Islands,2012-09-01,11244.0,26137.0
Virgin Islands,2012-10-01,11576.0,26804.0
Virgin Islands,2012-11-01,11560.0,26724.0
Virgin Islands,2012-12-01,11690.0,26973.0
Virgin Islands,2013-01-01,11712.0,27002.0
Virgin Islands,2013-02-01,11721.0,27011.0
Virgin Islands,2013-03-01,11805.0,27182.0
Virgin Islands,2013-04-01,11847.0,27406.0
Virgin Islands,2013-05-01,12082.0,27673.0
Virgin Islands,2013-06-01,12115.0,27635.0
Virgin Islands,2013-07-01,12338.0,28103.0
Virgin Islands,2013-08-01,12526.0,28355.0
Virgin Islands,2013-09-01,12516.0,28365.0
Virgin Islands,2013-10-01,12626.0,28488.0
Virgin Islands,2013-11-01,12604.0,28357.0
Virgin Islands,2013-12-01,12555.0,28217.0
Virgin Islands,2014-01-01,12395.0,27792.0
Virgin Islands,2014-02-01,12212.0,27258.0
Virgin Islands,2014-03-01,12292.0,27410.0
Virgin Islands,2014-04-01,12315.0,27482.0
Virgin Islands,2014-05-01,12402.0,27595.0
Virgin Islands,2014-06-01,12541.0,27781.0
Virgin Islands,2014-07-01,12614.0,27901.0
Virgin Islands,2014-08-01,12641.0,27938.0
Virgin Islands,2014-09-01,12538.0,27668.0
Virgin Islands,2014-10-01,12632.0,27778.0
Virgin Islands,2014-11-01,12600.0,27666.0
Virgin Islands,2014-12-01,12534.0,27453.0
Virgin Islands,2015-01-01,12569.0,27575.0
Virgin Islands,2015-02-01,12385.0,27062.0
Virgin Islands,2015-03-01,12460.0,27125.0
Virgin Islands,2015-04-01,12408.0,26999.0
Virgin Islands,2015-05-01,12568.0,27361.0
Virgin Islands,2015-06-01,12574.0,27207.0
Virgin Islands,2015-07-01,12713.0,27506.0
Virgin Islands,2015-08-01,12850.0,27722.0
Virgin Islands,2015-09-01,13022.0,28079.0
Virgin Islands,2015-10-01,13175.0,28291.0
Virgin Islands,2015-11-01,13296.0,28476.0
Virgin Islands,2015-12-01,13293.0,28402.0
Virgin Islands,2016-01-01,13295.0,28403.0
Virgin Islands,2016-02-01,13181.0,28148.0
Virgin Islands,2016-03-01,12925.0,27424.0
Virgin Islands,2016-04-01,12969.0,27478.0
Virgin Islands,2016-05-01,13065.0,27676.0
Virgin Islands,2016-06-01,12871.0,27187.0
Virgin Islands,2016-07-01,12837.0,27140.0
Virgin Islands,2016-08-01,12932.0,27166.0
Virgin Islands,2016-09-01,12977.0,27328.0
Virgin Islands,2016-10-01,12952.0,27260.0
Virgin Islands,2016-11-01,12968.0,27276.0
Virgin Islands,2016-12-01,13011.0,27366.0
Virgin Islands,2017-01-01,13004.0,27342.0
Virgin Islands,2017-02-01,12895.0,27164.0
Virgin Islands,2017-03-01,12786.0,26796.0
Virgin Islands,2017-04-01,12711.0,26785.0
Virgin Islands,2017-05-01,12650.0,26635.0
Virgin Islands,2017-06-01,12590.0,26451.0
Virgin Islands,2017-07-01,12354.0,25909.0
Virgin Islands,2017-08-01,12604.0,26703.0
Virgin Islands,2017-09-01,12028.0,25406.0
Virgin Islands,2017-10-01,13053.0,25156.0
Virgin Islands,2017-11-01,26741.0,81431.0
Virgin Islands,2017-12-01,15302.0,31540.0
Virgin Islands,2018-01-01,13904.0,28469.0
Virgin Islands,2018-02-01,14038.0,28691.0
Virgin Islands,2018-03-01,14318.0,29131.0
Virgin Islands,2018-04-01,13403.0,27276.0
Virgin Islands,2018-05-01,13739.0,28000.0
Virgin Islands,2018-06-01,13920.0,28308.0
Virgin Islands,2018-07-01,13983.0,28411.0
Virgin Islands,2018-08-01,14108.0,28646.0
Virgin Islands,2018-09-01,14260.0,28933.0
Virgin Islands,2018-10-01,14166.0,28683.0
Virgin Islands,2018-11-01,13384.0,27069.0
Virgin Islands,2018-12-01,12603.0,25662.0
Virgin Islands,2019-01-01,11964.0,24527.0
Virgin Islands,2019-02-01,822.0,1726.0
Virgin Islands,2019-03-01,10450.0,21387.0
Virgin Islands,2019-04-01,9862.0,20381.0
Virgin Islands,2019-05-01,10118.0,20934.0
Virgin Islands,2019-06-01,10194.0,21099.0
Virgin Islands,2019-07-01,10339.0,21370.0
Virgin Islands,2019-08-01,10395.0,21511.0
Virgin Islands,2019-09-01,10439.0,21623.0
Virgin Islands,2019-10-01,10517.0,21752.0
Virgin Islands,2019-11-01,10284.0,21318.0
Virgin Islands,2019-12-01,10251.0,21270.0
Virgin Islands,2020-01-01,10026.0,20792.0
Virgin Islands,2020-02-01,9731.0,20172.0
Virgin Islands,2020-03-01,9757.0,20228.0
Virgin Islands,2020-04-01,10670.0,21990.0
Virgin Islands,2020-05-01,11516.0,23429.0
Virgin Islands,2020-06-01,12065.0,24368.0
Virgin Islands,2020-07-01,12301.0,24728.0
Virgin Islands,2020-08-01,12430.0,24957.0
Virgin Islands,2020-09-01,12611.0,25235.0
Virgin Islands,2020-10-01,11836.0,23832.0
Virgin Islands,2020-11-01,11304.0,22852.0
Virgin Islands,2020-12-01,11288.0,22813.0
Virgin Islands,2021-01-01,11626.0,23495.0
Virgin Islands,2021-02-01,11853.0,23914.0
Virgin Islands,2021-03-01,12042.0,24244.0
Virgin Islands,2021-04-01,12106.0,24332.0
Virgin Islands,2021-05-01,12161.0,24449.0
Virgin Islands,2021-06-01,12233.0,24547.0
Virgin Islands,2021-07-01,12149.0,24359.0
Virgin Islands,2021-08-01,12122.0,24213.0
Virgin Islands,2021-09-01,12256.0,24479.0
Virgin Islands,2021-10-01,12395.0,24723.0
Virgin Islands,2021-11-01,11342.0,22382.0
Virgin Islands,2021-12-01,11865.0,23617.0
Virgin Islands,2022-01-01,11944.0,23796.0
Virgin Islands,2022-02-01,11693.0,23333.0
Virgin Islands,2022-03-01,11238.0,22385.0
Virgin Islands,2022-04-01,10490.0,20862.0
Virgin Islands,2022-05-01,10794.0,21506.0
Virgin Islands,2022-06-01,10362.0,20552.0
Virgin Islands,2022-07-01,10320.0,20760.0
Virgin Islands,2022-08-01,10576.0,21161.0
Virgin Islands,2022-09-01,10756.0,21506.0
Virgin Islands,2022-10-01,10694.0,21410.0
Virgin Islands,2022-11-01,10951.0,21851.0
Virgin Islands,2022-12-01,10889.0,21645.0
Virgin Islands,2023-01-01,10972.0,21863.0
Virgin Islands,2023-02-01,10578.0,21078.0
Virgin Islands,2023-03-01,10636.0,21186.0
Virgin Islands,2023-04-01,10298.0,20497.0
Virgin Islands,2023-05-01,10470.0,20845.0
Virgin Islands,2023-06-01,10423.0,20751.0
Virgin Islands,2023-07-01,10465.0,20808.0
Virgin Islands,2023-08-01,10653.0,21148.0
Virgin Islands,2023-09-01,10653.0,21398.0
Virgin Islands,2023-10-01,10970.0,21806.0
Virgin Islands,2023-11-01,10963.0,21831.0
Virgin Islands,2023-12-01,11033.0,21955.0
Virgin Islands,2024-01-01,11058.0,21998.0
Virgin Islands,2024-02-01,10849.0,21571.0
Virgin Islands,2024-03-01,10749.0,21337.0
Virgin Islands,2024-04-01,10608.0,20966.0
Virgin Islands,2024-05-01,10717.0,21192.0
Virgin Islands,2024-06-01,10712.0,21227.0
Virgin Islands,2024-07-01,10675.0,21214.0
Virgin Islands,2024-08-01,10757.0,21378.0
Virgin Islands,2024-09-01,0.0,0.0
Virginia,1988-10-01,134168.0,325975.0
Virginia,1988-11-01,133829.0,323468.0
Virginia,1988-12-01,137888.0,335433.0
Virginia,1989-01-01,138972.0,337707.0
Virginia,1989-02-01,138093.0,334666.0
Virginia,1989-03-01,142370.0,346190.0
Virginia,1989-04-01,140650.0,341850.0
Virginia,1989-05-01,137958.0,332544.0
Virginia,1989-06-01,138041.0,333138.0
Virginia,1989-07-01,135991.0,326986.0
Virginia,1989-08-01,136181.0,325167.0
Virginia,1989-09-01,136526.0,327117.0
Virginia,1989-10-01,137627.0,328794.0
Virginia,1989-11-01,136818.0,326806.0
Virginia,1989-12-01,139237.0,334231.0
Virginia,1990-01-01,142568.0,341883.0
Virginia,1990-02-01,143156.0,342897.0
Virginia,1990-03-01,150100.0,360852.0
Virginia,1990-04-01,148296.0,357197.0
Virginia,1990-05-01,145189.0,347553.0
Virginia,1990-06-01,147696.0,354383.0
Virginia,1990-07-01,146422.0,350531.0
Virginia,1990-08-01,146576.0,349693.0
Virginia,1990-09-01,148491.0,355668.0
Virginia,1990-10-01,153837.0,368487.0
Virginia,1990-11-01,163791.0,392170.0
Virginia,1990-12-01,167482.0,399618.0
Virginia,1991-01-01,162472.0,390205.0
Virginia,1991-02-01,164800.0,398667.0
Virginia,1991-03-01,172929.0,419563.0
Virginia,1991-04-01,170989.0,416011.0
Virginia,1991-05-01,175353.0,424113.0
Virginia,1991-06-01,175733.0,427532.0
Virginia,1991-07-01,180927.0,437503.0
Virginia,1991-08-01,182420.0,441641.0
Virginia,1991-09-01,184729.0,446812.0
Virginia,1991-10-01,192114.0,464623.0
Virginia,1991-11-01,193876.0,468411.0
Virginia,1991-12-01,194678.0,470319.0
Virginia,1992-01-01,203724.0,490618.0
Virginia,1992-02-01,207494.0,500324.0
Virginia,1992-03-01,215236.0,518580.0
Virginia,1992-04-01,212184.0,511520.0
Virginia,1992-05-01,205629.0,495863.0
Virginia,1992-06-01,207409.0,497184.0
Virginia,1992-07-01,208500.0,498085.0
Virginia,1992-08-01,216414.0,518297.0
Virginia,1992-09-01,213398.0,511740.0
Virginia,1992-10-01,211544.0,505021.0
Virginia,1992-11-01,216267.0,517230.0
Virginia,1992-12-01,226213.0,539536.0
Virginia,1993-01-01,218721.0,523550.0
Virginia,1993-02-01,219881.0,523346.0
Virginia,1993-03-01,231423.0,549899.0
Virginia,1993-04-01,230100.0,546248.0
Virginia,1993-05-01,226454.0,539095.0
Virginia,1993-06-01,229299.0,545359.0
Virginia,1993-07-01,229215.0,544990.0
Virginia,1993-08-01,227726.0,540519.0
Virginia,1993-09-01,228833.0,542262.0
Virginia,1993-10-01,229873.0,544257.0
Virginia,1993-11-01,225856.0,532379.0
Virginia,1993-12-01,223451.0,526704.0
Virginia,1994-01-01,229843.0,544767.0
Virginia,1994-02-01,237662.0,560533.0
Virginia,1994-03-01,242649.0,571254.0
Virginia,1994-04-01,238799.0,563449.0
Virginia,1994-05-01,235864.0,555117.0
Virginia,1994-06-01,235452.0,554387.0
Virginia,1994-07-01,225090.0,528179.0
Virginia,1994-08-01,231793.0,544465.0
Virginia,1994-09-01,229731.0,539943.0
Virginia,1994-10-01,233761.0,547823.0
Virginia,1994-11-01,227583.0,532421.0
Virginia,1994-12-01,234255.0,545892.0
Virginia,1995-01-01,233237.0,541573.0
Virginia,1995-02-01,229756.0,530611.0
Virginia,1995-03-01,243770.0,565337.0
Virginia,1995-04-01,240384.0,558384.0
Virginia,1995-05-01,236950.0,550548.0
Virginia,1995-06-01,236209.0,547710.0
Virginia,1995-07-01,234305.0,543791.0
Virginia,1995-08-01,234495.0,543234.0
Virginia,1995-09-01,234781.0,542627.0
Virginia,1995-10-01,235847.0,544027.0
Virginia,1995-11-01,237473.0,546627.0
Virginia,1995-12-01,236101.0,542440.0
Virginia,1996-01-01,237155.0,544764.0
Virginia,1996-02-01,240012.0,549790.0
Virginia,1996-03-01,238737.0,546853.0
Virginia,1996-04-01,235548.0,537744.0
Virginia,1996-05-01,234174.0,534868.0
Virginia,1996-06-01,231986.0,529286.0
Virginia,1996-07-01,231175.0,527867.0
Virginia,1996-08-01,230630.0,525903.0
Virginia,1996-09-01,228240.0,520201.0
Virginia,1996-10-01,227016.0,516830.0
Virginia,1996-11-01,225152.0,512269.0
Virginia,1996-12-01,221370.0,503630.0
Virginia,1997-01-01,220377.0,502154.0
Virginia,1997-02-01,218692.0,498379.0
Virginia,1997-03-01,208950.0,483478.0
Virginia,1997-04-01,200454.0,468765.0
Virginia,1997-05-01,196653.0,460952.0
Virginia,1997-06-01,192780.0,452526.0
Virginia,1997-07-01,188829.0,443304.0
Virginia,1997-08-01,186559.0,438074.0
Virginia,1997-09-01,184284.0,432689.0
Virginia,1997-10-01,180933.0,423497.0
Virginia,1997-11-01,179912.0,420977.0
Virginia,1997-12-01,176605.0,412312.0
Virginia,1998-01-01,176432.0,411168.0
Virginia,1998-02-01,174988.0,406916.0
Virginia,1998-03-01,173034.0,401874.0
Virginia,1998-04-01,169764.0,393960.0
Virginia,1998-05-01,165968.0,384851.0
Virginia,1998-06-01,164023.0,379879.0
Virginia,1998-07-01,162896.0,376137.0
Virginia,1998-08-01,162229.0,374540.0
Virginia,1998-09-01,161748.0,372858.0
Virginia,1998-10-01,161640.0,372160.0
Virginia,1998-11-01,162655.0,372909.0
Virginia,1998-12-01,161711.0,370069.0
Virginia,1999-01-01,162730.0,371969.0
Virginia,1999-02-01,161989.0,368632.0
Virginia,1999-03-01,160722.0,365593.0
Virginia,1999-04-01,159164.0,361495.0
Virginia,1999-05-01,156736.0,355605.0
Virginia,1999-06-01,155622.0,353212.0
Virginia,1999-07-01,154664.0,350219.0
Virginia,1999-08-01,154572.0,349498.0
Virginia,1999-09-01,153898.0,347605.0
Virginia,1999-10-01,153744.0,346697.0
Virginia,1999-11-01,153039.0,345105.0
Virginia,1999-12-01,153760.0,346806.0
Virginia,2000-01-01,152588.0,339754.0
Virginia,2000-02-01,152760.0,339063.0
Virginia,2000-03-01,150465.0,335111.0
Virginia,2000-04-01,149131.0,331489.0
Virginia,2000-05-01,147723.0,328512.0
Virginia,2000-06-01,147446.0,328167.0
Virginia,2000-07-01,147733.0,329298.0
Virginia,2000-08-01,148510.0,331358.0
Virginia,2000-09-01,148529.0,331595.0
Virginia,2000-10-01,148748.0,331555.0
Virginia,2000-11-01,149378.0,332652.0
Virginia,2000-12-01,149646.0,334910.0
Virginia,2001-01-01,148727.0,329370.0
Virginia,2001-02-01,150008.0,332297.0
Virginia,2001-03-01,150170.0,332637.0
Virginia,2001-04-01,148621.0,328861.0
Virginia,2001-05-01,148448.0,328458.0
Virginia,2001-06-01,148068.0,327725.0
Virginia,2001-07-01,147878.0,326900.0
Virginia,2001-08-01,150890.0,335415.0
Virginia,2001-09-01,152426.0,339479.0
Virginia,2001-10-01,153965.0,343546.0
Virginia,2001-11-01,156666.0,350452.0
Virginia,2001-12-01,156870.0,350453.0
Virginia,2002-01-01,156590.0,347981.0
Virginia,2002-02-01,156554.0,348310.0
Virginia,2002-03-01,156510.0,348740.0
Virginia,2002-04-01,157681.0,350626.0
Virginia,2002-05-01,158185.0,352419.0
Virginia,2002-06-01,158479.0,353812.0
Virginia,2002-07-01,159051.0,356175.0
Virginia,2002-08-01,160501.0,360927.0
Virginia,2002-09-01,161382.0,362627.0
Virginia,2002-10-01,164740.0,370508.0
Virginia,2002-11-01,167336.0,376405.0
Virginia,2002-12-01,168470.0,378907.0
Virginia,2003-01-01,170263.0,382503.0
Virginia,2003-02-01,170377.0,382372.0
Virginia,2003-03-01,171828.0,385909.0
Virginia,2003-04-01,172870.0,388832.0
Virginia,2003-05-01,173256.0,390499.0
Virginia,2003-06-01,174387.0,393351.0
Virginia,2003-07-01,176492.0,398777.0
Virginia,2003-08-01,180165.0,409095.0
Virginia,2003-09-01,194102.0,453022.0
Virginia,2003-10-01,309306.0,810613.0
Virginia,2003-11-01,189561.0,430349.0
Virginia,2003-12-01,193890.0,440100.0
Virginia,2004-01-01,195460.0,442866.0
Virginia,2004-02-01,197241.0,447249.0
Virginia,2004-03-01,200600.0,454636.0
Virginia,2004-04-01,202467.0,459439.0
Virginia,2004-05-01,203641.0,463184.0
Virginia,2004-06-01,205212.0,467238.0
Virginia,2004-07-01,205742.0,468740.0
Virginia,2004-08-01,207118.0,472106.0
Virginia,2004-09-01,208067.0,474002.0
Virginia,2004-10-01,209714.0,477891.0
Virginia,2004-11-01,212070.0,483502.0
Virginia,2004-12-01,213420.0,485987.0
Virginia,2005-01-01,213948.0,486014.0
Virginia,2005-02-01,213538.0,484387.0
Virginia,2005-03-01,214721.0,486971.0
Virginia,2005-04-01,214789.0,487673.0
Virginia,2005-05-01,215388.0,489284.0
Virginia,2005-06-01,216591.0,491945.0
Virginia,2005-07-01,216235.0,491376.0
Virginia,2005-08-01,218228.0,495244.0
Virginia,2005-09-01,221159.0,501493.0
Virginia,2005-10-01,223054.0,505041.0
Virginia,2005-11-01,224797.0,508287.0
Virginia,2005-12-01,225868.0,510376.0
Virginia,2006-01-01,225168.0,508113.0
Virginia,2006-02-01,224712.0,506139.0
Virginia,2006-03-01,225213.0,506512.0
Virginia,2006-04-01,223443.0,502594.0
Virginia,2006-05-01,224237.0,504421.0
Virginia,2006-06-01,225295.0,506733.0
Virginia,2006-07-01,224256.0,504789.0
Virginia,2006-08-01,226454.0,509161.0
Virginia,2006-09-01,225623.0,507703.0
Virginia,2006-10-01,227516.0,511818.0
Virginia,2006-11-01,228892.0,515005.0
Virginia,2006-12-01,228291.0,513883.0
Virginia,2007-01-01,229033.0,513572.0
Virginia,2007-02-01,228590.0,511744.0
Virginia,2007-03-01,229178.0,512872.0
Virginia,2007-04-01,228242.0,510231.0
Virginia,2007-05-01,230172.0,513584.0
Virginia,2007-06-01,231348.0,515279.0
Virginia,2007-07-01,232339.0,517101.0
Virginia,2007-08-01,235159.0,523325.0
Virginia,2007-09-01,234608.0,521974.0
Virginia,2007-10-01,237523.0,527906.0
Virginia,2007-11-01,239644.0,532499.0
Virginia,2007-12-01,240425.0,534293.0
Virginia,2008-01-01,242149.0,536959.0
Virginia,2008-02-01,243280.0,539392.0
Virginia,2008-03-01,244225.0,540896.0
Virginia,2008-04-01,245606.0,544002.0
Virginia,2008-05-01,246659.0,546775.0
Virginia,2008-06-01,248242.0,550389.0
Virginia,2008-07-01,250342.0,556134.0
Virginia,2008-08-01,253140.0,562781.0
Virginia,2008-09-01,255865.0,568926.0
Virginia,2008-10-01,261992.0,582494.0
Virginia,2008-11-01,267379.0,593578.0
Virginia,2008-12-01,274222.0,608122.0
Virginia,2009-01-01,278250.0,616644.0
Virginia,2009-02-01,283859.0,628039.0
Virginia,2009-03-01,289823.0,640195.0
Virginia,2009-04-01,298287.0,657215.0
Virginia,2009-05-01,304661.0,670285.0
Virginia,2009-06-01,312206.0,685312.0
Virginia,2009-07-01,319277.0,699986.0
Virginia,2009-08-01,325996.0,712949.0
Virginia,2009-09-01,332937.0,725884.0
Virginia,2009-10-01,340649.0,741363.0
Virginia,2009-11-01,346691.0,753035.0
Virginia,2009-12-01,351911.0,763163.0
Virginia,2010-01-01,356452.0,771357.0
Virginia,2010-02-01,358971.0,774978.0
Virginia,2010-03-01,364187.0,784523.0
Virginia,2010-04-01,366932.0,790363.0
Virginia,2010-05-01,369375.0,794734.0
Virginia,2010-06-01,373810.0,802376.0
Virginia,2010-07-01,378334.0,811169.0
Virginia,2010-08-01,383528.0,820549.0
Virginia,2010-09-01,387061.0,826277.0
Virginia,2010-10-01,389623.0,829940.0
Virginia,2010-11-01,393917.0,837005.0
Virginia,2010-12-01,395247.0,839472.0
Virginia,2011-01-01,397508.0,842225.0
Virginia,2011-02-01,399824.0,845393.0
Virginia,2011-03-01,404241.0,852743.0
Virginia,2011-04-01,406200.0,856745.0
Virginia,2011-05-01,409278.0,862236.0
Virginia,2011-06-01,414598.0,871823.0
Virginia,2011-07-01,416749.0,876522.0
Virginia,2011-08-01,422614.0,886725.0
Virginia,2011-09-01,431935.0,904557.0
Virginia,2011-10-01,428663.0,896420.0
Virginia,2011-11-01,432504.0,902803.0
Virginia,2011-12-01,435978.0,908527.0
Virginia,2012-01-01,438208.0,911412.0
Virginia,2012-02-01,439966.0,914445.0
Virginia,2012-03-01,440443.0,914709.0
Virginia,2012-04-01,439751.0,912926.0
Virginia,2012-05-01,440948.0,914236.0
Virginia,2012-06-01,442920.0,917816.0
Virginia,2012-07-01,443968.0,919909.0
Virginia,2012-08-01,447913.0,926872.0
Virginia,2012-09-01,447826.0,926457.0
Virginia,2012-10-01,451865.0,933462.0
Virginia,2012-11-01,453761.0,937224.0
Virginia,2012-12-01,453213.0,936337.0
Virginia,2013-01-01,455073.0,938389.0
Virginia,2013-02-01,456394.0,940712.0
Virginia,2013-03-01,456182.0,939561.0
Virginia,2013-04-01,456540.0,939775.0
Virginia,2013-05-01,457805.0,942648.0
Virginia,2013-06-01,458390.0,944377.0
Virginia,2013-07-01,458606.0,944657.0
Virginia,2013-08-01,460031.0,947445.0
Virginia,2013-09-01,460003.0,946599.0
Virginia,2013-10-01,459380.0,945067.0
Virginia,2013-11-01,456627.0,940065.0
Virginia,2013-12-01,454235.0,935642.0
Virginia,2014-01-01,451425.0,930264.0
Virginia,2014-02-01,449407.0,926704.0
Virginia,2014-03-01,447162.0,922065.0
Virginia,2014-04-01,444740.0,918852.0
Virginia,2014-05-01,440967.0,913672.0
Virginia,2014-06-01,437101.0,908370.0
Virginia,2014-07-01,431772.0,901498.0
Virginia,2014-08-01,427438.0,895829.0
Virginia,2014-09-01,423025.0,888797.0
Virginia,2014-10-01,419316.0,884933.0
Virginia,2014-11-01,415805.0,879175.0
Virginia,2014-12-01,413867.0,876230.0
Virginia,2015-01-01,408690.0,867297.0
Virginia,2015-02-01,401868.0,856500.0
Virginia,2015-03-01,401139.0,855200.0
Virginia,2015-04-01,400467.0,854306.0
Virginia,2015-05-01,398732.0,851735.0
Virginia,2015-06-01,399105.0,851860.0
Virginia,2015-07-01,398166.0,850187.0
Virginia,2015-08-01,397992.0,850011.0
Virginia,2015-09-01,397024.0,847063.0
Virginia,2015-10-01,395713.0,844204.0
Virginia,2015-11-01,395067.0,842957.0
Virginia,2015-12-01,393836.0,840152.0
Virginia,2016-01-01,389959.0,831983.0
Virginia,2016-02-01,389433.0,829722.0
Virginia,2016-03-01,388628.0,827483.0
Virginia,2016-04-01,386097.0,822384.0
Virginia,2016-05-01,384068.0,818601.0
Virginia,2016-06-01,383699.0,817945.0
Virginia,2016-07-01,381763.0,813726.0
Virginia,2016-08-01,382460.0,815137.0
Virginia,2016-09-01,380868.0,811949.0
Virginia,2016-10-01,379353.0,806332.0
Virginia,2016-11-01,378171.0,802068.0
Virginia,2016-12-01,377711.0,798556.0
Virginia,2017-01-01,375250.0,793580.0
Virginia,2017-02-01,376938.0,797149.0
Virginia,2017-03-01,366101.0,770736.0
Virginia,2017-04-01,360799.0,759574.0
Virginia,2017-05-01,360018.0,758361.0
Virginia,2017-06-01,359673.0,758224.0
Virginia,2017-07-01,356236.0,751759.0
Virginia,2017-08-01,358918.0,756517.0
Virginia,2017-09-01,357598.0,753721.0
Virginia,2017-10-01,357405.0,751461.0
Virginia,2017-11-01,357257.0,751846.0
Virginia,2017-12-01,356236.0,748382.0
Virginia,2018-01-01,355121.0,743984.0
Virginia,2018-02-01,353288.0,739279.0
Virginia,2018-03-01,353278.0,736973.0
Virginia,2018-04-01,351524.0,732609.0
Virginia,2018-05-01,350568.0,730593.0
Virginia,2018-06-01,349964.0,729308.0
Virginia,2018-07-01,347961.0,724575.0
Virginia,2018-08-01,348987.0,726202.0
Virginia,2018-09-01,346163.0,719439.0
Virginia,2018-10-01,345364.0,715559.0
Virginia,2018-11-01,345334.0,716022.0
Virginia,2018-12-01,344002.0,711323.0
Virginia,2019-01-01,344477.0,709491.0
Virginia,2019-02-01,49677.0,102350.0
Virginia,2019-03-01,343426.0,704973.0
Virginia,2019-04-01,342330.0,701304.0
Virginia,2019-05-01,341866.0,700353.0
Virginia,2019-06-01,341854.0,700418.0
Virginia,2019-07-01,341153.0,698607.0
Virginia,2019-08-01,341570.0,699837.0
Virginia,2019-09-01,341208.0,698350.0
Virginia,2019-10-01,340406.0,695004.0
Virginia,2019-11-01,338442.0,691545.0
Virginia,2019-12-01,339433.0,693276.0
Virginia,2020-01-01,335459.0,683541.0
Virginia,2020-02-01,333669.0,679702.0
Virginia,2020-03-01,337891.0,687984.0
Virginia,2020-04-01,368664.0,746608.0
Virginia,2020-05-01,380026.0,767020.0
Virginia,2020-06-01,384686.0,773719.0
Virginia,2020-07-01,390134.0,785411.0
Virginia,2020-08-01,388954.0,782261.0
Virginia,2020-09-01,386282.0,778370.0
Virginia,2020-10-01,380758.0,766549.0
Virginia,2020-11-01,376603.0,758435.0
Virginia,2020-12-01,377487.0,759082.0
Virginia,2021-01-01,375206.0,753264.0
Virginia,2021-02-01,378933.0,758962.0
Virginia,2021-03-01,380240.0,759165.0
Virginia,2021-04-01,377687.0,751227.0
Virginia,2021-05-01,376319.0,747502.0
Virginia,2021-06-01,377201.0,748319.0
Virginia,2021-07-01,380740.0,753638.0
Virginia,2021-08-01,372939.0,732956.0
Virginia,2021-09-01,366962.0,720317.0
Virginia,2021-10-01,400291.0,790650.0
Virginia,2021-11-01,379946.0,748963.0
Virginia,2021-12-01,380152.0,750461.0
Virginia,2022-01-01,388229.0,769620.0
Virginia,2022-02-01,392628.0,778753.0
Virginia,2022-03-01,401705.0,795490.0
Virginia,2022-04-01,408343.0,807333.0
Virginia,2022-05-01,411556.0,812586.0
Virginia,2022-06-01,412645.0,813950.0
Virginia,2022-07-01,414014.0,816061.0
Virginia,2022-08-01,419819.0,825660.0
Virginia,2022-09-01,422224.0,826226.0
Virginia,2022-10-01,424669.0,828554.0
Virginia,2022-11-01,427472.0,831064.0
Virginia,2022-12-01,429195.0,832658.0
Virginia,2023-01-01,435617.0,847608.0
Virginia,2023-02-01,436838.0,849421.0
Virginia,2023-03-01,441358.0,857843.0
Virginia,2023-04-01,439798.0,852877.0
Virginia,2023-05-01,440221.0,855287.0
Virginia,2023-06-01,435555.0,846829.0
Virginia,2023-07-01,429956.0,835168.0
Virginia,2023-08-01,433136.0,842563.0
Virginia,2023-09-01,429869.0,833956.0
Virginia,2023-10-01,428217.0,831989.0
Virginia,2023-11-01,426357.0,828330.0
Virginia,2023-12-01,420338.0,815678.0
Virginia,2024-01-01,423355.0,824172.0
Virginia,2024-02-01,423027.0,824939.0
Virginia,2024-03-01,422538.0,822544.0
Virginia,2024-04-01,425171.0,829227.0
Virginia,2024-05-01,429945.0,839353.0
Virginia,2024-06-01,423653.0,824537.0
Virginia,2024-07-01,426449.0,831985.0
Virginia,2024-08-01,429578.0,836993.0
Virginia,2024-09-01,0.0,0.0
Washington,1988-10-01,125977.0,306396.0
Washington,1988-11-01,126509.0,307137.0
Washington,1988-12-01,128865.0,313988.0
Washington,1989-01-01,131280.0,321661.0
Washington,1989-02-01,132620.0,325669.0
Washington,1989-03-01,135527.0,332520.0
Washington,1989-04-01,134901.0,333375.0
Washington,1989-05-01,132954.0,327182.0
Washington,1989-06-01,131607.0,323586.0
Washington,1989-07-01,130663.0,320328.0
Washington,1989-08-01,130735.0,319547.0
Washington,1989-09-01,130212.0,318980.0
Washington,1989-10-01,131359.0,320777.0
Washington,1989-11-01,132770.0,324759.0
Washington,1989-12-01,135494.0,332218.0
Washington,1990-01-01,137720.0,338418.0
Washington,1990-02-01,139406.0,342592.0
Washington,1990-03-01,142722.0,350760.0
Washington,1990-04-01,142986.0,353107.0
Washington,1990-05-01,141351.0,348015.0
Washington,1990-06-01,139978.0,344794.0
Washington,1990-07-01,139314.0,342937.0
Washington,1990-08-01,140252.0,343644.0
Washington,1990-09-01,139508.0,341299.0
Washington,1990-10-01,142576.0,346791.0
Washington,1990-11-01,145468.0,355086.0
Washington,1990-12-01,148919.0,364776.0
Washington,1991-01-01,153807.0,375930.0
Washington,1991-02-01,157525.0,385739.0
Washington,1991-03-01,160942.0,393754.0
Washington,1991-04-01,163286.0,399808.0
Washington,1991-05-01,163211.0,398618.0
Washington,1991-06-01,162976.0,398787.0
Washington,1991-07-01,163088.0,396797.0
Washington,1991-08-01,165345.0,402040.0
Washington,1991-09-01,165102.0,401694.0
Washington,1991-10-01,166856.0,404322.0
Washington,1991-11-01,168900.0,410933.0
Washington,1991-12-01,172850.0,421012.0
Washington,1992-01-01,176543.0,429075.0
Washington,1992-02-01,178799.0,435986.0
Washington,1992-03-01,181712.0,440932.0
Washington,1992-04-01,182771.0,445377.0
Washington,1992-05-01,181148.0,440220.0
Washington,1992-06-01,180706.0,437869.0
Washington,1992-07-01,180459.0,436060.0
Washington,1992-08-01,181740.0,439451.0
Washington,1992-09-01,180762.0,436635.0
Washington,1992-10-01,182844.0,441266.0
Washington,1992-11-01,184663.0,446324.0
Washington,1992-12-01,188264.0,455389.0
Washington,1993-01-01,191056.0,464103.0
Washington,1993-02-01,193053.0,468356.0
Washington,1993-03-01,198036.0,479305.0
Washington,1993-04-01,198332.0,481824.0
Washington,1993-05-01,196189.0,476507.0
Washington,1993-06-01,194808.0,471540.0
Washington,1993-07-01,190135.0,456829.0
Washington,1993-08-01,190301.0,456145.0
Washington,1993-09-01,188944.0,452306.0
Washington,1993-10-01,189178.0,452252.0
Washington,1993-11-01,190851.0,455935.0
Washington,1993-12-01,189178.0,452252.0
Washington,1994-01-01,193113.0,462496.0
Washington,1994-02-01,198305.0,473864.0
Washington,1994-03-01,202581.0,483004.0
Washington,1994-04-01,202744.0,483268.0
Washington,1994-05-01,200926.0,477952.0
Washington,1994-06-01,198947.0,471998.0
Washington,1994-07-01,196913.0,467173.0
Washington,1994-08-01,197289.0,466721.0
Washington,1994-09-01,196975.0,464492.0
Washington,1994-10-01,198144.0,465852.0
Washington,1994-11-01,199812.0,468434.0
Washington,1994-12-01,203319.0,477646.0
Washington,1995-01-01,206306.0,485057.0
Washington,1995-02-01,207102.0,485218.0
Washington,1995-03-01,210036.0,491524.0
Washington,1995-04-01,208512.0,489025.0
Washington,1995-05-01,205776.0,480083.0
Washington,1995-06-01,204265.0,476514.0
Washington,1995-07-01,200546.0,467434.0
Washington,1995-08-01,200120.0,463455.0
Washington,1995-09-01,199166.0,461980.0
Washington,1995-10-01,200243.0,462615.0
Washington,1995-11-01,201965.0,465761.0
Washington,1995-12-01,203414.0,471011.0
Washington,1996-01-01,205836.0,476919.0
Washington,1996-02-01,208088.0,482020.0
Washington,1996-03-01,209527.0,484188.0
Washington,1996-04-01,206562.0,477508.0
Washington,1996-05-01,204519.0,469782.0
Washington,1996-06-01,190382.0,484940.0
Washington,1996-07-01,211712.0,493112.0
Washington,1996-08-01,217559.0,507802.0
Washington,1996-09-01,203641.0,465036.0
Washington,1996-10-01,209142.0,475923.0
Washington,1996-11-01,216739.0,491085.0
Washington,1996-12-01,216135.0,487312.0
Washington,1997-01-01,219122.0,493404.0
Washington,1997-02-01,213848.0,478579.0
Washington,1997-03-01,205631.0,458757.0
Washington,1997-04-01,198881.0,443028.0
Washington,1997-05-01,191960.0,427693.0
Washington,1997-06-01,186174.0,413372.0
Washington,1997-07-01,182122.0,403801.0
Washington,1997-08-01,186513.0,418606.0
Washington,1997-09-01,177387.0,392393.0
Washington,1997-10-01,175493.0,387813.0
Washington,1997-11-01,171948.0,382672.0
Washington,1997-12-01,172430.0,382402.0
Washington,1998-01-01,164780.0,375506.0
Washington,1998-02-01,169428.0,376758.0
Washington,1998-03-01,170389.0,377779.0
Washington,1998-04-01,167410.0,371836.0
Washington,1998-05-01,163902.0,359997.0
Washington,1998-06-01,160934.0,351853.0
Washington,1998-07-01,155090.0,344136.0
Washington,1998-08-01,152614.0,339014.0
Washington,1998-09-01,146371.0,323251.0
Washington,1998-10-01,145815.0,322981.0
Washington,1998-11-01,143839.0,320024.0
Washington,1998-12-01,146751.0,326240.0
Washington,1999-01-01,144635.0,322934.0
Washington,1999-02-01,140926.0,313757.0
Washington,1999-03-01,139397.0,311602.0
Washington,1999-04-01,136349.0,306677.0
Washington,1999-05-01,132748.0,298433.0
Washington,1999-06-01,131135.0,292910.0
Washington,1999-07-01,129651.0,290661.0
Washington,1999-08-01,129063.0,288862.0
Washington,1999-09-01,127778.0,284762.0
Washington,1999-10-01,129031.0,287413.0
Washington,1999-11-01,129813.0,287426.0
Washington,1999-12-01,131675.0,291724.0
Washington,2000-01-01,132695.0,294233.0
Washington,2000-02-01,135984.0,302619.0
Washington,2000-03-01,138685.0,307599.0
Washington,2000-04-01,136345.0,301409.0
Washington,2000-05-01,136350.0,302012.0
Washington,2000-06-01,133750.0,294405.0
Washington,2000-07-01,131406.0,287754.0
Washington,2000-08-01,133219.0,292621.0
Washington,2000-09-01,132821.0,291516.0
Washington,2000-10-01,134283.0,293510.0
Washington,2000-11-01,134569.0,294397.0
Washington,2000-12-01,137732.0,301974.0
Washington,2001-01-01,140538.0,307673.0
Washington,2001-02-01,139545.0,306155.0
Washington,2001-03-01,143963.0,315234.0
Washington,2001-04-01,143237.0,312471.0
Washington,2001-05-01,143780.0,313159.0
Washington,2001-06-01,144320.0,314936.0
Washington,2001-07-01,144120.0,312581.0
Washington,2001-08-01,145248.0,315531.0
Washington,2001-09-01,145305.0,315442.0
Washington,2001-10-01,149146.0,323317.0
Washington,2001-11-01,151889.0,330155.0
Washington,2001-12-01,157841.0,343279.0
Washington,2002-01-01,162957.0,353435.0
Washington,2002-02-01,162790.0,350927.0
Washington,2002-03-01,166327.0,357738.0
Washington,2002-04-01,166080.0,355013.0
Washington,2002-05-01,166533.0,355676.0
Washington,2002-06-01,166930.0,355972.0
Washington,2002-07-01,167722.0,355684.0
Washington,2002-08-01,169836.0,360752.0
Washington,2002-09-01,171704.0,362526.0
Washington,2002-10-01,176689.0,371776.0
Washington,2002-11-01,179023.0,376005.0
Washington,2002-12-01,183730.0,385521.0
Washington,2003-01-01,188642.0,396175.0
Washington,2003-02-01,189747.0,397569.0
Washington,2003-03-01,194495.0,407318.0
Washington,2003-04-01,197090.0,415267.0
Washington,2003-05-01,199244.0,419027.0
Washington,2003-06-01,199567.0,418379.0
Washington,2003-07-01,200425.0,418955.0
Washington,2003-08-01,201052.0,420194.0
Washington,2003-09-01,203114.0,421712.0
Washington,2003-10-01,206423.0,428947.0
Washington,2003-11-01,206755.0,428772.0
Washington,2003-12-01,211354.0,437857.0
Washington,2004-01-01,214554.0,446523.0
Washington,2004-02-01,216261.0,449159.0
Washington,2004-03-01,221637.0,457261.0
Washington,2004-04-01,222441.0,459094.0
Washington,2004-05-01,224397.0,463619.0
Washington,2004-06-01,224661.0,462133.0
Washington,2004-07-01,226723.0,468886.0
Washington,2004-08-01,228015.0,467748.0
Washington,2004-09-01,229764.0,471969.0
Washington,2004-10-01,233772.0,480716.0
Washington,2004-11-01,236723.0,484098.0
Washington,2004-12-01,242184.0,497501.0
Washington,2005-01-01,246131.0,504582.0
Washington,2005-02-01,248910.0,507839.0
Washington,2005-03-01,257834.0,522503.0
Washington,2005-04-01,258348.0,522677.0
Washington,2005-05-01,258142.0,520401.0
Washington,2005-06-01,256924.0,517000.0
Washington,2005-07-01,254734.0,513126.0
Washington,2005-08-01,257028.0,514211.0
Washington,2005-09-01,258723.0,517009.0
Washington,2005-10-01,261458.0,522093.0
Washington,2005-11-01,263247.0,524605.0
Washington,2005-12-01,267297.0,534845.0
Washington,2006-01-01,274228.0,540012.0
Washington,2006-02-01,269348.0,535733.0
Washington,2006-03-01,275263.0,547347.0
Washington,2006-04-01,273180.0,542631.0
Washington,2006-05-01,273236.0,539008.0
Washington,2006-06-01,272583.0,539086.0
Washington,2006-07-01,270564.0,534615.0
Washington,2006-08-01,271781.0,536045.0
Washington,2006-09-01,270234.0,533198.0
Washington,2006-10-01,271398.0,532854.0
Washington,2006-11-01,270229.0,532575.0
Washington,2006-12-01,273176.0,544730.0
Washington,2007-01-01,274919.0,541851.0
Washington,2007-02-01,272344.0,536957.0
Washington,2007-03-01,276885.0,547423.0
Washington,2007-04-01,273560.0,539125.0
Washington,2007-05-01,273249.0,536775.0
Washington,2007-06-01,272655.0,535595.0
Washington,2007-07-01,270268.0,527410.0
Washington,2007-08-01,270609.0,530136.0
Washington,2007-09-01,271962.0,530563.0
Washington,2007-10-01,272795.0,533265.0
Washington,2007-11-01,279622.0,553659.0
Washington,2007-12-01,298755.0,631860.0
Washington,2008-01-01,297222.0,603412.0
Washington,2008-02-01,290310.0,576136.0
Washington,2008-03-01,292699.0,580257.0
Washington,2008-04-01,294666.0,582564.0
Washington,2008-05-01,296140.0,584862.0
Washington,2008-06-01,291120.0,565781.0
Washington,2008-07-01,299104.0,589174.0
Washington,2008-08-01,294436.0,573891.0
Washington,2008-09-01,303308.0,597156.0
Washington,2008-10-01,317733.0,634240.0
Washington,2008-11-01,329126.0,662906.0
Washington,2008-12-01,340376.0,683239.0
Washington,2009-01-01,352766.0,714020.0
Washington,2009-02-01,362212.0,733920.0
Washington,2009-03-01,373287.0,752275.0
Washington,2009-04-01,386262.0,783633.0
Washington,2009-05-01,394624.0,801705.0
Washington,2009-06-01,401838.0,820430.0
Washington,2009-07-01,408554.0,835216.0
Washington,2009-08-01,415464.0,848714.0
Washington,2009-09-01,424601.0,864345.0
Washington,2009-10-01,431777.0,881080.0
Washington,2009-11-01,439498.0,897113.0
Washington,2009-12-01,450032.0,953096.0
Washington,2010-01-01,458709.0,969639.0
Washington,2010-02-01,462941.0,928849.0
Washington,2010-03-01,472155.0,942453.0
Washington,2010-04-01,479400.0,956159.0
Washington,2010-05-01,486811.0,970402.0
Washington,2010-06-01,494192.0,979660.0
Washington,2010-07-01,500290.0,988703.0
Washington,2010-08-01,507296.0,998372.0
Washington,2010-09-01,513308.0,1006518.0
Washington,2010-10-01,518181.0,1015622.0
Washington,2010-11-01,522769.0,1019791.0
Washington,2010-12-01,530329.0,1034304.0
Washington,2011-01-01,535238.0,1043025.0
Washington,2011-02-01,537964.0,1047832.0
Washington,2011-03-01,543079.0,1056106.0
Washington,2011-04-01,547166.0,1064797.0
Washington,2011-05-01,549351.0,1060919.0
Washington,2011-06-01,553334.0,1066531.0
Washington,2011-07-01,556523.0,1075482.0
Washington,2011-08-01,562532.0,1083716.0
Washington,2011-09-01,565925.0,1088193.0
Washington,2011-10-01,569499.0,1095139.0
Washington,2011-11-01,571727.0,1097281.0
Washington,2011-12-01,574391.0,1102830.0
Washington,2012-01-01,574620.0,1099545.0
Washington,2012-02-01,576774.0,1102036.0
Washington,2012-03-01,579682.0,1111501.0
Washington,2012-04-01,580314.0,1111832.0
Washington,2012-05-01,584330.0,1115696.0
Washington,2012-06-01,586341.0,1115286.0
Washington,2012-07-01,586471.0,1111084.0
Washington,2012-08-01,589966.0,1118464.0
Washington,2012-09-01,588411.0,1116382.0
Washington,2012-10-01,589066.0,1112770.0
Washington,2012-11-01,587135.0,1109014.0
Washington,2012-12-01,588212.0,1114742.0
Washington,2013-01-01,590614.0,1117999.0
Washington,2013-02-01,590584.0,1117832.0
Washington,2013-03-01,591941.0,1116250.0
Washington,2013-04-01,591253.0,1111505.0
Washington,2013-05-01,592696.0,1112751.0
Washington,2013-06-01,592002.0,1107066.0
Washington,2013-07-01,593451.0,1112119.0
Washington,2013-08-01,593653.0,1116059.0
Washington,2013-09-01,592743.0,1113184.0
Washington,2013-10-01,592612.0,1113644.0
Washington,2013-11-01,586295.0,1091092.0
Washington,2013-12-01,584570.0,1082598.0
Washington,2014-01-01,586863.0,1088502.0
Washington,2014-02-01,586058.0,1088175.0
Washington,2014-03-01,586285.0,1112524.0
Washington,2014-04-01,586042.0,1105343.0
Washington,2014-05-01,586774.0,1103493.0
Washington,2014-06-01,585207.0,1099975.0
Washington,2014-07-01,582459.0,1094228.0
Washington,2014-08-01,580788.0,1089665.0
Washington,2014-09-01,577301.0,1077374.0
Washington,2014-10-01,578767.0,1083140.0
Washington,2014-11-01,576778.0,1082731.0
Washington,2014-12-01,577737.0,1079737.0
Washington,2015-01-01,578401.0,1145530.0
Washington,2015-02-01,576791.0,1082108.0
Washington,2015-03-01,575160.0,1071764.0
Washington,2015-04-01,572959.0,1063849.0
Washington,2015-05-01,570554.0,1059863.0
Washington,2015-06-01,566704.0,1046925.0
Washington,2015-07-01,565973.0,1046483.0
Washington,2015-08-01,564743.0,1047512.0
Washington,2015-09-01,562566.0,1041550.0
Washington,2015-10-01,562841.0,1043008.0
Washington,2015-11-01,559313.0,1035860.0
Washington,2015-12-01,559139.0,1038748.0
Washington,2016-01-01,557802.0,1036827.0
Washington,2016-02-01,556641.0,1036086.0
Washington,2016-03-01,554734.0,1029246.0
Washington,2016-04-01,544264.0,1013797.0
Washington,2016-05-01,539167.0,1003496.0
Washington,2016-06-01,535829.0,995501.0
Washington,2016-07-01,532303.0,990913.0
Washington,2016-08-01,532718.0,960747.0
Washington,2016-09-01,528419.0,952711.0
Washington,2016-10-01,526638.0,951845.0
Washington,2016-11-01,525267.0,946080.0
Washington,2016-12-01,526263.0,948098.0
Washington,2017-01-01,525837.0,943769.0
Washington,2017-02-01,525654.0,942136.0
Washington,2017-03-01,524525.0,936645.0
Washington,2017-04-01,522120.0,932333.0
Washington,2017-05-01,518658.0,920754.0
Washington,2017-06-01,516897.0,913807.0
Washington,2017-07-01,512488.0,907668.0
Washington,2017-08-01,511684.0,907897.0
Washington,2017-09-01,509940.0,902796.0
Washington,2017-10-01,507179.0,894434.0
Washington,2017-11-01,506665.0,892698.0
Washington,2017-12-01,506725.0,894194.0
Washington,2018-01-01,508684.0,893650.0
Washington,2018-02-01,508038.0,890483.0
Washington,2018-03-01,507010.0,888003.0
Washington,2018-04-01,502419.0,877473.0
Washington,2018-05-01,500273.0,870732.0
Washington,2018-06-01,498479.0,867054.0
Washington,2018-07-01,493608.0,854522.0
Washington,2018-08-01,492935.0,852952.0
Washington,2018-09-01,490400.0,850732.0
Washington,2018-10-01,489477.0,845789.0
Washington,2018-11-01,488863.0,843905.0
Washington,2018-12-01,488059.0,842115.0
Washington,2019-01-01,910221.0,1640632.0
Washington,2019-02-01,67828.0,126444.0
Washington,2019-03-01,480950.0,826184.0
Washington,2019-04-01,479207.0,818771.0
Washington,2019-05-01,478607.0,815496.0
Washington,2019-06-01,476592.0,813948.0
Washington,2019-07-01,475598.0,809551.0
Washington,2019-08-01,475838.0,810037.0
Washington,2019-09-01,473056.0,804663.0
Washington,2019-10-01,472440.0,802305.0
Washington,2019-11-01,470541.0,797097.0
Washington,2019-12-01,470129.0,793616.0
Washington,2020-01-01,471226.0,796876.0
Washington,2020-02-01,470863.0,797442.0
Washington,2020-03-01,471415.0,797246.0
Washington,2020-04-01,530262.0,960064.0
Washington,2020-05-01,527875.0,929111.0
Washington,2020-06-01,532312.0,929624.0
Washington,2020-07-01,537152.0,940841.0
Washington,2020-08-01,537955.0,956647.0
Washington,2020-09-01,535159.0,951090.0
Washington,2020-10-01,529137.0,936301.0
Washington,2020-11-01,523777.0,929584.0
Washington,2020-12-01,542507.0,960448.0
Washington,2021-01-01,550525.0,976504.0
Washington,2021-02-01,569376.0,1016987.0
Washington,2021-03-01,538308.0,961819.0
Washington,2021-04-01,538045.0,953349.0
Washington,2021-05-01,529381.0,914078.0
Washington,2021-06-01,522282.0,894680.0
Washington,2021-07-01,515761.0,883293.0
Washington,2021-08-01,505273.0,862820.0
Washington,2021-09-01,496625.0,846119.0
Washington,2021-10-01,498041.0,858744.0
Washington,2021-11-01,487745.0,841721.0
Washington,2021-12-01,486974.0,841737.0
Washington,2022-01-01,486778.0,848620.0
Washington,2022-02-01,492140.0,856261.0
Washington,2022-03-01,500593.0,867300.0
Washington,2022-04-01,510203.0,882317.0
Washington,2022-05-01,513480.0,887043.0
Washington,2022-06-01,518919.0,896586.0
Washington,2022-07-01,525101.0,907111.0
Washington,2022-08-01,524359.0,906150.0
Washington,2022-09-01,520322.0,900922.0
Washington,2022-10-01,522173.0,916801.0
Washington,2022-11-01,517791.0,901738.0
Washington,2022-12-01,521094.0,908070.0
Washington,2023-01-01,519581.0,905691.0
Washington,2023-02-01,518903.0,904727.0
Washington,2023-03-01,514944.0,904081.0
Washington,2023-04-01,513141.0,900999.0
Washington,2023-05-01,510191.0,891573.0
Washington,2023-06-01,508714.0,888140.0
Washington,2023-07-01,505380.0,882018.0
Washington,2023-08-01,503717.0,875948.0
Washington,2023-09-01,502747.0,875659.0
Washington,2023-10-01,500782.0,873576.0
Washington,2023-11-01,512317.0,871042.0
Washington,2023-12-01,504539.0,880346.0
Washington,2024-01-01,508087.0,883902.0
Washington,2024-02-01,510701.0,886832.0
Washington,2024-03-01,513178.0,889652.0
Washington,2024-04-01,514456.0,887954.0
Washington,2024-05-01,517663.0,892304.0
Washington,2024-06-01,518320.0,894394.0
Washington,2024-07-01,519350.0,895356.0
Washington,2024-08-01,523109.0,902804.0
Washington,2024-09-01,0.0,0.0
West Virginia,1988-10-01,90828.0,251290.0
West Virginia,1988-11-01,91005.0,251512.0
West Virginia,1988-12-01,94044.0,260336.0
West Virginia,1989-01-01,95260.0,263668.0
West Virginia,1989-02-01,95235.0,263817.0
West Virginia,1989-03-01,96565.0,267320.0
West Virginia,1989-04-01,95594.0,264332.0
West Virginia,1989-05-01,94698.0,260903.0
West Virginia,1989-06-01,93920.0,258388.0
West Virginia,1989-07-01,93329.0,256646.0
West Virginia,1989-08-01,93907.0,257470.0
West Virginia,1989-09-01,93245.0,255058.0
West Virginia,1989-10-01,93809.0,255641.0
West Virginia,1989-11-01,94028.0,255936.0
West Virginia,1989-12-01,96058.0,261422.0
West Virginia,1990-01-01,97709.0,266577.0
West Virginia,1990-02-01,97408.0,265436.0
West Virginia,1990-03-01,99158.0,270027.0
West Virginia,1990-04-01,98305.0,267202.0
West Virginia,1990-05-01,96844.0,261821.0
West Virginia,1990-06-01,96609.0,261033.0
West Virginia,1990-07-01,96113.0,259544.0
West Virginia,1990-08-01,95814.0,257380.0
West Virginia,1990-09-01,96542.0,259377.0
West Virginia,1990-10-01,97537.0,261316.0
West Virginia,1990-11-01,99061.0,265804.0
West Virginia,1990-12-01,100140.0,268852.0
West Virginia,1991-01-01,103604.0,278437.0
West Virginia,1991-02-01,105004.0,283102.0
West Virginia,1991-03-01,106867.0,288420.0
West Virginia,1991-04-01,107393.0,290294.0
West Virginia,1991-05-01,105769.0,284590.0
West Virginia,1991-06-01,105624.0,283877.0
West Virginia,1991-07-01,106139.0,283411.0
West Virginia,1991-08-01,107864.0,288165.0
West Virginia,1991-09-01,109485.0,292291.0
West Virginia,1991-10-01,110706.0,294494.0
West Virginia,1991-11-01,114317.0,305182.0
West Virginia,1991-12-01,115639.0,307074.0
West Virginia,1992-01-01,117072.0,310178.0
West Virginia,1992-02-01,118051.0,313279.0
West Virginia,1992-03-01,119140.0,314415.0
West Virginia,1992-04-01,118428.0,313765.0
West Virginia,1992-05-01,118368.0,312753.0
West Virginia,1992-06-01,118186.0,311726.0
West Virginia,1992-07-01,117897.0,309786.0
West Virginia,1992-08-01,118409.0,310970.0
West Virginia,1992-09-01,119463.0,311655.0
West Virginia,1992-10-01,120840.0,315911.0
West Virginia,1992-11-01,120449.0,315705.0
West Virginia,1992-12-01,122691.0,319860.0
West Virginia,1993-01-01,124378.0,324640.0
West Virginia,1993-02-01,125210.0,326297.0
West Virginia,1993-03-01,127126.0,331672.0
West Virginia,1993-04-01,127406.0,332437.0
West Virginia,1993-05-01,125559.0,326412.0
West Virginia,1993-06-01,124032.0,320636.0
West Virginia,1993-07-01,123707.0,320358.0
West Virginia,1993-08-01,123711.0,319074.0
West Virginia,1993-09-01,123488.0,316763.0
West Virginia,1993-10-01,124750.0,319915.0
West Virginia,1993-11-01,126353.0,323149.0
West Virginia,1993-12-01,126242.0,322623.0
West Virginia,1994-01-01,128389.0,329904.0
West Virginia,1994-02-01,127774.0,327736.0
West Virginia,1994-03-01,129905.0,333260.0
West Virginia,1994-04-01,128133.0,327805.0
West Virginia,1994-05-01,126544.0,322418.0
West Virginia,1994-06-01,124621.0,315814.0
West Virginia,1994-07-01,123322.0,312891.0
West Virginia,1994-08-01,123433.0,311790.0
West Virginia,1994-09-01,122831.0,309256.0
West Virginia,1994-10-01,122884.0,308884.0
West Virginia,1994-11-01,122667.0,307357.0
West Virginia,1994-12-01,124896.0,313950.0
West Virginia,1995-01-01,125588.0,315872.0
West Virginia,1995-02-01,125365.0,315268.0
West Virginia,1995-03-01,125196.0,314826.0
West Virginia,1995-04-01,123433.0,309673.0
West Virginia,1995-05-01,122853.0,307854.0
West Virginia,1995-06-01,121447.0,304174.0
West Virginia,1995-07-01,120180.0,300789.0
West Virginia,1995-08-01,120930.0,302404.0
West Virginia,1995-09-01,120704.0,301008.0
West Virginia,1995-10-01,120679.0,300302.0
West Virginia,1995-11-01,120824.0,300033.0
West Virginia,1995-12-01,121012.0,301009.0
West Virginia,1996-01-01,122418.0,304714.0
West Virginia,1996-02-01,123009.0,306931.0
West Virginia,1996-03-01,122493.0,304549.0
West Virginia,1996-04-01,122231.0,303634.0
West Virginia,1996-05-01,120569.0,299105.0
West Virginia,1996-06-01,119026.0,295085.0
West Virginia,1996-07-01,119121.0,294594.0
West Virginia,1996-08-01,118901.0,293122.0
West Virginia,1996-09-01,119190.0,293545.0
West Virginia,1996-10-01,119092.0,292577.0
West Virginia,1996-11-01,118647.0,291231.0
West Virginia,1996-12-01,119945.0,294564.0
West Virginia,1997-01-01,118909.0,291943.0
West Virginia,1997-02-01,118871.0,291579.0
West Virginia,1997-03-01,118773.0,291139.0
West Virginia,1997-04-01,118060.0,288831.0
West Virginia,1997-05-01,116098.0,284584.0
West Virginia,1997-06-01,115863.0,283862.0
West Virginia,1997-07-01,114057.0,279105.0
West Virginia,1997-08-01,113298.0,276791.0
West Virginia,1997-09-01,113929.0,278210.0
West Virginia,1997-10-01,113519.0,277275.0
West Virginia,1997-11-01,112853.0,275673.0
West Virginia,1997-12-01,112935.0,276111.0
West Virginia,1998-01-01,111826.0,272673.0
West Virginia,1998-02-01,116764.0,286632.0
West Virginia,1998-03-01,111889.0,273298.0
West Virginia,1998-04-01,110745.0,270397.0
West Virginia,1998-05-01,108784.0,265290.0
West Virginia,1998-06-01,107846.0,262634.0
West Virginia,1998-07-01,106040.0,257976.0
West Virginia,1998-08-01,105643.0,257236.0
West Virginia,1998-09-01,104969.0,254490.0
West Virginia,1998-10-01,104098.0,251767.0
West Virginia,1998-11-01,104521.0,252945.0
West Virginia,1998-12-01,104166.0,250995.0
West Virginia,1999-01-01,104923.0,252796.0
West Virginia,1999-02-01,104816.0,252654.0
West Virginia,1999-03-01,106282.0,255566.0
West Virginia,1999-04-01,103083.0,247495.0
West Virginia,1999-05-01,102857.0,247132.0
West Virginia,1999-06-01,102402.0,245239.0
West Virginia,1999-07-01,99402.0,236754.0
West Virginia,1999-08-01,99553.0,237805.0
West Virginia,1999-09-01,98991.0,235838.0
West Virginia,1999-10-01,98041.0,232437.0
West Virginia,1999-11-01,98219.0,232930.0
West Virginia,1999-12-01,98896.0,234717.0
West Virginia,2000-01-01,96811.0,229301.0
West Virginia,2000-02-01,97498.0,230579.0
West Virginia,2000-03-01,97548.0,229583.0
West Virginia,2000-04-01,95377.0,224376.0
West Virginia,2000-05-01,95356.0,224377.0
West Virginia,2000-06-01,93320.0,218980.0
West Virginia,2000-07-01,93901.0,221414.0
West Virginia,2000-08-01,94309.0,222699.0
West Virginia,2000-09-01,93882.0,221365.0
West Virginia,2000-10-01,94063.0,220738.0
West Virginia,2000-11-01,93108.0,218061.0
West Virginia,2000-12-01,93472.0,218076.0
West Virginia,2001-01-01,95502.0,223134.0
West Virginia,2001-02-01,93876.0,218938.0
West Virginia,2001-03-01,94442.0,219037.0
West Virginia,2001-04-01,93218.0,216354.0
West Virginia,2001-05-01,93920.0,218379.0
West Virginia,2001-06-01,93142.0,216094.0
West Virginia,2001-07-01,101770.0,240080.0
West Virginia,2001-08-01,95359.0,223324.0
West Virginia,2001-09-01,95653.0,224112.0
West Virginia,2001-10-01,98661.0,231590.0
West Virginia,2001-11-01,98060.0,230481.0
West Virginia,2001-12-01,98606.0,231674.0
West Virginia,2002-01-01,100347.0,234854.0
West Virginia,2002-02-01,98665.0,230664.0
West Virginia,2002-03-01,100147.0,234619.0
West Virginia,2002-04-01,100181.0,235154.0
West Virginia,2002-05-01,107855.0,255192.0
West Virginia,2002-06-01,99594.0,233538.0
West Virginia,2002-07-01,100259.0,235723.0
West Virginia,2002-08-01,100332.0,236377.0
West Virginia,2002-09-01,101603.0,238960.0
West Virginia,2002-10-01,102727.0,241332.0
West Virginia,2002-11-01,102975.0,242013.0
West Virginia,2002-12-01,104339.0,244303.0
West Virginia,2003-01-01,104138.0,243906.0
West Virginia,2003-02-01,106218.0,249576.0
West Virginia,2003-03-01,107329.0,251220.0
West Virginia,2003-04-01,106035.0,248596.0
West Virginia,2003-05-01,105181.0,246700.0
West Virginia,2003-06-01,105963.0,248033.0
West Virginia,2003-07-01,105696.0,247911.0
West Virginia,2003-08-01,106281.0,248994.0
West Virginia,2003-09-01,107502.0,250093.0
West Virginia,2003-10-01,108216.0,252959.0
West Virginia,2003-11-01,109049.0,254706.0
West Virginia,2003-12-01,108932.0,253360.0
West Virginia,2004-01-01,109430.0,255269.0
West Virginia,2004-02-01,110560.0,257591.0
West Virginia,2004-03-01,112343.0,261758.0
West Virginia,2004-04-01,110928.0,256988.0
West Virginia,2004-05-01,106430.0,245534.0
West Virginia,2004-06-01,111766.0,259386.0
West Virginia,2004-07-01,110304.0,256005.0
West Virginia,2004-08-01,111549.0,259071.0
West Virginia,2004-09-01,111600.0,258609.0
West Virginia,2004-10-01,111707.0,258444.0
West Virginia,2004-11-01,112544.0,260319.0
West Virginia,2004-12-01,113469.0,262163.0
West Virginia,2005-01-01,114203.0,263066.0
West Virginia,2005-02-01,113585.0,261232.0
West Virginia,2005-03-01,114381.0,262754.0
West Virginia,2005-04-01,113748.0,261691.0
West Virginia,2005-05-01,114047.0,261917.0
West Virginia,2005-06-01,114625.0,263683.0
West Virginia,2005-07-01,113948.0,261333.0
West Virginia,2005-08-01,115842.0,266510.0
West Virginia,2005-09-01,116358.0,266190.0
West Virginia,2005-10-01,117899.0,269122.0
West Virginia,2005-11-01,118820.0,271230.0
West Virginia,2005-12-01,118000.0,268156.0
West Virginia,2006-01-01,119087.0,269790.0
West Virginia,2006-02-01,118026.0,267035.0
West Virginia,2006-03-01,118599.0,267562.0
West Virginia,2006-04-01,117818.0,266087.0
West Virginia,2006-05-01,117729.0,265254.0
West Virginia,2006-06-01,117871.0,265987.0
West Virginia,2006-07-01,118318.0,266659.0
West Virginia,2006-08-01,118472.0,267138.0
West Virginia,2006-09-01,118750.0,267536.0
West Virginia,2006-10-01,119565.0,268708.0
West Virginia,2006-11-01,119294.0,267969.0
West Virginia,2006-12-01,119914.0,269389.0
West Virginia,2007-01-01,121176.0,271520.0
West Virginia,2007-02-01,119865.0,268684.0
West Virginia,2007-03-01,119927.0,268282.0
West Virginia,2007-04-01,119971.0,268624.0
West Virginia,2007-05-01,119501.0,267535.0
West Virginia,2007-06-01,120255.0,269324.0
West Virginia,2007-07-01,120574.0,270157.0
West Virginia,2007-08-01,120780.0,271237.0
West Virginia,2007-09-01,120793.0,270690.0
West Virginia,2007-10-01,122380.0,273852.0
West Virginia,2007-11-01,121383.0,270937.0
West Virginia,2007-12-01,122736.0,274490.0
West Virginia,2008-01-01,123654.0,275798.0
West Virginia,2008-02-01,122877.0,274487.0
West Virginia,2008-03-01,124308.0,277157.0
West Virginia,2008-04-01,125016.0,279012.0
West Virginia,2008-05-01,123962.0,275796.0
West Virginia,2008-06-01,125406.0,278713.0
West Virginia,2008-07-01,125082.0,278218.0
West Virginia,2008-08-01,126328.0,281727.0
West Virginia,2008-09-01,127061.0,281414.0
West Virginia,2008-10-01,129270.0,285242.0
West Virginia,2008-11-01,129943.0,287730.0
West Virginia,2008-12-01,133446.0,295025.0
West Virginia,2009-01-01,132436.0,291561.0
West Virginia,2009-02-01,135307.0,299604.0
West Virginia,2009-03-01,137401.0,303587.0
West Virginia,2009-04-01,139652.0,309833.0
West Virginia,2009-05-01,141161.0,313543.0
West Virginia,2009-06-01,142343.0,315938.0
West Virginia,2009-07-01,143169.0,318290.0
West Virginia,2009-08-01,145566.0,324217.0
West Virginia,2009-09-01,147146.0,326946.0
West Virginia,2009-10-01,147463.0,326659.0
West Virginia,2009-11-01,149906.0,332365.0
West Virginia,2009-12-01,162769.0,364573.0
West Virginia,2010-01-01,154615.0,341424.0
West Virginia,2010-02-01,153040.0,337656.0
West Virginia,2010-03-01,154977.0,341025.0
West Virginia,2010-04-01,153819.0,338100.0
West Virginia,2010-05-01,154862.0,339910.0
West Virginia,2010-06-01,155918.0,341647.0
West Virginia,2010-07-01,155858.0,340840.0
West Virginia,2010-08-01,157803.0,345906.0
West Virginia,2010-09-01,157604.0,343764.0
West Virginia,2010-10-01,158501.0,344644.0
West Virginia,2010-11-01,159389.0,345683.0
West Virginia,2010-12-01,161088.0,348880.0
West Virginia,2011-01-01,159609.0,343763.0
West Virginia,2011-02-01,160473.0,345786.0
West Virginia,2011-03-01,160449.0,344581.0
West Virginia,2011-04-01,160210.0,344400.0
West Virginia,2011-05-01,161258.0,345501.0
West Virginia,2011-06-01,161114.0,345169.0
West Virginia,2011-07-01,161328.0,346088.0
West Virginia,2011-08-01,162731.0,349232.0
West Virginia,2011-09-01,162502.0,347738.0
West Virginia,2011-10-01,163339.0,347064.0
West Virginia,2011-11-01,163029.0,346387.0
West Virginia,2011-12-01,163192.0,345833.0
West Virginia,2012-01-01,164612.0,347986.0
West Virginia,2012-02-01,162805.0,344066.0
West Virginia,2012-03-01,162691.0,342678.0
West Virginia,2012-04-01,161618.0,340365.0
West Virginia,2012-05-01,161830.0,341384.0
West Virginia,2012-06-01,162148.0,341853.0
West Virginia,2012-07-01,170933.0,362023.0
West Virginia,2012-08-01,167257.0,354395.0
West Virginia,2012-09-01,164953.0,347956.0
West Virginia,2012-10-01,165779.0,349450.0
West Virginia,2012-11-01,166829.0,350217.0
West Virginia,2012-12-01,165840.0,349754.0
West Virginia,2013-01-01,167986.0,352352.0
West Virginia,2013-02-01,166410.0,349853.0
West Virginia,2013-03-01,166724.0,349481.0
West Virginia,2013-04-01,166461.0,349325.0
West Virginia,2013-05-01,166442.0,349169.0
West Virginia,2013-06-01,166417.0,348273.0
West Virginia,2013-07-01,167018.0,350303.0
West Virginia,2013-08-01,168774.0,355048.0
West Virginia,2013-09-01,169487.0,355120.0
West Virginia,2013-10-01,170548.0,356349.0
West Virginia,2013-11-01,170791.0,356038.0
West Virginia,2013-12-01,170842.0,354760.0
West Virginia,2014-01-01,171381.0,353507.0
West Virginia,2014-02-01,175372.0,362133.0
West Virginia,2014-03-01,176566.0,362392.0
West Virginia,2014-04-01,177764.0,364798.0
West Virginia,2014-05-01,177426.0,362759.0
West Virginia,2014-06-01,180055.0,368825.0
West Virginia,2014-07-01,180588.0,369840.0
West Virginia,2014-08-01,180160.0,369360.0
West Virginia,2014-09-01,180851.0,369249.0
West Virginia,2014-10-01,180853.0,367993.0
West Virginia,2014-11-01,180440.0,366492.0
West Virginia,2014-12-01,181657.0,367943.0
West Virginia,2015-01-01,182600.0,369156.0
West Virginia,2015-02-01,182566.0,369201.0
West Virginia,2015-03-01,185165.0,374145.0
West Virginia,2015-04-01,183153.0,370039.0
West Virginia,2015-05-01,182415.0,368144.0
West Virginia,2015-06-01,182427.0,368477.0
West Virginia,2015-07-01,182727.0,369447.0
West Virginia,2015-08-01,179914.0,362549.0
West Virginia,2015-09-01,179616.0,361313.0
West Virginia,2015-10-01,178848.0,359001.0
West Virginia,2015-11-01,179272.0,359648.0
West Virginia,2015-12-01,180616.0,362034.0
West Virginia,2016-01-01,178751.0,357398.0
West Virginia,2016-02-01,179432.0,358961.0
West Virginia,2016-03-01,179278.0,358559.0
West Virginia,2016-04-01,179532.0,358951.0
West Virginia,2016-05-01,177462.0,355622.0
West Virginia,2016-06-01,175327.0,352351.0
West Virginia,2016-07-01,180391.0,363527.0
West Virginia,2016-08-01,175421.0,352925.0
West Virginia,2016-09-01,174961.0,351391.0
West Virginia,2016-10-01,174820.0,350474.0
West Virginia,2016-11-01,173570.0,346432.0
West Virginia,2016-12-01,172707.0,343485.0
West Virginia,2017-01-01,173278.0,343840.0
West Virginia,2017-02-01,172555.0,342011.0
West Virginia,2017-03-01,172711.0,341407.0
West Virginia,2017-04-01,171934.0,339326.0
West Virginia,2017-05-01,171522.0,338117.0
West Virginia,2017-06-01,170843.0,336584.0
West Virginia,2017-07-01,169497.0,333633.0
West Virginia,2017-08-01,169912.0,334464.0
West Virginia,2017-09-01,169612.0,333919.0
West Virginia,2017-10-01,168536.0,330209.0
West Virginia,2017-11-01,167390.0,326891.0
West Virginia,2017-12-01,166391.0,324612.0
West Virginia,2018-01-01,167918.0,326123.0
West Virginia,2018-02-01,165815.0,322186.0
West Virginia,2018-03-01,166253.0,322615.0
West Virginia,2018-04-01,165189.0,319732.0
West Virginia,2018-05-01,164204.0,317809.0
West Virginia,2018-06-01,163326.0,315761.0
West Virginia,2018-07-01,162875.0,314565.0
West Virginia,2018-08-01,163348.0,316195.0
West Virginia,2018-09-01,163296.0,315408.0
West Virginia,2018-10-01,162244.0,311863.0
West Virginia,2018-11-01,161116.0,309086.0
West Virginia,2018-12-01,159867.0,305468.0
West Virginia,2019-01-01,163826.0,314042.0
West Virginia,2019-02-01,10927.0,22907.0
West Virginia,2019-03-01,159568.0,303538.0
West Virginia,2019-04-01,158856.0,302044.0
West Virginia,2019-05-01,159008.0,302274.0
West Virginia,2019-06-01,159975.0,304345.0
West Virginia,2019-07-01,159699.0,303102.0
West Virginia,2019-08-01,160602.0,305640.0
West Virginia,2019-09-01,161612.0,307638.0
West Virginia,2019-10-01,161999.0,307404.0
West Virginia,2019-11-01,161116.0,305334.0
West Virginia,2019-12-01,161043.0,304658.0
West Virginia,2020-01-01,162147.0,306625.0
West Virginia,2020-02-01,160446.0,303583.0
West Virginia,2020-03-01,160498.0,303032.0
West Virginia,2020-04-01,167528.0,317622.0
West Virginia,2020-05-01,168122.0,317577.0
West Virginia,2020-06-01,163048.0,301899.0
West Virginia,2020-07-01,162813.0,300155.0
West Virginia,2020-08-01,162080.0,301459.0
West Virginia,2020-09-01,162544.0,305262.0
West Virginia,2020-10-01,160696.0,303249.0
West Virginia,2020-11-01,160549.0,303358.0
West Virginia,2020-12-01,160614.0,304116.0
West Virginia,2021-01-01,161150.0,304249.0
West Virginia,2021-02-01,164501.0,308458.0
West Virginia,2021-03-01,162263.0,303737.0
West Virginia,2021-04-01,161456.0,305271.0
West Virginia,2021-05-01,160625.0,300027.0
West Virginia,2021-06-01,161072.0,300801.0
West Virginia,2021-07-01,160028.0,298499.0
West Virginia,2021-08-01,160172.0,297141.0
West Virginia,2021-09-01,161682.0,300420.0
West Virginia,2021-10-01,161439.0,299037.0
West Virginia,2021-11-01,164297.0,305209.0
West Virginia,2021-12-01,163276.0,303347.0
West Virginia,2022-01-01,163981.0,304430.0
West Virginia,2022-02-01,164063.0,304659.0
West Virginia,2022-03-01,167583.0,313719.0
West Virginia,2022-04-01,167390.0,312813.0
West Virginia,2022-05-01,166208.0,308015.0
West Virginia,2022-06-01,169457.0,317164.0
West Virginia,2022-07-01,168066.0,314653.0
West Virginia,2022-08-01,172727.0,323586.0
West Virginia,2022-09-01,173722.0,323913.0
West Virginia,2022-10-01,173691.0,323477.0
West Virginia,2022-11-01,173589.0,323468.0
West Virginia,2022-12-01,173604.0,323410.0
West Virginia,2023-01-01,175002.0,325508.0
West Virginia,2023-02-01,175147.0,326010.0
West Virginia,2023-03-01,164564.0,305175.0
West Virginia,2023-04-01,163376.0,302467.0
West Virginia,2023-05-01,162281.0,300706.0
West Virginia,2023-06-01,158676.0,293550.0
West Virginia,2023-07-01,156146.0,289426.0
West Virginia,2023-08-01,156757.0,292143.0
West Virginia,2023-09-01,148073.0,281568.0
West Virginia,2023-10-01,148954.0,281008.0
West Virginia,2023-11-01,147455.0,277949.0
West Virginia,2023-12-01,145805.0,272594.0
West Virginia,2024-01-01,146928.0,275104.0
West Virginia,2024-02-01,147522.0,276005.0
West Virginia,2024-03-01,148314.0,277477.0
West Virginia,2024-04-01,148920.0,278265.0
West Virginia,2024-05-01,149777.0,280551.0
West Virginia,2024-06-01,148108.0,276772.0
West Virginia,2024-07-01,147735.0,276774.0
West Virginia,2024-08-01,148943.0,280080.0
West Virginia,2024-09-01,0.0,0.0
Wisconsin,1988-10-01,101117.0,296767.0
Wisconsin,1988-11-01,99807.0,292145.0
Wisconsin,1988-12-01,100513.0,294050.0
Wisconsin,1989-01-01,101312.0,296037.0
Wisconsin,1989-02-01,100730.0,293325.0
Wisconsin,1989-03-01,102036.0,297779.0
Wisconsin,1989-04-01,101350.0,296125.0
Wisconsin,1989-05-01,98748.0,288079.0
Wisconsin,1989-06-01,98343.0,287427.0
Wisconsin,1989-07-01,97225.0,284353.0
Wisconsin,1989-08-01,96117.0,280511.0
Wisconsin,1989-09-01,96659.0,282934.0
Wisconsin,1989-10-01,96643.0,281791.0
Wisconsin,1989-11-01,96123.0,280153.0
Wisconsin,1989-12-01,97021.0,283570.0
Wisconsin,1990-01-01,98723.0,288546.0
Wisconsin,1990-02-01,99302.0,289530.0
Wisconsin,1990-03-01,100880.0,294597.0
Wisconsin,1990-04-01,100919.0,294773.0
Wisconsin,1990-05-01,98323.0,286714.0
Wisconsin,1990-06-01,98071.0,286936.0
Wisconsin,1990-07-01,97071.0,283490.0
Wisconsin,1990-08-01,95242.0,279154.0
Wisconsin,1990-09-01,95405.0,280631.0
Wisconsin,1990-10-01,94792.0,278325.0
Wisconsin,1990-11-01,96575.0,284372.0
Wisconsin,1990-12-01,96791.0,285151.0
Wisconsin,1991-01-01,98886.0,289813.0
Wisconsin,1991-02-01,100817.0,296382.0
Wisconsin,1991-03-01,102167.0,299110.0
Wisconsin,1991-04-01,103305.0,302777.0
Wisconsin,1991-05-01,102305.0,298705.0
Wisconsin,1991-06-01,102757.0,300573.0
Wisconsin,1991-07-01,101117.0,294842.0
Wisconsin,1991-08-01,102937.0,300867.0
Wisconsin,1991-09-01,103038.0,301147.0
Wisconsin,1991-10-01,103272.0,300736.0
Wisconsin,1991-11-01,105459.0,307608.0
Wisconsin,1991-12-01,106607.0,308610.0
Wisconsin,1992-01-01,128081.0,341977.0
Wisconsin,1992-02-01,129269.0,345631.0
Wisconsin,1992-03-01,130726.0,346678.0
Wisconsin,1992-04-01,131966.0,350500.0
Wisconsin,1992-05-01,131136.0,347407.0
Wisconsin,1992-06-01,130638.0,345518.0
Wisconsin,1992-07-01,128553.0,339679.0
Wisconsin,1992-08-01,127613.0,339986.0
Wisconsin,1992-09-01,124858.0,333389.0
Wisconsin,1992-10-01,126002.0,338319.0
Wisconsin,1992-11-01,125499.0,337541.0
Wisconsin,1992-12-01,123998.0,331887.0
Wisconsin,1993-01-01,126595.0,340728.0
Wisconsin,1993-02-01,125443.0,337022.0
Wisconsin,1993-03-01,128075.0,344267.0
Wisconsin,1993-04-01,127926.0,344408.0
Wisconsin,1993-05-01,126596.0,340420.0
Wisconsin,1993-06-01,124800.0,334358.0
Wisconsin,1993-07-01,124681.0,335921.0
Wisconsin,1993-08-01,123912.0,334163.0
Wisconsin,1993-09-01,121938.0,328768.0
Wisconsin,1993-10-01,122794.0,332906.0
Wisconsin,1993-11-01,122196.0,331247.0
Wisconsin,1993-12-01,121260.0,327244.0
Wisconsin,1994-01-01,122600.0,332323.0
Wisconsin,1994-02-01,120655.0,325866.0
Wisconsin,1994-03-01,123400.0,334900.0
Wisconsin,1994-04-01,121700.0,329400.0
Wisconsin,1994-05-01,121300.0,328300.0
Wisconsin,1994-06-01,121300.0,328300.0
Wisconsin,1994-07-01,120700.0,326800.0
Wisconsin,1994-08-01,122100.0,330700.0
Wisconsin,1994-09-01,121700.0,329700.0
Wisconsin,1994-10-01,122600.0,332000.0
Wisconsin,1994-11-01,120300.0,325800.0
Wisconsin,1994-12-01,120706.0,324281.0
Wisconsin,1995-01-01,121470.0,326683.0
Wisconsin,1995-02-01,119764.0,321080.0
Wisconsin,1995-03-01,121284.0,326641.0
Wisconsin,1995-04-01,120317.0,325191.0
Wisconsin,1995-05-01,117228.0,315515.0
Wisconsin,1995-06-01,116953.0,315635.0
Wisconsin,1995-07-01,115444.0,312581.0
Wisconsin,1995-08-01,114145.0,308307.0
Wisconsin,1995-09-01,113435.0,307986.0
Wisconsin,1995-10-01,113419.0,307953.0
Wisconsin,1995-11-01,109404.0,297065.0
Wisconsin,1995-12-01,109091.0,296474.0
Wisconsin,1996-01-01,108772.0,295615.0
Wisconsin,1996-02-01,107392.0,291564.0
Wisconsin,1996-03-01,107041.0,291350.0
Wisconsin,1996-04-01,106473.0,289387.0
Wisconsin,1996-05-01,102307.0,277021.0
Wisconsin,1996-06-01,100456.0,271858.0
Wisconsin,1996-07-01,97868.0,263141.0
Wisconsin,1996-08-01,97115.0,261957.0
Wisconsin,1996-09-01,95008.0,255669.0
Wisconsin,1996-10-01,94853.0,254101.0
Wisconsin,1996-11-01,94843.0,251975.0
Wisconsin,1996-12-01,91702.0,246023.0
Wisconsin,1997-01-01,91118.0,244260.0
Wisconsin,1997-02-01,90621.0,243205.0
Wisconsin,1997-03-01,88278.0,235497.0
Wisconsin,1997-04-01,87362.0,232841.0
Wisconsin,1997-05-01,85519.0,226775.0
Wisconsin,1997-06-01,83980.0,221761.0
Wisconsin,1997-07-01,81191.0,212987.0
Wisconsin,1997-08-01,79853.0,209453.0
Wisconsin,1997-09-01,79016.0,206359.0
Wisconsin,1997-10-01,77706.0,202849.0
Wisconsin,1997-11-01,78716.0,204772.0
Wisconsin,1997-12-01,78716.0,204763.0
Wisconsin,1998-01-01,78744.0,204155.0
Wisconsin,1998-02-01,77585.0,200121.0
Wisconsin,1998-03-01,76620.0,196249.0
Wisconsin,1998-04-01,75453.0,192098.0
Wisconsin,1998-05-01,73885.0,188123.0
Wisconsin,1998-06-01,72884.0,184744.0
Wisconsin,1998-07-01,71691.0,181049.0
Wisconsin,1998-08-01,71391.0,173979.0
Wisconsin,1998-09-01,70458.0,181741.0
Wisconsin,1998-10-01,70895.0,182758.0
Wisconsin,1998-11-01,71364.0,183968.0
Wisconsin,1998-12-01,71382.0,183752.0
Wisconsin,1999-01-01,72108.0,184938.0
Wisconsin,1999-02-01,72358.0,184884.0
Wisconsin,1999-03-01,72677.0,184450.0
Wisconsin,1999-04-01,71738.0,181236.0
Wisconsin,1999-05-01,71165.0,179255.0
Wisconsin,1999-06-01,71175.0,179207.0
Wisconsin,1999-07-01,71031.0,178913.0
Wisconsin,1999-08-01,71928.0,181426.0
Wisconsin,1999-09-01,72125.0,181688.0
Wisconsin,1999-10-01,72331.0,182223.0
Wisconsin,1999-11-01,73100.0,183722.0
Wisconsin,1999-12-01,73872.0,185519.0
Wisconsin,2000-01-01,75297.0,189549.0
Wisconsin,2000-02-01,76264.0,191765.0
Wisconsin,2000-03-01,77371.0,194700.0
Wisconsin,2000-04-01,77267.0,194451.0
Wisconsin,2000-05-01,77731.0,195968.0
Wisconsin,2000-06-01,78222.0,197205.0
Wisconsin,2000-07-01,78506.0,198071.0
Wisconsin,2000-08-01,79764.0,201431.0
Wisconsin,2000-09-01,79870.0,201647.0
Wisconsin,2000-10-01,81524.0,205368.0
Wisconsin,2000-11-01,81481.0,204659.0
Wisconsin,2000-12-01,80888.0,202682.0
Wisconsin,2001-01-01,83678.0,209259.0
Wisconsin,2001-02-01,84384.0,210178.0
Wisconsin,2001-03-01,86168.0,214042.0
Wisconsin,2001-04-01,86889.0,215907.0
Wisconsin,2001-05-01,87229.0,216344.0
Wisconsin,2001-06-01,87558.0,217436.0
Wisconsin,2001-07-01,89755.0,223156.0
Wisconsin,2001-08-01,93266.0,231379.0
Wisconsin,2001-09-01,96240.0,239022.0
Wisconsin,2001-10-01,99944.0,247916.0
Wisconsin,2001-11-01,101486.0,251746.0
Wisconsin,2001-12-01,101919.0,252332.0
Wisconsin,2002-01-01,104297.0,257477.0
Wisconsin,2002-02-01,105266.0,259537.0
Wisconsin,2002-03-01,106306.0,262638.0
Wisconsin,2002-04-01,107426.0,265745.0
Wisconsin,2002-05-01,107233.0,265812.0
Wisconsin,2002-06-01,106959.0,265657.0
Wisconsin,2002-07-01,108236.0,268893.0
Wisconsin,2002-08-01,109017.0,272576.0
Wisconsin,2002-09-01,110871.0,277387.0
Wisconsin,2002-10-01,113102.0,282007.0
Wisconsin,2002-11-01,113879.0,283620.0
Wisconsin,2002-12-01,114604.0,284907.0
Wisconsin,2003-01-01,116978.0,290724.0
Wisconsin,2003-02-01,117801.0,292631.0
Wisconsin,2003-03-01,118898.0,295671.0
Wisconsin,2003-04-01,120609.0,299067.0
Wisconsin,2003-05-01,121086.0,300436.0
Wisconsin,2003-06-01,122201.0,303106.0
Wisconsin,2003-07-01,123622.0,306913.0
Wisconsin,2003-08-01,124460.0,308801.0
Wisconsin,2003-09-01,126216.0,312725.0
Wisconsin,2003-10-01,128019.0,316615.0
Wisconsin,2003-11-01,128392.0,317885.0
Wisconsin,2003-12-01,128818.0,318435.0
Wisconsin,2004-01-01,130843.0,323021.0
Wisconsin,2004-02-01,132394.0,326043.0
Wisconsin,2004-03-01,133572.0,328304.0
Wisconsin,2004-04-01,133113.0,327151.0
Wisconsin,2004-05-01,132429.0,325399.0
Wisconsin,2004-06-01,132892.0,326086.0
Wisconsin,2004-07-01,134818.0,332283.0
Wisconsin,2004-08-01,131972.0,322002.0
Wisconsin,2004-09-01,133590.0,325344.0
Wisconsin,2004-10-01,136825.0,332179.0
Wisconsin,2004-11-01,138746.0,336619.0
Wisconsin,2004-12-01,139904.0,338755.0
Wisconsin,2005-01-01,142157.0,343919.0
Wisconsin,2005-02-01,143307.0,345878.0
Wisconsin,2005-03-01,144575.0,347938.0
Wisconsin,2005-04-01,145186.0,348988.0
Wisconsin,2005-05-01,145431.0,349270.0
Wisconsin,2005-06-01,145218.0,349194.0
Wisconsin,2005-07-01,145475.0,349467.0
Wisconsin,2005-08-01,146790.0,352053.0
Wisconsin,2005-09-01,147899.0,354720.0
Wisconsin,2005-10-01,150497.0,360423.0
Wisconsin,2005-11-01,151322.0,361862.0
Wisconsin,2005-12-01,152396.0,363288.0
Wisconsin,2006-01-01,153593.0,366392.0
Wisconsin,2006-02-01,154578.0,367561.0
Wisconsin,2006-03-01,155650.0,369468.0
Wisconsin,2006-04-01,156230.0,371321.0
Wisconsin,2006-05-01,156077.0,371183.0
Wisconsin,2006-06-01,155986.0,370455.0
Wisconsin,2006-07-01,155681.0,370314.0
Wisconsin,2006-08-01,155671.0,370307.0
Wisconsin,2006-09-01,157014.0,372447.0
Wisconsin,2006-10-01,158117.0,375312.0
Wisconsin,2006-11-01,159074.0,376992.0
Wisconsin,2006-12-01,159262.0,377147.0
Wisconsin,2007-01-01,160279.0,379977.0
Wisconsin,2007-02-01,160715.0,380311.0
Wisconsin,2007-03-01,161912.0,382700.0
Wisconsin,2007-04-01,162673.0,384158.0
Wisconsin,2007-05-01,162860.0,384085.0
Wisconsin,2007-06-01,163889.0,385743.0
Wisconsin,2007-07-01,163937.0,386032.0
Wisconsin,2007-08-01,166088.0,390430.0
Wisconsin,2007-09-01,166298.0,390352.0
Wisconsin,2007-10-01,167960.0,393941.0
Wisconsin,2007-11-01,167948.0,393934.0
Wisconsin,2007-12-01,170508.0,399410.0
Wisconsin,2008-01-01,172028.0,403688.0
Wisconsin,2008-02-01,174984.0,410210.0
Wisconsin,2008-03-01,177864.0,416014.0
Wisconsin,2008-04-01,182425.0,425903.0
Wisconsin,2008-05-01,185442.0,432800.0
Wisconsin,2008-06-01,191507.0,447376.0
Wisconsin,2008-07-01,190285.0,444020.0
Wisconsin,2008-08-01,193158.0,450632.0
Wisconsin,2008-09-01,195393.0,455444.0
Wisconsin,2008-10-01,201244.0,469082.0
Wisconsin,2008-11-01,206491.0,480341.0
Wisconsin,2008-12-01,211027.0,490646.0
Wisconsin,2009-01-01,217346.0,505827.0
Wisconsin,2009-02-01,224348.0,521341.0
Wisconsin,2009-03-01,230784.0,536671.0
Wisconsin,2009-04-01,239260.0,558362.0
Wisconsin,2009-05-01,246267.0,574181.0
Wisconsin,2009-06-01,252697.0,589220.0
Wisconsin,2009-07-01,257194.0,602732.0
Wisconsin,2009-08-01,263568.0,617622.0
Wisconsin,2009-09-01,268260.0,628515.0
Wisconsin,2009-10-01,266080.0,641985.0
Wisconsin,2009-11-01,287858.0,662030.0
Wisconsin,2009-12-01,305216.0,687313.0
Wisconsin,2010-01-01,313083.0,702674.0
Wisconsin,2010-02-01,317600.0,712201.0
Wisconsin,2010-03-01,320932.0,720416.0
Wisconsin,2010-04-01,322013.0,724949.0
Wisconsin,2010-05-01,322929.0,728149.0
Wisconsin,2010-06-01,327267.0,735334.0
Wisconsin,2010-07-01,335024.0,747492.0
Wisconsin,2010-08-01,341128.0,757728.0
Wisconsin,2010-09-01,345053.0,762287.0
Wisconsin,2010-10-01,348260.0,766353.0
Wisconsin,2010-11-01,351480.0,771413.0
Wisconsin,2010-12-01,354850.0,777514.0
Wisconsin,2011-01-01,360401.0,787412.0
Wisconsin,2011-02-01,364544.0,793098.0
Wisconsin,2011-03-01,369842.0,801577.0
Wisconsin,2011-04-01,374020.0,807908.0
Wisconsin,2011-05-01,377664.0,813430.0
Wisconsin,2011-06-01,381429.0,818564.0
Wisconsin,2011-07-01,383707.0,821212.0
Wisconsin,2011-08-01,388667.0,827293.0
Wisconsin,2011-09-01,389598.0,827101.0
Wisconsin,2011-10-01,391547.0,828362.0
Wisconsin,2011-11-01,393511.0,829732.0
Wisconsin,2011-12-01,393611.0,828661.0
Wisconsin,2012-01-01,395520.0,831423.0
Wisconsin,2012-02-01,396960.0,832935.0
Wisconsin,2012-03-01,397492.0,832304.0
Wisconsin,2012-04-01,398356.0,833234.0
Wisconsin,2012-05-01,400305.0,835789.0
Wisconsin,2012-06-01,401740.0,837565.0
Wisconsin,2012-07-01,403677.0,841062.0
Wisconsin,2012-08-01,407209.0,846451.0
Wisconsin,2012-09-01,407658.0,846230.0
Wisconsin,2012-10-01,410077.0,849574.0
Wisconsin,2012-11-01,410770.0,848832.0
Wisconsin,2012-12-01,410160.0,846950.0
Wisconsin,2013-01-01,414343.0,854697.0
Wisconsin,2013-02-01,416116.0,857811.0
Wisconsin,2013-03-01,417163.0,858342.0
Wisconsin,2013-04-01,418472.0,860186.0
Wisconsin,2013-05-01,419948.0,861950.0
Wisconsin,2013-06-01,420649.0,861644.0
Wisconsin,2013-07-01,420407.0,859769.0
Wisconsin,2013-08-01,421786.0,861179.0
Wisconsin,2013-09-01,422026.0,859820.0
Wisconsin,2013-10-01,421395.0,856336.0
Wisconsin,2013-11-01,417578.0,843578.0
Wisconsin,2013-12-01,416018.0,838946.0
Wisconsin,2014-01-01,417871.0,841484.0
Wisconsin,2014-02-01,419522.0,842945.0
Wisconsin,2014-03-01,421291.0,843396.0
Wisconsin,2014-04-01,423345.0,844841.0
Wisconsin,2014-05-01,423178.0,842345.0
Wisconsin,2014-06-01,423232.0,840358.0
Wisconsin,2014-07-01,422635.0,837025.0
Wisconsin,2014-08-01,422983.0,836165.0
Wisconsin,2014-09-01,420949.0,830975.0
Wisconsin,2014-10-01,420716.0,829347.0
Wisconsin,2014-11-01,417999.0,823706.0
Wisconsin,2014-12-01,416822.0,820969.0
Wisconsin,2015-01-01,416517.0,820056.0
Wisconsin,2015-02-01,414215.0,815604.0
Wisconsin,2015-03-01,412483.0,812728.0
Wisconsin,2015-04-01,408334.0,805038.0
Wisconsin,2015-05-01,404949.0,797339.0
Wisconsin,2015-06-01,400752.0,790537.0
Wisconsin,2015-07-01,394153.0,810851.0
Wisconsin,2015-08-01,390485.0,775302.0
Wisconsin,2015-09-01,383619.0,765008.0
Wisconsin,2015-10-01,378141.0,756434.0
Wisconsin,2015-11-01,373357.0,748780.0
Wisconsin,2015-12-01,368550.0,740845.0
Wisconsin,2016-01-01,362321.0,731541.0
Wisconsin,2016-02-01,363344.0,734860.0
Wisconsin,2016-03-01,358051.0,726309.0
Wisconsin,2016-04-01,355020.0,721015.0
Wisconsin,2016-05-01,353676.0,719070.0
Wisconsin,2016-06-01,352803.0,717414.0
Wisconsin,2016-07-01,350934.0,713065.0
Wisconsin,2016-08-01,352036.0,715003.0
Wisconsin,2016-09-01,350962.0,712582.0
Wisconsin,2016-10-01,350171.0,709134.0
Wisconsin,2016-11-01,348346.0,704356.0
Wisconsin,2016-12-01,347591.0,701540.0
Wisconsin,2017-01-01,348494.0,702811.0
Wisconsin,2017-02-01,346398.0,698688.0
Wisconsin,2017-03-01,346479.0,696930.0
Wisconsin,2017-04-01,342723.0,688729.0
Wisconsin,2017-05-01,341794.0,686322.0
Wisconsin,2017-06-01,339901.0,682522.0
Wisconsin,2017-07-01,338119.0,679173.0
Wisconsin,2017-08-01,337204.0,676313.0
Wisconsin,2017-09-01,335765.0,673098.0
Wisconsin,2017-10-01,335943.0,670764.0
Wisconsin,2017-11-01,333834.0,665881.0
Wisconsin,2017-12-01,332956.0,662704.0
Wisconsin,2018-01-01,334105.0,664215.0
Wisconsin,2018-02-01,331212.0,659122.0
Wisconsin,2018-03-01,331615.0,657233.0
Wisconsin,2018-04-01,328486.0,650623.0
Wisconsin,2018-05-01,326150.0,641578.0
Wisconsin,2018-06-01,325188.0,643401.0
Wisconsin,2018-07-01,324355.0,641193.0
Wisconsin,2018-08-01,323722.0,640315.0
Wisconsin,2018-09-01,322870.0,637586.0
Wisconsin,2018-10-01,322619.0,634562.0
Wisconsin,2018-11-01,320633.0,629450.0
Wisconsin,2018-12-01,319229.0,625435.0
Wisconsin,2019-01-01,320854.0,629141.0
Wisconsin,2019-02-01,32385.0,71428.0
Wisconsin,2019-03-01,313467.0,615344.0
Wisconsin,2019-04-01,312579.0,613035.0
Wisconsin,2019-05-01,311695.0,611038.0
Wisconsin,2019-06-01,311811.0,610698.0
Wisconsin,2019-07-01,311836.0,609826.0
Wisconsin,2019-08-01,311915.0,610078.0
Wisconsin,2019-09-01,311625.0,607844.0
Wisconsin,2019-10-01,311381.0,606036.0
Wisconsin,2019-11-01,310146.0,602506.0
Wisconsin,2019-12-01,309815.0,600206.0
Wisconsin,2020-01-01,309836.0,600864.0
Wisconsin,2020-02-01,309792.0,600269.0
Wisconsin,2020-03-01,313790.0,607188.0
Wisconsin,2020-04-01,344457.0,668008.0
Wisconsin,2020-05-01,360512.0,696751.0
Wisconsin,2020-06-01,361867.0,689684.0
Wisconsin,2020-07-01,362046.0,687380.0
Wisconsin,2020-08-01,369312.0,702042.0
Wisconsin,2020-09-01,369893.0,707583.0
Wisconsin,2020-10-01,367082.0,703029.0
Wisconsin,2020-11-01,378182.0,721732.0
Wisconsin,2020-12-01,388567.0,738300.0
Wisconsin,2021-01-01,401692.0,757139.0
Wisconsin,2021-02-01,406744.0,757280.0
Wisconsin,2021-03-01,413654.0,769699.0
Wisconsin,2021-04-01,417346.0,789604.0
Wisconsin,2021-05-01,417760.0,790292.0
Wisconsin,2021-06-01,417850.0,790890.0
Wisconsin,2021-07-01,416970.0,788566.0
Wisconsin,2021-08-01,412210.0,777136.0
Wisconsin,2021-09-01,406886.0,765074.0
Wisconsin,2021-10-01,400201.0,753320.0
Wisconsin,2021-11-01,390748.0,736763.0
Wisconsin,2021-12-01,385558.0,729235.0
Wisconsin,2022-01-01,374893.0,710787.0
Wisconsin,2022-02-01,374606.0,714211.0
Wisconsin,2022-03-01,366621.0,696998.0
Wisconsin,2022-04-01,366125.0,698385.0
Wisconsin,2022-05-01,362592.0,691724.0
Wisconsin,2022-06-01,361779.0,691309.0
Wisconsin,2022-07-01,360953.0,688670.0
Wisconsin,2022-08-01,364917.0,695036.0
Wisconsin,2022-09-01,364640.0,692414.0
Wisconsin,2022-10-01,367752.0,700338.0
Wisconsin,2022-11-01,369097.0,704134.0
Wisconsin,2022-12-01,371823.0,709795.0
Wisconsin,2023-01-01,373439.0,714174.0
Wisconsin,2023-02-01,372074.0,712491.0
Wisconsin,2023-03-01,372555.0,711609.0
Wisconsin,2023-04-01,369824.0,706591.0
Wisconsin,2023-05-01,370110.0,706545.0
Wisconsin,2023-06-01,369339.0,704941.0
Wisconsin,2023-07-01,368616.0,703798.0
Wisconsin,2023-08-01,370119.0,706433.0
Wisconsin,2023-09-01,370336.0,707007.0
Wisconsin,2023-10-01,373193.0,710919.0
Wisconsin,2023-11-01,372360.0,708107.0
Wisconsin,2023-12-01,372761.0,707744.0
Wisconsin,2024-01-01,373194.0,707530.0
Wisconsin,2024-02-01,367587.0,697634.0
Wisconsin,2024-03-01,370736.0,705061.0
Wisconsin,2024-04-01,371242.0,705173.0
Wisconsin,2024-05-01,369754.0,702904.0
Wisconsin,2024-06-01,370075.0,704707.0
Wisconsin,2024-07-01,370657.0,705004.0
Wisconsin,2024-08-01,370490.0,704758.0
Wisconsin,2024-09-01,0.0,0.0
Wyoming,1988-10-01,9058.0,24746.0
Wyoming,1988-11-01,9269.0,25239.0
Wyoming,1988-12-01,9701.0,26634.0
Wyoming,1989-01-01,10007.0,27697.0
Wyoming,1989-02-01,10172.0,28162.0
Wyoming,1989-03-01,10470.0,28958.0
Wyoming,1989-04-01,10373.0,28500.0
Wyoming,1989-05-01,10255.0,28338.0
Wyoming,1989-06-01,10328.0,29291.0
Wyoming,1989-07-01,9888.0,27815.0
Wyoming,1989-08-01,9575.0,26219.0
Wyoming,1989-09-01,9504.0,25827.0
Wyoming,1989-10-01,9565.0,25875.0
Wyoming,1989-11-01,9762.0,26396.0
Wyoming,1989-12-01,10045.0,27127.0
Wyoming,1990-01-01,10461.0,28289.0
Wyoming,1990-02-01,10661.0,28860.0
Wyoming,1990-03-01,10853.0,29484.0
Wyoming,1990-04-01,10962.0,29772.0
Wyoming,1990-05-01,10884.0,29705.0
Wyoming,1990-06-01,10956.0,30341.0
Wyoming,1990-07-01,10540.0,29341.0
Wyoming,1990-08-01,10064.0,27293.0
Wyoming,1990-09-01,10064.0,26852.0
Wyoming,1990-10-01,10142.0,27126.0
Wyoming,1990-11-01,10507.0,28243.0
Wyoming,1990-12-01,10850.0,29200.0
Wyoming,1991-01-01,11254.0,30357.0
Wyoming,1991-02-01,11572.0,31387.0
Wyoming,1991-03-01,11940.0,32298.0
Wyoming,1991-04-01,12038.0,32518.0
Wyoming,1991-05-01,11988.0,32544.0
Wyoming,1991-06-01,11990.0,33000.0
Wyoming,1991-07-01,11514.0,31840.0
Wyoming,1991-08-01,11324.0,30834.0
Wyoming,1991-09-01,11059.0,29789.0
Wyoming,1991-10-01,11059.0,30403.0
Wyoming,1991-11-01,11762.0,31683.0
Wyoming,1991-12-01,11762.0,32971.0
Wyoming,1992-01-01,12461.0,33802.0
Wyoming,1992-02-01,12677.0,34493.0
Wyoming,1992-03-01,12328.0,33722.0
Wyoming,1992-04-01,12727.0,34651.0
Wyoming,1992-05-01,12646.0,34586.0
Wyoming,1992-06-01,12761.0,34346.0
Wyoming,1992-07-01,12526.0,34617.0
Wyoming,1992-08-01,12291.0,33517.0
Wyoming,1992-09-01,11989.0,32415.0
Wyoming,1992-10-01,12026.0,32539.0
Wyoming,1992-11-01,12155.0,32942.0
Wyoming,1992-12-01,12374.0,33559.0
Wyoming,1993-01-01,12680.0,34600.0
Wyoming,1993-02-01,12679.0,34804.0
Wyoming,1993-03-01,13027.0,35786.0
Wyoming,1993-04-01,13060.0,35848.0
Wyoming,1993-05-01,12852.0,35500.0
Wyoming,1993-06-01,12892.0,35600.0
Wyoming,1993-07-01,12553.0,34655.0
Wyoming,1993-08-01,12166.0,33194.0
Wyoming,1993-09-01,11732.0,31714.0
Wyoming,1993-10-01,11771.0,31731.0
Wyoming,1993-11-01,11967.0,32233.0
Wyoming,1993-12-01,12218.0,32699.0
Wyoming,1994-01-01,12507.0,33616.0
Wyoming,1994-02-01,12409.0,33291.0
Wyoming,1994-03-01,12937.0,34698.0
Wyoming,1994-04-01,13082.0,35152.0
Wyoming,1994-05-01,13292.0,35663.0
Wyoming,1994-06-01,13693.0,36465.0
Wyoming,1994-07-01,13524.0,35690.0
Wyoming,1994-08-01,12850.0,34273.0
Wyoming,1994-09-01,12420.0,32914.0
Wyoming,1994-10-01,12474.0,32922.0
Wyoming,1994-11-01,12483.0,33032.0
Wyoming,1994-12-01,12838.0,33875.0
Wyoming,1995-01-01,12891.0,34168.0
Wyoming,1995-02-01,12843.0,33988.0
Wyoming,1995-03-01,13233.0,34863.0
Wyoming,1995-04-01,12976.0,34174.0
Wyoming,1995-05-01,13043.0,34244.0
Wyoming,1995-06-01,12993.0,34394.0
Wyoming,1995-07-01,12508.0,33160.0
Wyoming,1995-08-01,12378.0,32553.0
Wyoming,1995-09-01,12150.0,31576.0
Wyoming,1995-10-01,12298.0,31949.0
Wyoming,1995-11-01,12419.0,32414.0
Wyoming,1995-12-01,12643.0,33012.0
Wyoming,1996-01-01,12958.0,33728.0
Wyoming,1996-02-01,12988.0,33863.0
Wyoming,1996-03-01,13019.0,33891.0
Wyoming,1996-04-01,13109.0,33955.0
Wyoming,1996-05-01,12991.0,33611.0
Wyoming,1996-06-01,12818.0,33193.0
Wyoming,1996-07-01,12584.0,32604.0
Wyoming,1996-08-01,12267.0,31579.0
Wyoming,1996-09-01,12485.0,32358.0
Wyoming,1996-10-01,11921.0,30360.0
Wyoming,1996-11-01,11718.0,29755.0
Wyoming,1996-12-01,11807.0,30476.0
Wyoming,1997-01-01,11831.0,30604.0
Wyoming,1997-02-01,12673.0,32970.0
Wyoming,1997-03-01,11165.0,28850.0
Wyoming,1997-04-01,10937.0,28293.0
Wyoming,1997-05-01,10716.0,27582.0
Wyoming,1997-06-01,10529.0,27205.0
Wyoming,1997-07-01,10266.0,26385.0
Wyoming,1997-08-01,9949.0,25514.0
Wyoming,1997-09-01,9790.0,25012.0
Wyoming,1997-10-01,9901.0,25321.0
Wyoming,1997-11-01,9946.0,25462.0
Wyoming,1997-12-01,10152.0,26002.0
Wyoming,1998-01-01,10351.0,26560.0
Wyoming,1998-02-01,10375.0,26743.0
Wyoming,1998-03-01,10483.0,26933.0
Wyoming,1998-04-01,10337.0,26524.0
Wyoming,1998-05-01,10063.0,25752.0
Wyoming,1998-06-01,9812.0,25165.0
Wyoming,1998-07-01,9286.0,23797.0
Wyoming,1998-08-01,9307.0,23915.0
Wyoming,1998-09-01,9122.0,23252.0
Wyoming,1998-10-01,9229.0,23426.0
Wyoming,1998-11-01,9378.0,23908.0
Wyoming,1998-12-01,9437.0,24037.0
Wyoming,1999-01-01,9538.0,24225.0
Wyoming,1999-02-01,9529.0,24243.0
Wyoming,1999-03-01,9661.0,24633.0
Wyoming,1999-04-01,9543.0,24444.0
Wyoming,1999-05-01,9272.0,23644.0
Wyoming,1999-06-01,9212.0,23325.0
Wyoming,1999-07-01,8855.0,22380.0
Wyoming,1999-08-01,8737.0,21999.0
Wyoming,1999-09-01,8590.0,21455.0
Wyoming,1999-10-01,8712.0,21763.0
Wyoming,1999-11-01,8854.0,22107.0
Wyoming,1999-12-01,9048.0,22620.0
Wyoming,2000-01-01,9194.0,23122.0
Wyoming,2000-02-01,9118.0,22905.0
Wyoming,2000-03-01,9290.0,23293.0
Wyoming,2000-04-01,9106.0,22905.0
Wyoming,2000-05-01,9094.0,22850.0
Wyoming,2000-06-01,8878.0,22418.0
Wyoming,2000-07-01,8693.0,21787.0
Wyoming,2000-08-01,8777.0,22063.0
Wyoming,2000-09-01,8660.0,21534.0
Wyoming,2000-10-01,8919.0,22128.0
Wyoming,2000-11-01,9002.0,22275.0
Wyoming,2000-12-01,9142.0,22657.0
Wyoming,2001-01-01,9406.0,23425.0
Wyoming,2001-02-01,9210.0,22771.0
Wyoming,2001-03-01,9474.0,23353.0
Wyoming,2001-04-01,9307.0,22961.0
Wyoming,2001-05-01,9208.0,22733.0
Wyoming,2001-06-01,9124.0,22590.0
Wyoming,2001-07-01,8979.0,22126.0
Wyoming,2001-08-01,8965.0,21969.0
Wyoming,2001-09-01,8815.0,21477.0
Wyoming,2001-10-01,8983.0,21929.0
Wyoming,2001-11-01,9143.0,22250.0
Wyoming,2001-12-01,9318.0,22724.0
Wyoming,2002-01-01,9613.0,23619.0
Wyoming,2002-02-01,9567.0,23513.0
Wyoming,2002-03-01,9700.0,23936.0
Wyoming,2002-04-01,9760.0,24121.0
Wyoming,2002-05-01,9760.0,23905.0
Wyoming,2002-06-01,9625.0,23883.0
Wyoming,2002-07-01,9625.0,23975.0
Wyoming,2002-08-01,9723.0,24283.0
Wyoming,2002-09-01,9723.0,24221.0
Wyoming,2002-10-01,9938.0,24603.0
Wyoming,2002-11-01,9942.0,24606.0
Wyoming,2002-12-01,10042.0,24939.0
Wyoming,2003-01-01,10280.0,25626.0
Wyoming,2003-02-01,10195.0,25311.0
Wyoming,2003-03-01,10390.0,25742.0
Wyoming,2003-04-01,10427.0,25815.0
Wyoming,2003-05-01,10322.0,25504.0
Wyoming,2003-06-01,10374.0,25802.0
Wyoming,2003-07-01,10182.0,25303.0
Wyoming,2003-08-01,10129.0,25073.0
Wyoming,2003-09-01,10243.0,25348.0
Wyoming,2003-10-01,10239.0,25248.0
Wyoming,2003-11-01,10314.0,25589.0
Wyoming,2003-12-01,10448.0,25927.0
Wyoming,2004-01-01,10537.0,26208.0
Wyoming,2004-02-01,10524.0,26176.0
Wyoming,2004-03-01,10697.0,26448.0
Wyoming,2004-04-01,10567.0,26110.0
Wyoming,2004-05-01,10377.0,25532.0
Wyoming,2004-06-01,10362.0,25468.0
Wyoming,2004-07-01,10146.0,24966.0
Wyoming,2004-08-01,10127.0,25019.0
Wyoming,2004-09-01,10245.0,25090.0
Wyoming,2004-10-01,10415.0,25376.0
Wyoming,2004-11-01,10594.0,25946.0
Wyoming,2004-12-01,10648.0,26019.0
Wyoming,2005-01-01,10807.0,26537.0
Wyoming,2005-02-01,10649.0,26061.0
Wyoming,2005-03-01,10755.0,26248.0
Wyoming,2005-04-01,10521.0,25757.0
Wyoming,2005-05-01,10331.0,25234.0
Wyoming,2005-06-01,10292.0,25333.0
Wyoming,2005-07-01,10031.0,24636.0
Wyoming,2005-08-01,9978.0,24296.0
Wyoming,2005-09-01,10045.0,24334.0
Wyoming,2005-10-01,10216.0,24589.0
Wyoming,2005-11-01,10347.0,24906.0
Wyoming,2005-12-01,10475.0,25169.0
Wyoming,2006-01-01,10540.0,25349.0
Wyoming,2006-02-01,10295.0,24594.0
Wyoming,2006-03-01,10523.0,25109.0
Wyoming,2006-04-01,10187.0,24313.0
Wyoming,2006-05-01,10073.0,23989.0
Wyoming,2006-06-01,9987.0,23816.0
Wyoming,2006-07-01,9708.0,23059.0
Wyoming,2006-08-01,9666.0,23003.0
Wyoming,2006-09-01,9589.0,22941.0
Wyoming,2006-10-01,9649.0,22909.0
Wyoming,2006-11-01,9675.0,23042.0
Wyoming,2006-12-01,9630.0,22995.0
Wyoming,2007-01-01,9700.0,23157.0
Wyoming,2007-02-01,9461.0,22502.0
Wyoming,2007-03-01,9593.0,22992.0
Wyoming,2007-04-01,9653.0,23125.0
Wyoming,2007-05-01,9265.0,21968.0
Wyoming,2007-06-01,9442.0,22569.0
Wyoming,2007-07-01,9418.0,22333.0
Wyoming,2007-08-01,9321.0,22045.0
Wyoming,2007-09-01,9175.0,21656.0
Wyoming,2007-10-01,9469.0,22347.0
Wyoming,2007-11-01,9431.0,22160.0
Wyoming,2007-12-01,9496.0,22417.0
Wyoming,2008-01-01,9631.0,22759.0
Wyoming,2008-02-01,9582.0,22695.0
Wyoming,2008-03-01,9786.0,23252.0
Wyoming,2008-04-01,9828.0,23319.0
Wyoming,2008-05-01,9482.0,22470.0
Wyoming,2008-06-01,9527.0,22587.0
Wyoming,2008-07-01,9499.0,22412.0
Wyoming,2008-08-01,9448.0,22297.0
Wyoming,2008-09-01,9587.0,22579.0
Wyoming,2008-10-01,9831.0,23037.0
Wyoming,2008-11-01,9840.0,23189.0
Wyoming,2008-12-01,10204.0,24007.0
Wyoming,2009-01-01,10406.0,24647.0
Wyoming,2009-02-01,10628.0,25253.0
Wyoming,2009-03-01,11097.0,26347.0
Wyoming,2009-04-01,11578.0,27798.0
Wyoming,2009-05-01,11673.0,28205.0
Wyoming,2009-06-01,12221.0,29609.0
Wyoming,2009-07-01,12096.0,29365.0
Wyoming,2009-08-01,12097.0,29290.0
Wyoming,2009-09-01,12550.0,30398.0
Wyoming,2009-10-01,13003.0,31540.0
Wyoming,2009-11-01,13360.0,32332.0
Wyoming,2009-12-01,13743.0,33304.0
Wyoming,2010-01-01,14246.0,34494.0
Wyoming,2010-02-01,14637.0,35422.0
Wyoming,2010-03-01,15136.0,36526.0
Wyoming,2010-04-01,15086.0,36226.0
Wyoming,2010-05-01,14885.0,35700.0
Wyoming,2010-06-01,14892.0,35574.0
Wyoming,2010-07-01,14815.0,35319.0
Wyoming,2010-08-01,14883.0,35536.0
Wyoming,2010-09-01,14986.0,35615.0
Wyoming,2010-10-01,15037.0,35703.0
Wyoming,2010-11-01,15233.0,35924.0
Wyoming,2010-12-01,15418.0,36472.0
Wyoming,2011-01-01,15763.0,37237.0
Wyoming,2011-02-01,15809.0,37405.0
Wyoming,2011-03-01,16034.0,37732.0
Wyoming,2011-04-01,15808.0,37180.0
Wyoming,2011-05-01,15687.0,36885.0
Wyoming,2011-06-01,15382.0,35921.0
Wyoming,2011-07-01,14872.0,34793.0
Wyoming,2011-08-01,14660.0,33949.0
Wyoming,2011-09-01,14394.0,33170.0
Wyoming,2011-10-01,14431.0,33252.0
Wyoming,2011-11-01,14728.0,33936.0
Wyoming,2011-12-01,14945.0,34476.0
Wyoming,2012-01-01,15213.0,35104.0
Wyoming,2012-02-01,15019.0,34467.0
Wyoming,2012-03-01,15284.0,35058.0
Wyoming,2012-04-01,14921.0,34131.0
Wyoming,2012-05-01,14773.0,33827.0
Wyoming,2012-06-01,14892.0,34184.0
Wyoming,2012-07-01,14876.0,34223.0
Wyoming,2012-08-01,14799.0,33863.0
Wyoming,2012-09-01,15477.0,35642.0
Wyoming,2012-10-01,16367.0,37715.0
Wyoming,2012-11-01,16803.0,38914.0
Wyoming,2012-12-01,16664.0,38417.0
Wyoming,2013-01-01,16404.0,38254.0
Wyoming,2013-02-01,15973.0,37488.0
Wyoming,2013-03-01,16288.0,38180.0
Wyoming,2013-04-01,16277.0,38502.0
Wyoming,2013-05-01,16249.0,38492.0
Wyoming,2013-06-01,16062.0,37965.0
Wyoming,2013-07-01,15824.0,37553.0
Wyoming,2013-08-01,15716.0,37200.0
Wyoming,2013-09-01,15905.0,37874.0
Wyoming,2013-10-01,16003.0,37931.0
Wyoming,2013-11-01,15978.0,37914.0
Wyoming,2013-12-01,15887.0,37659.0
Wyoming,2014-01-01,15924.0,37771.0
Wyoming,2014-02-01,15602.0,36881.0
Wyoming,2014-03-01,15660.0,36830.0
Wyoming,2014-04-01,15467.0,36376.0
Wyoming,2014-05-01,15153.0,35485.0
Wyoming,2014-06-01,14771.0,34434.0
Wyoming,2014-07-01,14335.0,33299.0
Wyoming,2014-08-01,14085.0,32886.0
Wyoming,2014-09-01,14128.0,32986.0
Wyoming,2014-10-01,14051.0,32789.0
Wyoming,2014-11-01,13897.0,32493.0
Wyoming,2014-12-01,13939.0,32468.0
Wyoming,2015-01-01,13900.0,32351.0
Wyoming,2015-02-01,13820.0,32419.0
Wyoming,2015-03-01,14017.0,32888.0
Wyoming,2015-04-01,13827.0,32604.0
Wyoming,2015-05-01,13723.0,32535.0
Wyoming,2015-06-01,13888.0,32968.0
Wyoming,2015-07-01,14352.0,34087.0
Wyoming,2015-08-01,13449.0,31714.0
Wyoming,2015-09-01,13549.0,31950.0
Wyoming,2015-10-01,13913.0,32729.0
Wyoming,2015-11-01,13997.0,32907.0
Wyoming,2015-12-01,14243.0,33386.0
Wyoming,2016-01-01,14521.0,34167.0
Wyoming,2016-02-01,14590.0,34399.0
Wyoming,2016-03-01,14698.0,34712.0
Wyoming,2016-04-01,14630.0,34335.0
Wyoming,2016-05-01,14490.0,34063.0
Wyoming,2016-06-01,14442.0,34052.0
Wyoming,2016-07-01,14260.0,33719.0
Wyoming,2016-08-01,14347.0,33960.0
Wyoming,2016-09-01,14277.0,33806.0
Wyoming,2016-10-01,14375.0,33977.0
Wyoming,2016-11-01,14378.0,33771.0
Wyoming,2016-12-01,14529.0,34099.0
Wyoming,2017-01-01,14551.0,34177.0
Wyoming,2017-02-01,14421.0,33887.0
Wyoming,2017-03-01,14565.0,33929.0
Wyoming,2017-04-01,14200.0,32942.0
Wyoming,2017-05-01,14143.0,32671.0
Wyoming,2017-06-01,13828.0,31983.0
Wyoming,2017-07-01,13480.0,31084.0
Wyoming,2017-08-01,13418.0,30955.0
Wyoming,2017-09-01,13332.0,30587.0
Wyoming,2017-10-01,13414.0,30613.0
Wyoming,2017-11-01,13393.0,30430.0
Wyoming,2017-12-01,13418.0,30225.0
Wyoming,2018-01-01,13605.0,30647.0
Wyoming,2018-02-01,13277.0,30109.0
Wyoming,2018-03-01,13416.0,30308.0
Wyoming,2018-04-01,13149.0,29552.0
Wyoming,2018-05-01,12933.0,29094.0
Wyoming,2018-06-01,12698.0,28691.0
Wyoming,2018-07-01,12387.0,27915.0
Wyoming,2018-08-01,12172.0,27391.0
Wyoming,2018-09-01,12004.0,26987.0
Wyoming,2018-10-01,12278.0,27448.0
Wyoming,2018-11-01,12187.0,27262.0
Wyoming,2018-12-01,12208.0,27257.0
Wyoming,2019-01-01,12528.0,28009.0
Wyoming,2019-02-01,837.0,1803.0
Wyoming,2019-03-01,11873.0,26472.0
Wyoming,2019-04-01,11703.0,26025.0
Wyoming,2019-05-01,11631.0,25789.0
Wyoming,2019-06-01,11585.0,25838.0
Wyoming,2019-07-01,11492.0,25527.0
Wyoming,2019-08-01,11429.0,25349.0
Wyoming,2019-09-01,11194.0,24928.0
Wyoming,2019-10-01,11465.0,25564.0
Wyoming,2019-11-01,11413.0,25465.0
Wyoming,2019-12-01,11551.0,25801.0
Wyoming,2020-01-01,11660.0,25915.0
Wyoming,2020-02-01,11527.0,25797.0
Wyoming,2020-03-01,11983.0,26795.0
Wyoming,2020-04-01,12448.0,27989.0
Wyoming,2020-05-01,12356.0,27768.0
Wyoming,2020-06-01,12496.0,27987.0
Wyoming,2020-07-01,12326.0,27413.0
Wyoming,2020-08-01,12785.0,28572.0
Wyoming,2020-09-01,12580.0,28072.0
Wyoming,2020-10-01,12768.0,28538.0
Wyoming,2020-11-01,13043.0,21466.0
Wyoming,2020-12-01,13414.0,30038.0
Wyoming,2021-01-01,13414.0,30038.0
Wyoming,2021-02-01,13776.0,30661.0
Wyoming,2021-03-01,13767.0,30480.0
Wyoming,2021-04-01,13612.0,29916.0
Wyoming,2021-05-01,13558.0,29880.0
Wyoming,2021-06-01,13524.0,29666.0
Wyoming,2021-07-01,13496.0,29489.0
Wyoming,2021-08-01,13527.0,29413.0
Wyoming,2021-09-01,13710.0,29831.0
Wyoming,2021-10-01,13852.0,30074.0
Wyoming,2021-11-01,14033.0,30370.0
Wyoming,2021-12-01,14066.0,30218.0
Wyoming,2022-01-01,14033.0,30370.0
Wyoming,2022-02-01,14245.0,30421.0
Wyoming,2022-03-01,14451.0,30714.0
Wyoming,2022-04-01,14692.0,31324.0
Wyoming,2022-05-01,14291.0,30412.0
Wyoming,2022-06-01,14233.0,30261.0
Wyoming,2022-07-01,14042.0,29745.0
Wyoming,2022-08-01,13718.0,28615.0
Wyoming,2022-09-01,14068.0,29607.0
Wyoming,2022-10-01,14223.0,29778.0
Wyoming,2022-11-01,14410.0,30077.0
Wyoming,2022-12-01,14481.0,30287.0
Wyoming,2023-01-01,14492.0,30279.0
Wyoming,2023-02-01,14484.0,30213.0
Wyoming,2023-03-01,14700.0,30463.0
Wyoming,2023-04-01,14482.0,29980.0
Wyoming,2023-05-01,14365.0,29643.0
Wyoming,2023-06-01,14346.0,29604.0
Wyoming,2023-07-01,14003.0,28669.0
Wyoming,2023-08-01,14118.0,29063.0
Wyoming,2023-09-01,13993.0,28883.0
Wyoming,2023-10-01,13785.0,28800.0
Wyoming,2023-11-01,13712.0,28868.0
Wyoming,2023-12-01,13721.0,28956.0
Wyoming,2024-01-01,13838.0,29374.0
Wyoming,2024-02-01,13689.0,29148.0
Wyoming,2024-03-01,13849.0,29456.0
Wyoming,2024-04-01,13919.0,29574.0
Wyoming,2024-05-01,13756.0,29304.0
Wyoming,2024-06-01,13606.0,29008.0
Wyoming,2024-07-01,13529.0,28746.0
Wyoming,2024-08-01,13512.0,28711.0
Wyoming,2024-09-01,0.0,0.0
