Fiscal Year,State_Abbr,FIPS,State/Territory,Payment,PaymentType,totalErrorRate,Source_Document
2002-12-31T23:00Z,AL,01,Alabama,6.87,OverPayment,8.02,
2002-12-31T23:00Z,AL,01,Alabama,-1.14,UnderPayment,8.02,
2003-12-31T23:00Z,AL,01,Alabama,7.02,OverPayment,8,
2003-12-31T23:00Z,AL,01,Alabama,-0.98,UnderPayment,8,
2004-12-31T23:00Z,AL,01,Alabama,3.25,OverPayment,3.68,
2004-12-31T23:00Z,AL,01,Alabama,-0.43,UnderPayment,3.68,
2005-12-31T23:00Z,AL,01,Alabama,3.05,OverPayment,3.8,
2005-12-31T23:00Z,AL,01,Alabama,-0.75,UnderPayment,3.8,
2006-12-31T23:00Z,AL,01,Alabama,3.75,OverPayment,4.78,
2006-12-31T23:00Z,AL,01,Alabama,-1.03,UnderPayment,4.78,
2007-12-31T23:00Z,AL,01,Alabama,3.27,OverPayment,4.23,
2007-12-31T23:00Z,AL,01,Alabama,-0.96,UnderPayment,4.23,
2008-12-31T23:00Z,AL,01,Alabama,3.03,OverPayment,3.57,
2008-12-31T23:00Z,AL,01,Alabama,-0.54,UnderPayment,3.57,
2009-12-31T23:00Z,AL,01,Alabama,3.31,OverPayment,3.75,
2009-12-31T23:00Z,AL,01,Alabama,-0.44,UnderPayment,3.75,
2010-12-31T23:00Z,AL,01,Alabama,4.18,OverPayment,5.1,
2010-12-31T23:00Z,AL,01,Alabama,-0.91,UnderPayment,5.1,
2011-12-31T23:00Z,AL,01,Alabama,1.62,OverPayment,1.85,
2011-12-31T23:00Z,AL,01,Alabama,-0.23,UnderPayment,1.85,
2012-12-31T23:00Z,AL,01,Alabama,1.43,OverPayment,1.7,
2012-12-31T23:00Z,AL,01,Alabama,-0.27,UnderPayment,1.7,
2013-12-31T23:00Z,AL,01,Alabama,1.26,OverPayment,2.03,
2013-12-31T23:00Z,AL,01,Alabama,-0.77,UnderPayment,2.03,
2015-12-31T23:00Z,,,Alabama,NaN,OverPayment,NaN,
2015-12-31T23:00Z,,,Alabama,NaN,UnderPayment,NaN,
2016-12-31T23:00Z,AL,01,Alabama,3.15,OverPayment,4.19,
2016-12-31T23:00Z,AL,01,Alabama,-1.04,UnderPayment,4.19,
2017-12-31T23:00Z,AL,01,Alabama,3.93,OverPayment,4.59,
2017-12-31T23:00Z,AL,01,Alabama,-0.66,UnderPayment,4.59,
2018-12-31T23:00Z,AL,01,Alabama,6.87,OverPayment,7.29,https://fns-prod.azureedge.us/sites/default/files/resource-files/FY2019SNAPQCPaymentErrorRateChartGeneric.pdf
2018-12-31T23:00Z,AL,01,Alabama,-0.42,UnderPayment,7.29,https://fns-prod.azureedge.us/sites/default/files/resource-files/FY2019SNAPQCPaymentErrorRateChartGeneric.pdf
2019-12-31T23:00Z,,,Alabama,NaN,OverPayment,NaN,
2019-12-31T23:00Z,,,Alabama,NaN,UnderPayment,NaN,
2020-12-31T23:00Z,,,Alabama,NaN,OverPayment,NaN,
2020-12-31T23:00Z,,,Alabama,NaN,UnderPayment,NaN,
2021-12-31T23:00Z,AL,01,Alabama,3.96,OverPayment,4.68,https://fns-prod.azureedge.us/sites/default/files/resource-files/snap-fy22-qc-payment-error-rate.pdf
2021-12-31T23:00Z,AL,01,Alabama,-0.72,UnderPayment,4.68,https://fns-prod.azureedge.us/sites/default/files/resource-files/snap-fy22-qc-payment-error-rate.pdf
2022-12-31T23:00Z,AL,01,Alabama,5.44,OverPayment,7.07,https://fns-prod.azureedge.us/sites/default/files/resource-files/snap-fy23-qc-payment-error-rate.pdf
2022-12-31T23:00Z,AL,01,Alabama,-1.64,UnderPayment,7.07,https://fns-prod.azureedge.us/sites/default/files/resource-files/snap-fy23-qc-payment-error-rate.pdf
2023-12-31T23:00Z,AL,01,Alabama,7.32,OverPayment,8.32,https://fns-prod.azureedge.us/sites/default/files/resource-files/snap-fy24QC-PER.pdf
2023-12-31T23:00Z,AL,01,Alabama,-0.99,UnderPayment,8.32,https://fns-prod.azureedge.us/sites/default/files/resource-files/snap-fy24QC-PER.pdf
2002-12-31T23:00Z,AK,02,Alaska,10.84,OverPayment,13.88,
2002-12-31T23:00Z,AK,02,Alaska,-3.04,UnderPayment,13.88,
2003-12-31T23:00Z,AK,02,Alaska,4.98,OverPayment,6.96,
2003-12-31T23:00Z,AK,02,Alaska,-1.98,UnderPayment,6.96,
2004-12-31T23:00Z,AK,02,Alaska,5.64,OverPayment,6.51,
2004-12-31T23:00Z,AK,02,Alaska,-0.87,UnderPayment,6.51,
2005-12-31T23:00Z,AK,02,Alaska,5.25,OverPayment,5.81,
2005-12-31T23:00Z,AK,02,Alaska,-0.56,UnderPayment,5.81,
2006-12-31T23:00Z,AK,02,Alaska,2.86,OverPayment,4.04,
2006-12-31T23:00Z,AK,02,Alaska,-1.19,UnderPayment,4.04,
2007-12-31T23:00Z,AK,02,Alaska,4.97,OverPayment,7.48,
2007-12-31T23:00Z,AK,02,Alaska,-2.51,UnderPayment,7.48,
2008-12-31T23:00Z,AK,02,Alaska,2.29,OverPayment,3.81,
2008-12-31T23:00Z,AK,02,Alaska,-1.52,UnderPayment,3.81,
2009-12-31T23:00Z,AK,02,Alaska,2,OverPayment,2.15,
2009-12-31T23:00Z,AK,02,Alaska,-0.14,UnderPayment,2.15,
2010-12-31T23:00Z,AK,02,Alaska,0.53,OverPayment,0.76,
2010-12-31T23:00Z,AK,02,Alaska,-0.24,UnderPayment,0.76,
2011-12-31T23:00Z,AK,02,Alaska,0.85,OverPayment,1.07,
2011-12-31T23:00Z,AK,02,Alaska,-0.21,UnderPayment,1.07,
2012-12-31T23:00Z,AK,02,Alaska,1.21,OverPayment,1.27,
2012-12-31T23:00Z,AK,02,Alaska,-0.06,UnderPayment,1.27,
2013-12-31T23:00Z,AK,02,Alaska,0.77,OverPayment,0.89,
2013-12-31T23:00Z,AK,02,Alaska,-0.13,UnderPayment,0.89,
2015-12-31T23:00Z,,,Alaska,NaN,OverPayment,NaN,
2015-12-31T23:00Z,,,Alaska,NaN,UnderPayment,NaN,
2016-12-31T23:00Z,AK,02,Alaska,5.8,OverPayment,7.27,
2016-12-31T23:00Z,AK,02,Alaska,-1.47,UnderPayment,7.27,
2017-12-31T23:00Z,AK,02,Alaska,4.66,OverPayment,6.37,
2017-12-31T23:00Z,AK,02,Alaska,-1.71,UnderPayment,6.37,
2018-12-31T23:00Z,AK,02,Alaska,9.07,OverPayment,11.19,https://fns-prod.azureedge.us/sites/default/files/resource-files/FY2019SNAPQCPaymentErrorRateChartGeneric.pdf
2018-12-31T23:00Z,AK,02,Alaska,-2.12,UnderPayment,11.19,https://fns-prod.azureedge.us/sites/default/files/resource-files/FY2019SNAPQCPaymentErrorRateChartGeneric.pdf
2019-12-31T23:00Z,,,Alaska,NaN,OverPayment,NaN,
2019-12-31T23:00Z,,,Alaska,NaN,UnderPayment,NaN,
2020-12-31T23:00Z,,,Alaska,NaN,OverPayment,NaN,
2020-12-31T23:00Z,,,Alaska,NaN,UnderPayment,NaN,
2021-12-31T23:00Z,AK,02,Alaska,56.69,OverPayment,56.97,https://fns-prod.azureedge.us/sites/default/files/resource-files/snap-fy22-qc-payment-error-rate.pdf
2021-12-31T23:00Z,AK,02,Alaska,-0.29,UnderPayment,56.97,https://fns-prod.azureedge.us/sites/default/files/resource-files/snap-fy22-qc-payment-error-rate.pdf
2022-12-31T23:00Z,AK,02,Alaska,59.59,OverPayment,60.37,https://fns-prod.azureedge.us/sites/default/files/resource-files/snap-fy23-qc-payment-error-rate.pdf
2022-12-31T23:00Z,AK,02,Alaska,-0.78,UnderPayment,60.37,https://fns-prod.azureedge.us/sites/default/files/resource-files/snap-fy23-qc-payment-error-rate.pdf
2023-12-31T23:00Z,AK,02,Alaska,22.5,OverPayment,24.66,https://fns-prod.azureedge.us/sites/default/files/resource-files/snap-fy24QC-PER.pdf
2023-12-31T23:00Z,AK,02,Alaska,-2.16,UnderPayment,24.66,https://fns-prod.azureedge.us/sites/default/files/resource-files/snap-fy24QC-PER.pdf
2002-12-31T23:00Z,AZ,04,Arizona,4.71,OverPayment,5.83,
2002-12-31T23:00Z,AZ,04,Arizona,-1.13,UnderPayment,5.83,
2003-12-31T23:00Z,AZ,04,Arizona,5.12,OverPayment,6.54,
2003-12-31T23:00Z,AZ,04,Arizona,-1.42,UnderPayment,6.54,
2004-12-31T23:00Z,AZ,04,Arizona,6.02,OverPayment,7.61,
2004-12-31T23:00Z,AZ,04,Arizona,-1.59,UnderPayment,7.61,
2005-12-31T23:00Z,AZ,04,Arizona,6.84,OverPayment,8.26,
2005-12-31T23:00Z,AZ,04,Arizona,-1.42,UnderPayment,8.26,
2006-12-31T23:00Z,AZ,04,Arizona,3.73,OverPayment,4.87,
2006-12-31T23:00Z,AZ,04,Arizona,-1.14,UnderPayment,4.87,
2007-12-31T23:00Z,AZ,04,Arizona,3.24,OverPayment,4.68,
2007-12-31T23:00Z,AZ,04,Arizona,-1.44,UnderPayment,4.68,
2008-12-31T23:00Z,AZ,04,Arizona,3.57,OverPayment,5.99,
2008-12-31T23:00Z,AZ,04,Arizona,-2.42,UnderPayment,5.99,
2009-12-31T23:00Z,AZ,04,Arizona,4.93,OverPayment,6.69,
2009-12-31T23:00Z,AZ,04,Arizona,-1.76,UnderPayment,6.69,
2010-12-31T23:00Z,AZ,04,Arizona,4.65,OverPayment,6.34,
2010-12-31T23:00Z,AZ,04,Arizona,-1.69,UnderPayment,6.34,
2011-12-31T23:00Z,AZ,04,Arizona,4.27,OverPayment,5.6,
2011-12-31T23:00Z,AZ,04,Arizona,-1.33,UnderPayment,5.6,
2012-12-31T23:00Z,AZ,04,Arizona,3.99,OverPayment,5.48,
2012-12-31T23:00Z,AZ,04,Arizona,-1.49,UnderPayment,5.48,
2013-12-31T23:00Z,AZ,04,Arizona,4.07,OverPayment,5.18,
2013-12-31T23:00Z,AZ,04,Arizona,-1.11,UnderPayment,5.18,
2014-12-31T23:00Z,AZ,04,Arizona,3.7,OverPayment,4.7,
2014-12-31T23:00Z,AZ,04,Arizona,-1.01,UnderPayment,4.7,
2015-12-31T23:00Z,,,Arizona,NaN,OverPayment,NaN,
2015-12-31T23:00Z,,,Arizona,NaN,UnderPayment,NaN,
2016-12-31T23:00Z,AZ,04,Arizona,7.55,OverPayment,9.08,
2016-12-31T23:00Z,AZ,04,Arizona,-1.54,UnderPayment,9.08,
2017-12-31T23:00Z,AZ,04,Arizona,4.95,OverPayment,5.99,
2017-12-31T23:00Z,AZ,04,Arizona,-1.04,UnderPayment,5.99,
2018-12-31T23:00Z,AZ,04,Arizona,4.41,OverPayment,5.24,https://fns-prod.azureedge.us/sites/default/files/resource-files/FY2019SNAPQCPaymentErrorRateChartGeneric.pdf
2018-12-31T23:00Z,AZ,04,Arizona,-0.84,UnderPayment,5.24,https://fns-prod.azureedge.us/sites/default/files/resource-files/FY2019SNAPQCPaymentErrorRateChartGeneric.pdf
2019-12-31T23:00Z,,,Arizona,NaN,OverPayment,NaN,
2019-12-31T23:00Z,,,Arizona,NaN,UnderPayment,NaN,
2020-12-31T23:00Z,,,Arizona,NaN,OverPayment,NaN,
2020-12-31T23:00Z,,,Arizona,NaN,UnderPayment,NaN,
2021-12-31T23:00Z,AZ,04,Arizona,9.62,OverPayment,11.39,https://fns-prod.azureedge.us/sites/default/files/resource-files/snap-fy22-qc-payment-error-rate.pdf
2021-12-31T23:00Z,AZ,04,Arizona,-1.77,UnderPayment,11.39,https://fns-prod.azureedge.us/sites/default/files/resource-files/snap-fy22-qc-payment-error-rate.pdf
2022-12-31T23:00Z,AZ,04,Arizona,9.72,OverPayment,11.39,https://fns-prod.azureedge.us/sites/default/files/resource-files/snap-fy23-qc-payment-error-rate.pdf
2022-12-31T23:00Z,AZ,04,Arizona,-1.67,UnderPayment,11.39,https://fns-prod.azureedge.us/sites/default/files/resource-files/snap-fy23-qc-payment-error-rate.pdf
2023-12-31T23:00Z,AZ,04,Arizona,7.56,OverPayment,8.84,https://fns-prod.azureedge.us/sites/default/files/resource-files/snap-fy24QC-PER.pdf
2023-12-31T23:00Z,AZ,04,Arizona,-1.28,UnderPayment,8.84,https://fns-prod.azureedge.us/sites/default/files/resource-files/snap-fy24QC-PER.pdf
2002-12-31T23:00Z,AR,05,Arkansas,3.52,OverPayment,4.02,
2002-12-31T23:00Z,AR,05,Arkansas,-0.5,UnderPayment,4.02,
2003-12-31T23:00Z,AR,05,Arkansas,4.07,OverPayment,5.34,
2003-12-31T23:00Z,AR,05,Arkansas,-1.26,UnderPayment,5.34,
2004-12-31T23:00Z,AR,05,Arkansas,4.72,OverPayment,5.43,
2004-12-31T23:00Z,AR,05,Arkansas,-0.71,UnderPayment,5.43,
2005-12-31T23:00Z,AR,05,Arkansas,6.33,OverPayment,7.15,
2005-12-31T23:00Z,AR,05,Arkansas,-0.82,UnderPayment,7.15,
2006-12-31T23:00Z,AR,05,Arkansas,6.09,OverPayment,7.01,
2006-12-31T23:00Z,AR,05,Arkansas,-0.92,UnderPayment,7.01,
2007-12-31T23:00Z,AR,05,Arkansas,5.2,OverPayment,6.1,
2007-12-31T23:00Z,AR,05,Arkansas,-0.9,UnderPayment,6.1,
2008-12-31T23:00Z,AR,05,Arkansas,3.99,OverPayment,4.74,
2008-12-31T23:00Z,AR,05,Arkansas,-0.74,UnderPayment,4.74,
2009-12-31T23:00Z,AR,05,Arkansas,4.79,OverPayment,5.64,
2009-12-31T23:00Z,AR,05,Arkansas,-0.85,UnderPayment,5.64,
2010-12-31T23:00Z,AR,05,Arkansas,4.71,OverPayment,5.79,
2010-12-31T23:00Z,AR,05,Arkansas,-1.08,UnderPayment,5.79,
2011-12-31T23:00Z,AR,05,Arkansas,4.06,OverPayment,4.76,
2011-12-31T23:00Z,AR,05,Arkansas,-0.7,UnderPayment,4.76,
2012-12-31T23:00Z,AR,05,Arkansas,3.51,OverPayment,4.34,
2012-12-31T23:00Z,AR,05,Arkansas,-0.84,UnderPayment,4.34,
2013-12-31T23:00Z,AR,05,Arkansas,4.81,OverPayment,5.58,
2013-12-31T23:00Z,AR,05,Arkansas,-0.77,UnderPayment,5.58,
2015-12-31T23:00Z,,,Arkansas,NaN,OverPayment,NaN,
2015-12-31T23:00Z,,,Arkansas,NaN,UnderPayment,NaN,
2016-12-31T23:00Z,AR,05,Arkansas,5.17,OverPayment,6.85,
2016-12-31T23:00Z,AR,05,Arkansas,-1.68,UnderPayment,6.85,
2017-12-31T23:00Z,AR,05,Arkansas,4.77,OverPayment,5.6,
2017-12-31T23:00Z,AR,05,Arkansas,-0.83,UnderPayment,5.6,
2018-12-31T23:00Z,AR,05,Arkansas,5.48,OverPayment,5.91,https://fns-prod.azureedge.us/sites/default/files/resource-files/FY2019SNAPQCPaymentErrorRateChartGeneric.pdf
2018-12-31T23:00Z,AR,05,Arkansas,-0.43,UnderPayment,5.91,https://fns-prod.azureedge.us/sites/default/files/resource-files/FY2019SNAPQCPaymentErrorRateChartGeneric.pdf
2019-12-31T23:00Z,,,Arkansas,NaN,OverPayment,NaN,
2019-12-31T23:00Z,,,Arkansas,NaN,UnderPayment,NaN,
2020-12-31T23:00Z,,,Arkansas,NaN,OverPayment,NaN,
2020-12-31T23:00Z,,,Arkansas,NaN,UnderPayment,NaN,
2021-12-31T23:00Z,AR,05,Arkansas,10.21,OverPayment,11.31,https://fns-prod.azureedge.us/sites/default/files/resource-files/snap-fy22-qc-payment-error-rate.pdf
2021-12-31T23:00Z,AR,05,Arkansas,-1.1,UnderPayment,11.31,https://fns-prod.azureedge.us/sites/default/files/resource-files/snap-fy22-qc-payment-error-rate.pdf
2022-12-31T23:00Z,AR,05,Arkansas,8.76,OverPayment,9.57,https://fns-prod.azureedge.us/sites/default/files/resource-files/snap-fy23-qc-payment-error-rate.pdf
2022-12-31T23:00Z,AR,05,Arkansas,-0.81,UnderPayment,9.57,https://fns-prod.azureedge.us/sites/default/files/resource-files/snap-fy23-qc-payment-error-rate.pdf
2023-12-31T23:00Z,AR,05,Arkansas,7.97,OverPayment,9.56,https://fns-prod.azureedge.us/sites/default/files/resource-files/snap-fy24QC-PER.pdf
2023-12-31T23:00Z,AR,05,Arkansas,-1.59,UnderPayment,9.56,https://fns-prod.azureedge.us/sites/default/files/resource-files/snap-fy24QC-PER.pdf
2002-12-31T23:00Z,CA,06,California,5.71,OverPayment,7.96,
2002-12-31T23:00Z,CA,06,California,-2.25,UnderPayment,7.96,
2003-12-31T23:00Z,CA,06,California,4.73,OverPayment,6.32,
2003-12-31T23:00Z,CA,06,California,-1.6,UnderPayment,6.32,
2004-12-31T23:00Z,CA,06,California,4.27,OverPayment,6.38,
2004-12-31T23:00Z,CA,06,California,-2.12,UnderPayment,6.38,
2005-12-31T23:00Z,CA,06,California,5.28,OverPayment,6.98,
2005-12-31T23:00Z,CA,06,California,-1.7,UnderPayment,6.98,
2006-12-31T23:00Z,CA,06,California,4.08,OverPayment,5.31,
2006-12-31T23:00Z,CA,06,California,-1.23,UnderPayment,5.31,
2007-12-31T23:00Z,CA,06,California,4.07,OverPayment,5.77,
2007-12-31T23:00Z,CA,06,California,-1.7,UnderPayment,5.77,
2008-12-31T23:00Z,CA,06,California,3.07,OverPayment,4.36,
2008-12-31T23:00Z,CA,06,California,-1.29,UnderPayment,4.36,
2009-12-31T23:00Z,CA,06,California,3.56,OverPayment,4.81,
2009-12-31T23:00Z,CA,06,California,-1.26,UnderPayment,4.81,
2010-12-31T23:00Z,CA,06,California,2.65,OverPayment,4.58,
2010-12-31T23:00Z,CA,06,California,-1.92,UnderPayment,4.58,
2011-12-31T23:00Z,CA,06,California,3.06,OverPayment,3.98,
2011-12-31T23:00Z,CA,06,California,-0.93,UnderPayment,3.98,
2012-12-31T23:00Z,CA,06,California,2.82,OverPayment,3.63,
2012-12-31T23:00Z,CA,06,California,-0.81,UnderPayment,3.63,
2013-12-31T23:00Z,CA,06,California,4.14,OverPayment,5.13,
2013-12-31T23:00Z,CA,06,California,-0.99,UnderPayment,5.13,
2015-12-31T23:00Z,,,California,NaN,OverPayment,NaN,
2015-12-31T23:00Z,,,California,NaN,UnderPayment,NaN,
2016-12-31T23:00Z,CA,06,California,6.61,OverPayment,7.93,
2016-12-31T23:00Z,CA,06,California,-1.33,UnderPayment,7.93,
2017-12-31T23:00Z,CA,06,California,5.96,OverPayment,7.25,
2017-12-31T23:00Z,CA,06,California,-1.3,UnderPayment,7.25,
2018-12-31T23:00Z,CA,06,California,6.42,OverPayment,7.31,https://fns-prod.azureedge.us/sites/default/files/resource-files/FY2019SNAPQCPaymentErrorRateChartGeneric.pdf
2018-12-31T23:00Z,CA,06,California,-0.89,UnderPayment,7.31,https://fns-prod.azureedge.us/sites/default/files/resource-files/FY2019SNAPQCPaymentErrorRateChartGeneric.pdf
2019-12-31T23:00Z,,,California,NaN,OverPayment,NaN,
2019-12-31T23:00Z,,,California,NaN,UnderPayment,NaN,
2020-12-31T23:00Z,,,California,NaN,OverPayment,NaN,
2020-12-31T23:00Z,,,California,NaN,UnderPayment,NaN,
2021-12-31T23:00Z,CA,06,California,9.59,OverPayment,11.1,https://fns-prod.azureedge.us/sites/default/files/resource-files/snap-fy22-qc-payment-error-rate.pdf
2021-12-31T23:00Z,CA,06,California,-1.51,UnderPayment,11.1,https://fns-prod.azureedge.us/sites/default/files/resource-files/snap-fy22-qc-payment-error-rate.pdf
2022-12-31T23:00Z,CA,06,California,11.61,OverPayment,13.4,https://fns-prod.azureedge.us/sites/default/files/resource-files/snap-fy23-qc-payment-error-rate.pdf
2022-12-31T23:00Z,CA,06,California,-1.78,UnderPayment,13.4,https://fns-prod.azureedge.us/sites/default/files/resource-files/snap-fy23-qc-payment-error-rate.pdf
2023-12-31T23:00Z,CA,06,California,9.01,OverPayment,10.98,https://fns-prod.azureedge.us/sites/default/files/resource-files/snap-fy24QC-PER.pdf
2023-12-31T23:00Z,CA,06,California,-1.98,UnderPayment,10.98,https://fns-prod.azureedge.us/sites/default/files/resource-files/snap-fy24QC-PER.pdf
2002-12-31T23:00Z,CO,08,Colorado,6.08,OverPayment,7.4,
2002-12-31T23:00Z,CO,08,Colorado,-1.32,UnderPayment,7.4,
2003-12-31T23:00Z,CO,08,Colorado,2.33,OverPayment,2.93,
2003-12-31T23:00Z,CO,08,Colorado,-0.6,UnderPayment,2.93,
2004-12-31T23:00Z,CO,08,Colorado,5.02,OverPayment,7.42,
2004-12-31T23:00Z,CO,08,Colorado,-2.4,UnderPayment,7.42,
2005-12-31T23:00Z,CO,08,Colorado,5.27,OverPayment,6.68,
2005-12-31T23:00Z,CO,08,Colorado,-1.41,UnderPayment,6.68,
2006-12-31T23:00Z,CO,08,Colorado,5.15,OverPayment,7.05,
2006-12-31T23:00Z,CO,08,Colorado,-1.89,UnderPayment,7.05,
2007-12-31T23:00Z,CO,08,Colorado,2.6,OverPayment,3.32,
2007-12-31T23:00Z,CO,08,Colorado,-0.72,UnderPayment,3.32,
2008-12-31T23:00Z,CO,08,Colorado,2.05,OverPayment,2.72,
2008-12-31T23:00Z,CO,08,Colorado,-0.67,UnderPayment,2.72,
2009-12-31T23:00Z,CO,08,Colorado,1.72,OverPayment,3.18,
2009-12-31T23:00Z,CO,08,Colorado,-1.46,UnderPayment,3.18,
2010-12-31T23:00Z,CO,08,Colorado,3.25,OverPayment,4.45,
2010-12-31T23:00Z,CO,08,Colorado,-1.19,UnderPayment,4.45,
2011-12-31T23:00Z,CO,08,Colorado,3.23,OverPayment,4.55,
2011-12-31T23:00Z,CO,08,Colorado,-1.32,UnderPayment,4.55,
2012-12-31T23:00Z,CO,08,Colorado,4.12,OverPayment,5.59,
2012-12-31T23:00Z,CO,08,Colorado,-1.47,UnderPayment,5.59,
2013-12-31T23:00Z,CO,08,Colorado,3.27,OverPayment,4.26,
2013-12-31T23:00Z,CO,08,Colorado,-0.99,UnderPayment,4.26,
2015-12-31T23:00Z,,,Colorado,NaN,OverPayment,NaN,
2015-12-31T23:00Z,,,Colorado,NaN,UnderPayment,NaN,
2016-12-31T23:00Z,CO,08,Colorado,4.75,OverPayment,6.22,
2016-12-31T23:00Z,CO,08,Colorado,-1.48,UnderPayment,6.22,
2017-12-31T23:00Z,CO,08,Colorado,4.04,OverPayment,5.43,
2017-12-31T23:00Z,CO,08,Colorado,-1.39,UnderPayment,5.43,
2018-12-31T23:00Z,CO,08,Colorado,6.91,OverPayment,8.67,https://fns-prod.azureedge.us/sites/default/files/resource-files/FY2019SNAPQCPaymentErrorRateChartGeneric.pdf
2018-12-31T23:00Z,CO,08,Colorado,-1.76,UnderPayment,8.67,https://fns-prod.azureedge.us/sites/default/files/resource-files/FY2019SNAPQCPaymentErrorRateChartGeneric.pdf
2019-12-31T23:00Z,,,Colorado,NaN,OverPayment,NaN,
2019-12-31T23:00Z,,,Colorado,NaN,UnderPayment,NaN,
2020-12-31T23:00Z,,,Colorado,NaN,OverPayment,NaN,
2020-12-31T23:00Z,,,Colorado,NaN,UnderPayment,NaN,
2021-12-31T23:00Z,CO,08,Colorado,5.29,OverPayment,7.31,https://fns-prod.azureedge.us/sites/default/files/resource-files/snap-fy22-qc-payment-error-rate.pdf
2021-12-31T23:00Z,CO,08,Colorado,-2.02,UnderPayment,7.31,https://fns-prod.azureedge.us/sites/default/files/resource-files/snap-fy22-qc-payment-error-rate.pdf
2022-12-31T23:00Z,CO,08,Colorado,6.45,OverPayment,8.61,https://fns-prod.azureedge.us/sites/default/files/resource-files/snap-fy23-qc-payment-error-rate.pdf
2022-12-31T23:00Z,CO,08,Colorado,-2.16,UnderPayment,8.61,https://fns-prod.azureedge.us/sites/default/files/resource-files/snap-fy23-qc-payment-error-rate.pdf
2023-12-31T23:00Z,CO,08,Colorado,7.91,OverPayment,9.97,https://fns-prod.azureedge.us/sites/default/files/resource-files/snap-fy24QC-PER.pdf
2023-12-31T23:00Z,CO,08,Colorado,-2.06,UnderPayment,9.97,https://fns-prod.azureedge.us/sites/default/files/resource-files/snap-fy24QC-PER.pdf
2002-12-31T23:00Z,CT,09,Connecticut,7.02,OverPayment,8.77,
2002-12-31T23:00Z,CT,09,Connecticut,-1.75,UnderPayment,8.77,
2003-12-31T23:00Z,CT,09,Connecticut,3.62,OverPayment,4.94,
2003-12-31T23:00Z,CT,09,Connecticut,-1.32,UnderPayment,4.94,
2004-12-31T23:00Z,CT,09,Connecticut,5.01,OverPayment,6.61,
2004-12-31T23:00Z,CT,09,Connecticut,-1.61,UnderPayment,6.61,
2005-12-31T23:00Z,CT,09,Connecticut,3.89,OverPayment,5.46,
2005-12-31T23:00Z,CT,09,Connecticut,-1.57,UnderPayment,5.46,
2006-12-31T23:00Z,CT,09,Connecticut,4.41,OverPayment,6.51,
2006-12-31T23:00Z,CT,09,Connecticut,-2.1,UnderPayment,6.51,
2007-12-31T23:00Z,CT,09,Connecticut,6.18,OverPayment,8.16,
2007-12-31T23:00Z,CT,09,Connecticut,-1.97,UnderPayment,8.16,
2008-12-31T23:00Z,CT,09,Connecticut,4.3,OverPayment,5.15,
2008-12-31T23:00Z,CT,09,Connecticut,-0.85,UnderPayment,5.15,
2009-12-31T23:00Z,CT,09,Connecticut,6.23,OverPayment,7.66,
2009-12-31T23:00Z,CT,09,Connecticut,-1.43,UnderPayment,7.66,
2010-12-31T23:00Z,CT,09,Connecticut,4.42,OverPayment,6.46,
2010-12-31T23:00Z,CT,09,Connecticut,-2.04,UnderPayment,6.46,
2011-12-31T23:00Z,CT,09,Connecticut,4.75,OverPayment,5.99,
2011-12-31T23:00Z,CT,09,Connecticut,-1.24,UnderPayment,5.99,
2012-12-31T23:00Z,CT,09,Connecticut,5.58,OverPayment,7.13,
2012-12-31T23:00Z,CT,09,Connecticut,-1.55,UnderPayment,7.13,
2013-12-31T23:00Z,CT,09,Connecticut,4.89,OverPayment,5.84,
2013-12-31T23:00Z,CT,09,Connecticut,-0.95,UnderPayment,5.84,
2015-12-31T23:00Z,,,Connecticut,NaN,OverPayment,NaN,
2015-12-31T23:00Z,,,Connecticut,NaN,UnderPayment,NaN,
2016-12-31T23:00Z,CT,09,Connecticut,4.71,OverPayment,5.58,
2016-12-31T23:00Z,CT,09,Connecticut,-0.87,UnderPayment,5.58,
2017-12-31T23:00Z,CT,09,Connecticut,6.72,OverPayment,8.77,
2017-12-31T23:00Z,CT,09,Connecticut,-2.05,UnderPayment,8.77,
2018-12-31T23:00Z,CT,09,Connecticut,9.08,OverPayment,10.5,https://fns-prod.azureedge.us/sites/default/files/resource-files/FY2019SNAPQCPaymentErrorRateChartGeneric.pdf
2018-12-31T23:00Z,CT,09,Connecticut,-1.42,UnderPayment,10.5,https://fns-prod.azureedge.us/sites/default/files/resource-files/FY2019SNAPQCPaymentErrorRateChartGeneric.pdf
2019-12-31T23:00Z,,,Connecticut,NaN,OverPayment,NaN,
2019-12-31T23:00Z,,,Connecticut,NaN,UnderPayment,NaN,
2020-12-31T23:00Z,,,Connecticut,NaN,OverPayment,NaN,
2020-12-31T23:00Z,,,Connecticut,NaN,UnderPayment,NaN,
2021-12-31T23:00Z,CT,09,Connecticut,7.21,OverPayment,8.93,https://fns-prod.azureedge.us/sites/default/files/resource-files/snap-fy22-qc-payment-error-rate.pdf
2021-12-31T23:00Z,CT,09,Connecticut,-1.73,UnderPayment,8.93,https://fns-prod.azureedge.us/sites/default/files/resource-files/snap-fy22-qc-payment-error-rate.pdf
2022-12-31T23:00Z,CT,09,Connecticut,7.33,OverPayment,8.91,https://fns-prod.azureedge.us/sites/default/files/resource-files/snap-fy23-qc-payment-error-rate.pdf
2022-12-31T23:00Z,CT,09,Connecticut,-1.58,UnderPayment,8.91,https://fns-prod.azureedge.us/sites/default/files/resource-files/snap-fy23-qc-payment-error-rate.pdf
2023-12-31T23:00Z,CT,09,Connecticut,8.61,OverPayment,10.25,https://fns-prod.azureedge.us/sites/default/files/resource-files/snap-fy24QC-PER.pdf
2023-12-31T23:00Z,CT,09,Connecticut,-1.65,UnderPayment,10.25,https://fns-prod.azureedge.us/sites/default/files/resource-files/snap-fy24QC-PER.pdf
2002-12-31T23:00Z,DE,10,Delaware,4.07,OverPayment,5.38,
2002-12-31T23:00Z,DE,10,Delaware,-1.31,UnderPayment,5.38,
2003-12-31T23:00Z,DE,10,Delaware,4.29,OverPayment,6.24,
2003-12-31T23:00Z,DE,10,Delaware,-1.95,UnderPayment,6.24,
2004-12-31T23:00Z,DE,10,Delaware,4.3,OverPayment,6.46,
2004-12-31T23:00Z,DE,10,Delaware,-2.16,UnderPayment,6.46,
2005-12-31T23:00Z,DE,10,Delaware,6.56,OverPayment,7.92,
2005-12-31T23:00Z,DE,10,Delaware,-1.35,UnderPayment,7.92,
2006-12-31T23:00Z,DE,10,Delaware,7.46,OverPayment,9.36,
2006-12-31T23:00Z,DE,10,Delaware,-1.9,UnderPayment,9.36,
2007-12-31T23:00Z,DE,10,Delaware,4.36,OverPayment,5.52,
2007-12-31T23:00Z,DE,10,Delaware,-1.16,UnderPayment,5.52,
2008-12-31T23:00Z,DE,10,Delaware,0.77,OverPayment,1.15,
2008-12-31T23:00Z,DE,10,Delaware,-0.37,UnderPayment,1.15,
2009-12-31T23:00Z,DE,10,Delaware,1.11,OverPayment,1.52,
2009-12-31T23:00Z,DE,10,Delaware,-0.41,UnderPayment,1.52,
2010-12-31T23:00Z,DE,10,Delaware,2.01,OverPayment,2.53,
2010-12-31T23:00Z,DE,10,Delaware,-0.52,UnderPayment,2.53,
2011-12-31T23:00Z,DE,10,Delaware,2.99,OverPayment,3.41,
2011-12-31T23:00Z,DE,10,Delaware,-0.41,UnderPayment,3.41,
2012-12-31T23:00Z,DE,10,Delaware,2.7,OverPayment,3.53,
2012-12-31T23:00Z,DE,10,Delaware,-0.83,UnderPayment,3.53,
2013-12-31T23:00Z,DE,10,Delaware,2.25,OverPayment,2.78,
2013-12-31T23:00Z,DE,10,Delaware,-0.53,UnderPayment,2.78,
2015-12-31T23:00Z,,,Delaware,NaN,OverPayment,NaN,
2015-12-31T23:00Z,,,Delaware,NaN,UnderPayment,NaN,
2016-12-31T23:00Z,DE,10,Delaware,12.27,OverPayment,13.95,
2016-12-31T23:00Z,DE,10,Delaware,-1.67,UnderPayment,13.95,
2017-12-31T23:00Z,DE,10,Delaware,11.95,OverPayment,13.24,
2017-12-31T23:00Z,DE,10,Delaware,-1.29,UnderPayment,13.24,
2018-12-31T23:00Z,DE,10,Delaware,11.04,OverPayment,13.16,https://fns-prod.azureedge.us/sites/default/files/resource-files/FY2019SNAPQCPaymentErrorRateChartGeneric.pdf
2018-12-31T23:00Z,DE,10,Delaware,-2.12,UnderPayment,13.16,https://fns-prod.azureedge.us/sites/default/files/resource-files/FY2019SNAPQCPaymentErrorRateChartGeneric.pdf
2019-12-31T23:00Z,,,Delaware,NaN,OverPayment,NaN,
2019-12-31T23:00Z,,,Delaware,NaN,UnderPayment,NaN,
2020-12-31T23:00Z,,,Delaware,NaN,OverPayment,NaN,
2020-12-31T23:00Z,,,Delaware,NaN,UnderPayment,NaN,
2021-12-31T23:00Z,DE,10,Delaware,18.61,OverPayment,22.43,https://fns-prod.azureedge.us/sites/default/files/resource-files/snap-fy22-qc-payment-error-rate.pdf
2021-12-31T23:00Z,DE,10,Delaware,-3.83,UnderPayment,22.43,https://fns-prod.azureedge.us/sites/default/files/resource-files/snap-fy22-qc-payment-error-rate.pdf
2022-12-31T23:00Z,DE,10,Delaware,19.23,OverPayment,22.8,https://fns-prod.azureedge.us/sites/default/files/resource-files/snap-fy23-qc-payment-error-rate.pdf
2022-12-31T23:00Z,DE,10,Delaware,-3.57,UnderPayment,22.8,https://fns-prod.azureedge.us/sites/default/files/resource-files/snap-fy23-qc-payment-error-rate.pdf
2023-12-31T23:00Z,DE,10,Delaware,10.49,OverPayment,12.37,https://fns-prod.azureedge.us/sites/default/files/resource-files/snap-fy24QC-PER.pdf
2023-12-31T23:00Z,DE,10,Delaware,-1.88,UnderPayment,12.37,https://fns-prod.azureedge.us/sites/default/files/resource-files/snap-fy24QC-PER.pdf
2002-12-31T23:00Z,DC,11,District of Columbia,7.08,OverPayment,8.97,
2002-12-31T23:00Z,DC,11,District of Columbia,-1.89,UnderPayment,8.97,
2003-12-31T23:00Z,DC,11,District of Columbia,4.75,OverPayment,5.65,
2003-12-31T23:00Z,DC,11,District of Columbia,-0.9,UnderPayment,5.65,
2004-12-31T23:00Z,DC,11,District of Columbia,8.21,OverPayment,9.89,
2004-12-31T23:00Z,DC,11,District of Columbia,-1.69,UnderPayment,9.89,
2005-12-31T23:00Z,DC,11,District of Columbia,7.74,OverPayment,9.62,
2005-12-31T23:00Z,DC,11,District of Columbia,-1.88,UnderPayment,9.62,
2006-12-31T23:00Z,DC,11,District of Columbia,6.53,OverPayment,8.34,
2006-12-31T23:00Z,DC,11,District of Columbia,-1.8,UnderPayment,8.34,
2007-12-31T23:00Z,DC,11,District of Columbia,4.61,OverPayment,6.26,
2007-12-31T23:00Z,DC,11,District of Columbia,-1.65,UnderPayment,6.26,
2008-12-31T23:00Z,DC,11,District of Columbia,3.35,OverPayment,3.92,
2008-12-31T23:00Z,DC,11,District of Columbia,-0.57,UnderPayment,3.92,
2009-12-31T23:00Z,DC,11,District of Columbia,3.76,OverPayment,4.47,
2009-12-31T23:00Z,DC,11,District of Columbia,-0.71,UnderPayment,4.47,
2010-12-31T23:00Z,DC,11,District of Columbia,1.83,OverPayment,3.03,
2010-12-31T23:00Z,DC,11,District of Columbia,-1.2,UnderPayment,3.03,
2011-12-31T23:00Z,DC,11,District of Columbia,3.24,OverPayment,3.91,
2011-12-31T23:00Z,DC,11,District of Columbia,-0.67,UnderPayment,3.91,
2012-12-31T23:00Z,DC,11,District of Columbia,5.98,OverPayment,6.87,
2012-12-31T23:00Z,DC,11,District of Columbia,-0.89,UnderPayment,6.87,
2013-12-31T23:00Z,DC,11,District of Columbia,6.14,OverPayment,7.38,
2013-12-31T23:00Z,DC,11,District of Columbia,-1.24,UnderPayment,7.38,
2015-12-31T23:00Z,,,District of Columbia,NaN,OverPayment,NaN,
2015-12-31T23:00Z,,,District of Columbia,NaN,UnderPayment,NaN,
2016-12-31T23:00Z,DC,11,District of Columbia,8.72,OverPayment,10.7,
2016-12-31T23:00Z,DC,11,District of Columbia,-1.99,UnderPayment,10.7,
2017-12-31T23:00Z,DC,11,District of Columbia,13.69,OverPayment,16.33,
2017-12-31T23:00Z,DC,11,District of Columbia,-2.65,UnderPayment,16.33,
2018-12-31T23:00Z,DC,11,District of Columbia,13.3,OverPayment,15.74,https://fns-prod.azureedge.us/sites/default/files/resource-files/FY2019SNAPQCPaymentErrorRateChartGeneric.pdf
2018-12-31T23:00Z,DC,11,District of Columbia,-2.44,UnderPayment,15.74,https://fns-prod.azureedge.us/sites/default/files/resource-files/FY2019SNAPQCPaymentErrorRateChartGeneric.pdf
2019-12-31T23:00Z,,,District of Columbia,NaN,OverPayment,NaN,
2019-12-31T23:00Z,,,District of Columbia,NaN,UnderPayment,NaN,
2020-12-31T23:00Z,,,District of Columbia,NaN,OverPayment,NaN,
2020-12-31T23:00Z,,,District of Columbia,NaN,UnderPayment,NaN,
2021-12-31T23:00Z,DC,11,District of Columbia,14.55,OverPayment,18.95,https://fns-prod.azureedge.us/sites/default/files/resource-files/snap-fy22-qc-payment-error-rate.pdf
2021-12-31T23:00Z,DC,11,District of Columbia,-4.4,UnderPayment,18.95,https://fns-prod.azureedge.us/sites/default/files/resource-files/snap-fy22-qc-payment-error-rate.pdf
2022-12-31T23:00Z,DC,11,District of Columbia,15.68,OverPayment,20.26,https://fns-prod.azureedge.us/sites/default/files/resource-files/snap-fy23-qc-payment-error-rate.pdf
2022-12-31T23:00Z,DC,11,District of Columbia,-4.58,UnderPayment,20.26,https://fns-prod.azureedge.us/sites/default/files/resource-files/snap-fy23-qc-payment-error-rate.pdf
2023-12-31T23:00Z,DC,11,District of Columbia,13.62,OverPayment,17.38,https://fns-prod.azureedge.us/sites/default/files/resource-files/snap-fy24QC-PER.pdf
2023-12-31T23:00Z,DC,11,District of Columbia,-3.76,UnderPayment,17.38,https://fns-prod.azureedge.us/sites/default/files/resource-files/snap-fy24QC-PER.pdf
2002-12-31T23:00Z,FL,12,Florida,5.5,OverPayment,7.93,
2002-12-31T23:00Z,FL,12,Florida,-2.5,UnderPayment,7.93,
2003-12-31T23:00Z,FL,12,Florida,5.24,OverPayment,6.16,
2003-12-31T23:00Z,FL,12,Florida,-0.92,UnderPayment,6.16,
2004-12-31T23:00Z,FL,12,Florida,5.88,OverPayment,7.19,
2004-12-31T23:00Z,FL,12,Florida,-1.32,UnderPayment,7.19,
2005-12-31T23:00Z,FL,12,Florida,6.95,OverPayment,8.59,
2005-12-31T23:00Z,FL,12,Florida,-1.65,UnderPayment,8.59,
2006-12-31T23:00Z,FL,12,Florida,3.94,OverPayment,4.15,
2006-12-31T23:00Z,FL,12,Florida,-0.21,UnderPayment,4.15,
2007-12-31T23:00Z,FL,12,Florida,0.81,OverPayment,0.85,
2007-12-31T23:00Z,FL,12,Florida,-0.04,UnderPayment,0.85,
2008-12-31T23:00Z,FL,12,Florida,0.53,OverPayment,0.7,
2008-12-31T23:00Z,FL,12,Florida,-0.16,UnderPayment,0.7,
2009-12-31T23:00Z,FL,12,Florida,0.74,OverPayment,0.78,
2009-12-31T23:00Z,FL,12,Florida,-0.04,UnderPayment,0.78,
2010-12-31T23:00Z,FL,12,Florida,0.68,OverPayment,0.87,
2010-12-31T23:00Z,FL,12,Florida,-0.19,UnderPayment,0.87,
2011-12-31T23:00Z,FL,12,Florida,0.59,OverPayment,0.77,
2011-12-31T23:00Z,FL,12,Florida,-0.17,UnderPayment,0.77,
2012-12-31T23:00Z,FL,12,Florida,0.52,OverPayment,0.81,
2012-12-31T23:00Z,FL,12,Florida,-0.28,UnderPayment,0.81,
2013-12-31T23:00Z,FL,12,Florida,0.38,OverPayment,0.42,
2013-12-31T23:00Z,FL,12,Florida,-0.05,UnderPayment,0.42,
2015-12-31T23:00Z,,,Florida,NaN,OverPayment,NaN,
2015-12-31T23:00Z,,,Florida,NaN,UnderPayment,NaN,
2016-12-31T23:00Z,FL,12,Florida,5.28,OverPayment,6.42,
2016-12-31T23:00Z,FL,12,Florida,-1.14,UnderPayment,6.42,
2017-12-31T23:00Z,FL,12,Florida,3.9,OverPayment,4.39,
2017-12-31T23:00Z,FL,12,Florida,-0.49,UnderPayment,4.39,
2018-12-31T23:00Z,FL,12,Florida,4.56,OverPayment,5.33,https://fns-prod.azureedge.us/sites/default/files/resource-files/FY2019SNAPQCPaymentErrorRateChartGeneric.pdf
2018-12-31T23:00Z,FL,12,Florida,-0.77,UnderPayment,5.33,https://fns-prod.azureedge.us/sites/default/files/resource-files/FY2019SNAPQCPaymentErrorRateChartGeneric.pdf
2019-12-31T23:00Z,,,Florida,NaN,OverPayment,NaN,
2019-12-31T23:00Z,,,Florida,NaN,UnderPayment,NaN,
2020-12-31T23:00Z,,,Florida,NaN,OverPayment,NaN,
2020-12-31T23:00Z,,,Florida,NaN,UnderPayment,NaN,
2021-12-31T23:00Z,FL,12,Florida,7.45,OverPayment,8.59,https://fns-prod.azureedge.us/sites/default/files/resource-files/snap-fy22-qc-payment-error-rate.pdf
2021-12-31T23:00Z,FL,12,Florida,-1.15,UnderPayment,8.59,https://fns-prod.azureedge.us/sites/default/files/resource-files/snap-fy22-qc-payment-error-rate.pdf
2022-12-31T23:00Z,FL,12,Florida,11.25,OverPayment,12.6,https://fns-prod.azureedge.us/sites/default/files/resource-files/snap-fy23-qc-payment-error-rate.pdf
2022-12-31T23:00Z,FL,12,Florida,-1.35,UnderPayment,12.6,https://fns-prod.azureedge.us/sites/default/files/resource-files/snap-fy23-qc-payment-error-rate.pdf
2023-12-31T23:00Z,FL,12,Florida,13.05,OverPayment,15.13,https://fns-prod.azureedge.us/sites/default/files/resource-files/snap-fy24QC-PER.pdf
2023-12-31T23:00Z,FL,12,Florida,-2.08,UnderPayment,15.13,https://fns-prod.azureedge.us/sites/default/files/resource-files/snap-fy24QC-PER.pdf
2002-12-31T23:00Z,GA,13,Georgia,4,OverPayment,5.15,
2002-12-31T23:00Z,GA,13,Georgia,-1.16,UnderPayment,5.15,
2003-12-31T23:00Z,GA,13,Georgia,5.26,OverPayment,6.21,
2003-12-31T23:00Z,GA,13,Georgia,-0.95,UnderPayment,6.21,
2004-12-31T23:00Z,GA,13,Georgia,4.31,OverPayment,4.89,
2004-12-31T23:00Z,GA,13,Georgia,-0.58,UnderPayment,4.89,
2005-12-31T23:00Z,GA,13,Georgia,6.38,OverPayment,7.16,
2005-12-31T23:00Z,GA,13,Georgia,-0.78,UnderPayment,7.16,
2006-12-31T23:00Z,GA,13,Georgia,7.22,OverPayment,8.13,
2006-12-31T23:00Z,GA,13,Georgia,-0.91,UnderPayment,8.13,
2007-12-31T23:00Z,GA,13,Georgia,2.02,OverPayment,2.5,
2007-12-31T23:00Z,GA,13,Georgia,-0.48,UnderPayment,2.5,
2008-12-31T23:00Z,GA,13,Georgia,1.91,OverPayment,2.1,
2008-12-31T23:00Z,GA,13,Georgia,-0.19,UnderPayment,2.1,
2009-12-31T23:00Z,GA,13,Georgia,1.64,OverPayment,1.99,
2009-12-31T23:00Z,GA,13,Georgia,-0.35,UnderPayment,1.99,
2010-12-31T23:00Z,GA,13,Georgia,1.97,OverPayment,2.71,
2010-12-31T23:00Z,GA,13,Georgia,-0.74,UnderPayment,2.71,
2011-12-31T23:00Z,GA,13,Georgia,2.41,OverPayment,3.18,
2011-12-31T23:00Z,GA,13,Georgia,-0.78,UnderPayment,3.18,
2012-12-31T23:00Z,GA,13,Georgia,4.48,OverPayment,5.11,
2012-12-31T23:00Z,GA,13,Georgia,-0.63,UnderPayment,5.11,
2013-12-31T23:00Z,GA,13,Georgia,4.93,OverPayment,6.49,
2013-12-31T23:00Z,GA,13,Georgia,-1.55,UnderPayment,6.49,
2015-12-31T23:00Z,,,Georgia,NaN,OverPayment,NaN,
2015-12-31T23:00Z,,,Georgia,NaN,UnderPayment,NaN,
2016-12-31T23:00Z,GA,13,Georgia,5.5,OverPayment,6.53,
2016-12-31T23:00Z,GA,13,Georgia,-1.03,UnderPayment,6.53,
2017-12-31T23:00Z,GA,13,Georgia,7.39,OverPayment,9.11,
2017-12-31T23:00Z,GA,13,Georgia,-1.72,UnderPayment,9.11,
2018-12-31T23:00Z,GA,13,Georgia,7.45,OverPayment,9.3,https://fns-prod.azureedge.us/sites/default/files/resource-files/FY2019SNAPQCPaymentErrorRateChartGeneric.pdf
2018-12-31T23:00Z,GA,13,Georgia,-1.85,UnderPayment,9.3,https://fns-prod.azureedge.us/sites/default/files/resource-files/FY2019SNAPQCPaymentErrorRateChartGeneric.pdf
2019-12-31T23:00Z,,,Georgia,NaN,OverPayment,NaN,
2019-12-31T23:00Z,,,Georgia,NaN,UnderPayment,NaN,
2020-12-31T23:00Z,,,Georgia,NaN,OverPayment,NaN,
2020-12-31T23:00Z,,,Georgia,NaN,UnderPayment,NaN,
2021-12-31T23:00Z,GA,13,Georgia,11.75,OverPayment,14.98,https://fns-prod.azureedge.us/sites/default/files/resource-files/snap-fy22-qc-payment-error-rate.pdf
2021-12-31T23:00Z,GA,13,Georgia,-3.23,UnderPayment,14.98,https://fns-prod.azureedge.us/sites/default/files/resource-files/snap-fy22-qc-payment-error-rate.pdf
2022-12-31T23:00Z,GA,13,Georgia,9.12,OverPayment,12.07,https://fns-prod.azureedge.us/sites/default/files/resource-files/snap-fy23-qc-payment-error-rate.pdf
2022-12-31T23:00Z,GA,13,Georgia,-2.95,UnderPayment,12.07,https://fns-prod.azureedge.us/sites/default/files/resource-files/snap-fy23-qc-payment-error-rate.pdf
2023-12-31T23:00Z,GA,13,Georgia,13.59,OverPayment,15.65,https://fns-prod.azureedge.us/sites/default/files/resource-files/snap-fy24QC-PER.pdf
2023-12-31T23:00Z,GA,13,Georgia,-2.06,UnderPayment,15.65,https://fns-prod.azureedge.us/sites/default/files/resource-files/snap-fy24QC-PER.pdf
2002-12-31T23:00Z,GU,66,Guam,4.64,OverPayment,7.04,
2002-12-31T23:00Z,GU,66,Guam,-2.4,UnderPayment,7.04,
2003-12-31T23:00Z,GU,66,Guam,3.81,OverPayment,6.61,
2003-12-31T23:00Z,GU,66,Guam,-2.8,UnderPayment,6.61,
2004-12-31T23:00Z,GU,66,Guam,4.08,OverPayment,6.2,
2004-12-31T23:00Z,GU,66,Guam,-2.12,UnderPayment,6.2,
2005-12-31T23:00Z,GU,66,Guam,4.71,OverPayment,6.45,
2005-12-31T23:00Z,GU,66,Guam,-1.75,UnderPayment,6.45,
2006-12-31T23:00Z,GU,66,Guam,4.45,OverPayment,6.55,
2006-12-31T23:00Z,GU,66,Guam,-2.1,UnderPayment,6.55,
2007-12-31T23:00Z,GU,66,Guam,6.93,OverPayment,9.36,
2007-12-31T23:00Z,GU,66,Guam,-2.43,UnderPayment,9.36,
2008-12-31T23:00Z,GU,66,Guam,3.23,OverPayment,4.24,
2008-12-31T23:00Z,GU,66,Guam,-1,UnderPayment,4.24,
2009-12-31T23:00Z,GU,66,Guam,4.17,OverPayment,5.42,
2009-12-31T23:00Z,GU,66,Guam,-1.25,UnderPayment,5.42,
2010-12-31T23:00Z,GU,66,Guam,4.6,OverPayment,6.25,
2010-12-31T23:00Z,GU,66,Guam,-1.65,UnderPayment,6.25,
2011-12-31T23:00Z,GU,66,Guam,5.83,OverPayment,7.33,
2011-12-31T23:00Z,GU,66,Guam,-1.51,UnderPayment,7.33,
2012-12-31T23:00Z,GU,66,Guam,5.47,OverPayment,6.65,
2012-12-31T23:00Z,GU,66,Guam,-1.18,UnderPayment,6.65,
2013-12-31T23:00Z,GU,66,Guam,5.13,OverPayment,7.08,
2013-12-31T23:00Z,GU,66,Guam,-1.96,UnderPayment,7.08,
2014-12-31T23:00Z,GU,66,Guam,6.41,OverPayment,8.53,
2014-12-31T23:00Z,GU,66,Guam,-2.12,UnderPayment,8.53,
2015-12-31T23:00Z,,,Guam,NaN,OverPayment,NaN,
2015-12-31T23:00Z,,,Guam,NaN,UnderPayment,NaN,
2016-12-31T23:00Z,GU,66,Guam,5,OverPayment,7.56,
2016-12-31T23:00Z,GU,66,Guam,-2.56,UnderPayment,7.56,
2017-12-31T23:00Z,GU,66,Guam,6.82,OverPayment,9.09,
2017-12-31T23:00Z,GU,66,Guam,-2.28,UnderPayment,9.09,
2018-12-31T23:00Z,GU,66,Guam,9.74,OverPayment,11.89,https://fns-prod.azureedge.us/sites/default/files/resource-files/FY2019SNAPQCPaymentErrorRateChartGeneric.pdf
2018-12-31T23:00Z,GU,66,Guam,-2.15,UnderPayment,11.89,https://fns-prod.azureedge.us/sites/default/files/resource-files/FY2019SNAPQCPaymentErrorRateChartGeneric.pdf
2019-12-31T23:00Z,,,Guam,NaN,OverPayment,NaN,
2019-12-31T23:00Z,,,Guam,NaN,UnderPayment,NaN,
2020-12-31T23:00Z,,,Guam,NaN,OverPayment,NaN,
2020-12-31T23:00Z,,,Guam,NaN,UnderPayment,NaN,
2021-12-31T23:00Z,GU,66,Guam,12.68,OverPayment,16.31,https://fns-prod.azureedge.us/sites/default/files/resource-files/snap-fy22-qc-payment-error-rate.pdf
2021-12-31T23:00Z,GU,66,Guam,-3.63,UnderPayment,16.31,https://fns-prod.azureedge.us/sites/default/files/resource-files/snap-fy22-qc-payment-error-rate.pdf
2022-12-31T23:00Z,GU,66,Guam,15.22,OverPayment,18.01,https://fns-prod.azureedge.us/sites/default/files/resource-files/snap-fy23-qc-payment-error-rate.pdf
2022-12-31T23:00Z,GU,66,Guam,-2.79,UnderPayment,18.01,https://fns-prod.azureedge.us/sites/default/files/resource-files/snap-fy23-qc-payment-error-rate.pdf
2023-12-31T23:00Z,GU,66,Guam,7.88,OverPayment,9.72,https://fns-prod.azureedge.us/sites/default/files/resource-files/snap-fy24QC-PER.pdf
2023-12-31T23:00Z,GU,66,Guam,-1.84,UnderPayment,9.72,https://fns-prod.azureedge.us/sites/default/files/resource-files/snap-fy24QC-PER.pdf
2002-12-31T23:00Z,HI,15,Hawaii,3.45,OverPayment,4.78,
2002-12-31T23:00Z,HI,15,Hawaii,-1.33,UnderPayment,4.78,
2003-12-31T23:00Z,HI,15,Hawaii,3.45,OverPayment,4.35,
2003-12-31T23:00Z,HI,15,Hawaii,-0.9,UnderPayment,4.35,
2004-12-31T23:00Z,HI,15,Hawaii,3.95,OverPayment,5.63,
2004-12-31T23:00Z,HI,15,Hawaii,-1.68,UnderPayment,5.63,
2005-12-31T23:00Z,HI,15,Hawaii,2.33,OverPayment,3.4,
2005-12-31T23:00Z,HI,15,Hawaii,-1.06,UnderPayment,3.4,
2006-12-31T23:00Z,HI,15,Hawaii,2.61,OverPayment,3.2,
2006-12-31T23:00Z,HI,15,Hawaii,-0.59,UnderPayment,3.2,
2007-12-31T23:00Z,HI,15,Hawaii,2.15,OverPayment,3.45,
2007-12-31T23:00Z,HI,15,Hawaii,-1.3,UnderPayment,3.45,
2008-12-31T23:00Z,HI,15,Hawaii,2.92,OverPayment,3.48,
2008-12-31T23:00Z,HI,15,Hawaii,-0.56,UnderPayment,3.48,
2009-12-31T23:00Z,HI,15,Hawaii,2.28,OverPayment,3.04,
2009-12-31T23:00Z,HI,15,Hawaii,-0.76,UnderPayment,3.04,
2010-12-31T23:00Z,HI,15,Hawaii,2.76,OverPayment,3.37,
2010-12-31T23:00Z,HI,15,Hawaii,-0.61,UnderPayment,3.37,
2011-12-31T23:00Z,HI,15,Hawaii,3.88,OverPayment,4.84,
2011-12-31T23:00Z,HI,15,Hawaii,-0.96,UnderPayment,4.84,
2012-12-31T23:00Z,HI,15,Hawaii,3.85,OverPayment,4.39,
2012-12-31T23:00Z,HI,15,Hawaii,-0.54,UnderPayment,4.39,
2013-12-31T23:00Z,HI,15,Hawaii,3.44,OverPayment,4.13,
2013-12-31T23:00Z,HI,15,Hawaii,-0.69,UnderPayment,4.13,
2015-12-31T23:00Z,,,Hawaii,NaN,OverPayment,NaN,
2015-12-31T23:00Z,,,Hawaii,NaN,UnderPayment,NaN,
2016-12-31T23:00Z,HI,15,Hawaii,4.74,OverPayment,5.84,
2016-12-31T23:00Z,HI,15,Hawaii,-1.1,UnderPayment,5.84,
2017-12-31T23:00Z,HI,15,Hawaii,3.67,OverPayment,4.48,
2017-12-31T23:00Z,HI,15,Hawaii,-0.81,UnderPayment,4.48,
2018-12-31T23:00Z,HI,15,Hawaii,4.45,OverPayment,6.21,https://fns-prod.azureedge.us/sites/default/files/resource-files/FY2019SNAPQCPaymentErrorRateChartGeneric.pdf
2018-12-31T23:00Z,HI,15,Hawaii,-1.76,UnderPayment,6.21,https://fns-prod.azureedge.us/sites/default/files/resource-files/FY2019SNAPQCPaymentErrorRateChartGeneric.pdf
2019-12-31T23:00Z,,,Hawaii,NaN,OverPayment,NaN,
2019-12-31T23:00Z,,,Hawaii,NaN,UnderPayment,NaN,
2020-12-31T23:00Z,,,Hawaii,NaN,OverPayment,NaN,
2020-12-31T23:00Z,,,Hawaii,NaN,UnderPayment,NaN,
2021-12-31T23:00Z,HI,15,Hawaii,19.65,OverPayment,21.78,https://fns-prod.azureedge.us/sites/default/files/resource-files/snap-fy22-qc-payment-error-rate.pdf
2021-12-31T23:00Z,HI,15,Hawaii,-2.13,UnderPayment,21.78,https://fns-prod.azureedge.us/sites/default/files/resource-files/snap-fy22-qc-payment-error-rate.pdf
2022-12-31T23:00Z,HI,15,Hawaii,19.97,OverPayment,20.94,https://fns-prod.azureedge.us/sites/default/files/resource-files/snap-fy23-qc-payment-error-rate.pdf
2022-12-31T23:00Z,HI,15,Hawaii,-0.97,UnderPayment,20.94,https://fns-prod.azureedge.us/sites/default/files/resource-files/snap-fy23-qc-payment-error-rate.pdf
2023-12-31T23:00Z,HI,15,Hawaii,5.87,OverPayment,6.68,https://fns-prod.azureedge.us/sites/default/files/resource-files/snap-fy24QC-PER.pdf
2023-12-31T23:00Z,HI,15,Hawaii,-0.8,UnderPayment,6.68,https://fns-prod.azureedge.us/sites/default/files/resource-files/snap-fy24QC-PER.pdf
2002-12-31T23:00Z,ID,16,Idaho,7.9,OverPayment,11.31,
2002-12-31T23:00Z,ID,16,Idaho,-3.41,UnderPayment,11.31,
2003-12-31T23:00Z,ID,16,Idaho,6.13,OverPayment,9.05,
2003-12-31T23:00Z,ID,16,Idaho,-2.92,UnderPayment,9.05,
2004-12-31T23:00Z,ID,16,Idaho,6.03,OverPayment,8.34,
2004-12-31T23:00Z,ID,16,Idaho,-2.31,UnderPayment,8.34,
2005-12-31T23:00Z,ID,16,Idaho,3.78,OverPayment,4.64,
2005-12-31T23:00Z,ID,16,Idaho,-0.87,UnderPayment,4.64,
2006-12-31T23:00Z,ID,16,Idaho,3.54,OverPayment,4.44,
2006-12-31T23:00Z,ID,16,Idaho,-0.9,UnderPayment,4.44,
2007-12-31T23:00Z,ID,16,Idaho,2.78,OverPayment,3.59,
2007-12-31T23:00Z,ID,16,Idaho,-0.8,UnderPayment,3.59,
2008-12-31T23:00Z,ID,16,Idaho,2.05,OverPayment,2.69,
2008-12-31T23:00Z,ID,16,Idaho,-0.65,UnderPayment,2.69,
2009-12-31T23:00Z,ID,16,Idaho,2.53,OverPayment,3.32,
2009-12-31T23:00Z,ID,16,Idaho,-0.79,UnderPayment,3.32,
2010-12-31T23:00Z,ID,16,Idaho,1.94,OverPayment,2.52,
2010-12-31T23:00Z,ID,16,Idaho,-0.58,UnderPayment,2.52,
2011-12-31T23:00Z,ID,16,Idaho,2.16,OverPayment,2.49,
2011-12-31T23:00Z,ID,16,Idaho,-0.33,UnderPayment,2.49,
2012-12-31T23:00Z,ID,16,Idaho,1.56,OverPayment,1.86,
2012-12-31T23:00Z,ID,16,Idaho,-0.3,UnderPayment,1.86,
2013-12-31T23:00Z,ID,16,Idaho,2.4,OverPayment,2.74,
2013-12-31T23:00Z,ID,16,Idaho,-0.33,UnderPayment,2.74,
2015-12-31T23:00Z,,,Idaho,NaN,OverPayment,NaN,
2015-12-31T23:00Z,,,Idaho,NaN,UnderPayment,NaN,
2016-12-31T23:00Z,ID,16,Idaho,2.05,OverPayment,2.38,
2016-12-31T23:00Z,ID,16,Idaho,-0.33,UnderPayment,2.38,
2017-12-31T23:00Z,ID,16,Idaho,1.83,OverPayment,2.13,
2017-12-31T23:00Z,ID,16,Idaho,-0.3,UnderPayment,2.13,
2018-12-31T23:00Z,ID,16,Idaho,1.02,OverPayment,1.25,https://fns-prod.azureedge.us/sites/default/files/resource-files/FY2019SNAPQCPaymentErrorRateChartGeneric.pdf
2018-12-31T23:00Z,ID,16,Idaho,-0.23,UnderPayment,1.25,https://fns-prod.azureedge.us/sites/default/files/resource-files/FY2019SNAPQCPaymentErrorRateChartGeneric.pdf
2019-12-31T23:00Z,,,Idaho,NaN,OverPayment,NaN,
2019-12-31T23:00Z,,,Idaho,NaN,UnderPayment,NaN,
2020-12-31T23:00Z,,,Idaho,NaN,OverPayment,NaN,
2020-12-31T23:00Z,,,Idaho,NaN,UnderPayment,NaN,
2021-12-31T23:00Z,ID,16,Idaho,3.26,OverPayment,3.44,https://fns-prod.azureedge.us/sites/default/files/resource-files/snap-fy22-qc-payment-error-rate.pdf
2021-12-31T23:00Z,ID,16,Idaho,-0.18,UnderPayment,3.44,https://fns-prod.azureedge.us/sites/default/files/resource-files/snap-fy22-qc-payment-error-rate.pdf
2022-12-31T23:00Z,ID,16,Idaho,2.96,OverPayment,3.42,https://fns-prod.azureedge.us/sites/default/files/resource-files/snap-fy23-qc-payment-error-rate.pdf
2022-12-31T23:00Z,ID,16,Idaho,-0.46,UnderPayment,3.42,https://fns-prod.azureedge.us/sites/default/files/resource-files/snap-fy23-qc-payment-error-rate.pdf
2023-12-31T23:00Z,ID,16,Idaho,3.02,OverPayment,3.59,https://fns-prod.azureedge.us/sites/default/files/resource-files/snap-fy24QC-PER.pdf
2023-12-31T23:00Z,ID,16,Idaho,-0.57,UnderPayment,3.59,https://fns-prod.azureedge.us/sites/default/files/resource-files/snap-fy24QC-PER.pdf
2002-12-31T23:00Z,IL,17,Illinois,4.1,OverPayment,4.87,
2002-12-31T23:00Z,IL,17,Illinois,-0.77,UnderPayment,4.87,
2003-12-31T23:00Z,IL,17,Illinois,4.66,OverPayment,5.61,
2003-12-31T23:00Z,IL,17,Illinois,-0.95,UnderPayment,5.61,
2004-12-31T23:00Z,IL,17,Illinois,4.76,OverPayment,5.75,
2004-12-31T23:00Z,IL,17,Illinois,-1,UnderPayment,5.75,
2005-12-31T23:00Z,IL,17,Illinois,4.61,OverPayment,6.09,
2005-12-31T23:00Z,IL,17,Illinois,-1.48,UnderPayment,6.09,
2006-12-31T23:00Z,IL,17,Illinois,4.44,OverPayment,5.15,
2006-12-31T23:00Z,IL,17,Illinois,-0.71,UnderPayment,5.15,
2007-12-31T23:00Z,IL,17,Illinois,3.39,OverPayment,4.3,
2007-12-31T23:00Z,IL,17,Illinois,-0.91,UnderPayment,4.3,
2008-12-31T23:00Z,IL,17,Illinois,5.6,OverPayment,6.17,
2008-12-31T23:00Z,IL,17,Illinois,-0.57,UnderPayment,6.17,
2009-12-31T23:00Z,IL,17,Illinois,1.29,OverPayment,1.7,
2009-12-31T23:00Z,IL,17,Illinois,-0.41,UnderPayment,1.7,
2010-12-31T23:00Z,IL,17,Illinois,2.47,OverPayment,3.15,
2010-12-31T23:00Z,IL,17,Illinois,-0.68,UnderPayment,3.15,
2011-12-31T23:00Z,IL,17,Illinois,1.24,OverPayment,1.74,
2011-12-31T23:00Z,IL,17,Illinois,-0.5,UnderPayment,1.74,
2012-12-31T23:00Z,IL,17,Illinois,3.46,OverPayment,4.27,
2012-12-31T23:00Z,IL,17,Illinois,-0.81,UnderPayment,4.27,
2013-12-31T23:00Z,IL,17,Illinois,4.34,OverPayment,5.27,
2013-12-31T23:00Z,IL,17,Illinois,-0.93,UnderPayment,5.27,
2015-12-31T23:00Z,,,Illinois,NaN,OverPayment,NaN,
2015-12-31T23:00Z,,,Illinois,NaN,UnderPayment,NaN,
2016-12-31T23:00Z,IL,17,Illinois,5.01,OverPayment,5.73,
2016-12-31T23:00Z,IL,17,Illinois,-0.71,UnderPayment,5.73,
2017-12-31T23:00Z,IL,17,Illinois,7.89,OverPayment,9.61,
2017-12-31T23:00Z,IL,17,Illinois,-1.72,UnderPayment,9.61,
2018-12-31T23:00Z,IL,17,Illinois,7.42,OverPayment,8.84,https://fns-prod.azureedge.us/sites/default/files/resource-files/FY2019SNAPQCPaymentErrorRateChartGeneric.pdf
2018-12-31T23:00Z,IL,17,Illinois,-1.41,UnderPayment,8.84,https://fns-prod.azureedge.us/sites/default/files/resource-files/FY2019SNAPQCPaymentErrorRateChartGeneric.pdf
2019-12-31T23:00Z,,,Illinois,NaN,OverPayment,NaN,
2019-12-31T23:00Z,,,Illinois,NaN,UnderPayment,NaN,
2020-12-31T23:00Z,,,Illinois,NaN,OverPayment,NaN,
2020-12-31T23:00Z,,,Illinois,NaN,UnderPayment,NaN,
2021-12-31T23:00Z,IL,17,Illinois,9.67,OverPayment,10.91,https://fns-prod.azureedge.us/sites/default/files/resource-files/snap-fy22-qc-payment-error-rate.pdf
2021-12-31T23:00Z,IL,17,Illinois,-1.24,UnderPayment,10.91,https://fns-prod.azureedge.us/sites/default/files/resource-files/snap-fy22-qc-payment-error-rate.pdf
2022-12-31T23:00Z,IL,17,Illinois,8,OverPayment,9.91,https://fns-prod.azureedge.us/sites/default/files/resource-files/snap-fy23-qc-payment-error-rate.pdf
2022-12-31T23:00Z,IL,17,Illinois,-1.91,UnderPayment,9.91,https://fns-prod.azureedge.us/sites/default/files/resource-files/snap-fy23-qc-payment-error-rate.pdf
2023-12-31T23:00Z,IL,17,Illinois,10.64,OverPayment,11.56,https://fns-prod.azureedge.us/sites/default/files/resource-files/snap-fy24QC-PER.pdf
2023-12-31T23:00Z,IL,17,Illinois,-0.93,UnderPayment,11.56,https://fns-prod.azureedge.us/sites/default/files/resource-files/snap-fy24QC-PER.pdf
2002-12-31T23:00Z,IN,18,Indiana,7.94,OverPayment,10,
2002-12-31T23:00Z,IN,18,Indiana,-2.06,UnderPayment,10,
2003-12-31T23:00Z,IN,18,Indiana,4.35,OverPayment,5.84,
2003-12-31T23:00Z,IN,18,Indiana,-1.48,UnderPayment,5.84,
2004-12-31T23:00Z,IN,18,Indiana,5.47,OverPayment,6.58,
2004-12-31T23:00Z,IN,18,Indiana,-1.11,UnderPayment,6.58,
2005-12-31T23:00Z,IN,18,Indiana,4.98,OverPayment,6.64,
2005-12-31T23:00Z,IN,18,Indiana,-1.66,UnderPayment,6.64,
2006-12-31T23:00Z,IN,18,Indiana,5.52,OverPayment,6.94,
2006-12-31T23:00Z,IN,18,Indiana,-1.42,UnderPayment,6.94,
2007-12-31T23:00Z,IN,18,Indiana,5.91,OverPayment,7.51,
2007-12-31T23:00Z,IN,18,Indiana,-1.6,UnderPayment,7.51,
2008-12-31T23:00Z,IN,18,Indiana,5.45,OverPayment,7.13,
2008-12-31T23:00Z,IN,18,Indiana,-1.68,UnderPayment,7.13,
2009-12-31T23:00Z,IN,18,Indiana,2.05,OverPayment,2.6,
2009-12-31T23:00Z,IN,18,Indiana,-0.55,UnderPayment,2.6,
2010-12-31T23:00Z,IN,18,Indiana,2.7,OverPayment,3.29,
2010-12-31T23:00Z,IN,18,Indiana,-0.59,UnderPayment,3.29,
2011-12-31T23:00Z,IN,18,Indiana,2.66,OverPayment,3.02,
2011-12-31T23:00Z,IN,18,Indiana,-0.36,UnderPayment,3.02,
2012-12-31T23:00Z,IN,18,Indiana,3.22,OverPayment,3.72,
2012-12-31T23:00Z,IN,18,Indiana,-0.49,UnderPayment,3.72,
2013-12-31T23:00Z,IN,18,Indiana,3.84,OverPayment,4.76,
2013-12-31T23:00Z,IN,18,Indiana,-0.92,UnderPayment,4.76,
2015-12-31T23:00Z,,,Indiana,NaN,OverPayment,NaN,
2015-12-31T23:00Z,,,Indiana,NaN,UnderPayment,NaN,
2016-12-31T23:00Z,IN,18,Indiana,8.84,OverPayment,9.89,
2016-12-31T23:00Z,IN,18,Indiana,-1.05,UnderPayment,9.89,
2017-12-31T23:00Z,IN,18,Indiana,6.24,OverPayment,7.18,
2017-12-31T23:00Z,IN,18,Indiana,-0.94,UnderPayment,7.18,
2018-12-31T23:00Z,IN,18,Indiana,7.69,OverPayment,9.2,https://fns-prod.azureedge.us/sites/default/files/resource-files/FY2019SNAPQCPaymentErrorRateChartGeneric.pdf
2018-12-31T23:00Z,IN,18,Indiana,-1.51,UnderPayment,9.2,https://fns-prod.azureedge.us/sites/default/files/resource-files/FY2019SNAPQCPaymentErrorRateChartGeneric.pdf
2019-12-31T23:00Z,,,Indiana,NaN,OverPayment,NaN,
2019-12-31T23:00Z,,,Indiana,NaN,UnderPayment,NaN,
2020-12-31T23:00Z,,,Indiana,NaN,OverPayment,NaN,
2020-12-31T23:00Z,,,Indiana,NaN,UnderPayment,NaN,
2021-12-31T23:00Z,IN,18,Indiana,6.59,OverPayment,8.69,https://fns-prod.azureedge.us/sites/default/files/resource-files/snap-fy22-qc-payment-error-rate.pdf
2021-12-31T23:00Z,IN,18,Indiana,-2.1,UnderPayment,8.69,https://fns-prod.azureedge.us/sites/default/files/resource-files/snap-fy22-qc-payment-error-rate.pdf
2022-12-31T23:00Z,IN,18,Indiana,8.96,OverPayment,10.46,https://fns-prod.azureedge.us/sites/default/files/resource-files/snap-fy23-qc-payment-error-rate.pdf
2022-12-31T23:00Z,IN,18,Indiana,-1.5,UnderPayment,10.46,https://fns-prod.azureedge.us/sites/default/files/resource-files/snap-fy23-qc-payment-error-rate.pdf
2023-12-31T23:00Z,IN,18,Indiana,7.42,OverPayment,9.52,https://fns-prod.azureedge.us/sites/default/files/resource-files/snap-fy24QC-PER.pdf
2023-12-31T23:00Z,IN,18,Indiana,-2.1,UnderPayment,9.52,https://fns-prod.azureedge.us/sites/default/files/resource-files/snap-fy24QC-PER.pdf
2002-12-31T23:00Z,IA,19,Iowa,4.13,OverPayment,5.23,
2002-12-31T23:00Z,IA,19,Iowa,-1.1,UnderPayment,5.23,
2003-12-31T23:00Z,IA,19,Iowa,4.98,OverPayment,6.19,
2003-12-31T23:00Z,IA,19,Iowa,-1.2,UnderPayment,6.19,
2004-12-31T23:00Z,IA,19,Iowa,5.22,OverPayment,6.03,
2004-12-31T23:00Z,IA,19,Iowa,-0.8,UnderPayment,6.03,
2005-12-31T23:00Z,IA,19,Iowa,4.71,OverPayment,6.4,
2005-12-31T23:00Z,IA,19,Iowa,-1.69,UnderPayment,6.4,
2006-12-31T23:00Z,IA,19,Iowa,5.32,OverPayment,6.85,
2006-12-31T23:00Z,IA,19,Iowa,-1.53,UnderPayment,6.85,
2007-12-31T23:00Z,IA,19,Iowa,6.43,OverPayment,8.01,
2007-12-31T23:00Z,IA,19,Iowa,-1.57,UnderPayment,8.01,
2008-12-31T23:00Z,IA,19,Iowa,5.62,OverPayment,6.49,
2008-12-31T23:00Z,IA,19,Iowa,-0.86,UnderPayment,6.49,
2009-12-31T23:00Z,IA,19,Iowa,2.72,OverPayment,3.36,
2009-12-31T23:00Z,IA,19,Iowa,-0.64,UnderPayment,3.36,
2010-12-31T23:00Z,IA,19,Iowa,3.53,OverPayment,3.97,
2010-12-31T23:00Z,IA,19,Iowa,-0.44,UnderPayment,3.97,
2011-12-31T23:00Z,IA,19,Iowa,3.13,OverPayment,3.43,
2011-12-31T23:00Z,IA,19,Iowa,-0.3,UnderPayment,3.43,
2012-12-31T23:00Z,IA,19,Iowa,3.75,OverPayment,4.12,
2012-12-31T23:00Z,IA,19,Iowa,-0.37,UnderPayment,4.12,
2013-12-31T23:00Z,IA,19,Iowa,3.59,OverPayment,4.6,
2013-12-31T23:00Z,IA,19,Iowa,-1.01,UnderPayment,4.6,
2015-12-31T23:00Z,,,Iowa,NaN,OverPayment,NaN,
2015-12-31T23:00Z,,,Iowa,NaN,UnderPayment,NaN,
2016-12-31T23:00Z,IA,19,Iowa,8.36,OverPayment,9.61,
2016-12-31T23:00Z,IA,19,Iowa,-1.25,UnderPayment,9.61,
2017-12-31T23:00Z,IA,19,Iowa,8.91,OverPayment,10.02,
2017-12-31T23:00Z,IA,19,Iowa,-1.11,UnderPayment,10.02,
2018-12-31T23:00Z,IA,19,Iowa,10.78,OverPayment,12.47,https://fns-prod.azureedge.us/sites/default/files/resource-files/FY2019SNAPQCPaymentErrorRateChartGeneric.pdf
2018-12-31T23:00Z,IA,19,Iowa,-1.68,UnderPayment,12.47,https://fns-prod.azureedge.us/sites/default/files/resource-files/FY2019SNAPQCPaymentErrorRateChartGeneric.pdf
2019-12-31T23:00Z,,,Iowa,NaN,OverPayment,NaN,
2019-12-31T23:00Z,,,Iowa,NaN,UnderPayment,NaN,
2020-12-31T23:00Z,,,Iowa,NaN,OverPayment,NaN,
2020-12-31T23:00Z,,,Iowa,NaN,UnderPayment,NaN,
2021-12-31T23:00Z,IA,19,Iowa,6.78,OverPayment,8.6,https://fns-prod.azureedge.us/sites/default/files/resource-files/snap-fy22-qc-payment-error-rate.pdf
2021-12-31T23:00Z,IA,19,Iowa,-1.82,UnderPayment,8.6,https://fns-prod.azureedge.us/sites/default/files/resource-files/snap-fy22-qc-payment-error-rate.pdf
2022-12-31T23:00Z,IA,19,Iowa,4.43,OverPayment,5.19,https://fns-prod.azureedge.us/sites/default/files/resource-files/snap-fy23-qc-payment-error-rate.pdf
2022-12-31T23:00Z,IA,19,Iowa,-0.76,UnderPayment,5.19,https://fns-prod.azureedge.us/sites/default/files/resource-files/snap-fy23-qc-payment-error-rate.pdf
2023-12-31T23:00Z,IA,19,Iowa,5.3,OverPayment,6.14,https://fns-prod.azureedge.us/sites/default/files/resource-files/snap-fy24QC-PER.pdf
2023-12-31T23:00Z,IA,19,Iowa,-0.84,UnderPayment,6.14,https://fns-prod.azureedge.us/sites/default/files/resource-files/snap-fy24QC-PER.pdf
2002-12-31T23:00Z,KS,20,Kansas,8.04,OverPayment,10.45,
2002-12-31T23:00Z,KS,20,Kansas,-2.41,UnderPayment,10.45,
2003-12-31T23:00Z,KS,20,Kansas,4.16,OverPayment,5.11,
2003-12-31T23:00Z,KS,20,Kansas,-0.95,UnderPayment,5.11,
2004-12-31T23:00Z,KS,20,Kansas,3.47,OverPayment,4.37,
2004-12-31T23:00Z,KS,20,Kansas,-0.91,UnderPayment,4.37,
2005-12-31T23:00Z,KS,20,Kansas,5.09,OverPayment,6.39,
2005-12-31T23:00Z,KS,20,Kansas,-1.3,UnderPayment,6.39,
2006-12-31T23:00Z,KS,20,Kansas,3.03,OverPayment,3.7,
2006-12-31T23:00Z,KS,20,Kansas,-0.67,UnderPayment,3.7,
2007-12-31T23:00Z,KS,20,Kansas,3.6,OverPayment,4.01,
2007-12-31T23:00Z,KS,20,Kansas,-0.41,UnderPayment,4.01,
2008-12-31T23:00Z,KS,20,Kansas,3.55,OverPayment,4.37,
2008-12-31T23:00Z,KS,20,Kansas,-0.82,UnderPayment,4.37,
2009-12-31T23:00Z,KS,20,Kansas,3.93,OverPayment,4.79,
2009-12-31T23:00Z,KS,20,Kansas,-0.86,UnderPayment,4.79,
2010-12-31T23:00Z,KS,20,Kansas,3.83,OverPayment,5,
2010-12-31T23:00Z,KS,20,Kansas,-1.17,UnderPayment,5,
2011-12-31T23:00Z,KS,20,Kansas,4.59,OverPayment,5.45,
2011-12-31T23:00Z,KS,20,Kansas,-0.85,UnderPayment,5.45,
2012-12-31T23:00Z,KS,20,Kansas,3.24,OverPayment,3.99,
2012-12-31T23:00Z,KS,20,Kansas,-0.75,UnderPayment,3.99,
2013-12-31T23:00Z,KS,20,Kansas,0.6,OverPayment,0.75,
2013-12-31T23:00Z,KS,20,Kansas,-0.14,UnderPayment,0.75,
2014-12-31T23:00Z,KS,20,Kansas,0.69,OverPayment,1.04,
2014-12-31T23:00Z,KS,20,Kansas,-0.34,UnderPayment,1.04,
2015-12-31T23:00Z,,,Kansas,NaN,OverPayment,NaN,
2015-12-31T23:00Z,,,Kansas,NaN,UnderPayment,NaN,
2016-12-31T23:00Z,KS,20,Kansas,2.9,OverPayment,3.85,
2016-12-31T23:00Z,KS,20,Kansas,-0.95,UnderPayment,3.85,
2017-12-31T23:00Z,KS,20,Kansas,4.83,OverPayment,5.86,
2017-12-31T23:00Z,KS,20,Kansas,-1.03,UnderPayment,5.86,
2018-12-31T23:00Z,KS,20,Kansas,6.59,OverPayment,7.1,https://fns-prod.azureedge.us/sites/default/files/resource-files/FY2019SNAPQCPaymentErrorRateChartGeneric.pdf
2018-12-31T23:00Z,KS,20,Kansas,-0.51,UnderPayment,7.1,https://fns-prod.azureedge.us/sites/default/files/resource-files/FY2019SNAPQCPaymentErrorRateChartGeneric.pdf
2019-12-31T23:00Z,,,Kansas,NaN,OverPayment,NaN,
2019-12-31T23:00Z,,,Kansas,NaN,UnderPayment,NaN,
2020-12-31T23:00Z,,,Kansas,NaN,OverPayment,NaN,
2020-12-31T23:00Z,,,Kansas,NaN,UnderPayment,NaN,
2021-12-31T23:00Z,KS,20,Kansas,8.74,OverPayment,9.07,https://fns-prod.azureedge.us/sites/default/files/resource-files/snap-fy22-qc-payment-error-rate.pdf
2021-12-31T23:00Z,KS,20,Kansas,-0.33,UnderPayment,9.07,https://fns-prod.azureedge.us/sites/default/files/resource-files/snap-fy22-qc-payment-error-rate.pdf
2022-12-31T23:00Z,KS,20,Kansas,11.33,OverPayment,12.07,https://fns-prod.azureedge.us/sites/default/files/resource-files/snap-fy23-qc-payment-error-rate.pdf
2022-12-31T23:00Z,KS,20,Kansas,-0.74,UnderPayment,12.07,https://fns-prod.azureedge.us/sites/default/files/resource-files/snap-fy23-qc-payment-error-rate.pdf
2023-12-31T23:00Z,KS,20,Kansas,9.43,OverPayment,9.98,https://fns-prod.azureedge.us/sites/default/files/resource-files/snap-fy24QC-PER.pdf
2023-12-31T23:00Z,KS,20,Kansas,-0.55,UnderPayment,9.98,https://fns-prod.azureedge.us/sites/default/files/resource-files/snap-fy24QC-PER.pdf
2002-12-31T23:00Z,KY,21,Kentucky,5.1,OverPayment,6.32,
2002-12-31T23:00Z,KY,21,Kentucky,-1.22,UnderPayment,6.32,
2003-12-31T23:00Z,KY,21,Kentucky,4.67,OverPayment,5.63,
2003-12-31T23:00Z,KY,21,Kentucky,-0.96,UnderPayment,5.63,
2004-12-31T23:00Z,KY,21,Kentucky,3.57,OverPayment,4.56,
2004-12-31T23:00Z,KY,21,Kentucky,-0.99,UnderPayment,4.56,
2005-12-31T23:00Z,KY,21,Kentucky,5.1,OverPayment,5.95,
2005-12-31T23:00Z,KY,21,Kentucky,-0.85,UnderPayment,5.95,
2006-12-31T23:00Z,KY,21,Kentucky,4.25,OverPayment,4.93,
2006-12-31T23:00Z,KY,21,Kentucky,-0.68,UnderPayment,4.93,
2007-12-31T23:00Z,KY,21,Kentucky,5.12,OverPayment,6.36,
2007-12-31T23:00Z,KY,21,Kentucky,-1.24,UnderPayment,6.36,
2008-12-31T23:00Z,KY,21,Kentucky,3.72,OverPayment,4.7,
2008-12-31T23:00Z,KY,21,Kentucky,-0.98,UnderPayment,4.7,
2009-12-31T23:00Z,KY,21,Kentucky,3.08,OverPayment,4.09,
2009-12-31T23:00Z,KY,21,Kentucky,-1.01,UnderPayment,4.09,
2010-12-31T23:00Z,KY,21,Kentucky,3.92,OverPayment,4.5,
2010-12-31T23:00Z,KY,21,Kentucky,-0.58,UnderPayment,4.5,
2011-12-31T23:00Z,KY,21,Kentucky,4.13,OverPayment,4.93,
2011-12-31T23:00Z,KY,21,Kentucky,-0.79,UnderPayment,4.93,
2012-12-31T23:00Z,KY,21,Kentucky,5.32,OverPayment,5.78,
2012-12-31T23:00Z,KY,21,Kentucky,-0.45,UnderPayment,5.78,
2013-12-31T23:00Z,KY,21,Kentucky,5,OverPayment,6,
2013-12-31T23:00Z,KY,21,Kentucky,-1,UnderPayment,6,
2015-12-31T23:00Z,,,Kentucky,NaN,OverPayment,NaN,
2015-12-31T23:00Z,,,Kentucky,NaN,UnderPayment,NaN,
2016-12-31T23:00Z,KY,21,Kentucky,5.63,OverPayment,6.32,
2016-12-31T23:00Z,KY,21,Kentucky,-0.69,UnderPayment,6.32,
2017-12-31T23:00Z,KY,21,Kentucky,6.42,OverPayment,7.17,
2017-12-31T23:00Z,KY,21,Kentucky,-0.76,UnderPayment,7.17,
2018-12-31T23:00Z,KY,21,Kentucky,5.91,OverPayment,7.11,https://fns-prod.azureedge.us/sites/default/files/resource-files/FY2019SNAPQCPaymentErrorRateChartGeneric.pdf
2018-12-31T23:00Z,KY,21,Kentucky,-1.2,UnderPayment,7.11,https://fns-prod.azureedge.us/sites/default/files/resource-files/FY2019SNAPQCPaymentErrorRateChartGeneric.pdf
2019-12-31T23:00Z,,,Kentucky,NaN,OverPayment,NaN,
2019-12-31T23:00Z,,,Kentucky,NaN,UnderPayment,NaN,
2020-12-31T23:00Z,,,Kentucky,NaN,OverPayment,NaN,
2020-12-31T23:00Z,,,Kentucky,NaN,UnderPayment,NaN,
2021-12-31T23:00Z,KY,21,Kentucky,5.05,OverPayment,5.83,https://fns-prod.azureedge.us/sites/default/files/resource-files/snap-fy22-qc-payment-error-rate.pdf
2021-12-31T23:00Z,KY,21,Kentucky,-0.78,UnderPayment,5.83,https://fns-prod.azureedge.us/sites/default/files/resource-files/snap-fy22-qc-payment-error-rate.pdf
2022-12-31T23:00Z,KY,21,Kentucky,6.32,OverPayment,7.27,https://fns-prod.azureedge.us/sites/default/files/resource-files/snap-fy23-qc-payment-error-rate.pdf
2022-12-31T23:00Z,KY,21,Kentucky,-0.95,UnderPayment,7.27,https://fns-prod.azureedge.us/sites/default/files/resource-files/snap-fy23-qc-payment-error-rate.pdf
2023-12-31T23:00Z,KY,21,Kentucky,8.23,OverPayment,9.11,https://fns-prod.azureedge.us/sites/default/files/resource-files/snap-fy24QC-PER.pdf
2023-12-31T23:00Z,KY,21,Kentucky,-0.88,UnderPayment,9.11,https://fns-prod.azureedge.us/sites/default/files/resource-files/snap-fy24QC-PER.pdf
2002-12-31T23:00Z,LA,22,Louisiana,4.41,OverPayment,5.79,
2002-12-31T23:00Z,LA,22,Louisiana,-1.38,UnderPayment,5.79,
2003-12-31T23:00Z,LA,22,Louisiana,3.69,OverPayment,4.81,
2003-12-31T23:00Z,LA,22,Louisiana,-1.13,UnderPayment,4.81,
2004-12-31T23:00Z,LA,22,Louisiana,4.95,OverPayment,5.83,
2004-12-31T23:00Z,LA,22,Louisiana,-0.88,UnderPayment,5.83,
2005-12-31T23:00Z,LA,22,Louisiana,7.11,OverPayment,8,
2005-12-31T23:00Z,LA,22,Louisiana,-0.89,UnderPayment,8,
2006-12-31T23:00Z,LA,22,Louisiana,5.95,OverPayment,6.94,
2006-12-31T23:00Z,LA,22,Louisiana,-0.99,UnderPayment,6.94,
2007-12-31T23:00Z,LA,22,Louisiana,5.49,OverPayment,6.71,
2007-12-31T23:00Z,LA,22,Louisiana,-1.22,UnderPayment,6.71,
2008-12-31T23:00Z,LA,22,Louisiana,4.03,OverPayment,4.81,
2008-12-31T23:00Z,LA,22,Louisiana,-0.78,UnderPayment,4.81,
2009-12-31T23:00Z,LA,22,Louisiana,4.41,OverPayment,5.03,
2009-12-31T23:00Z,LA,22,Louisiana,-0.61,UnderPayment,5.03,
2010-12-31T23:00Z,LA,22,Louisiana,3.56,OverPayment,3.97,
2010-12-31T23:00Z,LA,22,Louisiana,-0.41,UnderPayment,3.97,
2011-12-31T23:00Z,LA,22,Louisiana,1.45,OverPayment,1.45,
2011-12-31T23:00Z,LA,22,Louisiana,0,UnderPayment,1.45,
2012-12-31T23:00Z,LA,22,Louisiana,1.15,OverPayment,1.44,
2012-12-31T23:00Z,LA,22,Louisiana,-0.29,UnderPayment,1.44,
2013-12-31T23:00Z,LA,22,Louisiana,1.06,OverPayment,1.55,
2013-12-31T23:00Z,LA,22,Louisiana,-0.49,UnderPayment,1.55,
2015-12-31T23:00Z,,,Louisiana,NaN,OverPayment,NaN,
2015-12-31T23:00Z,,,Louisiana,NaN,UnderPayment,NaN,
2016-12-31T23:00Z,LA,22,Louisiana,5.51,OverPayment,6.56,
2016-12-31T23:00Z,LA,22,Louisiana,-1.04,UnderPayment,6.56,
2017-12-31T23:00Z,LA,22,Louisiana,2.17,OverPayment,2.7,
2017-12-31T23:00Z,LA,22,Louisiana,-0.53,UnderPayment,2.7,
2018-12-31T23:00Z,LA,22,Louisiana,3.26,OverPayment,3.79,https://fns-prod.azureedge.us/sites/default/files/resource-files/FY2019SNAPQCPaymentErrorRateChartGeneric.pdf
2018-12-31T23:00Z,LA,22,Louisiana,-0.53,UnderPayment,3.79,https://fns-prod.azureedge.us/sites/default/files/resource-files/FY2019SNAPQCPaymentErrorRateChartGeneric.pdf
2019-12-31T23:00Z,,,Louisiana,NaN,OverPayment,NaN,
2019-12-31T23:00Z,,,Louisiana,NaN,UnderPayment,NaN,
2020-12-31T23:00Z,,,Louisiana,NaN,OverPayment,NaN,
2020-12-31T23:00Z,,,Louisiana,NaN,UnderPayment,NaN,
2021-12-31T23:00Z,LA,22,Louisiana,6,OverPayment,7.19,https://fns-prod.azureedge.us/sites/default/files/resource-files/snap-fy22-qc-payment-error-rate.pdf
2021-12-31T23:00Z,LA,22,Louisiana,-1.2,UnderPayment,7.19,https://fns-prod.azureedge.us/sites/default/files/resource-files/snap-fy22-qc-payment-error-rate.pdf
2022-12-31T23:00Z,LA,22,Louisiana,5.2,OverPayment,6.65,https://fns-prod.azureedge.us/sites/default/files/resource-files/snap-fy23-qc-payment-error-rate.pdf
2022-12-31T23:00Z,LA,22,Louisiana,-1.44,UnderPayment,6.65,https://fns-prod.azureedge.us/sites/default/files/resource-files/snap-fy23-qc-payment-error-rate.pdf
2023-12-31T23:00Z,LA,22,Louisiana,5.14,OverPayment,6.62,https://fns-prod.azureedge.us/sites/default/files/resource-files/snap-fy24QC-PER.pdf
2023-12-31T23:00Z,LA,22,Louisiana,-1.48,UnderPayment,6.62,https://fns-prod.azureedge.us/sites/default/files/resource-files/snap-fy24QC-PER.pdf
2002-12-31T23:00Z,ME,23,Maine,10.16,OverPayment,13.29,
2002-12-31T23:00Z,ME,23,Maine,-3.13,UnderPayment,13.29,
2003-12-31T23:00Z,ME,23,Maine,8.93,OverPayment,10.97,
2003-12-31T23:00Z,ME,23,Maine,-2.04,UnderPayment,10.97,
2004-12-31T23:00Z,ME,23,Maine,6.17,OverPayment,7.59,
2004-12-31T23:00Z,ME,23,Maine,-1.43,UnderPayment,7.59,
2005-12-31T23:00Z,ME,23,Maine,7.94,OverPayment,9.55,
2005-12-31T23:00Z,ME,23,Maine,-1.61,UnderPayment,9.55,
2006-12-31T23:00Z,ME,23,Maine,9.11,OverPayment,10.54,
2006-12-31T23:00Z,ME,23,Maine,-1.42,UnderPayment,10.54,
2007-12-31T23:00Z,ME,23,Maine,7.56,OverPayment,8.36,
2007-12-31T23:00Z,ME,23,Maine,-0.81,UnderPayment,8.36,
2008-12-31T23:00Z,ME,23,Maine,2.15,OverPayment,2.51,
2008-12-31T23:00Z,ME,23,Maine,-0.37,UnderPayment,2.51,
2009-12-31T23:00Z,ME,23,Maine,3.14,OverPayment,3.49,
2009-12-31T23:00Z,ME,23,Maine,-0.35,UnderPayment,3.49,
2010-12-31T23:00Z,ME,23,Maine,2.81,OverPayment,3.28,
2010-12-31T23:00Z,ME,23,Maine,-0.47,UnderPayment,3.28,
2011-12-31T23:00Z,ME,23,Maine,1.83,OverPayment,2.16,
2011-12-31T23:00Z,ME,23,Maine,-0.34,UnderPayment,2.16,
2012-12-31T23:00Z,ME,23,Maine,2.37,OverPayment,2.48,
2012-12-31T23:00Z,ME,23,Maine,-0.11,UnderPayment,2.48,
2013-12-31T23:00Z,ME,23,Maine,2.24,OverPayment,2.52,
2013-12-31T23:00Z,ME,23,Maine,-0.29,UnderPayment,2.52,
2015-12-31T23:00Z,,,Maine,NaN,OverPayment,NaN,
2015-12-31T23:00Z,,,Maine,NaN,UnderPayment,NaN,
2016-12-31T23:00Z,ME,23,Maine,9.56,OverPayment,11.04,
2016-12-31T23:00Z,ME,23,Maine,-1.49,UnderPayment,11.04,
2017-12-31T23:00Z,ME,23,Maine,9.84,OverPayment,12.3,
2017-12-31T23:00Z,ME,23,Maine,-2.46,UnderPayment,12.3,
2018-12-31T23:00Z,ME,23,Maine,15.66,OverPayment,19.12,https://fns-prod.azureedge.us/sites/default/files/resource-files/FY2019SNAPQCPaymentErrorRateChartGeneric.pdf
2018-12-31T23:00Z,ME,23,Maine,-3.46,UnderPayment,19.12,https://fns-prod.azureedge.us/sites/default/files/resource-files/FY2019SNAPQCPaymentErrorRateChartGeneric.pdf
2019-12-31T23:00Z,,,Maine,NaN,OverPayment,NaN,
2019-12-31T23:00Z,,,Maine,NaN,UnderPayment,NaN,
2020-12-31T23:00Z,,,Maine,NaN,OverPayment,NaN,
2020-12-31T23:00Z,,,Maine,NaN,UnderPayment,NaN,
2021-12-31T23:00Z,ME,23,Maine,13.59,OverPayment,14.86,https://fns-prod.azureedge.us/sites/default/files/resource-files/snap-fy22-qc-payment-error-rate.pdf
2021-12-31T23:00Z,ME,23,Maine,-1.27,UnderPayment,14.86,https://fns-prod.azureedge.us/sites/default/files/resource-files/snap-fy22-qc-payment-error-rate.pdf
2022-12-31T23:00Z,ME,23,Maine,10.08,OverPayment,13.48,https://fns-prod.azureedge.us/sites/default/files/resource-files/snap-fy23-qc-payment-error-rate.pdf
2022-12-31T23:00Z,ME,23,Maine,-3.41,UnderPayment,13.48,https://fns-prod.azureedge.us/sites/default/files/resource-files/snap-fy23-qc-payment-error-rate.pdf
2023-12-31T23:00Z,ME,23,Maine,8.57,OverPayment,10.26,https://fns-prod.azureedge.us/sites/default/files/resource-files/snap-fy24QC-PER.pdf
2023-12-31T23:00Z,ME,23,Maine,-1.68,UnderPayment,10.26,https://fns-prod.azureedge.us/sites/default/files/resource-files/snap-fy24QC-PER.pdf
2002-12-31T23:00Z,MD,24,Maryland,5.12,OverPayment,7.23,
2002-12-31T23:00Z,MD,24,Maryland,-2.11,UnderPayment,7.23,
2003-12-31T23:00Z,MD,24,Maryland,4.4,OverPayment,5.83,
2003-12-31T23:00Z,MD,24,Maryland,-1.43,UnderPayment,5.83,
2004-12-31T23:00Z,MD,24,Maryland,4.03,OverPayment,5.49,
2004-12-31T23:00Z,MD,24,Maryland,-1.45,UnderPayment,5.49,
2005-12-31T23:00Z,MD,24,Maryland,4.97,OverPayment,6.04,
2005-12-31T23:00Z,MD,24,Maryland,-1.07,UnderPayment,6.04,
2006-12-31T23:00Z,MD,24,Maryland,5.97,OverPayment,7.2,
2006-12-31T23:00Z,MD,24,Maryland,-1.23,UnderPayment,7.2,
2007-12-31T23:00Z,MD,24,Maryland,5.19,OverPayment,6.94,
2007-12-31T23:00Z,MD,24,Maryland,-1.75,UnderPayment,6.94,
2008-12-31T23:00Z,MD,24,Maryland,5.66,OverPayment,7.11,
2008-12-31T23:00Z,MD,24,Maryland,-1.45,UnderPayment,7.11,
2009-12-31T23:00Z,MD,24,Maryland,6.11,OverPayment,7.68,
2009-12-31T23:00Z,MD,24,Maryland,-1.57,UnderPayment,7.68,
2010-12-31T23:00Z,MD,24,Maryland,4.82,OverPayment,6.06,
2010-12-31T23:00Z,MD,24,Maryland,-1.24,UnderPayment,6.06,
2011-12-31T23:00Z,MD,24,Maryland,2.8,OverPayment,3.4,
2011-12-31T23:00Z,MD,24,Maryland,-0.61,UnderPayment,3.4,
2012-12-31T23:00Z,MD,24,Maryland,1.68,OverPayment,2.12,
2012-12-31T23:00Z,MD,24,Maryland,-0.43,UnderPayment,2.12,
2013-12-31T23:00Z,MD,24,Maryland,2.88,OverPayment,3.41,
2013-12-31T23:00Z,MD,24,Maryland,-0.54,UnderPayment,3.41,
2015-12-31T23:00Z,,,Maryland,NaN,OverPayment,NaN,
2015-12-31T23:00Z,,,Maryland,NaN,UnderPayment,NaN,
2016-12-31T23:00Z,MD,24,Maryland,5.21,OverPayment,6.44,
2016-12-31T23:00Z,MD,24,Maryland,-1.23,UnderPayment,6.44,
2017-12-31T23:00Z,MD,24,Maryland,6.22,OverPayment,7.32,
2017-12-31T23:00Z,MD,24,Maryland,-1.1,UnderPayment,7.32,
2018-12-31T23:00Z,MD,24,Maryland,6.82,OverPayment,8.43,https://fns-prod.azureedge.us/sites/default/files/resource-files/FY2019SNAPQCPaymentErrorRateChartGeneric.pdf
2018-12-31T23:00Z,MD,24,Maryland,-1.61,UnderPayment,8.43,https://fns-prod.azureedge.us/sites/default/files/resource-files/FY2019SNAPQCPaymentErrorRateChartGeneric.pdf
2019-12-31T23:00Z,,,Maryland,NaN,OverPayment,NaN,
2019-12-31T23:00Z,,,Maryland,NaN,UnderPayment,NaN,
2020-12-31T23:00Z,,,Maryland,NaN,OverPayment,NaN,
2020-12-31T23:00Z,,,Maryland,NaN,UnderPayment,NaN,
2021-12-31T23:00Z,MD,24,Maryland,32.65,OverPayment,35.56,https://fns-prod.azureedge.us/sites/default/files/resource-files/snap-fy22-qc-payment-error-rate.pdf
2021-12-31T23:00Z,MD,24,Maryland,-2.91,UnderPayment,35.56,https://fns-prod.azureedge.us/sites/default/files/resource-files/snap-fy22-qc-payment-error-rate.pdf
2022-12-31T23:00Z,MD,24,Maryland,15.07,OverPayment,18.98,https://fns-prod.azureedge.us/sites/default/files/resource-files/snap-fy23-qc-payment-error-rate.pdf
2022-12-31T23:00Z,MD,24,Maryland,-3.91,UnderPayment,18.98,https://fns-prod.azureedge.us/sites/default/files/resource-files/snap-fy23-qc-payment-error-rate.pdf
2023-12-31T23:00Z,MD,24,Maryland,8.85,OverPayment,13.64,https://fns-prod.azureedge.us/sites/default/files/resource-files/snap-fy24QC-PER.pdf
2023-12-31T23:00Z,MD,24,Maryland,-4.79,UnderPayment,13.64,https://fns-prod.azureedge.us/sites/default/files/resource-files/snap-fy24QC-PER.pdf
2002-12-31T23:00Z,MA,25,Massachusetts,3.57,OverPayment,4.99,
2002-12-31T23:00Z,MA,25,Massachusetts,-1.42,UnderPayment,4.99,
2003-12-31T23:00Z,MA,25,Massachusetts,2.98,OverPayment,4.76,
2003-12-31T23:00Z,MA,25,Massachusetts,-1.78,UnderPayment,4.76,
2004-12-31T23:00Z,MA,25,Massachusetts,2.91,OverPayment,3.88,
2004-12-31T23:00Z,MA,25,Massachusetts,-0.97,UnderPayment,3.88,
2005-12-31T23:00Z,MA,25,Massachusetts,2.17,OverPayment,3.55,
2005-12-31T23:00Z,MA,25,Massachusetts,-1.38,UnderPayment,3.55,
2006-12-31T23:00Z,MA,25,Massachusetts,3.11,OverPayment,4.38,
2006-12-31T23:00Z,MA,25,Massachusetts,-1.26,UnderPayment,4.38,
2007-12-31T23:00Z,MA,25,Massachusetts,4.03,OverPayment,4.53,
2007-12-31T23:00Z,MA,25,Massachusetts,-0.5,UnderPayment,4.53,
2008-12-31T23:00Z,MA,25,Massachusetts,3.52,OverPayment,4.39,
2008-12-31T23:00Z,MA,25,Massachusetts,-0.87,UnderPayment,4.39,
2009-12-31T23:00Z,MA,25,Massachusetts,4.91,OverPayment,5.9,
2009-12-31T23:00Z,MA,25,Massachusetts,-0.99,UnderPayment,5.9,
2010-12-31T23:00Z,MA,25,Massachusetts,3.87,OverPayment,4.4,
2010-12-31T23:00Z,MA,25,Massachusetts,-0.53,UnderPayment,4.4,
2011-12-31T23:00Z,MA,25,Massachusetts,3.62,OverPayment,4.03,
2011-12-31T23:00Z,MA,25,Massachusetts,-0.41,UnderPayment,4.03,
2012-12-31T23:00Z,MA,25,Massachusetts,2.4,OverPayment,2.87,
2012-12-31T23:00Z,MA,25,Massachusetts,-0.47,UnderPayment,2.87,
2013-12-31T23:00Z,MA,25,Massachusetts,4.29,OverPayment,5.09,
2013-12-31T23:00Z,MA,25,Massachusetts,-0.79,UnderPayment,5.09,
2014-12-31T23:00Z,MA,25,Massachusetts,4.59,OverPayment,5.25,
2014-12-31T23:00Z,MA,25,Massachusetts,-0.66,UnderPayment,5.25,
2015-12-31T23:00Z,,,Massachusetts,NaN,OverPayment,NaN,
2015-12-31T23:00Z,,,Massachusetts,NaN,UnderPayment,NaN,
2016-12-31T23:00Z,MA,25,Massachusetts,3.09,OverPayment,4.04,
2016-12-31T23:00Z,MA,25,Massachusetts,-0.95,UnderPayment,4.04,
2017-12-31T23:00Z,MA,25,Massachusetts,3.2,OverPayment,4.46,
2017-12-31T23:00Z,MA,25,Massachusetts,-1.26,UnderPayment,4.46,
2018-12-31T23:00Z,MA,25,Massachusetts,3.96,OverPayment,4.89,https://fns-prod.azureedge.us/sites/default/files/resource-files/FY2019SNAPQCPaymentErrorRateChartGeneric.pdf
2018-12-31T23:00Z,MA,25,Massachusetts,-0.93,UnderPayment,4.89,https://fns-prod.azureedge.us/sites/default/files/resource-files/FY2019SNAPQCPaymentErrorRateChartGeneric.pdf
2019-12-31T23:00Z,,,Massachusetts,NaN,OverPayment,NaN,
2019-12-31T23:00Z,,,Massachusetts,NaN,UnderPayment,NaN,
2020-12-31T23:00Z,,,Massachusetts,NaN,OverPayment,NaN,
2020-12-31T23:00Z,,,Massachusetts,NaN,UnderPayment,NaN,
2021-12-31T23:00Z,MA,25,Massachusetts,10.77,OverPayment,11.77,https://fns-prod.azureedge.us/sites/default/files/resource-files/snap-fy22-qc-payment-error-rate.pdf
2021-12-31T23:00Z,MA,25,Massachusetts,-1,UnderPayment,11.77,https://fns-prod.azureedge.us/sites/default/files/resource-files/snap-fy22-qc-payment-error-rate.pdf
2022-12-31T23:00Z,MA,25,Massachusetts,8.97,OverPayment,9.86,https://fns-prod.azureedge.us/sites/default/files/resource-files/snap-fy23-qc-payment-error-rate.pdf
2022-12-31T23:00Z,MA,25,Massachusetts,-0.89,UnderPayment,9.86,https://fns-prod.azureedge.us/sites/default/files/resource-files/snap-fy23-qc-payment-error-rate.pdf
2023-12-31T23:00Z,MA,25,Massachusetts,13.03,OverPayment,14.1,https://fns-prod.azureedge.us/sites/default/files/resource-files/snap-fy24QC-PER.pdf
2023-12-31T23:00Z,MA,25,Massachusetts,-1.07,UnderPayment,14.1,https://fns-prod.azureedge.us/sites/default/files/resource-files/snap-fy24QC-PER.pdf
2002-12-31T23:00Z,MI,26,Michigan,8.25,OverPayment,11.1,
2002-12-31T23:00Z,MI,26,Michigan,-2.85,UnderPayment,11.1,
2003-12-31T23:00Z,MI,26,Michigan,4.82,OverPayment,7.19,
2003-12-31T23:00Z,MI,26,Michigan,-2.37,UnderPayment,7.19,
2004-12-31T23:00Z,MI,26,Michigan,5.94,OverPayment,7.34,
2004-12-31T23:00Z,MI,26,Michigan,-1.41,UnderPayment,7.34,
2005-12-31T23:00Z,MI,26,Michigan,5.53,OverPayment,7.53,
2005-12-31T23:00Z,MI,26,Michigan,-2,UnderPayment,7.53,
2006-12-31T23:00Z,MI,26,Michigan,6.41,OverPayment,8.5,
2006-12-31T23:00Z,MI,26,Michigan,-2.08,UnderPayment,8.5,
2007-12-31T23:00Z,MI,26,Michigan,5.09,OverPayment,5.88,
2007-12-31T23:00Z,MI,26,Michigan,-0.79,UnderPayment,5.88,
2008-12-31T23:00Z,MI,26,Michigan,4.67,OverPayment,6.75,
2008-12-31T23:00Z,MI,26,Michigan,-2.08,UnderPayment,6.75,
2009-12-31T23:00Z,MI,26,Michigan,2.17,OverPayment,3.31,
2009-12-31T23:00Z,MI,26,Michigan,-1.14,UnderPayment,3.31,
2010-12-31T23:00Z,MI,26,Michigan,2.34,OverPayment,3.12,
2010-12-31T23:00Z,MI,26,Michigan,-0.78,UnderPayment,3.12,
2011-12-31T23:00Z,MI,26,Michigan,2.61,OverPayment,3.55,
2011-12-31T23:00Z,MI,26,Michigan,-0.94,UnderPayment,3.55,
2012-12-31T23:00Z,MI,26,Michigan,2.39,OverPayment,2.7,
2012-12-31T23:00Z,MI,26,Michigan,-0.31,UnderPayment,2.7,
2013-12-31T23:00Z,MI,26,Michigan,2.24,OverPayment,2.99,
2013-12-31T23:00Z,MI,26,Michigan,-0.75,UnderPayment,2.99,
2015-12-31T23:00Z,,,Michigan,NaN,OverPayment,NaN,
2015-12-31T23:00Z,,,Michigan,NaN,UnderPayment,NaN,
2016-12-31T23:00Z,MI,26,Michigan,9.06,OverPayment,11.13,
2016-12-31T23:00Z,MI,26,Michigan,-2.07,UnderPayment,11.13,
2017-12-31T23:00Z,MI,26,Michigan,8.91,OverPayment,11.53,
2017-12-31T23:00Z,MI,26,Michigan,-2.62,UnderPayment,11.53,
2018-12-31T23:00Z,MI,26,Michigan,9.71,OverPayment,12.44,https://fns-prod.azureedge.us/sites/default/files/resource-files/FY2019SNAPQCPaymentErrorRateChartGeneric.pdf
2018-12-31T23:00Z,MI,26,Michigan,-2.73,UnderPayment,12.44,https://fns-prod.azureedge.us/sites/default/files/resource-files/FY2019SNAPQCPaymentErrorRateChartGeneric.pdf
2019-12-31T23:00Z,,,Michigan,NaN,OverPayment,NaN,
2019-12-31T23:00Z,,,Michigan,NaN,UnderPayment,NaN,
2020-12-31T23:00Z,,,Michigan,NaN,OverPayment,NaN,
2020-12-31T23:00Z,,,Michigan,NaN,UnderPayment,NaN,
2021-12-31T23:00Z,MI,26,Michigan,10.22,OverPayment,13,https://fns-prod.azureedge.us/sites/default/files/resource-files/snap-fy22-qc-payment-error-rate.pdf
2021-12-31T23:00Z,MI,26,Michigan,-2.78,UnderPayment,13,https://fns-prod.azureedge.us/sites/default/files/resource-files/snap-fy22-qc-payment-error-rate.pdf
2022-12-31T23:00Z,MI,26,Michigan,8.69,OverPayment,10.72,https://fns-prod.azureedge.us/sites/default/files/resource-files/snap-fy23-qc-payment-error-rate.pdf
2022-12-31T23:00Z,MI,26,Michigan,-2.03,UnderPayment,10.72,https://fns-prod.azureedge.us/sites/default/files/resource-files/snap-fy23-qc-payment-error-rate.pdf
2023-12-31T23:00Z,MI,26,Michigan,8.03,OverPayment,9.53,https://fns-prod.azureedge.us/sites/default/files/resource-files/snap-fy24QC-PER.pdf
2023-12-31T23:00Z,MI,26,Michigan,-1.5,UnderPayment,9.53,https://fns-prod.azureedge.us/sites/default/files/resource-files/snap-fy24QC-PER.pdf
2002-12-31T23:00Z,MN,27,Minnesota,5.99,OverPayment,7.96,
2002-12-31T23:00Z,MN,27,Minnesota,-1.98,UnderPayment,7.96,
2003-12-31T23:00Z,MN,27,Minnesota,4.98,OverPayment,6.94,
2003-12-31T23:00Z,MN,27,Minnesota,-1.96,UnderPayment,6.94,
2004-12-31T23:00Z,MN,27,Minnesota,5.52,OverPayment,7.6,
2004-12-31T23:00Z,MN,27,Minnesota,-2.08,UnderPayment,7.6,
2005-12-31T23:00Z,MN,27,Minnesota,5.94,OverPayment,7.56,
2005-12-31T23:00Z,MN,27,Minnesota,-1.61,UnderPayment,7.56,
2006-12-31T23:00Z,MN,27,Minnesota,4.74,OverPayment,6.53,
2006-12-31T23:00Z,MN,27,Minnesota,-1.79,UnderPayment,6.53,
2007-12-31T23:00Z,MN,27,Minnesota,4.78,OverPayment,6.16,
2007-12-31T23:00Z,MN,27,Minnesota,-1.38,UnderPayment,6.16,
2008-12-31T23:00Z,MN,27,Minnesota,3.29,OverPayment,3.95,
2008-12-31T23:00Z,MN,27,Minnesota,-0.66,UnderPayment,3.95,
2009-12-31T23:00Z,MN,27,Minnesota,3.54,OverPayment,4.76,
2009-12-31T23:00Z,MN,27,Minnesota,-1.22,UnderPayment,4.76,
2010-12-31T23:00Z,MN,27,Minnesota,4.2,OverPayment,5.02,
2010-12-31T23:00Z,MN,27,Minnesota,-0.82,UnderPayment,5.02,
2011-12-31T23:00Z,MN,27,Minnesota,4.05,OverPayment,5.07,
2011-12-31T23:00Z,MN,27,Minnesota,-1.02,UnderPayment,5.07,
2012-12-31T23:00Z,MN,27,Minnesota,3.11,OverPayment,4.08,
2012-12-31T23:00Z,MN,27,Minnesota,-0.97,UnderPayment,4.08,
2013-12-31T23:00Z,MN,27,Minnesota,5.38,OverPayment,6.87,
2013-12-31T23:00Z,MN,27,Minnesota,-1.48,UnderPayment,6.87,
2014-12-31T23:00Z,MN,27,Minnesota,4.74,OverPayment,5.98,
2014-12-31T23:00Z,MN,27,Minnesota,-1.24,UnderPayment,5.98,
2015-12-31T23:00Z,,,Minnesota,NaN,OverPayment,NaN,
2015-12-31T23:00Z,,,Minnesota,NaN,UnderPayment,NaN,
2016-12-31T23:00Z,MN,27,Minnesota,5.71,OverPayment,7.14,
2016-12-31T23:00Z,MN,27,Minnesota,-1.43,UnderPayment,7.14,
2017-12-31T23:00Z,MN,27,Minnesota,6.76,OverPayment,9.13,
2017-12-31T23:00Z,MN,27,Minnesota,-2.36,UnderPayment,9.13,
2018-12-31T23:00Z,MN,27,Minnesota,7.83,OverPayment,9.78,https://fns-prod.azureedge.us/sites/default/files/resource-files/FY2019SNAPQCPaymentErrorRateChartGeneric.pdf
2018-12-31T23:00Z,MN,27,Minnesota,-1.94,UnderPayment,9.78,https://fns-prod.azureedge.us/sites/default/files/resource-files/FY2019SNAPQCPaymentErrorRateChartGeneric.pdf
2019-12-31T23:00Z,,,Minnesota,NaN,OverPayment,NaN,
2019-12-31T23:00Z,,,Minnesota,NaN,UnderPayment,NaN,
2020-12-31T23:00Z,,,Minnesota,NaN,OverPayment,NaN,
2020-12-31T23:00Z,,,Minnesota,NaN,UnderPayment,NaN,
2021-12-31T23:00Z,MN,27,Minnesota,5.49,OverPayment,8.24,https://fns-prod.azureedge.us/sites/default/files/resource-files/snap-fy22-qc-payment-error-rate.pdf
2021-12-31T23:00Z,MN,27,Minnesota,-2.75,UnderPayment,8.24,https://fns-prod.azureedge.us/sites/default/files/resource-files/snap-fy22-qc-payment-error-rate.pdf
2022-12-31T23:00Z,MN,27,Minnesota,4.95,OverPayment,6.4,https://fns-prod.azureedge.us/sites/default/files/resource-files/snap-fy23-qc-payment-error-rate.pdf
2022-12-31T23:00Z,MN,27,Minnesota,-1.46,UnderPayment,6.4,https://fns-prod.azureedge.us/sites/default/files/resource-files/snap-fy23-qc-payment-error-rate.pdf
2023-12-31T23:00Z,MN,27,Minnesota,6.32,OverPayment,8.98,https://fns-prod.azureedge.us/sites/default/files/resource-files/snap-fy24QC-PER.pdf
2023-12-31T23:00Z,MN,27,Minnesota,-2.66,UnderPayment,8.98,https://fns-prod.azureedge.us/sites/default/files/resource-files/snap-fy24QC-PER.pdf
2002-12-31T23:00Z,MS,28,Mississippi,3.07,OverPayment,4.07,
2002-12-31T23:00Z,MS,28,Mississippi,-1,UnderPayment,4.07,
2003-12-31T23:00Z,MS,28,Mississippi,4.31,OverPayment,5.89,
2003-12-31T23:00Z,MS,28,Mississippi,-1.58,UnderPayment,5.89,
2004-12-31T23:00Z,MS,28,Mississippi,2.02,OverPayment,3,
2004-12-31T23:00Z,MS,28,Mississippi,-0.98,UnderPayment,3,
2005-12-31T23:00Z,MS,28,Mississippi,1.8,OverPayment,2.61,
2005-12-31T23:00Z,MS,28,Mississippi,-0.81,UnderPayment,2.61,
2006-12-31T23:00Z,MS,28,Mississippi,2.24,OverPayment,2.66,
2006-12-31T23:00Z,MS,28,Mississippi,-0.42,UnderPayment,2.66,
2007-12-31T23:00Z,MS,28,Mississippi,1.65,OverPayment,2.64,
2007-12-31T23:00Z,MS,28,Mississippi,-0.99,UnderPayment,2.64,
2008-12-31T23:00Z,MS,28,Mississippi,2.31,OverPayment,2.77,
2008-12-31T23:00Z,MS,28,Mississippi,-0.47,UnderPayment,2.77,
2009-12-31T23:00Z,MS,28,Mississippi,1.56,OverPayment,1.92,
2009-12-31T23:00Z,MS,28,Mississippi,-0.36,UnderPayment,1.92,
2010-12-31T23:00Z,MS,28,Mississippi,2.37,OverPayment,2.83,
2010-12-31T23:00Z,MS,28,Mississippi,-0.45,UnderPayment,2.83,
2011-12-31T23:00Z,MS,28,Mississippi,1.89,OverPayment,2.1,
2011-12-31T23:00Z,MS,28,Mississippi,-0.21,UnderPayment,2.1,
2012-12-31T23:00Z,MS,28,Mississippi,1.24,OverPayment,1.48,
2012-12-31T23:00Z,MS,28,Mississippi,-0.24,UnderPayment,1.48,
2013-12-31T23:00Z,MS,28,Mississippi,0.95,OverPayment,1.16,
2013-12-31T23:00Z,MS,28,Mississippi,-0.21,UnderPayment,1.16,
2015-12-31T23:00Z,,,Mississippi,NaN,OverPayment,NaN,
2015-12-31T23:00Z,,,Mississippi,NaN,UnderPayment,NaN,
2016-12-31T23:00Z,MS,28,Mississippi,2.8,OverPayment,3.29,
2016-12-31T23:00Z,MS,28,Mississippi,-0.49,UnderPayment,3.29,
2017-12-31T23:00Z,MS,28,Mississippi,2.43,OverPayment,2.92,
2017-12-31T23:00Z,MS,28,Mississippi,-0.49,UnderPayment,2.92,
2018-12-31T23:00Z,MS,28,Mississippi,5.3,OverPayment,6.57,https://fns-prod.azureedge.us/sites/default/files/resource-files/FY2019SNAPQCPaymentErrorRateChartGeneric.pdf
2018-12-31T23:00Z,MS,28,Mississippi,-1.27,UnderPayment,6.57,https://fns-prod.azureedge.us/sites/default/files/resource-files/FY2019SNAPQCPaymentErrorRateChartGeneric.pdf
2019-12-31T23:00Z,,,Mississippi,NaN,OverPayment,NaN,
2019-12-31T23:00Z,,,Mississippi,NaN,UnderPayment,NaN,
2020-12-31T23:00Z,,,Mississippi,NaN,OverPayment,NaN,
2020-12-31T23:00Z,,,Mississippi,NaN,UnderPayment,NaN,
2021-12-31T23:00Z,MS,28,Mississippi,6.63,OverPayment,7.79,https://fns-prod.azureedge.us/sites/default/files/resource-files/snap-fy22-qc-payment-error-rate.pdf
2021-12-31T23:00Z,MS,28,Mississippi,-1.16,UnderPayment,7.79,https://fns-prod.azureedge.us/sites/default/files/resource-files/snap-fy22-qc-payment-error-rate.pdf
2022-12-31T23:00Z,MS,28,Mississippi,8.63,OverPayment,10.15,https://fns-prod.azureedge.us/sites/default/files/resource-files/snap-fy23-qc-payment-error-rate.pdf
2022-12-31T23:00Z,MS,28,Mississippi,-1.53,UnderPayment,10.15,https://fns-prod.azureedge.us/sites/default/files/resource-files/snap-fy23-qc-payment-error-rate.pdf
2023-12-31T23:00Z,MS,28,Mississippi,8.93,OverPayment,10.69,https://fns-prod.azureedge.us/sites/default/files/resource-files/snap-fy24QC-PER.pdf
2023-12-31T23:00Z,MS,28,Mississippi,-1.76,UnderPayment,10.69,https://fns-prod.azureedge.us/sites/default/files/resource-files/snap-fy24QC-PER.pdf
2002-12-31T23:00Z,MO,29,Missouri,5.37,OverPayment,6.75,
2002-12-31T23:00Z,MO,29,Missouri,-1.38,UnderPayment,6.75,
2003-12-31T23:00Z,MO,29,Missouri,6.42,OverPayment,7.42,
2003-12-31T23:00Z,MO,29,Missouri,-1,UnderPayment,7.42,
2004-12-31T23:00Z,MO,29,Missouri,4,OverPayment,5.1,
2004-12-31T23:00Z,MO,29,Missouri,-1.09,UnderPayment,5.1,
2005-12-31T23:00Z,MO,29,Missouri,2.14,OverPayment,2.59,
2005-12-31T23:00Z,MO,29,Missouri,-0.45,UnderPayment,2.59,
2006-12-31T23:00Z,MO,29,Missouri,2.04,OverPayment,2.31,
2006-12-31T23:00Z,MO,29,Missouri,-0.28,UnderPayment,2.31,
2007-12-31T23:00Z,MO,29,Missouri,5.17,OverPayment,6.03,
2007-12-31T23:00Z,MO,29,Missouri,-0.87,UnderPayment,6.03,
2008-12-31T23:00Z,MO,29,Missouri,4.42,OverPayment,5.29,
2008-12-31T23:00Z,MO,29,Missouri,-0.87,UnderPayment,5.29,
2009-12-31T23:00Z,MO,29,Missouri,4.65,OverPayment,5.65,
2009-12-31T23:00Z,MO,29,Missouri,-1,UnderPayment,5.65,
2010-12-31T23:00Z,MO,29,Missouri,4.68,OverPayment,5.88,
2010-12-31T23:00Z,MO,29,Missouri,-1.2,UnderPayment,5.88,
2011-12-31T23:00Z,MO,29,Missouri,6.44,OverPayment,7.18,
2011-12-31T23:00Z,MO,29,Missouri,-0.73,UnderPayment,7.18,
2012-12-31T23:00Z,MO,29,Missouri,1.31,OverPayment,1.62,
2012-12-31T23:00Z,MO,29,Missouri,-0.3,UnderPayment,1.62,
2013-12-31T23:00Z,MO,29,Missouri,1.32,OverPayment,1.5,
2013-12-31T23:00Z,MO,29,Missouri,-0.18,UnderPayment,1.5,
2015-12-31T23:00Z,,,Missouri,NaN,OverPayment,NaN,
2015-12-31T23:00Z,,,Missouri,NaN,UnderPayment,NaN,
2016-12-31T23:00Z,MO,29,Missouri,7.06,OverPayment,8.32,
2016-12-31T23:00Z,MO,29,Missouri,-1.26,UnderPayment,8.32,
2017-12-31T23:00Z,MO,29,Missouri,7.75,OverPayment,9.07,
2017-12-31T23:00Z,MO,29,Missouri,-1.32,UnderPayment,9.07,
2018-12-31T23:00Z,MO,29,Missouri,5.05,OverPayment,5.92,https://fns-prod.azureedge.us/sites/default/files/resource-files/FY2019SNAPQCPaymentErrorRateChartGeneric.pdf
2018-12-31T23:00Z,MO,29,Missouri,-0.87,UnderPayment,5.92,https://fns-prod.azureedge.us/sites/default/files/resource-files/FY2019SNAPQCPaymentErrorRateChartGeneric.pdf
2019-12-31T23:00Z,,,Missouri,NaN,OverPayment,NaN,
2019-12-31T23:00Z,,,Missouri,NaN,UnderPayment,NaN,
2020-12-31T23:00Z,,,Missouri,NaN,OverPayment,NaN,
2020-12-31T23:00Z,,,Missouri,NaN,UnderPayment,NaN,
2021-12-31T23:00Z,MO,29,Missouri,12.02,OverPayment,13.03,https://fns-prod.azureedge.us/sites/default/files/resource-files/snap-fy22-qc-payment-error-rate.pdf
2021-12-31T23:00Z,MO,29,Missouri,-1.01,UnderPayment,13.03,https://fns-prod.azureedge.us/sites/default/files/resource-files/snap-fy22-qc-payment-error-rate.pdf
2022-12-31T23:00Z,MO,29,Missouri,10.02,OverPayment,10.54,https://fns-prod.azureedge.us/sites/default/files/resource-files/snap-fy23-qc-payment-error-rate.pdf
2022-12-31T23:00Z,MO,29,Missouri,-0.52,UnderPayment,10.54,https://fns-prod.azureedge.us/sites/default/files/resource-files/snap-fy23-qc-payment-error-rate.pdf
2023-12-31T23:00Z,MO,29,Missouri,8.16,OverPayment,9.42,https://fns-prod.azureedge.us/sites/default/files/resource-files/snap-fy24QC-PER.pdf
2023-12-31T23:00Z,MO,29,Missouri,-1.26,UnderPayment,9.42,https://fns-prod.azureedge.us/sites/default/files/resource-files/snap-fy24QC-PER.pdf
2002-12-31T23:00Z,MT,30,Montana,4.92,OverPayment,5.78,
2002-12-31T23:00Z,MT,30,Montana,-0.86,UnderPayment,5.78,
2003-12-31T23:00Z,MT,30,Montana,3.59,OverPayment,4.6,
2003-12-31T23:00Z,MT,30,Montana,-1.01,UnderPayment,4.6,
2004-12-31T23:00Z,MT,30,Montana,3.38,OverPayment,4.05,
2004-12-31T23:00Z,MT,30,Montana,-0.67,UnderPayment,4.05,
2005-12-31T23:00Z,MT,30,Montana,5.73,OverPayment,6.82,
2005-12-31T23:00Z,MT,30,Montana,-1.09,UnderPayment,6.82,
2006-12-31T23:00Z,MT,30,Montana,5.49,OverPayment,6.81,
2006-12-31T23:00Z,MT,30,Montana,-1.32,UnderPayment,6.81,
2007-12-31T23:00Z,MT,30,Montana,2.73,OverPayment,3.74,
2007-12-31T23:00Z,MT,30,Montana,-1.02,UnderPayment,3.74,
2008-12-31T23:00Z,MT,30,Montana,3.16,OverPayment,3.77,
2008-12-31T23:00Z,MT,30,Montana,-0.6,UnderPayment,3.77,
2009-12-31T23:00Z,MT,30,Montana,3.42,OverPayment,4.12,
2009-12-31T23:00Z,MT,30,Montana,-0.7,UnderPayment,4.12,
2010-12-31T23:00Z,MT,30,Montana,2.34,OverPayment,3.1,
2010-12-31T23:00Z,MT,30,Montana,-0.75,UnderPayment,3.1,
2011-12-31T23:00Z,MT,30,Montana,2.07,OverPayment,2.71,
2011-12-31T23:00Z,MT,30,Montana,-0.64,UnderPayment,2.71,
2012-12-31T23:00Z,MT,30,Montana,4.56,OverPayment,6,
2012-12-31T23:00Z,MT,30,Montana,-1.43,UnderPayment,6,
2013-12-31T23:00Z,MT,30,Montana,5,OverPayment,7.25,
2013-12-31T23:00Z,MT,30,Montana,-2.25,UnderPayment,7.25,
2015-12-31T23:00Z,,,Montana,NaN,OverPayment,NaN,
2015-12-31T23:00Z,,,Montana,NaN,UnderPayment,NaN,
2016-12-31T23:00Z,MT,30,Montana,7.34,OverPayment,8.54,
2016-12-31T23:00Z,MT,30,Montana,-1.2,UnderPayment,8.54,
2017-12-31T23:00Z,MT,30,Montana,7.97,OverPayment,9.68,
2017-12-31T23:00Z,MT,30,Montana,-1.7,UnderPayment,9.68,
2018-12-31T23:00Z,MT,30,Montana,5.32,OverPayment,7.29,https://fns-prod.azureedge.us/sites/default/files/resource-files/FY2019SNAPQCPaymentErrorRateChartGeneric.pdf
2018-12-31T23:00Z,MT,30,Montana,-1.96,UnderPayment,7.29,https://fns-prod.azureedge.us/sites/default/files/resource-files/FY2019SNAPQCPaymentErrorRateChartGeneric.pdf
2019-12-31T23:00Z,,,Montana,NaN,OverPayment,NaN,
2019-12-31T23:00Z,,,Montana,NaN,UnderPayment,NaN,
2020-12-31T23:00Z,,,Montana,NaN,OverPayment,NaN,
2020-12-31T23:00Z,,,Montana,NaN,UnderPayment,NaN,
2021-12-31T23:00Z,MT,30,Montana,7.71,OverPayment,9.97,https://fns-prod.azureedge.us/sites/default/files/resource-files/snap-fy22-qc-payment-error-rate.pdf
2021-12-31T23:00Z,MT,30,Montana,-2.26,UnderPayment,9.97,https://fns-prod.azureedge.us/sites/default/files/resource-files/snap-fy22-qc-payment-error-rate.pdf
2022-12-31T23:00Z,MT,30,Montana,5.25,OverPayment,6.04,https://fns-prod.azureedge.us/sites/default/files/resource-files/snap-fy23-qc-payment-error-rate.pdf
2022-12-31T23:00Z,MT,30,Montana,-0.79,UnderPayment,6.04,https://fns-prod.azureedge.us/sites/default/files/resource-files/snap-fy23-qc-payment-error-rate.pdf
2023-12-31T23:00Z,MT,30,Montana,6.47,OverPayment,8.89,https://fns-prod.azureedge.us/sites/default/files/resource-files/snap-fy24QC-PER.pdf
2023-12-31T23:00Z,MT,30,Montana,-2.41,UnderPayment,8.89,https://fns-prod.azureedge.us/sites/default/files/resource-files/snap-fy24QC-PER.pdf
2002-12-31T23:00Z,NE,31,Nebraska,5.67,OverPayment,7.24,
2002-12-31T23:00Z,NE,31,Nebraska,-1.57,UnderPayment,7.24,
2003-12-31T23:00Z,NE,31,Nebraska,4.24,OverPayment,5.6,
2003-12-31T23:00Z,NE,31,Nebraska,-1.36,UnderPayment,5.6,
2004-12-31T23:00Z,NE,31,Nebraska,3.65,OverPayment,4.45,
2004-12-31T23:00Z,NE,31,Nebraska,-0.8,UnderPayment,4.45,
2005-12-31T23:00Z,NE,31,Nebraska,2.97,OverPayment,3.44,
2005-12-31T23:00Z,NE,31,Nebraska,-0.47,UnderPayment,3.44,
2006-12-31T23:00Z,NE,31,Nebraska,1.3,OverPayment,1.73,
2006-12-31T23:00Z,NE,31,Nebraska,-0.43,UnderPayment,1.73,
2007-12-31T23:00Z,NE,31,Nebraska,2.23,OverPayment,2.75,
2007-12-31T23:00Z,NE,31,Nebraska,-0.52,UnderPayment,2.75,
2008-12-31T23:00Z,NE,31,Nebraska,1.05,OverPayment,1.54,
2008-12-31T23:00Z,NE,31,Nebraska,-0.48,UnderPayment,1.54,
2009-12-31T23:00Z,NE,31,Nebraska,2.89,OverPayment,3.52,
2009-12-31T23:00Z,NE,31,Nebraska,-0.63,UnderPayment,3.52,
2010-12-31T23:00Z,NE,31,Nebraska,3.41,OverPayment,4.5,
2010-12-31T23:00Z,NE,31,Nebraska,-1.09,UnderPayment,4.5,
2011-12-31T23:00Z,NE,31,Nebraska,2.52,OverPayment,3.19,
2011-12-31T23:00Z,NE,31,Nebraska,-0.67,UnderPayment,3.19,
2012-12-31T23:00Z,NE,31,Nebraska,2.44,OverPayment,2.87,
2012-12-31T23:00Z,NE,31,Nebraska,-0.43,UnderPayment,2.87,
2013-12-31T23:00Z,NE,31,Nebraska,2.32,OverPayment,2.98,
2013-12-31T23:00Z,NE,31,Nebraska,-0.66,UnderPayment,2.98,
2015-12-31T23:00Z,,,Nebraska,NaN,OverPayment,NaN,
2015-12-31T23:00Z,,,Nebraska,NaN,UnderPayment,NaN,
2016-12-31T23:00Z,NE,31,Nebraska,3.54,OverPayment,4.06,
2016-12-31T23:00Z,NE,31,Nebraska,-0.52,UnderPayment,4.06,
2017-12-31T23:00Z,NE,31,Nebraska,4.05,OverPayment,4.79,
2017-12-31T23:00Z,NE,31,Nebraska,-0.74,UnderPayment,4.79,
2018-12-31T23:00Z,NE,31,Nebraska,4.77,OverPayment,5.55,https://fns-prod.azureedge.us/sites/default/files/resource-files/FY2019SNAPQCPaymentErrorRateChartGeneric.pdf
2018-12-31T23:00Z,NE,31,Nebraska,-0.78,UnderPayment,5.55,https://fns-prod.azureedge.us/sites/default/files/resource-files/FY2019SNAPQCPaymentErrorRateChartGeneric.pdf
2019-12-31T23:00Z,,,Nebraska,NaN,OverPayment,NaN,
2019-12-31T23:00Z,,,Nebraska,NaN,UnderPayment,NaN,
2020-12-31T23:00Z,,,Nebraska,NaN,OverPayment,NaN,
2020-12-31T23:00Z,,,Nebraska,NaN,UnderPayment,NaN,
2021-12-31T23:00Z,NE,31,Nebraska,6.39,OverPayment,7.34,https://fns-prod.azureedge.us/sites/default/files/resource-files/snap-fy22-qc-payment-error-rate.pdf
2021-12-31T23:00Z,NE,31,Nebraska,-0.95,UnderPayment,7.34,https://fns-prod.azureedge.us/sites/default/files/resource-files/snap-fy22-qc-payment-error-rate.pdf
2022-12-31T23:00Z,NE,31,Nebraska,5.95,OverPayment,7.06,https://fns-prod.azureedge.us/sites/default/files/resource-files/snap-fy23-qc-payment-error-rate.pdf
2022-12-31T23:00Z,NE,31,Nebraska,-1.11,UnderPayment,7.06,https://fns-prod.azureedge.us/sites/default/files/resource-files/snap-fy23-qc-payment-error-rate.pdf
2023-12-31T23:00Z,NE,31,Nebraska,4.64,OverPayment,5.5,https://fns-prod.azureedge.us/sites/default/files/resource-files/snap-fy24QC-PER.pdf
2023-12-31T23:00Z,NE,31,Nebraska,-0.86,UnderPayment,5.5,https://fns-prod.azureedge.us/sites/default/files/resource-files/snap-fy24QC-PER.pdf
2002-12-31T23:00Z,NV,32,Nevada,6.46,OverPayment,8.25,
2002-12-31T23:00Z,NV,32,Nevada,-1.79,UnderPayment,8.25,
2003-12-31T23:00Z,NV,32,Nevada,6.16,OverPayment,7.51,
2003-12-31T23:00Z,NV,32,Nevada,-1.36,UnderPayment,7.51,
2004-12-31T23:00Z,NV,32,Nevada,2.12,OverPayment,2.86,
2004-12-31T23:00Z,NV,32,Nevada,-0.74,UnderPayment,2.86,
2005-12-31T23:00Z,NV,32,Nevada,2.69,OverPayment,3.87,
2005-12-31T23:00Z,NV,32,Nevada,-1.18,UnderPayment,3.87,
2006-12-31T23:00Z,NV,32,Nevada,3.86,OverPayment,4.84,
2006-12-31T23:00Z,NV,32,Nevada,-0.98,UnderPayment,4.84,
2007-12-31T23:00Z,NV,32,Nevada,3.64,OverPayment,4.73,
2007-12-31T23:00Z,NV,32,Nevada,-1.09,UnderPayment,4.73,
2008-12-31T23:00Z,NV,32,Nevada,3.2,OverPayment,4.28,
2008-12-31T23:00Z,NV,32,Nevada,-1.09,UnderPayment,4.28,
2009-12-31T23:00Z,NV,32,Nevada,5.23,OverPayment,6.57,
2009-12-31T23:00Z,NV,32,Nevada,-1.34,UnderPayment,6.57,
2010-12-31T23:00Z,NV,32,Nevada,4.46,OverPayment,6.29,
2010-12-31T23:00Z,NV,32,Nevada,-1.83,UnderPayment,6.29,
2011-12-31T23:00Z,NV,32,Nevada,4.78,OverPayment,6.01,
2011-12-31T23:00Z,NV,32,Nevada,-1.23,UnderPayment,6.01,
2012-12-31T23:00Z,NV,32,Nevada,4.4,OverPayment,5.51,
2012-12-31T23:00Z,NV,32,Nevada,-1.1,UnderPayment,5.51,
2013-12-31T23:00Z,NV,32,Nevada,6.32,OverPayment,7.61,
2013-12-31T23:00Z,NV,32,Nevada,-1.3,UnderPayment,7.61,
2015-12-31T23:00Z,,,Nevada,NaN,OverPayment,NaN,
2015-12-31T23:00Z,,,Nevada,NaN,UnderPayment,NaN,
2016-12-31T23:00Z,NV,32,Nevada,4.77,OverPayment,5.76,
2016-12-31T23:00Z,NV,32,Nevada,-0.99,UnderPayment,5.76,
2017-12-31T23:00Z,NV,32,Nevada,5.22,OverPayment,5.88,
2017-12-31T23:00Z,NV,32,Nevada,-0.66,UnderPayment,5.88,
2018-12-31T23:00Z,NV,32,Nevada,6.1,OverPayment,6.69,https://fns-prod.azureedge.us/sites/default/files/resource-files/FY2019SNAPQCPaymentErrorRateChartGeneric.pdf
2018-12-31T23:00Z,NV,32,Nevada,-0.59,UnderPayment,6.69,https://fns-prod.azureedge.us/sites/default/files/resource-files/FY2019SNAPQCPaymentErrorRateChartGeneric.pdf
2019-12-31T23:00Z,,,Nevada,NaN,OverPayment,NaN,
2019-12-31T23:00Z,,,Nevada,NaN,UnderPayment,NaN,
2020-12-31T23:00Z,,,Nevada,NaN,OverPayment,NaN,
2020-12-31T23:00Z,,,Nevada,NaN,UnderPayment,NaN,
2021-12-31T23:00Z,NV,32,Nevada,6.1,OverPayment,7.22,https://fns-prod.azureedge.us/sites/default/files/resource-files/snap-fy22-qc-payment-error-rate.pdf
2021-12-31T23:00Z,NV,32,Nevada,-1.12,UnderPayment,7.22,https://fns-prod.azureedge.us/sites/default/files/resource-files/snap-fy22-qc-payment-error-rate.pdf
2022-12-31T23:00Z,NV,32,Nevada,5.6,OverPayment,6.71,https://fns-prod.azureedge.us/sites/default/files/resource-files/snap-fy23-qc-payment-error-rate.pdf
2022-12-31T23:00Z,NV,32,Nevada,-1.11,UnderPayment,6.71,https://fns-prod.azureedge.us/sites/default/files/resource-files/snap-fy23-qc-payment-error-rate.pdf
2023-12-31T23:00Z,NV,32,Nevada,5.63,OverPayment,5.94,https://fns-prod.azureedge.us/sites/default/files/resource-files/snap-fy24QC-PER.pdf
2023-12-31T23:00Z,NV,32,Nevada,-0.32,UnderPayment,5.94,https://fns-prod.azureedge.us/sites/default/files/resource-files/snap-fy24QC-PER.pdf
2002-12-31T23:00Z,NH,33,New Hampshire,6.27,OverPayment,7.52,
2002-12-31T23:00Z,NH,33,New Hampshire,-1.25,UnderPayment,7.52,
2003-12-31T23:00Z,NH,33,New Hampshire,5.78,OverPayment,7.1,
2003-12-31T23:00Z,NH,33,New Hampshire,-1.32,UnderPayment,7.1,
2004-12-31T23:00Z,NH,33,New Hampshire,4.68,OverPayment,5.91,
2004-12-31T23:00Z,NH,33,New Hampshire,-1.22,UnderPayment,5.91,
2005-12-31T23:00Z,NH,33,New Hampshire,5.4,OverPayment,6.16,
2005-12-31T23:00Z,NH,33,New Hampshire,-0.76,UnderPayment,6.16,
2006-12-31T23:00Z,NH,33,New Hampshire,4.8,OverPayment,6.16,
2006-12-31T23:00Z,NH,33,New Hampshire,-1.36,UnderPayment,6.16,
2007-12-31T23:00Z,NH,33,New Hampshire,3.48,OverPayment,4.15,
2007-12-31T23:00Z,NH,33,New Hampshire,-0.67,UnderPayment,4.15,
2008-12-31T23:00Z,NH,33,New Hampshire,2.26,OverPayment,3.01,
2008-12-31T23:00Z,NH,33,New Hampshire,-0.76,UnderPayment,3.01,
2009-12-31T23:00Z,NH,33,New Hampshire,4.19,OverPayment,5.31,
2009-12-31T23:00Z,NH,33,New Hampshire,-1.12,UnderPayment,5.31,
2010-12-31T23:00Z,NH,33,New Hampshire,4.03,OverPayment,4.82,
2010-12-31T23:00Z,NH,33,New Hampshire,-0.79,UnderPayment,4.82,
2011-12-31T23:00Z,NH,33,New Hampshire,4.1,OverPayment,5.09,
2011-12-31T23:00Z,NH,33,New Hampshire,-1,UnderPayment,5.09,
2012-12-31T23:00Z,NH,33,New Hampshire,3.02,OverPayment,3.82,
2012-12-31T23:00Z,NH,33,New Hampshire,-0.8,UnderPayment,3.82,
2013-12-31T23:00Z,NH,33,New Hampshire,3.97,OverPayment,4.81,
2013-12-31T23:00Z,NH,33,New Hampshire,-0.85,UnderPayment,4.81,
2015-12-31T23:00Z,,,New Hampshire,NaN,OverPayment,NaN,
2015-12-31T23:00Z,,,New Hampshire,NaN,UnderPayment,NaN,
2016-12-31T23:00Z,NH,33,New Hampshire,3.63,OverPayment,4.64,
2016-12-31T23:00Z,NH,33,New Hampshire,-1.01,UnderPayment,4.64,
2017-12-31T23:00Z,NH,33,New Hampshire,4.44,OverPayment,5.61,
2017-12-31T23:00Z,NH,33,New Hampshire,-1.18,UnderPayment,5.61,
2018-12-31T23:00Z,NH,33,New Hampshire,6.7,OverPayment,8.53,https://fns-prod.azureedge.us/sites/default/files/resource-files/FY2019SNAPQCPaymentErrorRateChartGeneric.pdf
2018-12-31T23:00Z,NH,33,New Hampshire,-1.83,UnderPayment,8.53,https://fns-prod.azureedge.us/sites/default/files/resource-files/FY2019SNAPQCPaymentErrorRateChartGeneric.pdf
2019-12-31T23:00Z,,,New Hampshire,NaN,OverPayment,NaN,
2019-12-31T23:00Z,,,New Hampshire,NaN,UnderPayment,NaN,
2020-12-31T23:00Z,,,New Hampshire,NaN,OverPayment,NaN,
2020-12-31T23:00Z,,,New Hampshire,NaN,UnderPayment,NaN,
2021-12-31T23:00Z,NH,33,New Hampshire,7.71,OverPayment,12.34,https://fns-prod.azureedge.us/sites/default/files/resource-files/snap-fy22-qc-payment-error-rate.pdf
2021-12-31T23:00Z,NH,33,New Hampshire,-4.63,UnderPayment,12.34,https://fns-prod.azureedge.us/sites/default/files/resource-files/snap-fy22-qc-payment-error-rate.pdf
2022-12-31T23:00Z,NH,33,New Hampshire,9.82,OverPayment,12.53,https://fns-prod.azureedge.us/sites/default/files/resource-files/snap-fy23-qc-payment-error-rate.pdf
2022-12-31T23:00Z,NH,33,New Hampshire,-2.71,UnderPayment,12.53,https://fns-prod.azureedge.us/sites/default/files/resource-files/snap-fy23-qc-payment-error-rate.pdf
2023-12-31T23:00Z,NH,33,New Hampshire,4.52,OverPayment,7.57,https://fns-prod.azureedge.us/sites/default/files/resource-files/snap-fy24QC-PER.pdf
2023-12-31T23:00Z,NH,33,New Hampshire,-3.05,UnderPayment,7.57,https://fns-prod.azureedge.us/sites/default/files/resource-files/snap-fy24QC-PER.pdf
2002-12-31T23:00Z,NJ,34,New Jersey,1.83,OverPayment,2.43,
2002-12-31T23:00Z,NJ,34,New Jersey,-0.6,UnderPayment,2.43,
2003-12-31T23:00Z,NJ,34,New Jersey,2.03,OverPayment,3.01,
2003-12-31T23:00Z,NJ,34,New Jersey,-0.99,UnderPayment,3.01,
2004-12-31T23:00Z,NJ,34,New Jersey,3.58,OverPayment,4.79,
2004-12-31T23:00Z,NJ,34,New Jersey,-1.21,UnderPayment,4.79,
2005-12-31T23:00Z,NJ,34,New Jersey,2.51,OverPayment,4.15,
2005-12-31T23:00Z,NJ,34,New Jersey,-1.65,UnderPayment,4.15,
2006-12-31T23:00Z,NJ,34,New Jersey,4.68,OverPayment,6.26,
2006-12-31T23:00Z,NJ,34,New Jersey,-1.58,UnderPayment,6.26,
2007-12-31T23:00Z,NJ,34,New Jersey,4.21,OverPayment,5.23,
2007-12-31T23:00Z,NJ,34,New Jersey,-1.02,UnderPayment,5.23,
2008-12-31T23:00Z,NJ,34,New Jersey,2.6,OverPayment,3.64,
2008-12-31T23:00Z,NJ,34,New Jersey,-1.04,UnderPayment,3.64,
2009-12-31T23:00Z,NJ,34,New Jersey,3.95,OverPayment,4.62,
2009-12-31T23:00Z,NJ,34,New Jersey,-0.67,UnderPayment,4.62,
2010-12-31T23:00Z,NJ,34,New Jersey,3.3,OverPayment,4.33,
2010-12-31T23:00Z,NJ,34,New Jersey,-1.03,UnderPayment,4.33,
2011-12-31T23:00Z,NJ,34,New Jersey,2.85,OverPayment,3.49,
2011-12-31T23:00Z,NJ,34,New Jersey,-0.64,UnderPayment,3.49,
2012-12-31T23:00Z,NJ,34,New Jersey,0.99,OverPayment,1.32,
2012-12-31T23:00Z,NJ,34,New Jersey,-0.33,UnderPayment,1.32,
2013-12-31T23:00Z,NJ,34,New Jersey,0.9,OverPayment,1.43,
2013-12-31T23:00Z,NJ,34,New Jersey,-0.53,UnderPayment,1.43,
2015-12-31T23:00Z,,,New Jersey,NaN,OverPayment,NaN,
2015-12-31T23:00Z,,,New Jersey,NaN,UnderPayment,NaN,
2016-12-31T23:00Z,NJ,34,New Jersey,4.44,OverPayment,5.41,
2016-12-31T23:00Z,NJ,34,New Jersey,-0.97,UnderPayment,5.41,
2017-12-31T23:00Z,NJ,34,New Jersey,4.23,OverPayment,6.16,
2017-12-31T23:00Z,NJ,34,New Jersey,-1.93,UnderPayment,6.16,
2018-12-31T23:00Z,NJ,34,New Jersey,5.21,OverPayment,8.47,https://fns-prod.azureedge.us/sites/default/files/resource-files/FY2019SNAPQCPaymentErrorRateChartGeneric.pdf
2018-12-31T23:00Z,NJ,34,New Jersey,-3.26,UnderPayment,8.47,https://fns-prod.azureedge.us/sites/default/files/resource-files/FY2019SNAPQCPaymentErrorRateChartGeneric.pdf
2019-12-31T23:00Z,,,New Jersey,NaN,OverPayment,NaN,
2019-12-31T23:00Z,,,New Jersey,NaN,UnderPayment,NaN,
2020-12-31T23:00Z,,,New Jersey,NaN,OverPayment,NaN,
2020-12-31T23:00Z,,,New Jersey,NaN,UnderPayment,NaN,
2021-12-31T23:00Z,NJ,34,New Jersey,4.92,OverPayment,6.24,https://fns-prod.azureedge.us/sites/default/files/resource-files/snap-fy22-qc-payment-error-rate.pdf
2021-12-31T23:00Z,NJ,34,New Jersey,-1.32,UnderPayment,6.24,https://fns-prod.azureedge.us/sites/default/files/resource-files/snap-fy22-qc-payment-error-rate.pdf
2022-12-31T23:00Z,NJ,34,New Jersey,33.48,OverPayment,35.7,https://fns-prod.azureedge.us/sites/default/files/resource-files/snap-fy23-qc-payment-error-rate.pdf
2022-12-31T23:00Z,NJ,34,New Jersey,-2.22,UnderPayment,35.7,https://fns-prod.azureedge.us/sites/default/files/resource-files/snap-fy23-qc-payment-error-rate.pdf
2023-12-31T23:00Z,NJ,34,New Jersey,12.11,OverPayment,14.33,https://fns-prod.azureedge.us/sites/default/files/resource-files/snap-fy24QC-PER.pdf
2023-12-31T23:00Z,NJ,34,New Jersey,-2.22,UnderPayment,14.33,https://fns-prod.azureedge.us/sites/default/files/resource-files/snap-fy24QC-PER.pdf
2002-12-31T23:00Z,NM,35,New Mexico,4.86,OverPayment,6.16,
2002-12-31T23:00Z,NM,35,New Mexico,-1.3,UnderPayment,6.16,
2003-12-31T23:00Z,NM,35,New Mexico,4.36,OverPayment,5.59,
2003-12-31T23:00Z,NM,35,New Mexico,-1.23,UnderPayment,5.59,
2004-12-31T23:00Z,NM,35,New Mexico,4.98,OverPayment,5.99,
2004-12-31T23:00Z,NM,35,New Mexico,-1.01,UnderPayment,5.99,
2005-12-31T23:00Z,NM,35,New Mexico,5.22,OverPayment,6.78,
2005-12-31T23:00Z,NM,35,New Mexico,-1.55,UnderPayment,6.78,
2006-12-31T23:00Z,NM,35,New Mexico,5.46,OverPayment,7.42,
2006-12-31T23:00Z,NM,35,New Mexico,-1.96,UnderPayment,7.42,
2007-12-31T23:00Z,NM,35,New Mexico,5.09,OverPayment,6.34,
2007-12-31T23:00Z,NM,35,New Mexico,-1.25,UnderPayment,6.34,
2008-12-31T23:00Z,NM,35,New Mexico,4.04,OverPayment,4.79,
2008-12-31T23:00Z,NM,35,New Mexico,-0.76,UnderPayment,4.79,
2009-12-31T23:00Z,NM,35,New Mexico,3.64,OverPayment,4.5,
2009-12-31T23:00Z,NM,35,New Mexico,-0.86,UnderPayment,4.5,
2010-12-31T23:00Z,NM,35,New Mexico,3.57,OverPayment,4.35,
2010-12-31T23:00Z,NM,35,New Mexico,-0.77,UnderPayment,4.35,
2011-12-31T23:00Z,NM,35,New Mexico,2.97,OverPayment,3.73,
2011-12-31T23:00Z,NM,35,New Mexico,-0.76,UnderPayment,3.73,
2012-12-31T23:00Z,NM,35,New Mexico,3.99,OverPayment,4.55,
2012-12-31T23:00Z,NM,35,New Mexico,-0.57,UnderPayment,4.55,
2013-12-31T23:00Z,NM,35,New Mexico,5.23,OverPayment,6.22,
2013-12-31T23:00Z,NM,35,New Mexico,-0.99,UnderPayment,6.22,
2015-12-31T23:00Z,,,New Mexico,NaN,OverPayment,NaN,
2015-12-31T23:00Z,,,New Mexico,NaN,UnderPayment,NaN,
2016-12-31T23:00Z,NM,35,New Mexico,5.81,OverPayment,6.9,
2016-12-31T23:00Z,NM,35,New Mexico,-1.09,UnderPayment,6.9,
2017-12-31T23:00Z,NM,35,New Mexico,6.86,OverPayment,8.72,
2017-12-31T23:00Z,NM,35,New Mexico,-1.87,UnderPayment,8.72,
2018-12-31T23:00Z,NM,35,New Mexico,7.32,OverPayment,9.34,https://fns-prod.azureedge.us/sites/default/files/resource-files/FY2019SNAPQCPaymentErrorRateChartGeneric.pdf
2018-12-31T23:00Z,NM,35,New Mexico,-2.02,UnderPayment,9.34,https://fns-prod.azureedge.us/sites/default/files/resource-files/FY2019SNAPQCPaymentErrorRateChartGeneric.pdf
2019-12-31T23:00Z,,,New Mexico,NaN,OverPayment,NaN,
2019-12-31T23:00Z,,,New Mexico,NaN,UnderPayment,NaN,
2020-12-31T23:00Z,,,New Mexico,NaN,OverPayment,NaN,
2020-12-31T23:00Z,,,New Mexico,NaN,UnderPayment,NaN,
2021-12-31T23:00Z,NM,35,New Mexico,11.39,OverPayment,12.43,https://fns-prod.azureedge.us/sites/default/files/resource-files/snap-fy22-qc-payment-error-rate.pdf
2021-12-31T23:00Z,NM,35,New Mexico,-1.04,UnderPayment,12.43,https://fns-prod.azureedge.us/sites/default/files/resource-files/snap-fy22-qc-payment-error-rate.pdf
2022-12-31T23:00Z,NM,35,New Mexico,13.45,OverPayment,14.4,https://fns-prod.azureedge.us/sites/default/files/resource-files/snap-fy23-qc-payment-error-rate.pdf
2022-12-31T23:00Z,NM,35,New Mexico,-0.95,UnderPayment,14.4,https://fns-prod.azureedge.us/sites/default/files/resource-files/snap-fy23-qc-payment-error-rate.pdf
2023-12-31T23:00Z,NM,35,New Mexico,13.07,OverPayment,14.61,https://fns-prod.azureedge.us/sites/default/files/resource-files/snap-fy24QC-PER.pdf
2023-12-31T23:00Z,NM,35,New Mexico,-1.54,UnderPayment,14.61,https://fns-prod.azureedge.us/sites/default/files/resource-files/snap-fy24QC-PER.pdf
2002-12-31T23:00Z,NY,36,New York,3.67,OverPayment,5.88,
2002-12-31T23:00Z,NY,36,New York,-2.21,UnderPayment,5.88,
2003-12-31T23:00Z,NY,36,New York,3.25,OverPayment,5.74,
2003-12-31T23:00Z,NY,36,New York,-2.49,UnderPayment,5.74,
2004-12-31T23:00Z,NY,36,New York,4.9,OverPayment,7.23,
2004-12-31T23:00Z,NY,36,New York,-2.33,UnderPayment,7.23,
2005-12-31T23:00Z,NY,36,New York,3.77,OverPayment,4.56,
2005-12-31T23:00Z,NY,36,New York,-0.78,UnderPayment,4.56,
2006-12-31T23:00Z,NY,36,New York,4.38,OverPayment,5.51,
2006-12-31T23:00Z,NY,36,New York,-1.12,UnderPayment,5.51,
2007-12-31T23:00Z,NY,36,New York,3.62,OverPayment,4.5,
2007-12-31T23:00Z,NY,36,New York,-0.89,UnderPayment,4.5,
2008-12-31T23:00Z,NY,36,New York,4.94,OverPayment,5.39,
2008-12-31T23:00Z,NY,36,New York,-0.45,UnderPayment,5.39,
2009-12-31T23:00Z,NY,36,New York,4.92,OverPayment,5.51,
2009-12-31T23:00Z,NY,36,New York,-0.59,UnderPayment,5.51,
2010-12-31T23:00Z,NY,36,New York,3.82,OverPayment,4.32,
2010-12-31T23:00Z,NY,36,New York,-0.5,UnderPayment,4.32,
2011-12-31T23:00Z,NY,36,New York,4.37,OverPayment,5.09,
2011-12-31T23:00Z,NY,36,New York,-0.72,UnderPayment,5.09,
2012-12-31T23:00Z,NY,36,New York,4.09,OverPayment,4.79,
2012-12-31T23:00Z,NY,36,New York,-0.7,UnderPayment,4.79,
2013-12-31T23:00Z,NY,36,New York,4.4,OverPayment,5.23,
2013-12-31T23:00Z,NY,36,New York,-0.83,UnderPayment,5.23,
2014-12-31T23:00Z,NY,36,New York,2.66,OverPayment,3.33,
2014-12-31T23:00Z,NY,36,New York,-0.67,UnderPayment,3.33,
2015-12-31T23:00Z,,,New York,NaN,OverPayment,NaN,
2015-12-31T23:00Z,,,New York,NaN,UnderPayment,NaN,
2016-12-31T23:00Z,NY,36,New York,4.65,OverPayment,5.53,
2016-12-31T23:00Z,NY,36,New York,-0.88,UnderPayment,5.53,
2017-12-31T23:00Z,NY,36,New York,6.8,OverPayment,7.72,
2017-12-31T23:00Z,NY,36,New York,-0.92,UnderPayment,7.72,
2018-12-31T23:00Z,NY,36,New York,5.94,OverPayment,6.3,https://fns-prod.azureedge.us/sites/default/files/resource-files/FY2019SNAPQCPaymentErrorRateChartGeneric.pdf
2018-12-31T23:00Z,NY,36,New York,-0.37,UnderPayment,6.3,https://fns-prod.azureedge.us/sites/default/files/resource-files/FY2019SNAPQCPaymentErrorRateChartGeneric.pdf
2019-12-31T23:00Z,,,New York,NaN,OverPayment,NaN,
2019-12-31T23:00Z,,,New York,NaN,UnderPayment,NaN,
2020-12-31T23:00Z,,,New York,NaN,OverPayment,NaN,
2020-12-31T23:00Z,,,New York,NaN,UnderPayment,NaN,
2021-12-31T23:00Z,NY,36,New York,10.35,OverPayment,12.89,https://fns-prod.azureedge.us/sites/default/files/resource-files/snap-fy22-qc-payment-error-rate.pdf
2021-12-31T23:00Z,NY,36,New York,-2.54,UnderPayment,12.89,https://fns-prod.azureedge.us/sites/default/files/resource-files/snap-fy22-qc-payment-error-rate.pdf
2022-12-31T23:00Z,NY,36,New York,11.22,OverPayment,12.68,https://fns-prod.azureedge.us/sites/default/files/resource-files/snap-fy23-qc-payment-error-rate.pdf
2022-12-31T23:00Z,NY,36,New York,-1.46,UnderPayment,12.68,https://fns-prod.azureedge.us/sites/default/files/resource-files/snap-fy23-qc-payment-error-rate.pdf
2023-12-31T23:00Z,NY,36,New York,12.65,OverPayment,14.09,https://fns-prod.azureedge.us/sites/default/files/resource-files/snap-fy24QC-PER.pdf
2023-12-31T23:00Z,NY,36,New York,-1.44,UnderPayment,14.09,https://fns-prod.azureedge.us/sites/default/files/resource-files/snap-fy24QC-PER.pdf
2002-12-31T23:00Z,NC,37,North Carolina,3.94,OverPayment,4.94,
2002-12-31T23:00Z,NC,37,North Carolina,-1,UnderPayment,4.94,
2003-12-31T23:00Z,NC,37,North Carolina,2.16,OverPayment,3.17,
2003-12-31T23:00Z,NC,37,North Carolina,-1.01,UnderPayment,3.17,
2004-12-31T23:00Z,NC,37,North Carolina,2.31,OverPayment,2.97,
2004-12-31T23:00Z,NC,37,North Carolina,-0.66,UnderPayment,2.97,
2005-12-31T23:00Z,NC,37,North Carolina,2.22,OverPayment,2.83,
2005-12-31T23:00Z,NC,37,North Carolina,-0.61,UnderPayment,2.83,
2006-12-31T23:00Z,NC,37,North Carolina,1.72,OverPayment,2.23,
2006-12-31T23:00Z,NC,37,North Carolina,-0.52,UnderPayment,2.23,
2007-12-31T23:00Z,NC,37,North Carolina,2.2,OverPayment,2.65,
2007-12-31T23:00Z,NC,37,North Carolina,-0.45,UnderPayment,2.65,
2008-12-31T23:00Z,NC,37,North Carolina,1.87,OverPayment,2.53,
2008-12-31T23:00Z,NC,37,North Carolina,-0.66,UnderPayment,2.53,
2009-12-31T23:00Z,NC,37,North Carolina,2.04,OverPayment,2.7,
2009-12-31T23:00Z,NC,37,North Carolina,-0.66,UnderPayment,2.7,
2010-12-31T23:00Z,NC,37,North Carolina,2.01,OverPayment,2.65,
2010-12-31T23:00Z,NC,37,North Carolina,-0.65,UnderPayment,2.65,
2011-12-31T23:00Z,NC,37,North Carolina,2.05,OverPayment,2.32,
2011-12-31T23:00Z,NC,37,North Carolina,-0.27,UnderPayment,2.32,
2012-12-31T23:00Z,NC,37,North Carolina,3.22,OverPayment,4.75,
2012-12-31T23:00Z,NC,37,North Carolina,-1.52,UnderPayment,4.75,
2013-12-31T23:00Z,NC,37,North Carolina,3.75,OverPayment,4.98,
2013-12-31T23:00Z,NC,37,North Carolina,-1.23,UnderPayment,4.98,
2015-12-31T23:00Z,,,North Carolina,NaN,OverPayment,NaN,
2015-12-31T23:00Z,,,North Carolina,NaN,UnderPayment,NaN,
2016-12-31T23:00Z,NC,37,North Carolina,3.78,OverPayment,5.25,
2016-12-31T23:00Z,NC,37,North Carolina,-1.47,UnderPayment,5.25,
2017-12-31T23:00Z,NC,37,North Carolina,3.74,OverPayment,4.97,
2017-12-31T23:00Z,NC,37,North Carolina,-1.23,UnderPayment,4.97,
2018-12-31T23:00Z,NC,37,North Carolina,4.2,OverPayment,5.78,https://fns-prod.azureedge.us/sites/default/files/resource-files/FY2019SNAPQCPaymentErrorRateChartGeneric.pdf
2018-12-31T23:00Z,NC,37,North Carolina,-1.59,UnderPayment,5.78,https://fns-prod.azureedge.us/sites/default/files/resource-files/FY2019SNAPQCPaymentErrorRateChartGeneric.pdf
2019-12-31T23:00Z,,,North Carolina,NaN,OverPayment,NaN,
2019-12-31T23:00Z,,,North Carolina,NaN,UnderPayment,NaN,
2020-12-31T23:00Z,,,North Carolina,NaN,OverPayment,NaN,
2020-12-31T23:00Z,,,North Carolina,NaN,UnderPayment,NaN,
2021-12-31T23:00Z,NC,37,North Carolina,17.44,OverPayment,19.07,https://fns-prod.azureedge.us/sites/default/files/resource-files/snap-fy22-qc-payment-error-rate.pdf
2021-12-31T23:00Z,NC,37,North Carolina,-1.63,UnderPayment,19.07,https://fns-prod.azureedge.us/sites/default/files/resource-files/snap-fy22-qc-payment-error-rate.pdf
2022-12-31T23:00Z,NC,37,North Carolina,8.16,OverPayment,9.72,https://fns-prod.azureedge.us/sites/default/files/resource-files/snap-fy23-qc-payment-error-rate.pdf
2022-12-31T23:00Z,NC,37,North Carolina,-1.56,UnderPayment,9.72,https://fns-prod.azureedge.us/sites/default/files/resource-files/snap-fy23-qc-payment-error-rate.pdf
2023-12-31T23:00Z,NC,37,North Carolina,8.11,OverPayment,10.21,https://fns-prod.azureedge.us/sites/default/files/resource-files/snap-fy24QC-PER.pdf
2023-12-31T23:00Z,NC,37,North Carolina,-2.1,UnderPayment,10.21,https://fns-prod.azureedge.us/sites/default/files/resource-files/snap-fy24QC-PER.pdf
2002-12-31T23:00Z,ND,38,North Dakota,3.8,OverPayment,4.85,
2002-12-31T23:00Z,ND,38,North Dakota,-1.04,UnderPayment,4.85,
2003-12-31T23:00Z,ND,38,North Dakota,2.68,OverPayment,4.15,
2003-12-31T23:00Z,ND,38,North Dakota,-1.46,UnderPayment,4.15,
2004-12-31T23:00Z,ND,38,North Dakota,2.26,OverPayment,3.59,
2004-12-31T23:00Z,ND,38,North Dakota,-1.33,UnderPayment,3.59,
2005-12-31T23:00Z,ND,38,North Dakota,2.65,OverPayment,3.67,
2005-12-31T23:00Z,ND,38,North Dakota,-1.01,UnderPayment,3.67,
2006-12-31T23:00Z,ND,38,North Dakota,2.36,OverPayment,3.29,
2006-12-31T23:00Z,ND,38,North Dakota,-0.93,UnderPayment,3.29,
2007-12-31T23:00Z,ND,38,North Dakota,4.15,OverPayment,5.68,
2007-12-31T23:00Z,ND,38,North Dakota,-1.53,UnderPayment,5.68,
2008-12-31T23:00Z,ND,38,North Dakota,2.36,OverPayment,3.42,
2008-12-31T23:00Z,ND,38,North Dakota,-1.06,UnderPayment,3.42,
2009-12-31T23:00Z,ND,38,North Dakota,3.23,OverPayment,4.38,
2009-12-31T23:00Z,ND,38,North Dakota,-1.14,UnderPayment,4.38,
2010-12-31T23:00Z,ND,38,North Dakota,3.86,OverPayment,4.34,
2010-12-31T23:00Z,ND,38,North Dakota,-0.48,UnderPayment,4.34,
2011-12-31T23:00Z,ND,38,North Dakota,2.45,OverPayment,2.94,
2011-12-31T23:00Z,ND,38,North Dakota,-0.49,UnderPayment,2.94,
2012-12-31T23:00Z,ND,38,North Dakota,1.47,OverPayment,2.3,
2012-12-31T23:00Z,ND,38,North Dakota,-0.83,UnderPayment,2.3,
2013-12-31T23:00Z,ND,38,North Dakota,1.57,OverPayment,1.73,
2013-12-31T23:00Z,ND,38,North Dakota,-0.16,UnderPayment,1.73,
2014-12-31T23:00Z,ND,38,North Dakota,2.02,OverPayment,2.73,
2014-12-31T23:00Z,ND,38,North Dakota,-0.71,UnderPayment,2.73,
2015-12-31T23:00Z,,,North Dakota,NaN,OverPayment,NaN,
2015-12-31T23:00Z,,,North Dakota,NaN,UnderPayment,NaN,
2016-12-31T23:00Z,ND,38,North Dakota,3.68,OverPayment,4.93,
2016-12-31T23:00Z,ND,38,North Dakota,-1.26,UnderPayment,4.93,
2017-12-31T23:00Z,ND,38,North Dakota,3.33,OverPayment,4.52,
2017-12-31T23:00Z,ND,38,North Dakota,-1.18,UnderPayment,4.52,
2018-12-31T23:00Z,ND,38,North Dakota,3.95,OverPayment,4.92,https://fns-prod.azureedge.us/sites/default/files/resource-files/FY2019SNAPQCPaymentErrorRateChartGeneric.pdf
2018-12-31T23:00Z,ND,38,North Dakota,-0.96,UnderPayment,4.92,https://fns-prod.azureedge.us/sites/default/files/resource-files/FY2019SNAPQCPaymentErrorRateChartGeneric.pdf
2019-12-31T23:00Z,,,North Dakota,NaN,OverPayment,NaN,
2019-12-31T23:00Z,,,North Dakota,NaN,UnderPayment,NaN,
2020-12-31T23:00Z,,,North Dakota,NaN,OverPayment,NaN,
2020-12-31T23:00Z,,,North Dakota,NaN,UnderPayment,NaN,
2021-12-31T23:00Z,ND,38,North Dakota,8.06,OverPayment,9.51,https://fns-prod.azureedge.us/sites/default/files/resource-files/snap-fy22-qc-payment-error-rate.pdf
2021-12-31T23:00Z,ND,38,North Dakota,-1.45,UnderPayment,9.51,https://fns-prod.azureedge.us/sites/default/files/resource-files/snap-fy22-qc-payment-error-rate.pdf
2022-12-31T23:00Z,ND,38,North Dakota,7.83,OverPayment,9.51,https://fns-prod.azureedge.us/sites/default/files/resource-files/snap-fy23-qc-payment-error-rate.pdf
2022-12-31T23:00Z,ND,38,North Dakota,-1.68,UnderPayment,9.51,https://fns-prod.azureedge.us/sites/default/files/resource-files/snap-fy23-qc-payment-error-rate.pdf
2023-12-31T23:00Z,ND,38,North Dakota,5.72,OverPayment,7.91,https://fns-prod.azureedge.us/sites/default/files/resource-files/snap-fy24QC-PER.pdf
2023-12-31T23:00Z,ND,38,North Dakota,-2.19,UnderPayment,7.91,https://fns-prod.azureedge.us/sites/default/files/resource-files/snap-fy24QC-PER.pdf
2002-12-31T23:00Z,OH,39,Ohio,5.09,OverPayment,6.61,
2002-12-31T23:00Z,OH,39,Ohio,-1.52,UnderPayment,6.61,
2003-12-31T23:00Z,OH,39,Ohio,6.98,OverPayment,8.43,
2003-12-31T23:00Z,OH,39,Ohio,-1.46,UnderPayment,8.43,
2004-12-31T23:00Z,OH,39,Ohio,6.96,OverPayment,8.65,
2004-12-31T23:00Z,OH,39,Ohio,-1.69,UnderPayment,8.65,
2005-12-31T23:00Z,OH,39,Ohio,5.62,OverPayment,7.1,
2005-12-31T23:00Z,OH,39,Ohio,-1.48,UnderPayment,7.1,
2006-12-31T23:00Z,OH,39,Ohio,7.26,OverPayment,9.17,
2006-12-31T23:00Z,OH,39,Ohio,-1.91,UnderPayment,9.17,
2007-12-31T23:00Z,OH,39,Ohio,3.75,OverPayment,4.29,
2007-12-31T23:00Z,OH,39,Ohio,-0.53,UnderPayment,4.29,
2008-12-31T23:00Z,OH,39,Ohio,1.45,OverPayment,2.3,
2008-12-31T23:00Z,OH,39,Ohio,-0.85,UnderPayment,2.3,
2009-12-31T23:00Z,OH,39,Ohio,2.62,OverPayment,3.31,
2009-12-31T23:00Z,OH,39,Ohio,-0.69,UnderPayment,3.31,
2010-12-31T23:00Z,OH,39,Ohio,2.81,OverPayment,3.4,
2010-12-31T23:00Z,OH,39,Ohio,-0.59,UnderPayment,3.4,
2011-12-31T23:00Z,OH,39,Ohio,2.24,OverPayment,3.39,
2011-12-31T23:00Z,OH,39,Ohio,-1.15,UnderPayment,3.39,
2012-12-31T23:00Z,OH,39,Ohio,3.03,OverPayment,4.12,
2012-12-31T23:00Z,OH,39,Ohio,-1.09,UnderPayment,4.12,
2013-12-31T23:00Z,OH,39,Ohio,3.85,OverPayment,4.67,
2013-12-31T23:00Z,OH,39,Ohio,-0.82,UnderPayment,4.67,
2015-12-31T23:00Z,,,Ohio,NaN,OverPayment,NaN,
2015-12-31T23:00Z,,,Ohio,NaN,UnderPayment,NaN,
2016-12-31T23:00Z,OH,39,Ohio,4.47,OverPayment,5.51,
2016-12-31T23:00Z,OH,39,Ohio,-1.04,UnderPayment,5.51,
2017-12-31T23:00Z,OH,39,Ohio,6.03,OverPayment,7.46,
2017-12-31T23:00Z,OH,39,Ohio,-1.43,UnderPayment,7.46,
2018-12-31T23:00Z,OH,39,Ohio,6.56,OverPayment,8.04,https://fns-prod.azureedge.us/sites/default/files/resource-files/FY2019SNAPQCPaymentErrorRateChartGeneric.pdf
2018-12-31T23:00Z,OH,39,Ohio,-1.48,UnderPayment,8.04,https://fns-prod.azureedge.us/sites/default/files/resource-files/FY2019SNAPQCPaymentErrorRateChartGeneric.pdf
2019-12-31T23:00Z,,,Ohio,NaN,OverPayment,NaN,
2019-12-31T23:00Z,,,Ohio,NaN,UnderPayment,NaN,
2020-12-31T23:00Z,,,Ohio,NaN,OverPayment,NaN,
2020-12-31T23:00Z,,,Ohio,NaN,UnderPayment,NaN,
2021-12-31T23:00Z,OH,39,Ohio,6.14,OverPayment,7.1,https://fns-prod.azureedge.us/sites/default/files/resource-files/snap-fy22-qc-payment-error-rate.pdf
2021-12-31T23:00Z,OH,39,Ohio,-0.96,UnderPayment,7.1,https://fns-prod.azureedge.us/sites/default/files/resource-files/snap-fy22-qc-payment-error-rate.pdf
2022-12-31T23:00Z,OH,39,Ohio,5.42,OverPayment,7.01,https://fns-prod.azureedge.us/sites/default/files/resource-files/snap-fy23-qc-payment-error-rate.pdf
2022-12-31T23:00Z,OH,39,Ohio,-1.6,UnderPayment,7.01,https://fns-prod.azureedge.us/sites/default/files/resource-files/snap-fy23-qc-payment-error-rate.pdf
2023-12-31T23:00Z,OH,39,Ohio,7.67,OverPayment,9.01,https://fns-prod.azureedge.us/sites/default/files/resource-files/snap-fy24QC-PER.pdf
2023-12-31T23:00Z,OH,39,Ohio,-1.34,UnderPayment,9.01,https://fns-prod.azureedge.us/sites/default/files/resource-files/snap-fy24QC-PER.pdf
2002-12-31T23:00Z,OK,40,Oklahoma,7.83,OverPayment,8.98,
2002-12-31T23:00Z,OK,40,Oklahoma,-1.15,UnderPayment,8.98,
2003-12-31T23:00Z,OK,40,Oklahoma,4.97,OverPayment,5.9,
2003-12-31T23:00Z,OK,40,Oklahoma,-0.93,UnderPayment,5.9,
2004-12-31T23:00Z,OK,40,Oklahoma,6.62,OverPayment,7.42,
2004-12-31T23:00Z,OK,40,Oklahoma,-0.81,UnderPayment,7.42,
2005-12-31T23:00Z,OK,40,Oklahoma,5.9,OverPayment,7.17,
2005-12-31T23:00Z,OK,40,Oklahoma,-1.26,UnderPayment,7.17,
2006-12-31T23:00Z,OK,40,Oklahoma,4.81,OverPayment,6.11,
2006-12-31T23:00Z,OK,40,Oklahoma,-1.3,UnderPayment,6.11,
2007-12-31T23:00Z,OK,40,Oklahoma,4.7,OverPayment,5.72,
2007-12-31T23:00Z,OK,40,Oklahoma,-1.02,UnderPayment,5.72,
2008-12-31T23:00Z,OK,40,Oklahoma,3.12,OverPayment,3.78,
2008-12-31T23:00Z,OK,40,Oklahoma,-0.66,UnderPayment,3.78,
2009-12-31T23:00Z,OK,40,Oklahoma,3.38,OverPayment,4.22,
2009-12-31T23:00Z,OK,40,Oklahoma,-0.84,UnderPayment,4.22,
2010-12-31T23:00Z,OK,40,Oklahoma,3.1,OverPayment,3.94,
2010-12-31T23:00Z,OK,40,Oklahoma,-0.83,UnderPayment,3.94,
2011-12-31T23:00Z,OK,40,Oklahoma,3.97,OverPayment,4.94,
2011-12-31T23:00Z,OK,40,Oklahoma,-0.97,UnderPayment,4.94,
2012-12-31T23:00Z,OK,40,Oklahoma,3.11,OverPayment,3.99,
2012-12-31T23:00Z,OK,40,Oklahoma,-0.88,UnderPayment,3.99,
2013-12-31T23:00Z,OK,40,Oklahoma,4.66,OverPayment,5.58,
2013-12-31T23:00Z,OK,40,Oklahoma,-0.92,UnderPayment,5.58,
2015-12-31T23:00Z,,,Oklahoma,NaN,OverPayment,NaN,
2015-12-31T23:00Z,,,Oklahoma,NaN,UnderPayment,NaN,
2016-12-31T23:00Z,OK,40,Oklahoma,4.5,OverPayment,5.53,
2016-12-31T23:00Z,OK,40,Oklahoma,-1.03,UnderPayment,5.53,
2017-12-31T23:00Z,OK,40,Oklahoma,5.86,OverPayment,6.98,
2017-12-31T23:00Z,OK,40,Oklahoma,-1.12,UnderPayment,6.98,
2018-12-31T23:00Z,OK,40,Oklahoma,7.03,OverPayment,8.09,https://fns-prod.azureedge.us/sites/default/files/resource-files/FY2019SNAPQCPaymentErrorRateChartGeneric.pdf
2018-12-31T23:00Z,OK,40,Oklahoma,-1.06,UnderPayment,8.09,https://fns-prod.azureedge.us/sites/default/files/resource-files/FY2019SNAPQCPaymentErrorRateChartGeneric.pdf
2019-12-31T23:00Z,,,Oklahoma,NaN,OverPayment,NaN,
2019-12-31T23:00Z,,,Oklahoma,NaN,UnderPayment,NaN,
2020-12-31T23:00Z,,,Oklahoma,NaN,OverPayment,NaN,
2020-12-31T23:00Z,,,Oklahoma,NaN,UnderPayment,NaN,
2021-12-31T23:00Z,OK,40,Oklahoma,7.67,OverPayment,8.89,https://fns-prod.azureedge.us/sites/default/files/resource-files/snap-fy22-qc-payment-error-rate.pdf
2021-12-31T23:00Z,OK,40,Oklahoma,-1.22,UnderPayment,8.89,https://fns-prod.azureedge.us/sites/default/files/resource-files/snap-fy22-qc-payment-error-rate.pdf
2022-12-31T23:00Z,OK,40,Oklahoma,9.61,OverPayment,10.64,https://fns-prod.azureedge.us/sites/default/files/resource-files/snap-fy23-qc-payment-error-rate.pdf
2022-12-31T23:00Z,OK,40,Oklahoma,-1.03,UnderPayment,10.64,https://fns-prod.azureedge.us/sites/default/files/resource-files/snap-fy23-qc-payment-error-rate.pdf
2023-12-31T23:00Z,OK,40,Oklahoma,9.63,OverPayment,10.87,https://fns-prod.azureedge.us/sites/default/files/resource-files/snap-fy24QC-PER.pdf
2023-12-31T23:00Z,OK,40,Oklahoma,-1.25,UnderPayment,10.87,https://fns-prod.azureedge.us/sites/default/files/resource-files/snap-fy24QC-PER.pdf
2002-12-31T23:00Z,OR,41,Oregon,10.7,OverPayment,13,
2002-12-31T23:00Z,OR,41,Oregon,-2.3,UnderPayment,13,
2003-12-31T23:00Z,OR,41,Oregon,6.04,OverPayment,7.86,
2003-12-31T23:00Z,OR,41,Oregon,-1.83,UnderPayment,7.86,
2004-12-31T23:00Z,OR,41,Oregon,4.73,OverPayment,5.71,
2004-12-31T23:00Z,OR,41,Oregon,-0.97,UnderPayment,5.71,
2005-12-31T23:00Z,OR,41,Oregon,4.51,OverPayment,5.28,
2005-12-31T23:00Z,OR,41,Oregon,-0.77,UnderPayment,5.28,
2006-12-31T23:00Z,OR,41,Oregon,3.94,OverPayment,5.41,
2006-12-31T23:00Z,OR,41,Oregon,-1.47,UnderPayment,5.41,
2007-12-31T23:00Z,OR,41,Oregon,4.87,OverPayment,5.3,
2007-12-31T23:00Z,OR,41,Oregon,-0.43,UnderPayment,5.3,
2008-12-31T23:00Z,OR,41,Oregon,3.06,OverPayment,3.54,
2008-12-31T23:00Z,OR,41,Oregon,-0.48,UnderPayment,3.54,
2009-12-31T23:00Z,OR,41,Oregon,4.52,OverPayment,4.88,
2009-12-31T23:00Z,OR,41,Oregon,-0.36,UnderPayment,4.88,
2010-12-31T23:00Z,OR,41,Oregon,3.8,OverPayment,3.99,
2010-12-31T23:00Z,OR,41,Oregon,-0.19,UnderPayment,3.99,
2011-12-31T23:00Z,OR,41,Oregon,4.32,OverPayment,4.66,
2011-12-31T23:00Z,OR,41,Oregon,-0.34,UnderPayment,4.66,
2012-12-31T23:00Z,OR,41,Oregon,3.91,OverPayment,4.17,
2012-12-31T23:00Z,OR,41,Oregon,-0.26,UnderPayment,4.17,
2013-12-31T23:00Z,OR,41,Oregon,4.76,OverPayment,5.11,
2013-12-31T23:00Z,OR,41,Oregon,-0.35,UnderPayment,5.11,
2015-12-31T23:00Z,,,Oregon,NaN,OverPayment,NaN,
2015-12-31T23:00Z,,,Oregon,NaN,UnderPayment,NaN,
2016-12-31T23:00Z,OR,41,Oregon,5.69,OverPayment,6.15,
2016-12-31T23:00Z,OR,41,Oregon,-0.47,UnderPayment,6.15,
2017-12-31T23:00Z,OR,41,Oregon,8.15,OverPayment,8.86,
2017-12-31T23:00Z,OR,41,Oregon,-0.71,UnderPayment,8.86,
2018-12-31T23:00Z,OR,41,Oregon,8.93,OverPayment,9.74,https://fns-prod.azureedge.us/sites/default/files/resource-files/FY2019SNAPQCPaymentErrorRateChartGeneric.pdf
2018-12-31T23:00Z,OR,41,Oregon,-0.81,UnderPayment,9.74,https://fns-prod.azureedge.us/sites/default/files/resource-files/FY2019SNAPQCPaymentErrorRateChartGeneric.pdf
2019-12-31T23:00Z,,,Oregon,NaN,OverPayment,NaN,
2019-12-31T23:00Z,,,Oregon,NaN,UnderPayment,NaN,
2020-12-31T23:00Z,,,Oregon,NaN,OverPayment,NaN,
2020-12-31T23:00Z,,,Oregon,NaN,UnderPayment,NaN,
2021-12-31T23:00Z,OR,41,Oregon,21.76,OverPayment,22.99,https://fns-prod.azureedge.us/sites/default/files/resource-files/snap-fy22-qc-payment-error-rate.pdf
2021-12-31T23:00Z,OR,41,Oregon,-1.23,UnderPayment,22.99,https://fns-prod.azureedge.us/sites/default/files/resource-files/snap-fy22-qc-payment-error-rate.pdf
2022-12-31T23:00Z,OR,41,Oregon,15.27,OverPayment,16.76,https://fns-prod.azureedge.us/sites/default/files/resource-files/snap-fy23-qc-payment-error-rate.pdf
2022-12-31T23:00Z,OR,41,Oregon,-1.49,UnderPayment,16.76,https://fns-prod.azureedge.us/sites/default/files/resource-files/snap-fy23-qc-payment-error-rate.pdf
2023-12-31T23:00Z,OR,41,Oregon,12.66,OverPayment,14.06,https://fns-prod.azureedge.us/sites/default/files/resource-files/snap-fy24QC-PER.pdf
2023-12-31T23:00Z,OR,41,Oregon,-1.4,UnderPayment,14.06,https://fns-prod.azureedge.us/sites/default/files/resource-files/snap-fy24QC-PER.pdf
2002-12-31T23:00Z,PA,42,Pennsylvania,6.24,OverPayment,8.21,
2002-12-31T23:00Z,PA,42,Pennsylvania,-1.97,UnderPayment,8.21,
2003-12-31T23:00Z,PA,42,Pennsylvania,2.86,OverPayment,4,
2003-12-31T23:00Z,PA,42,Pennsylvania,-1.14,UnderPayment,4,
2004-12-31T23:00Z,PA,42,Pennsylvania,3.64,OverPayment,4.51,
2004-12-31T23:00Z,PA,42,Pennsylvania,-0.87,UnderPayment,4.51,
2005-12-31T23:00Z,PA,42,Pennsylvania,3.13,OverPayment,3.64,
2005-12-31T23:00Z,PA,42,Pennsylvania,-0.51,UnderPayment,3.64,
2006-12-31T23:00Z,PA,42,Pennsylvania,2.45,OverPayment,2.71,
2006-12-31T23:00Z,PA,42,Pennsylvania,-0.26,UnderPayment,2.71,
2007-12-31T23:00Z,PA,42,Pennsylvania,3.03,OverPayment,3.37,
2007-12-31T23:00Z,PA,42,Pennsylvania,-0.34,UnderPayment,3.37,
2008-12-31T23:00Z,PA,42,Pennsylvania,4.08,OverPayment,4.43,
2008-12-31T23:00Z,PA,42,Pennsylvania,-0.35,UnderPayment,4.43,
2009-12-31T23:00Z,PA,42,Pennsylvania,2.96,OverPayment,3.93,
2009-12-31T23:00Z,PA,42,Pennsylvania,-0.97,UnderPayment,3.93,
2010-12-31T23:00Z,PA,42,Pennsylvania,2.74,OverPayment,3.3,
2010-12-31T23:00Z,PA,42,Pennsylvania,-0.56,UnderPayment,3.3,
2011-12-31T23:00Z,PA,42,Pennsylvania,2.49,OverPayment,3.08,
2011-12-31T23:00Z,PA,42,Pennsylvania,-0.59,UnderPayment,3.08,
2012-12-31T23:00Z,PA,42,Pennsylvania,2.73,OverPayment,3.56,
2012-12-31T23:00Z,PA,42,Pennsylvania,-0.84,UnderPayment,3.56,
2013-12-31T23:00Z,PA,42,Pennsylvania,3.34,OverPayment,4.27,
2013-12-31T23:00Z,PA,42,Pennsylvania,-0.93,UnderPayment,4.27,
2015-12-31T23:00Z,,,Pennsylvania,NaN,OverPayment,NaN,
2015-12-31T23:00Z,,,Pennsylvania,NaN,UnderPayment,NaN,
2016-12-31T23:00Z,PA,42,Pennsylvania,4.64,OverPayment,5.08,
2016-12-31T23:00Z,PA,42,Pennsylvania,-0.44,UnderPayment,5.08,
2017-12-31T23:00Z,PA,42,Pennsylvania,5.26,OverPayment,6.51,
2017-12-31T23:00Z,PA,42,Pennsylvania,-1.24,UnderPayment,6.51,
2018-12-31T23:00Z,PA,42,Pennsylvania,5.83,OverPayment,7.01,https://fns-prod.azureedge.us/sites/default/files/resource-files/FY2019SNAPQCPaymentErrorRateChartGeneric.pdf
2018-12-31T23:00Z,PA,42,Pennsylvania,-1.17,UnderPayment,7.01,https://fns-prod.azureedge.us/sites/default/files/resource-files/FY2019SNAPQCPaymentErrorRateChartGeneric.pdf
2019-12-31T23:00Z,,,Pennsylvania,NaN,OverPayment,NaN,
2019-12-31T23:00Z,,,Pennsylvania,NaN,UnderPayment,NaN,
2020-12-31T23:00Z,,,Pennsylvania,NaN,OverPayment,NaN,
2020-12-31T23:00Z,,,Pennsylvania,NaN,UnderPayment,NaN,
2021-12-31T23:00Z,PA,42,Pennsylvania,12.54,OverPayment,14.44,https://fns-prod.azureedge.us/sites/default/files/resource-files/snap-fy22-qc-payment-error-rate.pdf
2021-12-31T23:00Z,PA,42,Pennsylvania,-1.91,UnderPayment,14.44,https://fns-prod.azureedge.us/sites/default/files/resource-files/snap-fy22-qc-payment-error-rate.pdf
2022-12-31T23:00Z,PA,42,Pennsylvania,15.03,OverPayment,16.61,https://fns-prod.azureedge.us/sites/default/files/resource-files/snap-fy23-qc-payment-error-rate.pdf
2022-12-31T23:00Z,PA,42,Pennsylvania,-1.58,UnderPayment,16.61,https://fns-prod.azureedge.us/sites/default/files/resource-files/snap-fy23-qc-payment-error-rate.pdf
2023-12-31T23:00Z,PA,42,Pennsylvania,9.49,OverPayment,10.76,https://fns-prod.azureedge.us/sites/default/files/resource-files/snap-fy24QC-PER.pdf
2023-12-31T23:00Z,PA,42,Pennsylvania,-1.27,UnderPayment,10.76,https://fns-prod.azureedge.us/sites/default/files/resource-files/snap-fy24QC-PER.pdf
2002-12-31T23:00Z,RI,44,Rhode Island,7.04,OverPayment,8.94,
2002-12-31T23:00Z,RI,44,Rhode Island,-1.9,UnderPayment,8.94,
2003-12-31T23:00Z,RI,44,Rhode Island,10.45,OverPayment,13.3,
2003-12-31T23:00Z,RI,44,Rhode Island,-2.85,UnderPayment,13.3,
2004-12-31T23:00Z,RI,44,Rhode Island,7.12,OverPayment,9.84,
2004-12-31T23:00Z,RI,44,Rhode Island,-2.71,UnderPayment,9.84,
2005-12-31T23:00Z,RI,44,Rhode Island,2.91,OverPayment,4.02,
2005-12-31T23:00Z,RI,44,Rhode Island,-1.1,UnderPayment,4.02,
2006-12-31T23:00Z,RI,44,Rhode Island,4,OverPayment,5.35,
2006-12-31T23:00Z,RI,44,Rhode Island,-1.34,UnderPayment,5.35,
2007-12-31T23:00Z,RI,44,Rhode Island,3.12,OverPayment,3.97,
2007-12-31T23:00Z,RI,44,Rhode Island,-0.86,UnderPayment,3.97,
2008-12-31T23:00Z,RI,44,Rhode Island,3.08,OverPayment,3.67,
2008-12-31T23:00Z,RI,44,Rhode Island,-0.6,UnderPayment,3.67,
2009-12-31T23:00Z,RI,44,Rhode Island,4.76,OverPayment,5.98,
2009-12-31T23:00Z,RI,44,Rhode Island,-1.22,UnderPayment,5.98,
2010-12-31T23:00Z,RI,44,Rhode Island,6.34,OverPayment,7.89,
2010-12-31T23:00Z,RI,44,Rhode Island,-1.55,UnderPayment,7.89,
2011-12-31T23:00Z,RI,44,Rhode Island,6.5,OverPayment,7.36,
2011-12-31T23:00Z,RI,44,Rhode Island,-0.86,UnderPayment,7.36,
2012-12-31T23:00Z,RI,44,Rhode Island,7.19,OverPayment,8.25,
2012-12-31T23:00Z,RI,44,Rhode Island,-1.07,UnderPayment,8.25,
2013-12-31T23:00Z,RI,44,Rhode Island,5.17,OverPayment,5.97,
2013-12-31T23:00Z,RI,44,Rhode Island,-0.8,UnderPayment,5.97,
2015-12-31T23:00Z,,,Rhode Island,NaN,OverPayment,NaN,
2015-12-31T23:00Z,,,Rhode Island,NaN,UnderPayment,NaN,
2016-12-31T23:00Z,RI,44,Rhode Island,10.07,OverPayment,11.24,
2016-12-31T23:00Z,RI,44,Rhode Island,-1.17,UnderPayment,11.24,
2017-12-31T23:00Z,RI,44,Rhode Island,12.31,OverPayment,13.81,
2017-12-31T23:00Z,RI,44,Rhode Island,-1.5,UnderPayment,13.81,
2018-12-31T23:00Z,RI,44,Rhode Island,21.57,OverPayment,22.66,https://fns-prod.azureedge.us/sites/default/files/resource-files/FY2019SNAPQCPaymentErrorRateChartGeneric.pdf
2018-12-31T23:00Z,RI,44,Rhode Island,-1.09,UnderPayment,22.66,https://fns-prod.azureedge.us/sites/default/files/resource-files/FY2019SNAPQCPaymentErrorRateChartGeneric.pdf
2019-12-31T23:00Z,,,Rhode Island,NaN,OverPayment,NaN,
2019-12-31T23:00Z,,,Rhode Island,NaN,UnderPayment,NaN,
2020-12-31T23:00Z,,,Rhode Island,NaN,OverPayment,NaN,
2020-12-31T23:00Z,,,Rhode Island,NaN,UnderPayment,NaN,
2021-12-31T23:00Z,RI,44,Rhode Island,12.18,OverPayment,14.59,https://fns-prod.azureedge.us/sites/default/files/resource-files/snap-fy22-qc-payment-error-rate.pdf
2021-12-31T23:00Z,RI,44,Rhode Island,-2.41,UnderPayment,14.59,https://fns-prod.azureedge.us/sites/default/files/resource-files/snap-fy22-qc-payment-error-rate.pdf
2022-12-31T23:00Z,RI,44,Rhode Island,9.75,OverPayment,12.4,https://fns-prod.azureedge.us/sites/default/files/resource-files/snap-fy23-qc-payment-error-rate.pdf
2022-12-31T23:00Z,RI,44,Rhode Island,-2.65,UnderPayment,12.4,https://fns-prod.azureedge.us/sites/default/files/resource-files/snap-fy23-qc-payment-error-rate.pdf
2023-12-31T23:00Z,RI,44,Rhode Island,10.61,OverPayment,12.29,https://fns-prod.azureedge.us/sites/default/files/resource-files/snap-fy24QC-PER.pdf
2023-12-31T23:00Z,RI,44,Rhode Island,-1.68,UnderPayment,12.29,https://fns-prod.azureedge.us/sites/default/files/resource-files/snap-fy24QC-PER.pdf
2002-12-31T23:00Z,SC,45,South Carolina,4.22,OverPayment,4.94,
2002-12-31T23:00Z,SC,45,South Carolina,-0.71,UnderPayment,4.94,
2003-12-31T23:00Z,SC,45,South Carolina,5.53,OverPayment,6.25,
2003-12-31T23:00Z,SC,45,South Carolina,-0.73,UnderPayment,6.25,
2004-12-31T23:00Z,SC,45,South Carolina,4.73,OverPayment,5.44,
2004-12-31T23:00Z,SC,45,South Carolina,-0.71,UnderPayment,5.44,
2005-12-31T23:00Z,SC,45,South Carolina,5.33,OverPayment,6.21,
2005-12-31T23:00Z,SC,45,South Carolina,-0.88,UnderPayment,6.21,
2006-12-31T23:00Z,SC,45,South Carolina,4.15,OverPayment,5.41,
2006-12-31T23:00Z,SC,45,South Carolina,-1.26,UnderPayment,5.41,
2007-12-31T23:00Z,SC,45,South Carolina,5.48,OverPayment,6.27,
2007-12-31T23:00Z,SC,45,South Carolina,-0.79,UnderPayment,6.27,
2008-12-31T23:00Z,SC,45,South Carolina,3.96,OverPayment,4.56,
2008-12-31T23:00Z,SC,45,South Carolina,-0.6,UnderPayment,4.56,
2009-12-31T23:00Z,SC,45,South Carolina,4.25,OverPayment,5.14,
2009-12-31T23:00Z,SC,45,South Carolina,-0.89,UnderPayment,5.14,
2010-12-31T23:00Z,SC,45,South Carolina,2.95,OverPayment,3.14,
2010-12-31T23:00Z,SC,45,South Carolina,-0.19,UnderPayment,3.14,
2011-12-31T23:00Z,SC,45,South Carolina,1.43,OverPayment,1.59,
2011-12-31T23:00Z,SC,45,South Carolina,-0.16,UnderPayment,1.59,
2012-12-31T23:00Z,SC,45,South Carolina,1.56,OverPayment,1.75,
2012-12-31T23:00Z,SC,45,South Carolina,-0.19,UnderPayment,1.75,
2013-12-31T23:00Z,SC,45,South Carolina,0.99,OverPayment,1.09,
2013-12-31T23:00Z,SC,45,South Carolina,-0.1,UnderPayment,1.09,
2015-12-31T23:00Z,,,South Carolina,NaN,OverPayment,NaN,
2015-12-31T23:00Z,,,South Carolina,NaN,UnderPayment,NaN,
2016-12-31T23:00Z,SC,45,South Carolina,3.05,OverPayment,4.21,
2016-12-31T23:00Z,SC,45,South Carolina,-1.16,UnderPayment,4.21,
2017-12-31T23:00Z,SC,45,South Carolina,4.7,OverPayment,5.27,
2017-12-31T23:00Z,SC,45,South Carolina,-0.57,UnderPayment,5.27,
2018-12-31T23:00Z,SC,45,South Carolina,4.11,OverPayment,5.09,https://fns-prod.azureedge.us/sites/default/files/resource-files/FY2019SNAPQCPaymentErrorRateChartGeneric.pdf
2018-12-31T23:00Z,SC,45,South Carolina,-0.98,UnderPayment,5.09,https://fns-prod.azureedge.us/sites/default/files/resource-files/FY2019SNAPQCPaymentErrorRateChartGeneric.pdf
2019-12-31T23:00Z,,,South Carolina,NaN,OverPayment,NaN,
2019-12-31T23:00Z,,,South Carolina,NaN,UnderPayment,NaN,
2020-12-31T23:00Z,,,South Carolina,NaN,OverPayment,NaN,
2020-12-31T23:00Z,,,South Carolina,NaN,UnderPayment,NaN,
2021-12-31T23:00Z,SC,45,South Carolina,7.49,OverPayment,9.19,https://fns-prod.azureedge.us/sites/default/files/resource-files/snap-fy22-qc-payment-error-rate.pdf
2021-12-31T23:00Z,SC,45,South Carolina,-1.7,UnderPayment,9.19,https://fns-prod.azureedge.us/sites/default/files/resource-files/snap-fy22-qc-payment-error-rate.pdf
2022-12-31T23:00Z,SC,45,South Carolina,20.94,OverPayment,22.57,https://fns-prod.azureedge.us/sites/default/files/resource-files/snap-fy23-qc-payment-error-rate.pdf
2022-12-31T23:00Z,SC,45,South Carolina,-1.63,UnderPayment,22.57,https://fns-prod.azureedge.us/sites/default/files/resource-files/snap-fy23-qc-payment-error-rate.pdf
2023-12-31T23:00Z,SC,45,South Carolina,7.89,OverPayment,9.25,https://fns-prod.azureedge.us/sites/default/files/resource-files/snap-fy24QC-PER.pdf
2023-12-31T23:00Z,SC,45,South Carolina,-1.36,UnderPayment,9.25,https://fns-prod.azureedge.us/sites/default/files/resource-files/snap-fy24QC-PER.pdf
2002-12-31T23:00Z,SD,46,South Dakota,0.9,OverPayment,1.16,
2002-12-31T23:00Z,SD,46,South Dakota,-0.25,UnderPayment,1.16,
2003-12-31T23:00Z,SD,46,South Dakota,1.69,OverPayment,1.97,
2003-12-31T23:00Z,SD,46,South Dakota,-0.28,UnderPayment,1.97,
2004-12-31T23:00Z,SD,46,South Dakota,1.01,OverPayment,1.19,
2004-12-31T23:00Z,SD,46,South Dakota,-0.18,UnderPayment,1.19,
2005-12-31T23:00Z,SD,46,South Dakota,1.51,OverPayment,1.83,
2005-12-31T23:00Z,SD,46,South Dakota,-0.32,UnderPayment,1.83,
2006-12-31T23:00Z,SD,46,South Dakota,1.02,OverPayment,1.28,
2006-12-31T23:00Z,SD,46,South Dakota,-0.26,UnderPayment,1.28,
2007-12-31T23:00Z,SD,46,South Dakota,0.74,OverPayment,1,
2007-12-31T23:00Z,SD,46,South Dakota,-0.25,UnderPayment,1,
2008-12-31T23:00Z,SD,46,South Dakota,0.69,OverPayment,0.94,
2008-12-31T23:00Z,SD,46,South Dakota,-0.25,UnderPayment,0.94,
2009-12-31T23:00Z,SD,46,South Dakota,0.94,OverPayment,1.31,
2009-12-31T23:00Z,SD,46,South Dakota,-0.37,UnderPayment,1.31,
2010-12-31T23:00Z,SD,46,South Dakota,1.29,OverPayment,1.59,
2010-12-31T23:00Z,SD,46,South Dakota,-0.3,UnderPayment,1.59,
2011-12-31T23:00Z,SD,46,South Dakota,1.28,OverPayment,1.37,
2011-12-31T23:00Z,SD,46,South Dakota,-0.09,UnderPayment,1.37,
2012-12-31T23:00Z,SD,46,South Dakota,0.71,OverPayment,0.99,
2012-12-31T23:00Z,SD,46,South Dakota,-0.28,UnderPayment,0.99,
2013-12-31T23:00Z,SD,46,South Dakota,1.13,OverPayment,1.26,
2013-12-31T23:00Z,SD,46,South Dakota,-0.13,UnderPayment,1.26,
2014-12-31T23:00Z,SD,46,South Dakota,0.61,OverPayment,0.75,
2014-12-31T23:00Z,SD,46,South Dakota,-0.14,UnderPayment,0.75,
2015-12-31T23:00Z,,,South Dakota,NaN,OverPayment,NaN,
2015-12-31T23:00Z,,,South Dakota,NaN,UnderPayment,NaN,
2016-12-31T23:00Z,SD,46,South Dakota,0.85,OverPayment,1.21,
2016-12-31T23:00Z,SD,46,South Dakota,-0.36,UnderPayment,1.21,
2017-12-31T23:00Z,SD,46,South Dakota,0.9,OverPayment,1.04,
2017-12-31T23:00Z,SD,46,South Dakota,-0.13,UnderPayment,1.04,
2018-12-31T23:00Z,SD,46,South Dakota,1.91,OverPayment,2.41,https://fns-prod.azureedge.us/sites/default/files/resource-files/FY2019SNAPQCPaymentErrorRateChartGeneric.pdf
2018-12-31T23:00Z,SD,46,South Dakota,-0.5,UnderPayment,2.41,https://fns-prod.azureedge.us/sites/default/files/resource-files/FY2019SNAPQCPaymentErrorRateChartGeneric.pdf
2019-12-31T23:00Z,,,South Dakota,NaN,OverPayment,NaN,
2019-12-31T23:00Z,,,South Dakota,NaN,UnderPayment,NaN,
2020-12-31T23:00Z,,,South Dakota,NaN,OverPayment,NaN,
2020-12-31T23:00Z,,,South Dakota,NaN,UnderPayment,NaN,
2021-12-31T23:00Z,SD,46,South Dakota,2.68,OverPayment,3.07,https://fns-prod.azureedge.us/sites/default/files/resource-files/snap-fy22-qc-payment-error-rate.pdf
2021-12-31T23:00Z,SD,46,South Dakota,-0.39,UnderPayment,3.07,https://fns-prod.azureedge.us/sites/default/files/resource-files/snap-fy22-qc-payment-error-rate.pdf
2022-12-31T23:00Z,SD,46,South Dakota,2.87,OverPayment,3.27,https://fns-prod.azureedge.us/sites/default/files/resource-files/snap-fy23-qc-payment-error-rate.pdf
2022-12-31T23:00Z,SD,46,South Dakota,-0.4,UnderPayment,3.27,https://fns-prod.azureedge.us/sites/default/files/resource-files/snap-fy23-qc-payment-error-rate.pdf
2023-12-31T23:00Z,SD,46,South Dakota,2.43,OverPayment,3.28,https://fns-prod.azureedge.us/sites/default/files/resource-files/snap-fy24QC-PER.pdf
2023-12-31T23:00Z,SD,46,South Dakota,-0.85,UnderPayment,3.28,https://fns-prod.azureedge.us/sites/default/files/resource-files/snap-fy24QC-PER.pdf
2002-12-31T23:00Z,TN,47,Tennessee,6.13,OverPayment,7.2,
2002-12-31T23:00Z,TN,47,Tennessee,-1.07,UnderPayment,7.2,
2003-12-31T23:00Z,TN,47,Tennessee,4.98,OverPayment,6.69,
2003-12-31T23:00Z,TN,47,Tennessee,-1.71,UnderPayment,6.69,
2004-12-31T23:00Z,TN,47,Tennessee,5.28,OverPayment,6.01,
2004-12-31T23:00Z,TN,47,Tennessee,-0.73,UnderPayment,6.01,
2005-12-31T23:00Z,TN,47,Tennessee,5.13,OverPayment,5.57,
2005-12-31T23:00Z,TN,47,Tennessee,-0.44,UnderPayment,5.57,
2006-12-31T23:00Z,TN,47,Tennessee,4.37,OverPayment,5.13,
2006-12-31T23:00Z,TN,47,Tennessee,-0.76,UnderPayment,5.13,
2007-12-31T23:00Z,TN,47,Tennessee,4.47,OverPayment,4.89,
2007-12-31T23:00Z,TN,47,Tennessee,-0.41,UnderPayment,4.89,
2008-12-31T23:00Z,TN,47,Tennessee,3.03,OverPayment,3.28,
2008-12-31T23:00Z,TN,47,Tennessee,-0.25,UnderPayment,3.28,
2009-12-31T23:00Z,TN,47,Tennessee,3.96,OverPayment,4.39,
2009-12-31T23:00Z,TN,47,Tennessee,-0.43,UnderPayment,4.39,
2010-12-31T23:00Z,TN,47,Tennessee,4.87,OverPayment,5.46,
2010-12-31T23:00Z,TN,47,Tennessee,-0.58,UnderPayment,5.46,
2011-12-31T23:00Z,TN,47,Tennessee,2.72,OverPayment,3.25,
2011-12-31T23:00Z,TN,47,Tennessee,-0.53,UnderPayment,3.25,
2012-12-31T23:00Z,TN,47,Tennessee,1.22,OverPayment,1.32,
2012-12-31T23:00Z,TN,47,Tennessee,-0.1,UnderPayment,1.32,
2013-12-31T23:00Z,TN,47,Tennessee,1,OverPayment,1.08,
2013-12-31T23:00Z,TN,47,Tennessee,-0.08,UnderPayment,1.08,
2015-12-31T23:00Z,,,Tennessee,NaN,OverPayment,NaN,
2015-12-31T23:00Z,,,Tennessee,NaN,UnderPayment,NaN,
2016-12-31T23:00Z,TN,47,Tennessee,3.96,OverPayment,4.48,
2016-12-31T23:00Z,TN,47,Tennessee,-0.52,UnderPayment,4.48,
2017-12-31T23:00Z,TN,47,Tennessee,3.58,OverPayment,4.19,
2017-12-31T23:00Z,TN,47,Tennessee,-0.61,UnderPayment,4.19,
2018-12-31T23:00Z,TN,47,Tennessee,5.88,OverPayment,6.72,https://fns-prod.azureedge.us/sites/default/files/resource-files/FY2019SNAPQCPaymentErrorRateChartGeneric.pdf
2018-12-31T23:00Z,TN,47,Tennessee,-0.84,UnderPayment,6.72,https://fns-prod.azureedge.us/sites/default/files/resource-files/FY2019SNAPQCPaymentErrorRateChartGeneric.pdf
2019-12-31T23:00Z,,,Tennessee,NaN,OverPayment,NaN,
2019-12-31T23:00Z,,,Tennessee,NaN,UnderPayment,NaN,
2020-12-31T23:00Z,,,Tennessee,NaN,OverPayment,NaN,
2020-12-31T23:00Z,,,Tennessee,NaN,UnderPayment,NaN,
2021-12-31T23:00Z,TN,47,Tennessee,19.04,OverPayment,19.79,https://fns-prod.azureedge.us/sites/default/files/resource-files/snap-fy22-qc-payment-error-rate.pdf
2021-12-31T23:00Z,TN,47,Tennessee,-0.75,UnderPayment,19.79,https://fns-prod.azureedge.us/sites/default/files/resource-files/snap-fy22-qc-payment-error-rate.pdf
2022-12-31T23:00Z,TN,47,Tennessee,11.54,OverPayment,12.56,https://fns-prod.azureedge.us/sites/default/files/resource-files/snap-fy23-qc-payment-error-rate.pdf
2022-12-31T23:00Z,TN,47,Tennessee,-1.02,UnderPayment,12.56,https://fns-prod.azureedge.us/sites/default/files/resource-files/snap-fy23-qc-payment-error-rate.pdf
2023-12-31T23:00Z,TN,47,Tennessee,8.43,OverPayment,9.47,https://fns-prod.azureedge.us/sites/default/files/resource-files/snap-fy24QC-PER.pdf
2023-12-31T23:00Z,TN,47,Tennessee,-1.04,UnderPayment,9.47,https://fns-prod.azureedge.us/sites/default/files/resource-files/snap-fy24QC-PER.pdf
2002-12-31T23:00Z,TX,48,Texas,2.23,OverPayment,3.29,
2002-12-31T23:00Z,TX,48,Texas,-1.06,UnderPayment,3.29,
2003-12-31T23:00Z,TX,48,Texas,2.85,OverPayment,4.12,
2003-12-31T23:00Z,TX,48,Texas,-1.27,UnderPayment,4.12,
2004-12-31T23:00Z,TX,48,Texas,3.58,OverPayment,5.03,
2004-12-31T23:00Z,TX,48,Texas,-1.46,UnderPayment,5.03,
2005-12-31T23:00Z,TX,48,Texas,5.11,OverPayment,6.46,
2005-12-31T23:00Z,TX,48,Texas,-1.35,UnderPayment,6.46,
2006-12-31T23:00Z,TX,48,Texas,5.39,OverPayment,6.38,
2006-12-31T23:00Z,TX,48,Texas,-0.99,UnderPayment,6.38,
2007-12-31T23:00Z,TX,48,Texas,5.38,OverPayment,7.11,
2007-12-31T23:00Z,TX,48,Texas,-1.74,UnderPayment,7.11,
2008-12-31T23:00Z,TX,48,Texas,5.83,OverPayment,6.9,
2008-12-31T23:00Z,TX,48,Texas,-1.07,UnderPayment,6.9,
2009-12-31T23:00Z,TX,48,Texas,1.54,OverPayment,2.13,
2009-12-31T23:00Z,TX,48,Texas,-0.59,UnderPayment,2.13,
2010-12-31T23:00Z,TX,48,Texas,2.63,OverPayment,3.48,
2010-12-31T23:00Z,TX,48,Texas,-0.85,UnderPayment,3.48,
2011-12-31T23:00Z,TX,48,Texas,2.92,OverPayment,3.63,
2011-12-31T23:00Z,TX,48,Texas,-0.71,UnderPayment,3.63,
2012-12-31T23:00Z,TX,48,Texas,1.24,OverPayment,1.44,
2012-12-31T23:00Z,TX,48,Texas,-0.21,UnderPayment,1.44,
2013-12-31T23:00Z,TX,48,Texas,0.33,OverPayment,0.63,
2013-12-31T23:00Z,TX,48,Texas,-0.3,UnderPayment,0.63,
2015-12-31T23:00Z,,,Texas,NaN,OverPayment,NaN,
2015-12-31T23:00Z,,,Texas,NaN,UnderPayment,NaN,
2016-12-31T23:00Z,TX,48,Texas,2.81,OverPayment,4.13,
2016-12-31T23:00Z,TX,48,Texas,-1.32,UnderPayment,4.13,
2017-12-31T23:00Z,TX,48,Texas,3.37,OverPayment,4.84,
2017-12-31T23:00Z,TX,48,Texas,-1.48,UnderPayment,4.84,
2018-12-31T23:00Z,TX,48,Texas,5.18,OverPayment,6.6,https://fns-prod.azureedge.us/sites/default/files/resource-files/FY2019SNAPQCPaymentErrorRateChartGeneric.pdf
2018-12-31T23:00Z,TX,48,Texas,-1.43,UnderPayment,6.6,https://fns-prod.azureedge.us/sites/default/files/resource-files/FY2019SNAPQCPaymentErrorRateChartGeneric.pdf
2019-12-31T23:00Z,,,Texas,NaN,OverPayment,NaN,
2019-12-31T23:00Z,,,Texas,NaN,UnderPayment,NaN,
2020-12-31T23:00Z,,,Texas,NaN,OverPayment,NaN,
2020-12-31T23:00Z,,,Texas,NaN,UnderPayment,NaN,
2021-12-31T23:00Z,TX,48,Texas,5.26,OverPayment,7.86,https://fns-prod.azureedge.us/sites/default/files/resource-files/snap-fy22-qc-payment-error-rate.pdf
2021-12-31T23:00Z,TX,48,Texas,-2.6,UnderPayment,7.86,https://fns-prod.azureedge.us/sites/default/files/resource-files/snap-fy22-qc-payment-error-rate.pdf
2022-12-31T23:00Z,TX,48,Texas,4.54,OverPayment,6.7,https://fns-prod.azureedge.us/sites/default/files/resource-files/snap-fy23-qc-payment-error-rate.pdf
2022-12-31T23:00Z,TX,48,Texas,-2.15,UnderPayment,6.7,https://fns-prod.azureedge.us/sites/default/files/resource-files/snap-fy23-qc-payment-error-rate.pdf
2023-12-31T23:00Z,TX,48,Texas,5.77,OverPayment,8.32,https://fns-prod.azureedge.us/sites/default/files/resource-files/snap-fy24QC-PER.pdf
2023-12-31T23:00Z,TX,48,Texas,-2.55,UnderPayment,8.32,https://fns-prod.azureedge.us/sites/default/files/resource-files/snap-fy24QC-PER.pdf
2002-12-31T23:00Z,UT,49,Utah,3.4,OverPayment,5,
2002-12-31T23:00Z,UT,49,Utah,-1.6,UnderPayment,5,
2003-12-31T23:00Z,UT,49,Utah,2.73,OverPayment,3.76,
2003-12-31T23:00Z,UT,49,Utah,-1.03,UnderPayment,3.76,
2004-12-31T23:00Z,UT,49,Utah,3.12,OverPayment,4.41,
2004-12-31T23:00Z,UT,49,Utah,-1.29,UnderPayment,4.41,
2005-12-31T23:00Z,UT,49,Utah,3,OverPayment,4.22,
2005-12-31T23:00Z,UT,49,Utah,-1.22,UnderPayment,4.22,
2006-12-31T23:00Z,UT,49,Utah,2.55,OverPayment,3.8,
2006-12-31T23:00Z,UT,49,Utah,-1.25,UnderPayment,3.8,
2007-12-31T23:00Z,UT,49,Utah,2.84,OverPayment,4.02,
2007-12-31T23:00Z,UT,49,Utah,-1.18,UnderPayment,4.02,
2008-12-31T23:00Z,UT,49,Utah,2.97,OverPayment,3.8,
2008-12-31T23:00Z,UT,49,Utah,-0.82,UnderPayment,3.8,
2009-12-31T23:00Z,UT,49,Utah,2.8,OverPayment,4.33,
2009-12-31T23:00Z,UT,49,Utah,-1.54,UnderPayment,4.33,
2010-12-31T23:00Z,UT,49,Utah,2.82,OverPayment,4.19,
2010-12-31T23:00Z,UT,49,Utah,-1.37,UnderPayment,4.19,
2011-12-31T23:00Z,UT,49,Utah,1.49,OverPayment,2.39,
2011-12-31T23:00Z,UT,49,Utah,-0.91,UnderPayment,2.39,
2012-12-31T23:00Z,UT,49,Utah,1.49,OverPayment,2.11,
2012-12-31T23:00Z,UT,49,Utah,-0.62,UnderPayment,2.11,
2013-12-31T23:00Z,UT,49,Utah,2.06,OverPayment,2.79,
2013-12-31T23:00Z,UT,49,Utah,-0.73,UnderPayment,2.79,
2015-12-31T23:00Z,,,Utah,NaN,OverPayment,NaN,
2015-12-31T23:00Z,,,Utah,NaN,UnderPayment,NaN,
2016-12-31T23:00Z,UT,49,Utah,4.51,OverPayment,5.59,
2016-12-31T23:00Z,UT,49,Utah,-1.08,UnderPayment,5.59,
2017-12-31T23:00Z,UT,49,Utah,5.21,OverPayment,5.97,
2017-12-31T23:00Z,UT,49,Utah,-0.76,UnderPayment,5.97,
2018-12-31T23:00Z,UT,49,Utah,3.62,OverPayment,4.33,https://fns-prod.azureedge.us/sites/default/files/resource-files/FY2019SNAPQCPaymentErrorRateChartGeneric.pdf
2018-12-31T23:00Z,UT,49,Utah,-0.71,UnderPayment,4.33,https://fns-prod.azureedge.us/sites/default/files/resource-files/FY2019SNAPQCPaymentErrorRateChartGeneric.pdf
2019-12-31T23:00Z,,,Utah,NaN,OverPayment,NaN,
2019-12-31T23:00Z,,,Utah,NaN,UnderPayment,NaN,
2020-12-31T23:00Z,,,Utah,NaN,OverPayment,NaN,
2020-12-31T23:00Z,,,Utah,NaN,UnderPayment,NaN,
2021-12-31T23:00Z,UT,49,Utah,5.58,OverPayment,6.61,https://fns-prod.azureedge.us/sites/default/files/resource-files/snap-fy22-qc-payment-error-rate.pdf
2021-12-31T23:00Z,UT,49,Utah,-1.03,UnderPayment,6.61,https://fns-prod.azureedge.us/sites/default/files/resource-files/snap-fy22-qc-payment-error-rate.pdf
2022-12-31T23:00Z,UT,49,Utah,4.32,OverPayment,5.09,https://fns-prod.azureedge.us/sites/default/files/resource-files/snap-fy23-qc-payment-error-rate.pdf
2022-12-31T23:00Z,UT,49,Utah,-0.77,UnderPayment,5.09,https://fns-prod.azureedge.us/sites/default/files/resource-files/snap-fy23-qc-payment-error-rate.pdf
2023-12-31T23:00Z,UT,49,Utah,5.09,OverPayment,5.74,https://fns-prod.azureedge.us/sites/default/files/resource-files/snap-fy24QC-PER.pdf
2023-12-31T23:00Z,UT,49,Utah,-0.65,UnderPayment,5.74,https://fns-prod.azureedge.us/sites/default/files/resource-files/snap-fy24QC-PER.pdf
2002-12-31T23:00Z,VT,50,Vermont,6.99,OverPayment,8.52,
2002-12-31T23:00Z,VT,50,Vermont,-1.53,UnderPayment,8.52,
2003-12-31T23:00Z,VT,50,Vermont,4.07,OverPayment,5.13,
2003-12-31T23:00Z,VT,50,Vermont,-1.06,UnderPayment,5.13,
2004-12-31T23:00Z,VT,50,Vermont,4.61,OverPayment,5.64,
2004-12-31T23:00Z,VT,50,Vermont,-1.03,UnderPayment,5.64,
2005-12-31T23:00Z,VT,50,Vermont,3.78,OverPayment,5.25,
2005-12-31T23:00Z,VT,50,Vermont,-1.47,UnderPayment,5.25,
2006-12-31T23:00Z,VT,50,Vermont,5.39,OverPayment,6.24,
2006-12-31T23:00Z,VT,50,Vermont,-0.85,UnderPayment,6.24,
2007-12-31T23:00Z,VT,50,Vermont,4.56,OverPayment,5.52,
2007-12-31T23:00Z,VT,50,Vermont,-0.96,UnderPayment,5.52,
2008-12-31T23:00Z,VT,50,Vermont,4.25,OverPayment,5.42,
2008-12-31T23:00Z,VT,50,Vermont,-1.17,UnderPayment,5.42,
2009-12-31T23:00Z,VT,50,Vermont,5.6,OverPayment,6.59,
2009-12-31T23:00Z,VT,50,Vermont,-0.99,UnderPayment,6.59,
2010-12-31T23:00Z,VT,50,Vermont,7.02,OverPayment,8.53,
2010-12-31T23:00Z,VT,50,Vermont,-1.51,UnderPayment,8.53,
2011-12-31T23:00Z,VT,50,Vermont,5.76,OverPayment,6.96,
2011-12-31T23:00Z,VT,50,Vermont,-1.2,UnderPayment,6.96,
2012-12-31T23:00Z,VT,50,Vermont,8.62,OverPayment,9.66,
2012-12-31T23:00Z,VT,50,Vermont,-1.05,UnderPayment,9.66,
2013-12-31T23:00Z,VT,50,Vermont,2.35,OverPayment,2.76,
2013-12-31T23:00Z,VT,50,Vermont,-0.41,UnderPayment,2.76,
2015-12-31T23:00Z,,,Vermont,NaN,OverPayment,NaN,
2015-12-31T23:00Z,,,Vermont,NaN,UnderPayment,NaN,
2016-12-31T23:00Z,VT,50,Vermont,6.51,OverPayment,7.68,
2016-12-31T23:00Z,VT,50,Vermont,-1.17,UnderPayment,7.68,
2017-12-31T23:00Z,VT,50,Vermont,3.35,OverPayment,3.56,
2017-12-31T23:00Z,VT,50,Vermont,-0.21,UnderPayment,3.56,
2018-12-31T23:00Z,VT,50,Vermont,2.56,OverPayment,3.01,https://fns-prod.azureedge.us/sites/default/files/resource-files/FY2019SNAPQCPaymentErrorRateChartGeneric.pdf
2018-12-31T23:00Z,VT,50,Vermont,-0.45,UnderPayment,3.01,https://fns-prod.azureedge.us/sites/default/files/resource-files/FY2019SNAPQCPaymentErrorRateChartGeneric.pdf
2019-12-31T23:00Z,,,Vermont,NaN,OverPayment,NaN,
2019-12-31T23:00Z,,,Vermont,NaN,UnderPayment,NaN,
2020-12-31T23:00Z,,,Vermont,NaN,OverPayment,NaN,
2020-12-31T23:00Z,,,Vermont,NaN,UnderPayment,NaN,
2021-12-31T23:00Z,VT,50,Vermont,4.1,OverPayment,4.57,https://fns-prod.azureedge.us/sites/default/files/resource-files/snap-fy22-qc-payment-error-rate.pdf
2021-12-31T23:00Z,VT,50,Vermont,-0.47,UnderPayment,4.57,https://fns-prod.azureedge.us/sites/default/files/resource-files/snap-fy22-qc-payment-error-rate.pdf
2022-12-31T23:00Z,VT,50,Vermont,2.82,OverPayment,3.45,https://fns-prod.azureedge.us/sites/default/files/resource-files/snap-fy23-qc-payment-error-rate.pdf
2022-12-31T23:00Z,VT,50,Vermont,-0.64,UnderPayment,3.45,https://fns-prod.azureedge.us/sites/default/files/resource-files/snap-fy23-qc-payment-error-rate.pdf
2023-12-31T23:00Z,VT,50,Vermont,4.74,OverPayment,5.13,https://fns-prod.azureedge.us/sites/default/files/resource-files/snap-fy24QC-PER.pdf
2023-12-31T23:00Z,VT,50,Vermont,-0.39,UnderPayment,5.13,https://fns-prod.azureedge.us/sites/default/files/resource-files/snap-fy24QC-PER.pdf
2002-12-31T23:00Z,VI,78,Virgin Islands,5.87,OverPayment,6.88,
2002-12-31T23:00Z,VI,78,Virgin Islands,-1,UnderPayment,6.88,
2003-12-31T23:00Z,VI,78,Virgin Islands,3.76,OverPayment,4.78,
2003-12-31T23:00Z,VI,78,Virgin Islands,-1.02,UnderPayment,4.78,
2004-12-31T23:00Z,VI,78,Virgin Islands,1.98,OverPayment,2.11,
2004-12-31T23:00Z,VI,78,Virgin Islands,-0.13,UnderPayment,2.11,
2005-12-31T23:00Z,VI,78,Virgin Islands,1.55,OverPayment,1.93,
2005-12-31T23:00Z,VI,78,Virgin Islands,-0.38,UnderPayment,1.93,
2006-12-31T23:00Z,VI,78,Virgin Islands,2.82,OverPayment,3.03,
2006-12-31T23:00Z,VI,78,Virgin Islands,-0.22,UnderPayment,3.03,
2007-12-31T23:00Z,VI,78,Virgin Islands,2.08,OverPayment,3.22,
2007-12-31T23:00Z,VI,78,Virgin Islands,-1.14,UnderPayment,3.22,
2008-12-31T23:00Z,VI,78,Virgin Islands,2.66,OverPayment,2.83,
2008-12-31T23:00Z,VI,78,Virgin Islands,-0.18,UnderPayment,2.83,
2009-12-31T23:00Z,VI,78,Virgin Islands,2.62,OverPayment,3.1,
2009-12-31T23:00Z,VI,78,Virgin Islands,-0.48,UnderPayment,3.1,
2010-12-31T23:00Z,VI,78,Virgin Islands,3.33,OverPayment,4.77,
2010-12-31T23:00Z,VI,78,Virgin Islands,-1.43,UnderPayment,4.77,
2011-12-31T23:00Z,VI,78,Virgin Islands,3.86,OverPayment,4.2,
2011-12-31T23:00Z,VI,78,Virgin Islands,-0.34,UnderPayment,4.2,
2012-12-31T23:00Z,VI,78,Virgin Islands,3.26,OverPayment,3.58,
2012-12-31T23:00Z,VI,78,Virgin Islands,-0.32,UnderPayment,3.58,
2013-12-31T23:00Z,VI,78,Virgin Islands,2.51,OverPayment,3.18,
2013-12-31T23:00Z,VI,78,Virgin Islands,-0.67,UnderPayment,3.18,
2014-12-31T23:00Z,VI,78,Virgin Islands,2.05,OverPayment,2.36,
2014-12-31T23:00Z,VI,78,Virgin Islands,-0.31,UnderPayment,2.36,
2015-12-31T23:00Z,,,Virgin Islands,NaN,OverPayment,NaN,
2015-12-31T23:00Z,,,Virgin Islands,NaN,UnderPayment,NaN,
2016-12-31T23:00Z,VI,78,Virgin Islands,2.87,OverPayment,3.34,
2016-12-31T23:00Z,VI,78,Virgin Islands,-0.47,UnderPayment,3.34,
2017-12-31T23:00Z,VI,78,Virgin Islands,5.85,OverPayment,6.87,
2017-12-31T23:00Z,VI,78,Virgin Islands,-1.02,UnderPayment,6.87,
2018-12-31T23:00Z,VI,78,Virgin Islands,5.28,OverPayment,6.76,https://fns-prod.azureedge.us/sites/default/files/resource-files/FY2019SNAPQCPaymentErrorRateChartGeneric.pdf
2018-12-31T23:00Z,VI,78,Virgin Islands,-1.49,UnderPayment,6.76,https://fns-prod.azureedge.us/sites/default/files/resource-files/FY2019SNAPQCPaymentErrorRateChartGeneric.pdf
2019-12-31T23:00Z,,,Virgin Islands,NaN,OverPayment,NaN,
2019-12-31T23:00Z,,,Virgin Islands,NaN,UnderPayment,NaN,
2020-12-31T23:00Z,,,Virgin Islands,NaN,OverPayment,NaN,
2020-12-31T23:00Z,,,Virgin Islands,NaN,UnderPayment,NaN,
2021-12-31T23:00Z,VI,78,Virgin Islands,5.95,OverPayment,7.22,https://fns-prod.azureedge.us/sites/default/files/resource-files/snap-fy22-qc-payment-error-rate.pdf
2021-12-31T23:00Z,VI,78,Virgin Islands,-1.28,UnderPayment,7.22,https://fns-prod.azureedge.us/sites/default/files/resource-files/snap-fy22-qc-payment-error-rate.pdf
2022-12-31T23:00Z,VI,78,Virgin Islands,8.54,OverPayment,10.29,https://fns-prod.azureedge.us/sites/default/files/resource-files/snap-fy23-qc-payment-error-rate.pdf
2022-12-31T23:00Z,VI,78,Virgin Islands,-1.75,UnderPayment,10.29,https://fns-prod.azureedge.us/sites/default/files/resource-files/snap-fy23-qc-payment-error-rate.pdf
2023-12-31T23:00Z,VI,78,Virgin Islands,3,OverPayment,3.54,https://fns-prod.azureedge.us/sites/default/files/resource-files/snap-fy24QC-PER.pdf
2023-12-31T23:00Z,VI,78,Virgin Islands,-0.54,UnderPayment,3.54,https://fns-prod.azureedge.us/sites/default/files/resource-files/snap-fy24QC-PER.pdf
2002-12-31T23:00Z,VA,51,Virginia,4.13,OverPayment,5.46,
2002-12-31T23:00Z,VA,51,Virginia,-1.33,UnderPayment,5.46,
2003-12-31T23:00Z,VA,51,Virginia,5.2,OverPayment,6.59,
2003-12-31T23:00Z,VA,51,Virginia,-1.39,UnderPayment,6.59,
2004-12-31T23:00Z,VA,51,Virginia,4.75,OverPayment,5.79,
2004-12-31T23:00Z,VA,51,Virginia,-1.03,UnderPayment,5.79,
2005-12-31T23:00Z,VA,51,Virginia,6.13,OverPayment,6.96,
2005-12-31T23:00Z,VA,51,Virginia,-0.83,UnderPayment,6.96,
2006-12-31T23:00Z,VA,51,Virginia,5.5,OverPayment,6.47,
2006-12-31T23:00Z,VA,51,Virginia,-0.97,UnderPayment,6.47,
2007-12-31T23:00Z,VA,51,Virginia,4.33,OverPayment,5.75,
2007-12-31T23:00Z,VA,51,Virginia,-1.42,UnderPayment,5.75,
2008-12-31T23:00Z,VA,51,Virginia,4.68,OverPayment,5.74,
2008-12-31T23:00Z,VA,51,Virginia,-1.06,UnderPayment,5.74,
2009-12-31T23:00Z,VA,51,Virginia,5.04,OverPayment,5.87,
2009-12-31T23:00Z,VA,51,Virginia,-0.83,UnderPayment,5.87,
2010-12-31T23:00Z,VA,51,Virginia,3.07,OverPayment,3.41,
2010-12-31T23:00Z,VA,51,Virginia,-0.35,UnderPayment,3.41,
2011-12-31T23:00Z,VA,51,Virginia,1.33,OverPayment,1.76,
2011-12-31T23:00Z,VA,51,Virginia,-0.43,UnderPayment,1.76,
2012-12-31T23:00Z,VA,51,Virginia,0.35,OverPayment,0.44,
2012-12-31T23:00Z,VA,51,Virginia,-0.09,UnderPayment,0.44,
2013-12-31T23:00Z,VA,51,Virginia,4.68,OverPayment,4.73,
2013-12-31T23:00Z,VA,51,Virginia,-0.05,UnderPayment,4.73,
2015-12-31T23:00Z,,,Virginia,NaN,OverPayment,NaN,
2015-12-31T23:00Z,,,Virginia,NaN,UnderPayment,NaN,
2016-12-31T23:00Z,VA,51,Virginia,7.95,OverPayment,9.7,
2016-12-31T23:00Z,VA,51,Virginia,-1.75,UnderPayment,9.7,
2017-12-31T23:00Z,VA,51,Virginia,7.89,OverPayment,9.62,
2017-12-31T23:00Z,VA,51,Virginia,-1.73,UnderPayment,9.62,
2018-12-31T23:00Z,VA,51,Virginia,9.65,OverPayment,10.52,https://fns-prod.azureedge.us/sites/default/files/resource-files/FY2019SNAPQCPaymentErrorRateChartGeneric.pdf
2018-12-31T23:00Z,VA,51,Virginia,-0.87,UnderPayment,10.52,https://fns-prod.azureedge.us/sites/default/files/resource-files/FY2019SNAPQCPaymentErrorRateChartGeneric.pdf
2019-12-31T23:00Z,,,Virginia,NaN,OverPayment,NaN,
2019-12-31T23:00Z,,,Virginia,NaN,UnderPayment,NaN,
2020-12-31T23:00Z,,,Virginia,NaN,OverPayment,NaN,
2020-12-31T23:00Z,,,Virginia,NaN,UnderPayment,NaN,
2021-12-31T23:00Z,VA,51,Virginia,7.66,OverPayment,9.34,https://fns-prod.azureedge.us/sites/default/files/resource-files/snap-fy22-qc-payment-error-rate.pdf
2021-12-31T23:00Z,VA,51,Virginia,-1.68,UnderPayment,9.34,https://fns-prod.azureedge.us/sites/default/files/resource-files/snap-fy22-qc-payment-error-rate.pdf
2022-12-31T23:00Z,VA,51,Virginia,8.15,OverPayment,9.86,https://fns-prod.azureedge.us/sites/default/files/resource-files/snap-fy23-qc-payment-error-rate.pdf
2022-12-31T23:00Z,VA,51,Virginia,-1.71,UnderPayment,9.86,https://fns-prod.azureedge.us/sites/default/files/resource-files/snap-fy23-qc-payment-error-rate.pdf
2023-12-31T23:00Z,VA,51,Virginia,9.54,OverPayment,11.5,https://fns-prod.azureedge.us/sites/default/files/resource-files/snap-fy24QC-PER.pdf
2023-12-31T23:00Z,VA,51,Virginia,-1.96,UnderPayment,11.5,https://fns-prod.azureedge.us/sites/default/files/resource-files/snap-fy24QC-PER.pdf
2002-12-31T23:00Z,WA,53,Washington,5.02,OverPayment,6.28,
2002-12-31T23:00Z,WA,53,Washington,-1.26,UnderPayment,6.28,
2003-12-31T23:00Z,WA,53,Washington,5.88,OverPayment,7.62,
2003-12-31T23:00Z,WA,53,Washington,-1.74,UnderPayment,7.62,
2004-12-31T23:00Z,WA,53,Washington,1.67,OverPayment,2.72,
2004-12-31T23:00Z,WA,53,Washington,-1.05,UnderPayment,2.72,
2005-12-31T23:00Z,WA,53,Washington,2.24,OverPayment,2.59,
2005-12-31T23:00Z,WA,53,Washington,-0.36,UnderPayment,2.59,
2006-12-31T23:00Z,WA,53,Washington,2.44,OverPayment,2.93,
2006-12-31T23:00Z,WA,53,Washington,-0.49,UnderPayment,2.93,
2007-12-31T23:00Z,WA,53,Washington,3.32,OverPayment,3.86,
2007-12-31T23:00Z,WA,53,Washington,-0.54,UnderPayment,3.86,
2008-12-31T23:00Z,WA,53,Washington,1.39,OverPayment,1.81,
2008-12-31T23:00Z,WA,53,Washington,-0.43,UnderPayment,1.81,
2009-12-31T23:00Z,WA,53,Washington,2.7,OverPayment,3.3,
2009-12-31T23:00Z,WA,53,Washington,-0.61,UnderPayment,3.3,
2010-12-31T23:00Z,WA,53,Washington,3.34,OverPayment,3.81,
2010-12-31T23:00Z,WA,53,Washington,-0.48,UnderPayment,3.81,
2011-12-31T23:00Z,WA,53,Washington,2.13,OverPayment,2.49,
2011-12-31T23:00Z,WA,53,Washington,-0.36,UnderPayment,2.49,
2012-12-31T23:00Z,WA,53,Washington,1.45,OverPayment,1.71,
2012-12-31T23:00Z,WA,53,Washington,-0.26,UnderPayment,1.71,
2013-12-31T23:00Z,WA,53,Washington,0.77,OverPayment,0.77,
2013-12-31T23:00Z,WA,53,Washington,0,UnderPayment,0.77,
2015-12-31T23:00Z,,,Washington,NaN,OverPayment,NaN,
2015-12-31T23:00Z,,,Washington,NaN,UnderPayment,NaN,
2016-12-31T23:00Z,WA,53,Washington,4.52,OverPayment,5.42,
2016-12-31T23:00Z,WA,53,Washington,-0.9,UnderPayment,5.42,
2017-12-31T23:00Z,WA,53,Washington,5.86,OverPayment,6.59,
2017-12-31T23:00Z,WA,53,Washington,-0.73,UnderPayment,6.59,
2018-12-31T23:00Z,WA,53,Washington,4.1,OverPayment,4.88,https://fns-prod.azureedge.us/sites/default/files/resource-files/FY2019SNAPQCPaymentErrorRateChartGeneric.pdf
2018-12-31T23:00Z,WA,53,Washington,-0.78,UnderPayment,4.88,https://fns-prod.azureedge.us/sites/default/files/resource-files/FY2019SNAPQCPaymentErrorRateChartGeneric.pdf
2019-12-31T23:00Z,,,Washington,NaN,OverPayment,NaN,
2019-12-31T23:00Z,,,Washington,NaN,UnderPayment,NaN,
2020-12-31T23:00Z,,,Washington,NaN,OverPayment,NaN,
2020-12-31T23:00Z,,,Washington,NaN,UnderPayment,NaN,
2021-12-31T23:00Z,WA,53,Washington,8.65,OverPayment,9.33,https://fns-prod.azureedge.us/sites/default/files/resource-files/snap-fy22-qc-payment-error-rate.pdf
2021-12-31T23:00Z,WA,53,Washington,-0.68,UnderPayment,9.33,https://fns-prod.azureedge.us/sites/default/files/resource-files/snap-fy22-qc-payment-error-rate.pdf
2022-12-31T23:00Z,WA,53,Washington,5.67,OverPayment,6.74,https://fns-prod.azureedge.us/sites/default/files/resource-files/snap-fy23-qc-payment-error-rate.pdf
2022-12-31T23:00Z,WA,53,Washington,-1.07,UnderPayment,6.74,https://fns-prod.azureedge.us/sites/default/files/resource-files/snap-fy23-qc-payment-error-rate.pdf
2023-12-31T23:00Z,WA,53,Washington,5.79,OverPayment,6.06,https://fns-prod.azureedge.us/sites/default/files/resource-files/snap-fy24QC-PER.pdf
2023-12-31T23:00Z,WA,53,Washington,-0.26,UnderPayment,6.06,https://fns-prod.azureedge.us/sites/default/files/resource-files/snap-fy24QC-PER.pdf
2002-12-31T23:00Z,WV,54,West Virginia,4.8,OverPayment,6.21,
2002-12-31T23:00Z,WV,54,West Virginia,-1.42,UnderPayment,6.21,
2003-12-31T23:00Z,WV,54,West Virginia,5.49,OverPayment,6.58,
2003-12-31T23:00Z,WV,54,West Virginia,-1.1,UnderPayment,6.58,
2004-12-31T23:00Z,WV,54,West Virginia,4.89,OverPayment,5.94,
2004-12-31T23:00Z,WV,54,West Virginia,-1.05,UnderPayment,5.94,
2005-12-31T23:00Z,WV,54,West Virginia,6.25,OverPayment,7.34,
2005-12-31T23:00Z,WV,54,West Virginia,-1.1,UnderPayment,7.34,
2006-12-31T23:00Z,WV,54,West Virginia,8.28,OverPayment,9.59,
2006-12-31T23:00Z,WV,54,West Virginia,-1.31,UnderPayment,9.59,
2007-12-31T23:00Z,WV,54,West Virginia,6.52,OverPayment,7.4,
2007-12-31T23:00Z,WV,54,West Virginia,-0.87,UnderPayment,7.4,
2008-12-31T23:00Z,WV,54,West Virginia,4.47,OverPayment,5.42,
2008-12-31T23:00Z,WV,54,West Virginia,-0.95,UnderPayment,5.42,
2009-12-31T23:00Z,WV,54,West Virginia,5.96,OverPayment,7.14,
2009-12-31T23:00Z,WV,54,West Virginia,-1.18,UnderPayment,7.14,
2010-12-31T23:00Z,WV,54,West Virginia,5.27,OverPayment,6.31,
2010-12-31T23:00Z,WV,54,West Virginia,-1.04,UnderPayment,6.31,
2011-12-31T23:00Z,WV,54,West Virginia,5.94,OverPayment,7.06,
2011-12-31T23:00Z,WV,54,West Virginia,-1.13,UnderPayment,7.06,
2012-12-31T23:00Z,WV,54,West Virginia,4.52,OverPayment,5.24,
2012-12-31T23:00Z,WV,54,West Virginia,-0.72,UnderPayment,5.24,
2013-12-31T23:00Z,WV,54,West Virginia,4.37,OverPayment,4.9,
2013-12-31T23:00Z,WV,54,West Virginia,-0.52,UnderPayment,4.9,
2014-12-31T23:00Z,WV,54,West Virginia,4.75,OverPayment,5.41,
2014-12-31T23:00Z,WV,54,West Virginia,-0.66,UnderPayment,5.41,
2015-12-31T23:00Z,,,West Virginia,NaN,OverPayment,NaN,
2015-12-31T23:00Z,,,West Virginia,NaN,UnderPayment,NaN,
2016-12-31T23:00Z,WV,54,West Virginia,8.15,OverPayment,9.58,
2016-12-31T23:00Z,WV,54,West Virginia,-1.43,UnderPayment,9.58,
2017-12-31T23:00Z,WV,54,West Virginia,5.6,OverPayment,6.75,
2017-12-31T23:00Z,WV,54,West Virginia,-1.15,UnderPayment,6.75,
2018-12-31T23:00Z,WV,54,West Virginia,5.66,OverPayment,7.44,https://fns-prod.azureedge.us/sites/default/files/resource-files/FY2019SNAPQCPaymentErrorRateChartGeneric.pdf
2018-12-31T23:00Z,WV,54,West Virginia,-1.78,UnderPayment,7.44,https://fns-prod.azureedge.us/sites/default/files/resource-files/FY2019SNAPQCPaymentErrorRateChartGeneric.pdf
2019-12-31T23:00Z,,,West Virginia,NaN,OverPayment,NaN,
2019-12-31T23:00Z,,,West Virginia,NaN,UnderPayment,NaN,
2020-12-31T23:00Z,,,West Virginia,NaN,OverPayment,NaN,
2020-12-31T23:00Z,,,West Virginia,NaN,UnderPayment,NaN,
2021-12-31T23:00Z,WV,54,West Virginia,7.56,OverPayment,9.35,https://fns-prod.azureedge.us/sites/default/files/resource-files/snap-fy22-qc-payment-error-rate.pdf
2021-12-31T23:00Z,WV,54,West Virginia,-1.79,UnderPayment,9.35,https://fns-prod.azureedge.us/sites/default/files/resource-files/snap-fy22-qc-payment-error-rate.pdf
2022-12-31T23:00Z,WV,54,West Virginia,9.83,OverPayment,10.98,https://fns-prod.azureedge.us/sites/default/files/resource-files/snap-fy23-qc-payment-error-rate.pdf
2022-12-31T23:00Z,WV,54,West Virginia,-1.15,UnderPayment,10.98,https://fns-prod.azureedge.us/sites/default/files/resource-files/snap-fy23-qc-payment-error-rate.pdf
2023-12-31T23:00Z,WV,54,West Virginia,8.57,OverPayment,9.43,https://fns-prod.azureedge.us/sites/default/files/resource-files/snap-fy24QC-PER.pdf
2023-12-31T23:00Z,WV,54,West Virginia,-0.86,UnderPayment,9.43,https://fns-prod.azureedge.us/sites/default/files/resource-files/snap-fy24QC-PER.pdf
2002-12-31T23:00Z,WI,55,Wisconsin,6.78,OverPayment,9.32,
2002-12-31T23:00Z,WI,55,Wisconsin,-2.54,UnderPayment,9.32,
2003-12-31T23:00Z,WI,55,Wisconsin,4.84,OverPayment,6.65,
2003-12-31T23:00Z,WI,55,Wisconsin,-1.81,UnderPayment,6.65,
2004-12-31T23:00Z,WI,55,Wisconsin,3.45,OverPayment,5.61,
2004-12-31T23:00Z,WI,55,Wisconsin,-2.16,UnderPayment,5.61,
2005-12-31T23:00Z,WI,55,Wisconsin,4.29,OverPayment,6.17,
2005-12-31T23:00Z,WI,55,Wisconsin,-1.88,UnderPayment,6.17,
2006-12-31T23:00Z,WI,55,Wisconsin,4.42,OverPayment,5.9,
2006-12-31T23:00Z,WI,55,Wisconsin,-1.48,UnderPayment,5.9,
2007-12-31T23:00Z,WI,55,Wisconsin,5.29,OverPayment,7.38,
2007-12-31T23:00Z,WI,55,Wisconsin,-2.09,UnderPayment,7.38,
2008-12-31T23:00Z,WI,55,Wisconsin,0.79,OverPayment,1.11,
2008-12-31T23:00Z,WI,55,Wisconsin,-0.32,UnderPayment,1.11,
2009-12-31T23:00Z,WI,55,Wisconsin,1.37,OverPayment,1.97,
2009-12-31T23:00Z,WI,55,Wisconsin,-0.6,UnderPayment,1.97,
2010-12-31T23:00Z,WI,55,Wisconsin,1.78,OverPayment,2.02,
2010-12-31T23:00Z,WI,55,Wisconsin,-0.23,UnderPayment,2.02,
2011-12-31T23:00Z,WI,55,Wisconsin,1.39,OverPayment,2.07,
2011-12-31T23:00Z,WI,55,Wisconsin,-0.68,UnderPayment,2.07,
2012-12-31T23:00Z,WI,55,Wisconsin,2.18,OverPayment,2.4,
2012-12-31T23:00Z,WI,55,Wisconsin,-0.23,UnderPayment,2.4,
2013-12-31T23:00Z,WI,55,Wisconsin,1.99,OverPayment,2.55,
2013-12-31T23:00Z,WI,55,Wisconsin,-0.56,UnderPayment,2.55,
2015-12-31T23:00Z,,,Wisconsin,NaN,OverPayment,NaN,
2015-12-31T23:00Z,,,Wisconsin,NaN,UnderPayment,NaN,
2016-12-31T23:00Z,WI,55,Wisconsin,6.26,OverPayment,7.17,
2016-12-31T23:00Z,WI,55,Wisconsin,-0.92,UnderPayment,7.17,
2017-12-31T23:00Z,WI,55,Wisconsin,6.65,OverPayment,7.94,
2017-12-31T23:00Z,WI,55,Wisconsin,-1.28,UnderPayment,7.94,
2018-12-31T23:00Z,WI,55,Wisconsin,4.64,OverPayment,5.4,https://fns-prod.azureedge.us/sites/default/files/resource-files/FY2019SNAPQCPaymentErrorRateChartGeneric.pdf
2018-12-31T23:00Z,WI,55,Wisconsin,-0.76,UnderPayment,5.4,https://fns-prod.azureedge.us/sites/default/files/resource-files/FY2019SNAPQCPaymentErrorRateChartGeneric.pdf
2019-12-31T23:00Z,,,Wisconsin,NaN,OverPayment,NaN,
2019-12-31T23:00Z,,,Wisconsin,NaN,UnderPayment,NaN,
2020-12-31T23:00Z,,,Wisconsin,NaN,OverPayment,NaN,
2020-12-31T23:00Z,,,Wisconsin,NaN,UnderPayment,NaN,
2021-12-31T23:00Z,WI,55,Wisconsin,3.81,OverPayment,4.39,https://fns-prod.azureedge.us/sites/default/files/resource-files/snap-fy22-qc-payment-error-rate.pdf
2021-12-31T23:00Z,WI,55,Wisconsin,-0.58,UnderPayment,4.39,https://fns-prod.azureedge.us/sites/default/files/resource-files/snap-fy22-qc-payment-error-rate.pdf
2022-12-31T23:00Z,WI,55,Wisconsin,4.74,OverPayment,5.15,https://fns-prod.azureedge.us/sites/default/files/resource-files/snap-fy23-qc-payment-error-rate.pdf
2022-12-31T23:00Z,WI,55,Wisconsin,-0.41,UnderPayment,5.15,https://fns-prod.azureedge.us/sites/default/files/resource-files/snap-fy23-qc-payment-error-rate.pdf
2023-12-31T23:00Z,WI,55,Wisconsin,3.81,OverPayment,4.47,https://fns-prod.azureedge.us/sites/default/files/resource-files/snap-fy24QC-PER.pdf
2023-12-31T23:00Z,WI,55,Wisconsin,-0.66,UnderPayment,4.47,https://fns-prod.azureedge.us/sites/default/files/resource-files/snap-fy24QC-PER.pdf
2002-12-31T23:00Z,WY,56,Wyoming,3.03,OverPayment,4.23,
2002-12-31T23:00Z,WY,56,Wyoming,-1.2,UnderPayment,4.23,
2003-12-31T23:00Z,WY,56,Wyoming,3.03,OverPayment,4.69,
2003-12-31T23:00Z,WY,56,Wyoming,-1.66,UnderPayment,4.69,
2004-12-31T23:00Z,WY,56,Wyoming,5.87,OverPayment,7.03,
2004-12-31T23:00Z,WY,56,Wyoming,-1.16,UnderPayment,7.03,
2005-12-31T23:00Z,WY,56,Wyoming,3.98,OverPayment,5.39,
2005-12-31T23:00Z,WY,56,Wyoming,-1.41,UnderPayment,5.39,
2006-12-31T23:00Z,WY,56,Wyoming,4.91,OverPayment,6.42,
2006-12-31T23:00Z,WY,56,Wyoming,-1.51,UnderPayment,6.42,
2007-12-31T23:00Z,WY,56,Wyoming,1.86,OverPayment,2.69,
2007-12-31T23:00Z,WY,56,Wyoming,-0.83,UnderPayment,2.69,
2008-12-31T23:00Z,WY,56,Wyoming,2.85,OverPayment,3.23,
2008-12-31T23:00Z,WY,56,Wyoming,-0.38,UnderPayment,3.23,
2009-12-31T23:00Z,WY,56,Wyoming,3.54,OverPayment,4.76,
2009-12-31T23:00Z,WY,56,Wyoming,-1.22,UnderPayment,4.76,
2010-12-31T23:00Z,WY,56,Wyoming,7.63,OverPayment,9.63,
2010-12-31T23:00Z,WY,56,Wyoming,-1.99,UnderPayment,9.63,
2011-12-31T23:00Z,WY,56,Wyoming,5.45,OverPayment,7.18,
2011-12-31T23:00Z,WY,56,Wyoming,-1.74,UnderPayment,7.18,
2012-12-31T23:00Z,WY,56,Wyoming,4.22,OverPayment,4.99,
2012-12-31T23:00Z,WY,56,Wyoming,-0.77,UnderPayment,4.99,
2013-12-31T23:00Z,WY,56,Wyoming,4.35,OverPayment,5.19,
2013-12-31T23:00Z,WY,56,Wyoming,-0.83,UnderPayment,5.19,
2014-12-31T23:00Z,WY,56,Wyoming,3.96,OverPayment,4.94,
2014-12-31T23:00Z,WY,56,Wyoming,-0.97,UnderPayment,4.94,
2015-12-31T23:00Z,,,Wyoming,NaN,OverPayment,NaN,
2015-12-31T23:00Z,,,Wyoming,NaN,UnderPayment,NaN,
2016-12-31T23:00Z,WY,56,Wyoming,2.52,OverPayment,3.35,
2016-12-31T23:00Z,WY,56,Wyoming,-0.83,UnderPayment,3.35,
2017-12-31T23:00Z,WY,56,Wyoming,3.15,OverPayment,4.21,
2017-12-31T23:00Z,WY,56,Wyoming,-1.06,UnderPayment,4.21,
2018-12-31T23:00Z,WY,56,Wyoming,2.25,OverPayment,2.42,https://fns-prod.azureedge.us/sites/default/files/resource-files/FY2019SNAPQCPaymentErrorRateChartGeneric.pdf
2018-12-31T23:00Z,WY,56,Wyoming,-0.17,UnderPayment,2.42,https://fns-prod.azureedge.us/sites/default/files/resource-files/FY2019SNAPQCPaymentErrorRateChartGeneric.pdf
2019-12-31T23:00Z,,,Wyoming,NaN,OverPayment,NaN,
2019-12-31T23:00Z,,,Wyoming,NaN,UnderPayment,NaN,
2020-12-31T23:00Z,,,Wyoming,NaN,OverPayment,NaN,
2020-12-31T23:00Z,,,Wyoming,NaN,UnderPayment,NaN,
2021-12-31T23:00Z,WY,56,Wyoming,3.44,OverPayment,4.3,https://fns-prod.azureedge.us/sites/default/files/resource-files/snap-fy22-qc-payment-error-rate.pdf
2021-12-31T23:00Z,WY,56,Wyoming,-0.86,UnderPayment,4.3,https://fns-prod.azureedge.us/sites/default/files/resource-files/snap-fy22-qc-payment-error-rate.pdf
2022-12-31T23:00Z,WY,56,Wyoming,4.33,OverPayment,5.19,https://fns-prod.azureedge.us/sites/default/files/resource-files/snap-fy23-qc-payment-error-rate.pdf
2022-12-31T23:00Z,WY,56,Wyoming,-0.86,UnderPayment,5.19,https://fns-prod.azureedge.us/sites/default/files/resource-files/snap-fy23-qc-payment-error-rate.pdf
2023-12-31T23:00Z,WY,56,Wyoming,3.27,OverPayment,5.12,https://fns-prod.azureedge.us/sites/default/files/resource-files/snap-fy24QC-PER.pdf
2023-12-31T23:00Z,WY,56,Wyoming,-1.85,UnderPayment,5.12,https://fns-prod.azureedge.us/sites/default/files/resource-files/snap-fy24QC-PER.pdf